2026-03-12 15:59:18.262 | INFO     | baldaquin.runctrl:start_run:634 - Configuring packet buffering...
2026-03-12 15:59:18.262 | INFO     | baldaquin.buf:configure:144 - Configuring CircularBuffer with flush_size=100, flush_timeout=10.0 s...
2026-03-12 15:59:18.262 | INFO     | baldaquin.config:save:334 - Writing configuration dictionary to /home/lab1-student/baldaquindata/plasduino/0309_000100/0309_000100_config.json...
2026-03-12 15:59:18.263 | INFO     | baldaquin.runctrl:start_run:643 - Run Control started on 2026-03-12 15:59:18.263055+01:00 (1773327558.263055 s)
2026-03-12 15:59:18.263 | DEBUG    | baldaquin.buf:open:100 - Opening output file /home/lab1-student/baldaquindata/plasduino/0309_000100/0309_000100_data.dat {'mode': 'ab'}...
2026-03-12 15:59:18.263 | DEBUG    | baldaquin.buf:open:104 - Ouput file /home/lab1-student/baldaquindata/plasduino/0309_000100/0309_000100_data.dat closed.
2026-03-12 15:59:18.263 | INFO     | baldaquin.buf:set_primary_sink:216 - Connecting buffer to primary Sink -> /home/lab1-student/baldaquindata/plasduino/0309_000100/0309_000100_data.dat (WriteMode.BINARY)...
2026-03-12 15:59:18.263 | DEBUG    | baldaquin.buf:open:100 - Opening output file /home/lab1-student/baldaquindata/plasduino/0309_000100/0309_000100_data.txt {'mode': 'at', 'encoding': 'utf-8'}...
2026-03-12 15:59:18.264 | DEBUG    | baldaquin.buf:__init__:89 - Writing file header...
2026-03-12 15:59:18.264 | DEBUG    | baldaquin.buf:open:104 - Ouput file /home/lab1-student/baldaquindata/plasduino/0309_000100/0309_000100_data.txt closed.
2026-03-12 15:59:18.264 | INFO     | baldaquin.buf:add_custom_sink:228 - Connecting buffer to custom Sink -> /home/lab1-student/baldaquindata/plasduino/0309_000100/0309_000100_data.txt (WriteMode.TEXT, PlasduinoPacketBase.to_text)...
2026-03-12 15:59:18.264 | DEBUG    | baldaquin.plasduino.common:write_opcode:132 - Writing 1 to the serial port...
2026-03-12 15:59:18.264 | INFO     | baldaquin.app:start_run:83 - Starting Pendulum View user application...
2026-03-12 15:59:18.293 | INFO     | baldaquin.buf:flush:309 - 1 packets ready to be written out...
2026-03-12 15:59:18.294 | DEBUG    | baldaquin.buf:open:100 - Opening output file /home/lab1-student/baldaquindata/plasduino/0309_000086/0309_000086_data.txt {'mode': 'at', 'encoding': 'utf-8'}...
2026-03-12 15:59:18.294 | DEBUG    | baldaquin.buf:_write:285 - 14 bytes written to disk.
2026-03-12 15:59:18.294 | DEBUG    | baldaquin.buf:open:104 - Ouput file /home/lab1-student/baldaquindata/plasduino/0309_000086/0309_000086_data.txt closed.
2026-03-12 15:59:18.294 | DEBUG    | baldaquin.buf:open:100 - Opening output file /home/lab1-student/baldaquindata/plasduino/0309_000087/0309_000087_data.txt {'mode': 'at', 'encoding': 'utf-8'}...
2026-03-12 15:59:18.295 | DEBUG    | baldaquin.buf:_write:285 - 14 bytes written to disk.
2026-03-12 15:59:18.295 | DEBUG    | baldaquin.buf:open:104 - Ouput file /home/lab1-student/baldaquindata/plasduino/0309_000087/0309_000087_data.txt closed.
2026-03-12 15:59:18.295 | DEBUG    | baldaquin.buf:open:100 - Opening output file /home/lab1-student/baldaquindata/plasduino/0309_000088/0309_000088_data.txt {'mode': 'at', 'encoding': 'utf-8'}...
2026-03-12 15:59:18.295 | DEBUG    | baldaquin.buf:_write:285 - 14 bytes written to disk.
2026-03-12 15:59:18.295 | DEBUG    | baldaquin.buf:open:104 - Ouput file /home/lab1-student/baldaquindata/plasduino/0309_000088/0309_000088_data.txt closed.
2026-03-12 15:59:18.295 | DEBUG    | baldaquin.buf:open:100 - Opening output file /home/lab1-student/baldaquindata/plasduino/0309_000089/0309_000089_data.txt {'mode': 'at', 'encoding': 'utf-8'}...
2026-03-12 15:59:18.295 | DEBUG    | baldaquin.buf:_write:285 - 14 bytes written to disk.
2026-03-12 15:59:18.295 | DEBUG    | baldaquin.buf:open:104 - Ouput file /home/lab1-student/baldaquindata/plasduino/0309_000089/0309_000089_data.txt closed.
2026-03-12 15:59:18.295 | DEBUG    | baldaquin.buf:open:100 - Opening output file /home/lab1-student/baldaquindata/plasduino/0309_000090/0309_000090_data.txt {'mode': 'at', 'encoding': 'utf-8'}...
2026-03-12 15:59:18.295 | DEBUG    | baldaquin.buf:_write:285 - 14 bytes written to disk.
2026-03-12 15:59:18.296 | DEBUG    | baldaquin.buf:open:104 - Ouput file /home/lab1-student/baldaquindata/plasduino/0309_000090/0309_000090_data.txt closed.
2026-03-12 15:59:18.296 | DEBUG    | baldaquin.buf:open:100 - Opening output file /home/lab1-student/baldaquindata/plasduino/0309_000091/0309_000091_data.txt {'mode': 'at', 'encoding': 'utf-8'}...
2026-03-12 15:59:18.296 | DEBUG    | baldaquin.buf:_write:285 - 14 bytes written to disk.
2026-03-12 15:59:18.296 | DEBUG    | baldaquin.buf:open:104 - Ouput file /home/lab1-student/baldaquindata/plasduino/0309_000091/0309_000091_data.txt closed.
2026-03-12 15:59:18.296 | DEBUG    | baldaquin.buf:open:100 - Opening output file /home/lab1-student/baldaquindata/plasduino/0309_000092/0309_000092_data.txt {'mode': 'at', 'encoding': 'utf-8'}...
2026-03-12 15:59:18.296 | DEBUG    | baldaquin.buf:_write:285 - 14 bytes written to disk.
2026-03-12 15:59:18.296 | DEBUG    | baldaquin.buf:open:104 - Ouput file /home/lab1-student/baldaquindata/plasduino/0309_000092/0309_000092_data.txt closed.
2026-03-12 15:59:18.296 | DEBUG    | baldaquin.buf:open:100 - Opening output file /home/lab1-student/baldaquindata/plasduino/0309_000093/0309_000093_data.txt {'mode': 'at', 'encoding': 'utf-8'}...
2026-03-12 15:59:18.296 | DEBUG    | baldaquin.buf:_write:285 - 14 bytes written to disk.
2026-03-12 15:59:18.296 | DEBUG    | baldaquin.buf:open:104 - Ouput file /home/lab1-student/baldaquindata/plasduino/0309_000093/0309_000093_data.txt closed.
2026-03-12 15:59:18.297 | DEBUG    | baldaquin.buf:open:100 - Opening output file /home/lab1-student/baldaquindata/plasduino/0309_000094/0309_000094_data.txt {'mode': 'at', 'encoding': 'utf-8'}...
2026-03-12 15:59:18.297 | DEBUG    | baldaquin.buf:_write:285 - 14 bytes written to disk.
2026-03-12 15:59:18.297 | DEBUG    | baldaquin.buf:open:104 - Ouput file /home/lab1-student/baldaquindata/plasduino/0309_000094/0309_000094_data.txt closed.
2026-03-12 15:59:18.297 | DEBUG    | baldaquin.buf:open:100 - Opening output file /home/lab1-student/baldaquindata/plasduino/0309_000095/0309_000095_data.txt {'mode': 'at', 'encoding': 'utf-8'}...
2026-03-12 15:59:18.297 | DEBUG    | baldaquin.buf:_write:285 - 14 bytes written to disk.
2026-03-12 15:59:18.297 | DEBUG    | baldaquin.buf:open:104 - Ouput file /home/lab1-student/baldaquindata/plasduino/0309_000095/0309_000095_data.txt closed.
2026-03-12 15:59:18.297 | DEBUG    | baldaquin.buf:open:100 - Opening output file /home/lab1-student/baldaquindata/plasduino/0309_000096/0309_000096_data.txt {'mode': 'at', 'encoding': 'utf-8'}...
2026-03-12 15:59:18.297 | DEBUG    | baldaquin.buf:_write:285 - 14 bytes written to disk.
2026-03-12 15:59:18.297 | DEBUG    | baldaquin.buf:open:104 - Ouput file /home/lab1-student/baldaquindata/plasduino/0309_000096/0309_000096_data.txt closed.
2026-03-12 15:59:18.297 | DEBUG    | baldaquin.buf:open:100 - Opening output file /home/lab1-student/baldaquindata/plasduino/0309_000097/0309_000097_data.txt {'mode': 'at', 'encoding': 'utf-8'}...
2026-03-12 15:59:18.297 | DEBUG    | baldaquin.buf:_write:285 - 14 bytes written to disk.
2026-03-12 15:59:18.297 | DEBUG    | baldaquin.buf:open:104 - Ouput file /home/lab1-student/baldaquindata/plasduino/0309_000097/0309_000097_data.txt closed.
2026-03-12 15:59:18.298 | DEBUG    | baldaquin.buf:open:100 - Opening output file /home/lab1-student/baldaquindata/plasduino/0309_000098/0309_000098_data.txt {'mode': 'at', 'encoding': 'utf-8'}...
2026-03-12 15:59:18.298 | DEBUG    | baldaquin.buf:_write:285 - 14 bytes written to disk.
2026-03-12 15:59:18.298 | DEBUG    | baldaquin.buf:open:104 - Ouput file /home/lab1-student/baldaquindata/plasduino/0309_000098/0309_000098_data.txt closed.
2026-03-12 15:59:18.298 | DEBUG    | baldaquin.buf:open:100 - Opening output file /home/lab1-student/baldaquindata/plasduino/0309_000099/0309_000099_data.txt {'mode': 'at', 'encoding': 'utf-8'}...
2026-03-12 15:59:18.298 | DEBUG    | baldaquin.buf:_write:285 - 14 bytes written to disk.
2026-03-12 15:59:18.298 | DEBUG    | baldaquin.buf:open:104 - Ouput file /home/lab1-student/baldaquindata/plasduino/0309_000099/0309_000099_data.txt closed.
2026-03-12 15:59:18.298 | DEBUG    | baldaquin.buf:open:100 - Opening output file /home/lab1-student/baldaquindata/plasduino/0309_000100/0309_000100_data.txt {'mode': 'at', 'encoding': 'utf-8'}...
2026-03-12 15:59:18.298 | DEBUG    | baldaquin.buf:_write:285 - 14 bytes written to disk.
2026-03-12 15:59:18.298 | DEBUG    | baldaquin.buf:open:104 - Ouput file /home/lab1-student/baldaquindata/plasduino/0309_000100/0309_000100_data.txt closed.
2026-03-12 15:59:18.298 | DEBUG    | baldaquin.buf:open:100 - Opening output file /home/lab1-student/baldaquindata/plasduino/0309_000100/0309_000100_data.dat {'mode': 'ab'}...
2026-03-12 15:59:18.299 | DEBUG    | baldaquin.buf:_pop_and_write_raw:259 - 8 bytes written to disk.
2026-03-12 15:59:18.299 | DEBUG    | baldaquin.buf:open:104 - Ouput file /home/lab1-student/baldaquindata/plasduino/0309_000100/0309_000100_data.dat closed.
2026-03-12 15:59:18.299 | INFO     | baldaquin.buf:flush:318 - 218 bytes (8 raw bytes) written to disk.
2026-03-12 15:59:18.299 | DEBUG    | baldaquin.profile:wrap:32 - Running time for flush(): 0.005745 s
2026-03-12 15:59:20.847 | INFO     | baldaquin.buf:flush:309 - 100 packets ready to be written out...
2026-03-12 15:59:20.854 | DEBUG    | baldaquin.buf:open:100 - Opening output file /home/lab1-student/baldaquindata/plasduino/0309_000086/0309_000086_data.txt {'mode': 'at', 'encoding': 'utf-8'}...
2026-03-12 15:59:20.855 | DEBUG    | baldaquin.buf:_write:285 - 1400 bytes written to disk.
2026-03-12 15:59:20.855 | DEBUG    | baldaquin.buf:open:104 - Ouput file /home/lab1-student/baldaquindata/plasduino/0309_000086/0309_000086_data.txt closed.
2026-03-12 15:59:20.855 | DEBUG    | baldaquin.buf:open:100 - Opening output file /home/lab1-student/baldaquindata/plasduino/0309_000087/0309_000087_data.txt {'mode': 'at', 'encoding': 'utf-8'}...
2026-03-12 15:59:20.856 | DEBUG    | baldaquin.buf:_write:285 - 1400 bytes written to disk.
2026-03-12 15:59:20.856 | DEBUG    | baldaquin.buf:open:104 - Ouput file /home/lab1-student/baldaquindata/plasduino/0309_000087/0309_000087_data.txt closed.
2026-03-12 15:59:20.857 | DEBUG    | baldaquin.buf:open:100 - Opening output file /home/lab1-student/baldaquindata/plasduino/0309_000088/0309_000088_data.txt {'mode': 'at', 'encoding': 'utf-8'}...
2026-03-12 15:59:20.859 | DEBUG    | baldaquin.buf:_write:285 - 1400 bytes written to disk.
2026-03-12 15:59:20.860 | DEBUG    | baldaquin.buf:open:104 - Ouput file /home/lab1-student/baldaquindata/plasduino/0309_000088/0309_000088_data.txt closed.
2026-03-12 15:59:20.860 | DEBUG    | baldaquin.buf:open:100 - Opening output file /home/lab1-student/baldaquindata/plasduino/0309_000089/0309_000089_data.txt {'mode': 'at', 'encoding': 'utf-8'}...
2026-03-12 15:59:20.862 | DEBUG    | baldaquin.buf:_write:285 - 1400 bytes written to disk.
2026-03-12 15:59:20.862 | DEBUG    | baldaquin.buf:open:104 - Ouput file /home/lab1-student/baldaquindata/plasduino/0309_000089/0309_000089_data.txt closed.
2026-03-12 15:59:20.862 | DEBUG    | baldaquin.buf:open:100 - Opening output file /home/lab1-student/baldaquindata/plasduino/0309_000090/0309_000090_data.txt {'mode': 'at', 'encoding': 'utf-8'}...
2026-03-12 15:59:20.868 | DEBUG    | baldaquin.buf:_write:285 - 1400 bytes written to disk.
2026-03-12 15:59:20.869 | DEBUG    | baldaquin.buf:open:104 - Ouput file /home/lab1-student/baldaquindata/plasduino/0309_000090/0309_000090_data.txt closed.
2026-03-12 15:59:20.869 | DEBUG    | baldaquin.buf:open:100 - Opening output file /home/lab1-student/baldaquindata/plasduino/0309_000091/0309_000091_data.txt {'mode': 'at', 'encoding': 'utf-8'}...
2026-03-12 15:59:20.869 | DEBUG    | baldaquin.buf:_write:285 - 1400 bytes written to disk.
2026-03-12 15:59:20.870 | DEBUG    | baldaquin.buf:open:104 - Ouput file /home/lab1-student/baldaquindata/plasduino/0309_000091/0309_000091_data.txt closed.
2026-03-12 15:59:20.870 | DEBUG    | baldaquin.buf:open:100 - Opening output file /home/lab1-student/baldaquindata/plasduino/0309_000092/0309_000092_data.txt {'mode': 'at', 'encoding': 'utf-8'}...
2026-03-12 15:59:20.870 | DEBUG    | baldaquin.buf:_write:285 - 1400 bytes written to disk.
2026-03-12 15:59:20.870 | DEBUG    | baldaquin.buf:open:104 - Ouput file /home/lab1-student/baldaquindata/plasduino/0309_000092/0309_000092_data.txt closed.
2026-03-12 15:59:20.870 | DEBUG    | baldaquin.buf:open:100 - Opening output file /home/lab1-student/baldaquindata/plasduino/0309_000093/0309_000093_data.txt {'mode': 'at', 'encoding': 'utf-8'}...
2026-03-12 15:59:20.871 | DEBUG    | baldaquin.buf:_write:285 - 1400 bytes written to disk.
2026-03-12 15:59:20.871 | DEBUG    | baldaquin.buf:open:104 - Ouput file /home/lab1-student/baldaquindata/plasduino/0309_000093/0309_000093_data.txt closed.
2026-03-12 15:59:20.871 | DEBUG    | baldaquin.buf:open:100 - Opening output file /home/lab1-student/baldaquindata/plasduino/0309_000094/0309_000094_data.txt {'mode': 'at', 'encoding': 'utf-8'}...
2026-03-12 15:59:20.888 | DEBUG    | baldaquin.buf:_write:285 - 1400 bytes written to disk.
2026-03-12 15:59:20.891 | DEBUG    | baldaquin.buf:open:104 - Ouput file /home/lab1-student/baldaquindata/plasduino/0309_000094/0309_000094_data.txt closed.
2026-03-12 15:59:20.891 | DEBUG    | baldaquin.buf:open:100 - Opening output file /home/lab1-student/baldaquindata/plasduino/0309_000095/0309_000095_data.txt {'mode': 'at', 'encoding': 'utf-8'}...
2026-03-12 15:59:20.906 | DEBUG    | baldaquin.buf:_write:285 - 1400 bytes written to disk.
2026-03-12 15:59:20.906 | DEBUG    | baldaquin.buf:open:104 - Ouput file /home/lab1-student/baldaquindata/plasduino/0309_000095/0309_000095_data.txt closed.
2026-03-12 15:59:20.906 | DEBUG    | baldaquin.buf:open:100 - Opening output file /home/lab1-student/baldaquindata/plasduino/0309_000096/0309_000096_data.txt {'mode': 'at', 'encoding': 'utf-8'}...
2026-03-12 15:59:20.907 | DEBUG    | baldaquin.buf:_write:285 - 1400 bytes written to disk.
2026-03-12 15:59:20.907 | DEBUG    | baldaquin.buf:open:104 - Ouput file /home/lab1-student/baldaquindata/plasduino/0309_000096/0309_000096_data.txt closed.
2026-03-12 15:59:20.907 | DEBUG    | baldaquin.buf:open:100 - Opening output file /home/lab1-student/baldaquindata/plasduino/0309_000097/0309_000097_data.txt {'mode': 'at', 'encoding': 'utf-8'}...
2026-03-12 15:59:20.908 | DEBUG    | baldaquin.buf:_write:285 - 1400 bytes written to disk.
2026-03-12 15:59:20.916 | DEBUG    | baldaquin.buf:open:104 - Ouput file /home/lab1-student/baldaquindata/plasduino/0309_000097/0309_000097_data.txt closed.
2026-03-12 15:59:20.916 | DEBUG    | baldaquin.buf:open:100 - Opening output file /home/lab1-student/baldaquindata/plasduino/0309_000098/0309_000098_data.txt {'mode': 'at', 'encoding': 'utf-8'}...
2026-03-12 15:59:20.918 | DEBUG    | baldaquin.buf:_write:285 - 1400 bytes written to disk.
2026-03-12 15:59:20.918 | DEBUG    | baldaquin.buf:open:104 - Ouput file /home/lab1-student/baldaquindata/plasduino/0309_000098/0309_000098_data.txt closed.
2026-03-12 15:59:20.922 | DEBUG    | baldaquin.buf:open:100 - Opening output file /home/lab1-student/baldaquindata/plasduino/0309_000099/0309_000099_data.txt {'mode': 'at', 'encoding': 'utf-8'}...
2026-03-12 15:59:20.923 | DEBUG    | baldaquin.buf:_write:285 - 1400 bytes written to disk.
2026-03-12 15:59:20.928 | DEBUG    | baldaquin.buf:open:104 - Ouput file /home/lab1-student/baldaquindata/plasduino/0309_000099/0309_000099_data.txt closed.
2026-03-12 15:59:20.929 | DEBUG    | baldaquin.buf:open:100 - Opening output file /home/lab1-student/baldaquindata/plasduino/0309_000100/0309_000100_data.txt {'mode': 'at', 'encoding': 'utf-8'}...
2026-03-12 15:59:20.930 | DEBUG    | baldaquin.buf:_write:285 - 1400 bytes written to disk.
2026-03-12 15:59:20.945 | DEBUG    | baldaquin.buf:open:104 - Ouput file /home/lab1-student/baldaquindata/plasduino/0309_000100/0309_000100_data.txt closed.
2026-03-12 15:59:20.945 | DEBUG    | baldaquin.buf:open:100 - Opening output file /home/lab1-student/baldaquindata/plasduino/0309_000100/0309_000100_data.dat {'mode': 'ab'}...
2026-03-12 15:59:20.946 | DEBUG    | baldaquin.buf:_pop_and_write_raw:259 - 800 bytes written to disk.
2026-03-12 15:59:20.946 | DEBUG    | baldaquin.buf:open:104 - Ouput file /home/lab1-student/baldaquindata/plasduino/0309_000100/0309_000100_data.dat closed.
2026-03-12 15:59:20.946 | INFO     | baldaquin.buf:flush:318 - 21800 bytes (800 raw bytes) written to disk.
2026-03-12 15:59:20.946 | DEBUG    | baldaquin.profile:wrap:32 - Running time for flush(): 0.099385 s
2026-03-12 15:59:23.369 | INFO     | baldaquin.buf:flush:309 - 100 packets ready to be written out...
2026-03-12 15:59:23.374 | DEBUG    | baldaquin.buf:open:100 - Opening output file /home/lab1-student/baldaquindata/plasduino/0309_000086/0309_000086_data.txt {'mode': 'at', 'encoding': 'utf-8'}...
2026-03-12 15:59:23.375 | DEBUG    | baldaquin.buf:_write:285 - 1400 bytes written to disk.
2026-03-12 15:59:23.375 | DEBUG    | baldaquin.buf:open:104 - Ouput file /home/lab1-student/baldaquindata/plasduino/0309_000086/0309_000086_data.txt closed.
2026-03-12 15:59:23.375 | DEBUG    | baldaquin.buf:open:100 - Opening output file /home/lab1-student/baldaquindata/plasduino/0309_000087/0309_000087_data.txt {'mode': 'at', 'encoding': 'utf-8'}...
2026-03-12 15:59:23.384 | DEBUG    | baldaquin.buf:_write:285 - 1400 bytes written to disk.
2026-03-12 15:59:23.387 | DEBUG    | baldaquin.buf:open:104 - Ouput file /home/lab1-student/baldaquindata/plasduino/0309_000087/0309_000087_data.txt closed.
2026-03-12 15:59:23.387 | DEBUG    | baldaquin.buf:open:100 - Opening output file /home/lab1-student/baldaquindata/plasduino/0309_000088/0309_000088_data.txt {'mode': 'at', 'encoding': 'utf-8'}...
2026-03-12 15:59:23.391 | DEBUG    | baldaquin.buf:_write:285 - 1400 bytes written to disk.
2026-03-12 15:59:23.391 | DEBUG    | baldaquin.buf:open:104 - Ouput file /home/lab1-student/baldaquindata/plasduino/0309_000088/0309_000088_data.txt closed.
2026-03-12 15:59:23.391 | DEBUG    | baldaquin.buf:open:100 - Opening output file /home/lab1-student/baldaquindata/plasduino/0309_000089/0309_000089_data.txt {'mode': 'at', 'encoding': 'utf-8'}...
2026-03-12 15:59:23.392 | DEBUG    | baldaquin.buf:_write:285 - 1400 bytes written to disk.
2026-03-12 15:59:23.399 | DEBUG    | baldaquin.buf:open:104 - Ouput file /home/lab1-student/baldaquindata/plasduino/0309_000089/0309_000089_data.txt closed.
2026-03-12 15:59:23.399 | DEBUG    | baldaquin.buf:open:100 - Opening output file /home/lab1-student/baldaquindata/plasduino/0309_000090/0309_000090_data.txt {'mode': 'at', 'encoding': 'utf-8'}...
2026-03-12 15:59:23.400 | DEBUG    | baldaquin.buf:_write:285 - 1400 bytes written to disk.
2026-03-12 15:59:23.400 | DEBUG    | baldaquin.buf:open:104 - Ouput file /home/lab1-student/baldaquindata/plasduino/0309_000090/0309_000090_data.txt closed.
2026-03-12 15:59:23.400 | DEBUG    | baldaquin.buf:open:100 - Opening output file /home/lab1-student/baldaquindata/plasduino/0309_000091/0309_000091_data.txt {'mode': 'at', 'encoding': 'utf-8'}...
2026-03-12 15:59:23.401 | DEBUG    | baldaquin.buf:_write:285 - 1400 bytes written to disk.
2026-03-12 15:59:23.401 | DEBUG    | baldaquin.buf:open:104 - Ouput file /home/lab1-student/baldaquindata/plasduino/0309_000091/0309_000091_data.txt closed.
2026-03-12 15:59:23.401 | DEBUG    | baldaquin.buf:open:100 - Opening output file /home/lab1-student/baldaquindata/plasduino/0309_000092/0309_000092_data.txt {'mode': 'at', 'encoding': 'utf-8'}...
2026-03-12 15:59:23.402 | DEBUG    | baldaquin.buf:_write:285 - 1400 bytes written to disk.
2026-03-12 15:59:23.402 | DEBUG    | baldaquin.buf:open:104 - Ouput file /home/lab1-student/baldaquindata/plasduino/0309_000092/0309_000092_data.txt closed.
2026-03-12 15:59:23.402 | DEBUG    | baldaquin.buf:open:100 - Opening output file /home/lab1-student/baldaquindata/plasduino/0309_000093/0309_000093_data.txt {'mode': 'at', 'encoding': 'utf-8'}...
2026-03-12 15:59:23.403 | DEBUG    | baldaquin.buf:_write:285 - 1400 bytes written to disk.
2026-03-12 15:59:23.413 | DEBUG    | baldaquin.buf:open:104 - Ouput file /home/lab1-student/baldaquindata/plasduino/0309_000093/0309_000093_data.txt closed.
2026-03-12 15:59:23.414 | DEBUG    | baldaquin.buf:open:100 - Opening output file /home/lab1-student/baldaquindata/plasduino/0309_000094/0309_000094_data.txt {'mode': 'at', 'encoding': 'utf-8'}...
2026-03-12 15:59:23.418 | DEBUG    | baldaquin.buf:_write:285 - 1400 bytes written to disk.
2026-03-12 15:59:23.419 | DEBUG    | baldaquin.buf:open:104 - Ouput file /home/lab1-student/baldaquindata/plasduino/0309_000094/0309_000094_data.txt closed.
2026-03-12 15:59:23.419 | DEBUG    | baldaquin.buf:open:100 - Opening output file /home/lab1-student/baldaquindata/plasduino/0309_000095/0309_000095_data.txt {'mode': 'at', 'encoding': 'utf-8'}...
2026-03-12 15:59:23.419 | DEBUG    | baldaquin.buf:_write:285 - 1400 bytes written to disk.
2026-03-12 15:59:23.420 | DEBUG    | baldaquin.buf:open:104 - Ouput file /home/lab1-student/baldaquindata/plasduino/0309_000095/0309_000095_data.txt closed.
2026-03-12 15:59:23.420 | DEBUG    | baldaquin.buf:open:100 - Opening output file /home/lab1-student/baldaquindata/plasduino/0309_000096/0309_000096_data.txt {'mode': 'at', 'encoding': 'utf-8'}...
2026-03-12 15:59:23.420 | DEBUG    | baldaquin.buf:_write:285 - 1400 bytes written to disk.
2026-03-12 15:59:23.420 | DEBUG    | baldaquin.buf:open:104 - Ouput file /home/lab1-student/baldaquindata/plasduino/0309_000096/0309_000096_data.txt closed.
2026-03-12 15:59:23.420 | DEBUG    | baldaquin.buf:open:100 - Opening output file /home/lab1-student/baldaquindata/plasduino/0309_000097/0309_000097_data.txt {'mode': 'at', 'encoding': 'utf-8'}...
2026-03-12 15:59:23.421 | DEBUG    | baldaquin.buf:_write:285 - 1400 bytes written to disk.
2026-03-12 15:59:23.421 | DEBUG    | baldaquin.buf:open:104 - Ouput file /home/lab1-student/baldaquindata/plasduino/0309_000097/0309_000097_data.txt closed.
2026-03-12 15:59:23.421 | DEBUG    | baldaquin.buf:open:100 - Opening output file /home/lab1-student/baldaquindata/plasduino/0309_000098/0309_000098_data.txt {'mode': 'at', 'encoding': 'utf-8'}...
2026-03-12 15:59:23.422 | DEBUG    | baldaquin.buf:_write:285 - 1400 bytes written to disk.
2026-03-12 15:59:23.422 | DEBUG    | baldaquin.buf:open:104 - Ouput file /home/lab1-student/baldaquindata/plasduino/0309_000098/0309_000098_data.txt closed.
2026-03-12 15:59:23.422 | DEBUG    | baldaquin.buf:open:100 - Opening output file /home/lab1-student/baldaquindata/plasduino/0309_000099/0309_000099_data.txt {'mode': 'at', 'encoding': 'utf-8'}...
2026-03-12 15:59:23.423 | DEBUG    | baldaquin.buf:_write:285 - 1400 bytes written to disk.
2026-03-12 15:59:23.423 | DEBUG    | baldaquin.buf:open:104 - Ouput file /home/lab1-student/baldaquindata/plasduino/0309_000099/0309_000099_data.txt closed.
2026-03-12 15:59:23.423 | DEBUG    | baldaquin.buf:open:100 - Opening output file /home/lab1-student/baldaquindata/plasduino/0309_000100/0309_000100_data.txt {'mode': 'at', 'encoding': 'utf-8'}...
2026-03-12 15:59:23.423 | DEBUG    | baldaquin.buf:_write:285 - 1400 bytes written to disk.
2026-03-12 15:59:23.434 | DEBUG    | baldaquin.buf:open:104 - Ouput file /home/lab1-student/baldaquindata/plasduino/0309_000100/0309_000100_data.txt closed.
2026-03-12 15:59:23.435 | DEBUG    | baldaquin.buf:open:100 - Opening output file /home/lab1-student/baldaquindata/plasduino/0309_000100/0309_000100_data.dat {'mode': 'ab'}...
2026-03-12 15:59:23.460 | DEBUG    | baldaquin.buf:_pop_and_write_raw:259 - 800 bytes written to disk.
2026-03-12 15:59:23.464 | DEBUG    | baldaquin.buf:open:104 - Ouput file /home/lab1-student/baldaquindata/plasduino/0309_000100/0309_000100_data.dat closed.
2026-03-12 15:59:23.464 | INFO     | baldaquin.buf:flush:318 - 21800 bytes (800 raw bytes) written to disk.
2026-03-12 15:59:23.469 | DEBUG    | baldaquin.profile:wrap:32 - Running time for flush(): 0.100098 s
2026-03-12 15:59:25.903 | INFO     | baldaquin.buf:flush:309 - 100 packets ready to be written out...
2026-03-12 15:59:25.903 | DEBUG    | baldaquin.buf:open:100 - Opening output file /home/lab1-student/baldaquindata/plasduino/0309_000086/0309_000086_data.txt {'mode': 'at', 'encoding': 'utf-8'}...
2026-03-12 15:59:25.906 | DEBUG    | baldaquin.buf:_write:285 - 1400 bytes written to disk.
2026-03-12 15:59:25.910 | DEBUG    | baldaquin.buf:open:104 - Ouput file /home/lab1-student/baldaquindata/plasduino/0309_000086/0309_000086_data.txt closed.
2026-03-12 15:59:25.910 | DEBUG    | baldaquin.buf:open:100 - Opening output file /home/lab1-student/baldaquindata/plasduino/0309_000087/0309_000087_data.txt {'mode': 'at', 'encoding': 'utf-8'}...
2026-03-12 15:59:25.911 | DEBUG    | baldaquin.buf:_write:285 - 1400 bytes written to disk.
2026-03-12 15:59:25.911 | DEBUG    | baldaquin.buf:open:104 - Ouput file /home/lab1-student/baldaquindata/plasduino/0309_000087/0309_000087_data.txt closed.
2026-03-12 15:59:25.911 | DEBUG    | baldaquin.buf:open:100 - Opening output file /home/lab1-student/baldaquindata/plasduino/0309_000088/0309_000088_data.txt {'mode': 'at', 'encoding': 'utf-8'}...
2026-03-12 15:59:25.912 | DEBUG    | baldaquin.buf:_write:285 - 1400 bytes written to disk.
2026-03-12 15:59:25.913 | DEBUG    | baldaquin.buf:open:104 - Ouput file /home/lab1-student/baldaquindata/plasduino/0309_000088/0309_000088_data.txt closed.
2026-03-12 15:59:25.913 | DEBUG    | baldaquin.buf:open:100 - Opening output file /home/lab1-student/baldaquindata/plasduino/0309_000089/0309_000089_data.txt {'mode': 'at', 'encoding': 'utf-8'}...
2026-03-12 15:59:25.914 | DEBUG    | baldaquin.buf:_write:285 - 1400 bytes written to disk.
2026-03-12 15:59:25.915 | DEBUG    | baldaquin.buf:open:104 - Ouput file /home/lab1-student/baldaquindata/plasduino/0309_000089/0309_000089_data.txt closed.
2026-03-12 15:59:25.915 | DEBUG    | baldaquin.buf:open:100 - Opening output file /home/lab1-student/baldaquindata/plasduino/0309_000090/0309_000090_data.txt {'mode': 'at', 'encoding': 'utf-8'}...
2026-03-12 15:59:25.916 | DEBUG    | baldaquin.buf:_write:285 - 1400 bytes written to disk.
2026-03-12 15:59:25.916 | DEBUG    | baldaquin.buf:open:104 - Ouput file /home/lab1-student/baldaquindata/plasduino/0309_000090/0309_000090_data.txt closed.
2026-03-12 15:59:25.917 | DEBUG    | baldaquin.buf:open:100 - Opening output file /home/lab1-student/baldaquindata/plasduino/0309_000091/0309_000091_data.txt {'mode': 'at', 'encoding': 'utf-8'}...
2026-03-12 15:59:25.918 | DEBUG    | baldaquin.buf:_write:285 - 1400 bytes written to disk.
2026-03-12 15:59:25.918 | DEBUG    | baldaquin.buf:open:104 - Ouput file /home/lab1-student/baldaquindata/plasduino/0309_000091/0309_000091_data.txt closed.
2026-03-12 15:59:25.918 | DEBUG    | baldaquin.buf:open:100 - Opening output file /home/lab1-student/baldaquindata/plasduino/0309_000092/0309_000092_data.txt {'mode': 'at', 'encoding': 'utf-8'}...
2026-03-12 15:59:25.919 | DEBUG    | baldaquin.buf:_write:285 - 1400 bytes written to disk.
2026-03-12 15:59:25.919 | DEBUG    | baldaquin.buf:open:104 - Ouput file /home/lab1-student/baldaquindata/plasduino/0309_000092/0309_000092_data.txt closed.
2026-03-12 15:59:25.919 | DEBUG    | baldaquin.buf:open:100 - Opening output file /home/lab1-student/baldaquindata/plasduino/0309_000093/0309_000093_data.txt {'mode': 'at', 'encoding': 'utf-8'}...
2026-03-12 15:59:25.919 | DEBUG    | baldaquin.buf:_write:285 - 1400 bytes written to disk.
2026-03-12 15:59:25.920 | DEBUG    | baldaquin.buf:open:104 - Ouput file /home/lab1-student/baldaquindata/plasduino/0309_000093/0309_000093_data.txt closed.
2026-03-12 15:59:25.920 | DEBUG    | baldaquin.buf:open:100 - Opening output file /home/lab1-student/baldaquindata/plasduino/0309_000094/0309_000094_data.txt {'mode': 'at', 'encoding': 'utf-8'}...
2026-03-12 15:59:25.920 | DEBUG    | baldaquin.buf:_write:285 - 1400 bytes written to disk.
2026-03-12 15:59:25.920 | DEBUG    | baldaquin.buf:open:104 - Ouput file /home/lab1-student/baldaquindata/plasduino/0309_000094/0309_000094_data.txt closed.
2026-03-12 15:59:25.920 | DEBUG    | baldaquin.buf:open:100 - Opening output file /home/lab1-student/baldaquindata/plasduino/0309_000095/0309_000095_data.txt {'mode': 'at', 'encoding': 'utf-8'}...
2026-03-12 15:59:25.921 | DEBUG    | baldaquin.buf:_write:285 - 1400 bytes written to disk.
2026-03-12 15:59:25.921 | DEBUG    | baldaquin.buf:open:104 - Ouput file /home/lab1-student/baldaquindata/plasduino/0309_000095/0309_000095_data.txt closed.
2026-03-12 15:59:25.921 | DEBUG    | baldaquin.buf:open:100 - Opening output file /home/lab1-student/baldaquindata/plasduino/0309_000096/0309_000096_data.txt {'mode': 'at', 'encoding': 'utf-8'}...
2026-03-12 15:59:25.922 | DEBUG    | baldaquin.buf:_write:285 - 1400 bytes written to disk.
2026-03-12 15:59:25.922 | DEBUG    | baldaquin.buf:open:104 - Ouput file /home/lab1-student/baldaquindata/plasduino/0309_000096/0309_000096_data.txt closed.
2026-03-12 15:59:25.922 | DEBUG    | baldaquin.buf:open:100 - Opening output file /home/lab1-student/baldaquindata/plasduino/0309_000097/0309_000097_data.txt {'mode': 'at', 'encoding': 'utf-8'}...
2026-03-12 15:59:25.923 | DEBUG    | baldaquin.buf:_write:285 - 1400 bytes written to disk.
2026-03-12 15:59:25.948 | DEBUG    | baldaquin.buf:open:104 - Ouput file /home/lab1-student/baldaquindata/plasduino/0309_000097/0309_000097_data.txt closed.
2026-03-12 15:59:25.959 | DEBUG    | baldaquin.buf:open:100 - Opening output file /home/lab1-student/baldaquindata/plasduino/0309_000098/0309_000098_data.txt {'mode': 'at', 'encoding': 'utf-8'}...
2026-03-12 15:59:25.969 | DEBUG    | baldaquin.buf:_write:285 - 1400 bytes written to disk.
2026-03-12 15:59:25.976 | DEBUG    | baldaquin.buf:open:104 - Ouput file /home/lab1-student/baldaquindata/plasduino/0309_000098/0309_000098_data.txt closed.
2026-03-12 15:59:25.976 | DEBUG    | baldaquin.buf:open:100 - Opening output file /home/lab1-student/baldaquindata/plasduino/0309_000099/0309_000099_data.txt {'mode': 'at', 'encoding': 'utf-8'}...
2026-03-12 15:59:25.983 | DEBUG    | baldaquin.buf:_write:285 - 1400 bytes written to disk.
2026-03-12 15:59:25.984 | DEBUG    | baldaquin.buf:open:104 - Ouput file /home/lab1-student/baldaquindata/plasduino/0309_000099/0309_000099_data.txt closed.
2026-03-12 15:59:25.984 | DEBUG    | baldaquin.buf:open:100 - Opening output file /home/lab1-student/baldaquindata/plasduino/0309_000100/0309_000100_data.txt {'mode': 'at', 'encoding': 'utf-8'}...
2026-03-12 15:59:26.003 | DEBUG    | baldaquin.buf:_write:285 - 1400 bytes written to disk.
2026-03-12 15:59:26.009 | DEBUG    | baldaquin.buf:open:104 - Ouput file /home/lab1-student/baldaquindata/plasduino/0309_000100/0309_000100_data.txt closed.
2026-03-12 15:59:26.010 | DEBUG    | baldaquin.buf:open:100 - Opening output file /home/lab1-student/baldaquindata/plasduino/0309_000100/0309_000100_data.dat {'mode': 'ab'}...
2026-03-12 15:59:26.017 | DEBUG    | baldaquin.buf:_pop_and_write_raw:259 - 800 bytes written to disk.
2026-03-12 15:59:26.017 | DEBUG    | baldaquin.buf:open:104 - Ouput file /home/lab1-student/baldaquindata/plasduino/0309_000100/0309_000100_data.dat closed.
2026-03-12 15:59:26.018 | INFO     | baldaquin.buf:flush:318 - 21800 bytes (800 raw bytes) written to disk.
2026-03-12 15:59:26.018 | DEBUG    | baldaquin.profile:wrap:32 - Running time for flush(): 0.114622 s
2026-03-12 15:59:28.448 | INFO     | baldaquin.buf:flush:309 - 100 packets ready to be written out...
2026-03-12 15:59:28.453 | DEBUG    | baldaquin.buf:open:100 - Opening output file /home/lab1-student/baldaquindata/plasduino/0309_000086/0309_000086_data.txt {'mode': 'at', 'encoding': 'utf-8'}...
2026-03-12 15:59:28.466 | DEBUG    | baldaquin.buf:_write:285 - 1407 bytes written to disk.
2026-03-12 15:59:28.466 | DEBUG    | baldaquin.buf:open:104 - Ouput file /home/lab1-student/baldaquindata/plasduino/0309_000086/0309_000086_data.txt closed.
2026-03-12 15:59:28.466 | DEBUG    | baldaquin.buf:open:100 - Opening output file /home/lab1-student/baldaquindata/plasduino/0309_000087/0309_000087_data.txt {'mode': 'at', 'encoding': 'utf-8'}...
2026-03-12 15:59:28.484 | DEBUG    | baldaquin.buf:_write:285 - 1407 bytes written to disk.
2026-03-12 15:59:28.495 | DEBUG    | baldaquin.buf:open:104 - Ouput file /home/lab1-student/baldaquindata/plasduino/0309_000087/0309_000087_data.txt closed.
2026-03-12 15:59:28.495 | DEBUG    | baldaquin.buf:open:100 - Opening output file /home/lab1-student/baldaquindata/plasduino/0309_000088/0309_000088_data.txt {'mode': 'at', 'encoding': 'utf-8'}...
2026-03-12 15:59:28.498 | DEBUG    | baldaquin.buf:_write:285 - 1407 bytes written to disk.
2026-03-12 15:59:28.503 | DEBUG    | baldaquin.buf:open:104 - Ouput file /home/lab1-student/baldaquindata/plasduino/0309_000088/0309_000088_data.txt closed.
2026-03-12 15:59:28.503 | DEBUG    | baldaquin.buf:open:100 - Opening output file /home/lab1-student/baldaquindata/plasduino/0309_000089/0309_000089_data.txt {'mode': 'at', 'encoding': 'utf-8'}...
2026-03-12 15:59:28.504 | DEBUG    | baldaquin.buf:_write:285 - 1407 bytes written to disk.
2026-03-12 15:59:28.504 | DEBUG    | baldaquin.buf:open:104 - Ouput file /home/lab1-student/baldaquindata/plasduino/0309_000089/0309_000089_data.txt closed.
2026-03-12 15:59:28.504 | DEBUG    | baldaquin.buf:open:100 - Opening output file /home/lab1-student/baldaquindata/plasduino/0309_000090/0309_000090_data.txt {'mode': 'at', 'encoding': 'utf-8'}...
2026-03-12 15:59:28.506 | DEBUG    | baldaquin.buf:_write:285 - 1407 bytes written to disk.
2026-03-12 15:59:28.506 | DEBUG    | baldaquin.buf:open:104 - Ouput file /home/lab1-student/baldaquindata/plasduino/0309_000090/0309_000090_data.txt closed.
2026-03-12 15:59:28.507 | DEBUG    | baldaquin.buf:open:100 - Opening output file /home/lab1-student/baldaquindata/plasduino/0309_000091/0309_000091_data.txt {'mode': 'at', 'encoding': 'utf-8'}...
2026-03-12 15:59:28.507 | DEBUG    | baldaquin.buf:_write:285 - 1407 bytes written to disk.
2026-03-12 15:59:28.508 | DEBUG    | baldaquin.buf:open:104 - Ouput file /home/lab1-student/baldaquindata/plasduino/0309_000091/0309_000091_data.txt closed.
2026-03-12 15:59:28.508 | DEBUG    | baldaquin.buf:open:100 - Opening output file /home/lab1-student/baldaquindata/plasduino/0309_000092/0309_000092_data.txt {'mode': 'at', 'encoding': 'utf-8'}...
2026-03-12 15:59:28.508 | DEBUG    | baldaquin.buf:_write:285 - 1407 bytes written to disk.
2026-03-12 15:59:28.508 | DEBUG    | baldaquin.buf:open:104 - Ouput file /home/lab1-student/baldaquindata/plasduino/0309_000092/0309_000092_data.txt closed.
2026-03-12 15:59:28.509 | DEBUG    | baldaquin.buf:open:100 - Opening output file /home/lab1-student/baldaquindata/plasduino/0309_000093/0309_000093_data.txt {'mode': 'at', 'encoding': 'utf-8'}...
2026-03-12 15:59:28.509 | DEBUG    | baldaquin.buf:_write:285 - 1407 bytes written to disk.
2026-03-12 15:59:28.509 | DEBUG    | baldaquin.buf:open:104 - Ouput file /home/lab1-student/baldaquindata/plasduino/0309_000093/0309_000093_data.txt closed.
2026-03-12 15:59:28.518 | DEBUG    | baldaquin.buf:open:100 - Opening output file /home/lab1-student/baldaquindata/plasduino/0309_000094/0309_000094_data.txt {'mode': 'at', 'encoding': 'utf-8'}...
2026-03-12 15:59:28.519 | DEBUG    | baldaquin.buf:_write:285 - 1407 bytes written to disk.
2026-03-12 15:59:28.520 | DEBUG    | baldaquin.buf:open:104 - Ouput file /home/lab1-student/baldaquindata/plasduino/0309_000094/0309_000094_data.txt closed.
2026-03-12 15:59:28.521 | DEBUG    | baldaquin.buf:open:100 - Opening output file /home/lab1-student/baldaquindata/plasduino/0309_000095/0309_000095_data.txt {'mode': 'at', 'encoding': 'utf-8'}...
2026-03-12 15:59:28.521 | DEBUG    | baldaquin.buf:_write:285 - 1407 bytes written to disk.
2026-03-12 15:59:28.555 | DEBUG    | baldaquin.buf:open:104 - Ouput file /home/lab1-student/baldaquindata/plasduino/0309_000095/0309_000095_data.txt closed.
2026-03-12 15:59:28.571 | DEBUG    | baldaquin.buf:open:100 - Opening output file /home/lab1-student/baldaquindata/plasduino/0309_000096/0309_000096_data.txt {'mode': 'at', 'encoding': 'utf-8'}...
2026-03-12 15:59:28.571 | DEBUG    | baldaquin.buf:_write:285 - 1407 bytes written to disk.
2026-03-12 15:59:28.578 | DEBUG    | baldaquin.buf:open:104 - Ouput file /home/lab1-student/baldaquindata/plasduino/0309_000096/0309_000096_data.txt closed.
2026-03-12 15:59:28.583 | DEBUG    | baldaquin.buf:open:100 - Opening output file /home/lab1-student/baldaquindata/plasduino/0309_000097/0309_000097_data.txt {'mode': 'at', 'encoding': 'utf-8'}...
2026-03-12 15:59:28.594 | DEBUG    | baldaquin.buf:_write:285 - 1407 bytes written to disk.
2026-03-12 15:59:28.597 | DEBUG    | baldaquin.buf:open:104 - Ouput file /home/lab1-student/baldaquindata/plasduino/0309_000097/0309_000097_data.txt closed.
2026-03-12 15:59:28.598 | DEBUG    | baldaquin.buf:open:100 - Opening output file /home/lab1-student/baldaquindata/plasduino/0309_000098/0309_000098_data.txt {'mode': 'at', 'encoding': 'utf-8'}...
2026-03-12 15:59:28.600 | DEBUG    | baldaquin.buf:_write:285 - 1407 bytes written to disk.
2026-03-12 15:59:28.601 | DEBUG    | baldaquin.buf:open:104 - Ouput file /home/lab1-student/baldaquindata/plasduino/0309_000098/0309_000098_data.txt closed.
2026-03-12 15:59:28.616 | DEBUG    | baldaquin.buf:open:100 - Opening output file /home/lab1-student/baldaquindata/plasduino/0309_000099/0309_000099_data.txt {'mode': 'at', 'encoding': 'utf-8'}...
2026-03-12 15:59:28.617 | DEBUG    | baldaquin.buf:_write:285 - 1407 bytes written to disk.
2026-03-12 15:59:28.618 | DEBUG    | baldaquin.buf:open:104 - Ouput file /home/lab1-student/baldaquindata/plasduino/0309_000099/0309_000099_data.txt closed.
2026-03-12 15:59:28.618 | DEBUG    | baldaquin.buf:open:100 - Opening output file /home/lab1-student/baldaquindata/plasduino/0309_000100/0309_000100_data.txt {'mode': 'at', 'encoding': 'utf-8'}...
2026-03-12 15:59:28.622 | DEBUG    | baldaquin.buf:_write:285 - 1407 bytes written to disk.
2026-03-12 15:59:28.623 | DEBUG    | baldaquin.buf:open:104 - Ouput file /home/lab1-student/baldaquindata/plasduino/0309_000100/0309_000100_data.txt closed.
2026-03-12 15:59:28.623 | DEBUG    | baldaquin.buf:open:100 - Opening output file /home/lab1-student/baldaquindata/plasduino/0309_000100/0309_000100_data.dat {'mode': 'ab'}...
2026-03-12 15:59:28.623 | DEBUG    | baldaquin.buf:_pop_and_write_raw:259 - 800 bytes written to disk.
2026-03-12 15:59:28.623 | DEBUG    | baldaquin.buf:open:104 - Ouput file /home/lab1-student/baldaquindata/plasduino/0309_000100/0309_000100_data.dat closed.
2026-03-12 15:59:28.623 | INFO     | baldaquin.buf:flush:318 - 21905 bytes (800 raw bytes) written to disk.
2026-03-12 15:59:28.623 | DEBUG    | baldaquin.profile:wrap:32 - Running time for flush(): 0.174841 s
2026-03-12 15:59:30.979 | INFO     | baldaquin.buf:flush:309 - 100 packets ready to be written out...
2026-03-12 15:59:30.982 | DEBUG    | baldaquin.buf:open:100 - Opening output file /home/lab1-student/baldaquindata/plasduino/0309_000086/0309_000086_data.txt {'mode': 'at', 'encoding': 'utf-8'}...
2026-03-12 15:59:30.991 | DEBUG    | baldaquin.buf:_write:285 - 1500 bytes written to disk.
2026-03-12 15:59:30.996 | DEBUG    | baldaquin.buf:open:104 - Ouput file /home/lab1-student/baldaquindata/plasduino/0309_000086/0309_000086_data.txt closed.
2026-03-12 15:59:30.997 | DEBUG    | baldaquin.buf:open:100 - Opening output file /home/lab1-student/baldaquindata/plasduino/0309_000087/0309_000087_data.txt {'mode': 'at', 'encoding': 'utf-8'}...
2026-03-12 15:59:30.997 | DEBUG    | baldaquin.buf:_write:285 - 1500 bytes written to disk.
2026-03-12 15:59:30.998 | DEBUG    | baldaquin.buf:open:104 - Ouput file /home/lab1-student/baldaquindata/plasduino/0309_000087/0309_000087_data.txt closed.
2026-03-12 15:59:30.998 | DEBUG    | baldaquin.buf:open:100 - Opening output file /home/lab1-student/baldaquindata/plasduino/0309_000088/0309_000088_data.txt {'mode': 'at', 'encoding': 'utf-8'}...
2026-03-12 15:59:30.998 | DEBUG    | baldaquin.buf:_write:285 - 1500 bytes written to disk.
2026-03-12 15:59:30.999 | DEBUG    | baldaquin.buf:open:104 - Ouput file /home/lab1-student/baldaquindata/plasduino/0309_000088/0309_000088_data.txt closed.
2026-03-12 15:59:30.999 | DEBUG    | baldaquin.buf:open:100 - Opening output file /home/lab1-student/baldaquindata/plasduino/0309_000089/0309_000089_data.txt {'mode': 'at', 'encoding': 'utf-8'}...
2026-03-12 15:59:30.999 | DEBUG    | baldaquin.buf:_write:285 - 1500 bytes written to disk.
2026-03-12 15:59:31.000 | DEBUG    | baldaquin.buf:open:104 - Ouput file /home/lab1-student/baldaquindata/plasduino/0309_000089/0309_000089_data.txt closed.
2026-03-12 15:59:31.000 | DEBUG    | baldaquin.buf:open:100 - Opening output file /home/lab1-student/baldaquindata/plasduino/0309_000090/0309_000090_data.txt {'mode': 'at', 'encoding': 'utf-8'}...
2026-03-12 15:59:31.009 | DEBUG    | baldaquin.buf:_write:285 - 1500 bytes written to disk.
2026-03-12 15:59:31.012 | DEBUG    | baldaquin.buf:open:104 - Ouput file /home/lab1-student/baldaquindata/plasduino/0309_000090/0309_000090_data.txt closed.
2026-03-12 15:59:31.012 | DEBUG    | baldaquin.buf:open:100 - Opening output file /home/lab1-student/baldaquindata/plasduino/0309_000091/0309_000091_data.txt {'mode': 'at', 'encoding': 'utf-8'}...
2026-03-12 15:59:31.017 | DEBUG    | baldaquin.buf:_write:285 - 1500 bytes written to disk.
2026-03-12 15:59:31.017 | DEBUG    | baldaquin.buf:open:104 - Ouput file /home/lab1-student/baldaquindata/plasduino/0309_000091/0309_000091_data.txt closed.
2026-03-12 15:59:31.017 | DEBUG    | baldaquin.buf:open:100 - Opening output file /home/lab1-student/baldaquindata/plasduino/0309_000092/0309_000092_data.txt {'mode': 'at', 'encoding': 'utf-8'}...
2026-03-12 15:59:31.018 | DEBUG    | baldaquin.buf:_write:285 - 1500 bytes written to disk.
2026-03-12 15:59:31.018 | DEBUG    | baldaquin.buf:open:104 - Ouput file /home/lab1-student/baldaquindata/plasduino/0309_000092/0309_000092_data.txt closed.
2026-03-12 15:59:31.018 | DEBUG    | baldaquin.buf:open:100 - Opening output file /home/lab1-student/baldaquindata/plasduino/0309_000093/0309_000093_data.txt {'mode': 'at', 'encoding': 'utf-8'}...
2026-03-12 15:59:31.018 | DEBUG    | baldaquin.buf:_write:285 - 1500 bytes written to disk.
2026-03-12 15:59:31.018 | DEBUG    | baldaquin.buf:open:104 - Ouput file /home/lab1-student/baldaquindata/plasduino/0309_000093/0309_000093_data.txt closed.
2026-03-12 15:59:31.019 | DEBUG    | baldaquin.buf:open:100 - Opening output file /home/lab1-student/baldaquindata/plasduino/0309_000094/0309_000094_data.txt {'mode': 'at', 'encoding': 'utf-8'}...
2026-03-12 15:59:31.019 | DEBUG    | baldaquin.buf:_write:285 - 1500 bytes written to disk.
2026-03-12 15:59:31.019 | DEBUG    | baldaquin.buf:open:104 - Ouput file /home/lab1-student/baldaquindata/plasduino/0309_000094/0309_000094_data.txt closed.
2026-03-12 15:59:31.019 | DEBUG    | baldaquin.buf:open:100 - Opening output file /home/lab1-student/baldaquindata/plasduino/0309_000095/0309_000095_data.txt {'mode': 'at', 'encoding': 'utf-8'}...
2026-03-12 15:59:31.020 | DEBUG    | baldaquin.buf:_write:285 - 1500 bytes written to disk.
2026-03-12 15:59:31.020 | DEBUG    | baldaquin.buf:open:104 - Ouput file /home/lab1-student/baldaquindata/plasduino/0309_000095/0309_000095_data.txt closed.
2026-03-12 15:59:31.020 | DEBUG    | baldaquin.buf:open:100 - Opening output file /home/lab1-student/baldaquindata/plasduino/0309_000096/0309_000096_data.txt {'mode': 'at', 'encoding': 'utf-8'}...
2026-03-12 15:59:31.021 | DEBUG    | baldaquin.buf:_write:285 - 1500 bytes written to disk.
2026-03-12 15:59:31.021 | DEBUG    | baldaquin.buf:open:104 - Ouput file /home/lab1-student/baldaquindata/plasduino/0309_000096/0309_000096_data.txt closed.
2026-03-12 15:59:31.046 | DEBUG    | baldaquin.buf:open:100 - Opening output file /home/lab1-student/baldaquindata/plasduino/0309_000097/0309_000097_data.txt {'mode': 'at', 'encoding': 'utf-8'}...
2026-03-12 15:59:31.061 | DEBUG    | baldaquin.buf:_write:285 - 1500 bytes written to disk.
2026-03-12 15:59:31.064 | DEBUG    | baldaquin.buf:open:104 - Ouput file /home/lab1-student/baldaquindata/plasduino/0309_000097/0309_000097_data.txt closed.
2026-03-12 15:59:31.064 | DEBUG    | baldaquin.buf:open:100 - Opening output file /home/lab1-student/baldaquindata/plasduino/0309_000098/0309_000098_data.txt {'mode': 'at', 'encoding': 'utf-8'}...
2026-03-12 15:59:31.067 | DEBUG    | baldaquin.buf:_write:285 - 1500 bytes written to disk.
2026-03-12 15:59:31.069 | DEBUG    | baldaquin.buf:open:104 - Ouput file /home/lab1-student/baldaquindata/plasduino/0309_000098/0309_000098_data.txt closed.
2026-03-12 15:59:31.069 | DEBUG    | baldaquin.buf:open:100 - Opening output file /home/lab1-student/baldaquindata/plasduino/0309_000099/0309_000099_data.txt {'mode': 'at', 'encoding': 'utf-8'}...
2026-03-12 15:59:31.074 | DEBUG    | baldaquin.buf:_write:285 - 1500 bytes written to disk.
2026-03-12 15:59:31.075 | DEBUG    | baldaquin.buf:open:104 - Ouput file /home/lab1-student/baldaquindata/plasduino/0309_000099/0309_000099_data.txt closed.
2026-03-12 15:59:31.075 | DEBUG    | baldaquin.buf:open:100 - Opening output file /home/lab1-student/baldaquindata/plasduino/0309_000100/0309_000100_data.txt {'mode': 'at', 'encoding': 'utf-8'}...
2026-03-12 15:59:31.076 | DEBUG    | baldaquin.buf:_write:285 - 1500 bytes written to disk.
2026-03-12 15:59:31.079 | DEBUG    | baldaquin.buf:open:104 - Ouput file /home/lab1-student/baldaquindata/plasduino/0309_000100/0309_000100_data.txt closed.
2026-03-12 15:59:31.079 | DEBUG    | baldaquin.buf:open:100 - Opening output file /home/lab1-student/baldaquindata/plasduino/0309_000100/0309_000100_data.dat {'mode': 'ab'}...
2026-03-12 15:59:31.079 | DEBUG    | baldaquin.buf:_pop_and_write_raw:259 - 800 bytes written to disk.
2026-03-12 15:59:31.079 | DEBUG    | baldaquin.buf:open:104 - Ouput file /home/lab1-student/baldaquindata/plasduino/0309_000100/0309_000100_data.dat closed.
2026-03-12 15:59:31.080 | INFO     | baldaquin.buf:flush:318 - 23300 bytes (800 raw bytes) written to disk.
2026-03-12 15:59:31.080 | DEBUG    | baldaquin.profile:wrap:32 - Running time for flush(): 0.101070 s
2026-03-12 15:59:33.509 | INFO     | baldaquin.buf:flush:309 - 100 packets ready to be written out...
2026-03-12 15:59:33.509 | DEBUG    | baldaquin.buf:open:100 - Opening output file /home/lab1-student/baldaquindata/plasduino/0309_000086/0309_000086_data.txt {'mode': 'at', 'encoding': 'utf-8'}...
2026-03-12 15:59:33.510 | DEBUG    | baldaquin.buf:_write:285 - 1500 bytes written to disk.
2026-03-12 15:59:33.511 | DEBUG    | baldaquin.buf:open:104 - Ouput file /home/lab1-student/baldaquindata/plasduino/0309_000086/0309_000086_data.txt closed.
2026-03-12 15:59:33.511 | DEBUG    | baldaquin.buf:open:100 - Opening output file /home/lab1-student/baldaquindata/plasduino/0309_000087/0309_000087_data.txt {'mode': 'at', 'encoding': 'utf-8'}...
2026-03-12 15:59:33.511 | DEBUG    | baldaquin.buf:_write:285 - 1500 bytes written to disk.
2026-03-12 15:59:33.511 | DEBUG    | baldaquin.buf:open:104 - Ouput file /home/lab1-student/baldaquindata/plasduino/0309_000087/0309_000087_data.txt closed.
2026-03-12 15:59:33.512 | DEBUG    | baldaquin.buf:open:100 - Opening output file /home/lab1-student/baldaquindata/plasduino/0309_000088/0309_000088_data.txt {'mode': 'at', 'encoding': 'utf-8'}...
2026-03-12 15:59:33.512 | DEBUG    | baldaquin.buf:_write:285 - 1500 bytes written to disk.
2026-03-12 15:59:33.512 | DEBUG    | baldaquin.buf:open:104 - Ouput file /home/lab1-student/baldaquindata/plasduino/0309_000088/0309_000088_data.txt closed.
2026-03-12 15:59:33.512 | DEBUG    | baldaquin.buf:open:100 - Opening output file /home/lab1-student/baldaquindata/plasduino/0309_000089/0309_000089_data.txt {'mode': 'at', 'encoding': 'utf-8'}...
2026-03-12 15:59:33.513 | DEBUG    | baldaquin.buf:_write:285 - 1500 bytes written to disk.
2026-03-12 15:59:33.513 | DEBUG    | baldaquin.buf:open:104 - Ouput file /home/lab1-student/baldaquindata/plasduino/0309_000089/0309_000089_data.txt closed.
2026-03-12 15:59:33.513 | DEBUG    | baldaquin.buf:open:100 - Opening output file /home/lab1-student/baldaquindata/plasduino/0309_000090/0309_000090_data.txt {'mode': 'at', 'encoding': 'utf-8'}...
2026-03-12 15:59:33.513 | DEBUG    | baldaquin.buf:_write:285 - 1500 bytes written to disk.
2026-03-12 15:59:33.514 | DEBUG    | baldaquin.buf:open:104 - Ouput file /home/lab1-student/baldaquindata/plasduino/0309_000090/0309_000090_data.txt closed.
2026-03-12 15:59:33.514 | DEBUG    | baldaquin.buf:open:100 - Opening output file /home/lab1-student/baldaquindata/plasduino/0309_000091/0309_000091_data.txt {'mode': 'at', 'encoding': 'utf-8'}...
2026-03-12 15:59:33.514 | DEBUG    | baldaquin.buf:_write:285 - 1500 bytes written to disk.
2026-03-12 15:59:33.514 | DEBUG    | baldaquin.buf:open:104 - Ouput file /home/lab1-student/baldaquindata/plasduino/0309_000091/0309_000091_data.txt closed.
2026-03-12 15:59:33.515 | DEBUG    | baldaquin.buf:open:100 - Opening output file /home/lab1-student/baldaquindata/plasduino/0309_000092/0309_000092_data.txt {'mode': 'at', 'encoding': 'utf-8'}...
2026-03-12 15:59:33.515 | DEBUG    | baldaquin.buf:_write:285 - 1500 bytes written to disk.
2026-03-12 15:59:33.515 | DEBUG    | baldaquin.buf:open:104 - Ouput file /home/lab1-student/baldaquindata/plasduino/0309_000092/0309_000092_data.txt closed.
2026-03-12 15:59:33.515 | DEBUG    | baldaquin.buf:open:100 - Opening output file /home/lab1-student/baldaquindata/plasduino/0309_000093/0309_000093_data.txt {'mode': 'at', 'encoding': 'utf-8'}...
2026-03-12 15:59:33.516 | DEBUG    | baldaquin.buf:_write:285 - 1500 bytes written to disk.
2026-03-12 15:59:33.516 | DEBUG    | baldaquin.buf:open:104 - Ouput file /home/lab1-student/baldaquindata/plasduino/0309_000093/0309_000093_data.txt closed.
2026-03-12 15:59:33.516 | DEBUG    | baldaquin.buf:open:100 - Opening output file /home/lab1-student/baldaquindata/plasduino/0309_000094/0309_000094_data.txt {'mode': 'at', 'encoding': 'utf-8'}...
2026-03-12 15:59:33.517 | DEBUG    | baldaquin.buf:_write:285 - 1500 bytes written to disk.
2026-03-12 15:59:33.517 | DEBUG    | baldaquin.buf:open:104 - Ouput file /home/lab1-student/baldaquindata/plasduino/0309_000094/0309_000094_data.txt closed.
2026-03-12 15:59:33.517 | DEBUG    | baldaquin.buf:open:100 - Opening output file /home/lab1-student/baldaquindata/plasduino/0309_000095/0309_000095_data.txt {'mode': 'at', 'encoding': 'utf-8'}...
2026-03-12 15:59:33.517 | DEBUG    | baldaquin.buf:_write:285 - 1500 bytes written to disk.
2026-03-12 15:59:33.517 | DEBUG    | baldaquin.buf:open:104 - Ouput file /home/lab1-student/baldaquindata/plasduino/0309_000095/0309_000095_data.txt closed.
2026-03-12 15:59:33.517 | DEBUG    | baldaquin.buf:open:100 - Opening output file /home/lab1-student/baldaquindata/plasduino/0309_000096/0309_000096_data.txt {'mode': 'at', 'encoding': 'utf-8'}...
2026-03-12 15:59:33.518 | DEBUG    | baldaquin.buf:_write:285 - 1500 bytes written to disk.
2026-03-12 15:59:33.518 | DEBUG    | baldaquin.buf:open:104 - Ouput file /home/lab1-student/baldaquindata/plasduino/0309_000096/0309_000096_data.txt closed.
2026-03-12 15:59:33.518 | DEBUG    | baldaquin.buf:open:100 - Opening output file /home/lab1-student/baldaquindata/plasduino/0309_000097/0309_000097_data.txt {'mode': 'at', 'encoding': 'utf-8'}...
2026-03-12 15:59:33.519 | DEBUG    | baldaquin.buf:_write:285 - 1500 bytes written to disk.
2026-03-12 15:59:33.519 | DEBUG    | baldaquin.buf:open:104 - Ouput file /home/lab1-student/baldaquindata/plasduino/0309_000097/0309_000097_data.txt closed.
2026-03-12 15:59:33.519 | DEBUG    | baldaquin.buf:open:100 - Opening output file /home/lab1-student/baldaquindata/plasduino/0309_000098/0309_000098_data.txt {'mode': 'at', 'encoding': 'utf-8'}...
2026-03-12 15:59:33.519 | DEBUG    | baldaquin.buf:_write:285 - 1500 bytes written to disk.
2026-03-12 15:59:33.519 | DEBUG    | baldaquin.buf:open:104 - Ouput file /home/lab1-student/baldaquindata/plasduino/0309_000098/0309_000098_data.txt closed.
2026-03-12 15:59:33.519 | DEBUG    | baldaquin.buf:open:100 - Opening output file /home/lab1-student/baldaquindata/plasduino/0309_000099/0309_000099_data.txt {'mode': 'at', 'encoding': 'utf-8'}...
2026-03-12 15:59:33.520 | DEBUG    | baldaquin.buf:_write:285 - 1500 bytes written to disk.
2026-03-12 15:59:33.520 | DEBUG    | baldaquin.buf:open:104 - Ouput file /home/lab1-student/baldaquindata/plasduino/0309_000099/0309_000099_data.txt closed.
2026-03-12 15:59:33.520 | DEBUG    | baldaquin.buf:open:100 - Opening output file /home/lab1-student/baldaquindata/plasduino/0309_000100/0309_000100_data.txt {'mode': 'at', 'encoding': 'utf-8'}...
2026-03-12 15:59:33.521 | DEBUG    | baldaquin.buf:_write:285 - 1500 bytes written to disk.
2026-03-12 15:59:33.521 | DEBUG    | baldaquin.buf:open:104 - Ouput file /home/lab1-student/baldaquindata/plasduino/0309_000100/0309_000100_data.txt closed.
2026-03-12 15:59:33.521 | DEBUG    | baldaquin.buf:open:100 - Opening output file /home/lab1-student/baldaquindata/plasduino/0309_000100/0309_000100_data.dat {'mode': 'ab'}...
2026-03-12 15:59:33.521 | DEBUG    | baldaquin.buf:_pop_and_write_raw:259 - 800 bytes written to disk.
2026-03-12 15:59:33.521 | DEBUG    | baldaquin.buf:open:104 - Ouput file /home/lab1-student/baldaquindata/plasduino/0309_000100/0309_000100_data.dat closed.
2026-03-12 15:59:33.521 | INFO     | baldaquin.buf:flush:318 - 23300 bytes (800 raw bytes) written to disk.
2026-03-12 15:59:33.521 | DEBUG    | baldaquin.profile:wrap:32 - Running time for flush(): 0.012207 s
2026-03-12 15:59:36.056 | INFO     | baldaquin.buf:flush:309 - 100 packets ready to be written out...
2026-03-12 15:59:36.056 | DEBUG    | baldaquin.buf:open:100 - Opening output file /home/lab1-student/baldaquindata/plasduino/0309_000086/0309_000086_data.txt {'mode': 'at', 'encoding': 'utf-8'}...
2026-03-12 15:59:36.058 | DEBUG    | baldaquin.buf:_write:285 - 1500 bytes written to disk.
2026-03-12 15:59:36.067 | DEBUG    | baldaquin.buf:open:104 - Ouput file /home/lab1-student/baldaquindata/plasduino/0309_000086/0309_000086_data.txt closed.
2026-03-12 15:59:36.067 | DEBUG    | baldaquin.buf:open:100 - Opening output file /home/lab1-student/baldaquindata/plasduino/0309_000087/0309_000087_data.txt {'mode': 'at', 'encoding': 'utf-8'}...
2026-03-12 15:59:36.069 | DEBUG    | baldaquin.buf:_write:285 - 1500 bytes written to disk.
2026-03-12 15:59:36.075 | DEBUG    | baldaquin.buf:open:104 - Ouput file /home/lab1-student/baldaquindata/plasduino/0309_000087/0309_000087_data.txt closed.
2026-03-12 15:59:36.075 | DEBUG    | baldaquin.buf:open:100 - Opening output file /home/lab1-student/baldaquindata/plasduino/0309_000088/0309_000088_data.txt {'mode': 'at', 'encoding': 'utf-8'}...
2026-03-12 15:59:36.076 | DEBUG    | baldaquin.buf:_write:285 - 1500 bytes written to disk.
2026-03-12 15:59:36.088 | DEBUG    | baldaquin.buf:open:104 - Ouput file /home/lab1-student/baldaquindata/plasduino/0309_000088/0309_000088_data.txt closed.
2026-03-12 15:59:36.095 | DEBUG    | baldaquin.buf:open:100 - Opening output file /home/lab1-student/baldaquindata/plasduino/0309_000089/0309_000089_data.txt {'mode': 'at', 'encoding': 'utf-8'}...
2026-03-12 15:59:36.109 | DEBUG    | baldaquin.buf:_write:285 - 1500 bytes written to disk.
2026-03-12 15:59:36.109 | DEBUG    | baldaquin.buf:open:104 - Ouput file /home/lab1-student/baldaquindata/plasduino/0309_000089/0309_000089_data.txt closed.
2026-03-12 15:59:36.109 | DEBUG    | baldaquin.buf:open:100 - Opening output file /home/lab1-student/baldaquindata/plasduino/0309_000090/0309_000090_data.txt {'mode': 'at', 'encoding': 'utf-8'}...
2026-03-12 15:59:36.119 | DEBUG    | baldaquin.buf:_write:285 - 1500 bytes written to disk.
2026-03-12 15:59:36.119 | DEBUG    | baldaquin.buf:open:104 - Ouput file /home/lab1-student/baldaquindata/plasduino/0309_000090/0309_000090_data.txt closed.
2026-03-12 15:59:36.121 | DEBUG    | baldaquin.buf:open:100 - Opening output file /home/lab1-student/baldaquindata/plasduino/0309_000091/0309_000091_data.txt {'mode': 'at', 'encoding': 'utf-8'}...
2026-03-12 15:59:36.124 | DEBUG    | baldaquin.buf:_write:285 - 1500 bytes written to disk.
2026-03-12 15:59:36.126 | DEBUG    | baldaquin.buf:open:104 - Ouput file /home/lab1-student/baldaquindata/plasduino/0309_000091/0309_000091_data.txt closed.
2026-03-12 15:59:36.127 | DEBUG    | baldaquin.buf:open:100 - Opening output file /home/lab1-student/baldaquindata/plasduino/0309_000092/0309_000092_data.txt {'mode': 'at', 'encoding': 'utf-8'}...
2026-03-12 15:59:36.142 | DEBUG    | baldaquin.buf:_write:285 - 1500 bytes written to disk.
2026-03-12 15:59:36.144 | DEBUG    | baldaquin.buf:open:104 - Ouput file /home/lab1-student/baldaquindata/plasduino/0309_000092/0309_000092_data.txt closed.
2026-03-12 15:59:36.144 | DEBUG    | baldaquin.buf:open:100 - Opening output file /home/lab1-student/baldaquindata/plasduino/0309_000093/0309_000093_data.txt {'mode': 'at', 'encoding': 'utf-8'}...
2026-03-12 15:59:36.156 | DEBUG    | baldaquin.buf:_write:285 - 1500 bytes written to disk.
2026-03-12 15:59:36.157 | DEBUG    | baldaquin.buf:open:104 - Ouput file /home/lab1-student/baldaquindata/plasduino/0309_000093/0309_000093_data.txt closed.
2026-03-12 15:59:36.157 | DEBUG    | baldaquin.buf:open:100 - Opening output file /home/lab1-student/baldaquindata/plasduino/0309_000094/0309_000094_data.txt {'mode': 'at', 'encoding': 'utf-8'}...
2026-03-12 15:59:36.157 | DEBUG    | baldaquin.buf:_write:285 - 1500 bytes written to disk.
2026-03-12 15:59:36.157 | DEBUG    | baldaquin.buf:open:104 - Ouput file /home/lab1-student/baldaquindata/plasduino/0309_000094/0309_000094_data.txt closed.
2026-03-12 15:59:36.157 | DEBUG    | baldaquin.buf:open:100 - Opening output file /home/lab1-student/baldaquindata/plasduino/0309_000095/0309_000095_data.txt {'mode': 'at', 'encoding': 'utf-8'}...
2026-03-12 15:59:36.158 | DEBUG    | baldaquin.buf:_write:285 - 1500 bytes written to disk.
2026-03-12 15:59:36.168 | DEBUG    | baldaquin.buf:open:104 - Ouput file /home/lab1-student/baldaquindata/plasduino/0309_000095/0309_000095_data.txt closed.
2026-03-12 15:59:36.173 | DEBUG    | baldaquin.buf:open:100 - Opening output file /home/lab1-student/baldaquindata/plasduino/0309_000096/0309_000096_data.txt {'mode': 'at', 'encoding': 'utf-8'}...
2026-03-12 15:59:36.174 | DEBUG    | baldaquin.buf:_write:285 - 1500 bytes written to disk.
2026-03-12 15:59:36.174 | DEBUG    | baldaquin.buf:open:104 - Ouput file /home/lab1-student/baldaquindata/plasduino/0309_000096/0309_000096_data.txt closed.
2026-03-12 15:59:36.176 | DEBUG    | baldaquin.buf:open:100 - Opening output file /home/lab1-student/baldaquindata/plasduino/0309_000097/0309_000097_data.txt {'mode': 'at', 'encoding': 'utf-8'}...
2026-03-12 15:59:36.179 | DEBUG    | baldaquin.buf:_write:285 - 1500 bytes written to disk.
2026-03-12 15:59:36.180 | DEBUG    | baldaquin.buf:open:104 - Ouput file /home/lab1-student/baldaquindata/plasduino/0309_000097/0309_000097_data.txt closed.
2026-03-12 15:59:36.185 | DEBUG    | baldaquin.buf:open:100 - Opening output file /home/lab1-student/baldaquindata/plasduino/0309_000098/0309_000098_data.txt {'mode': 'at', 'encoding': 'utf-8'}...
2026-03-12 15:59:36.186 | DEBUG    | baldaquin.buf:_write:285 - 1500 bytes written to disk.
2026-03-12 15:59:36.186 | DEBUG    | baldaquin.buf:open:104 - Ouput file /home/lab1-student/baldaquindata/plasduino/0309_000098/0309_000098_data.txt closed.
2026-03-12 15:59:36.193 | DEBUG    | baldaquin.buf:open:100 - Opening output file /home/lab1-student/baldaquindata/plasduino/0309_000099/0309_000099_data.txt {'mode': 'at', 'encoding': 'utf-8'}...
2026-03-12 15:59:36.210 | DEBUG    | baldaquin.buf:_write:285 - 1500 bytes written to disk.
2026-03-12 15:59:36.211 | DEBUG    | baldaquin.buf:open:104 - Ouput file /home/lab1-student/baldaquindata/plasduino/0309_000099/0309_000099_data.txt closed.
2026-03-12 15:59:36.211 | DEBUG    | baldaquin.buf:open:100 - Opening output file /home/lab1-student/baldaquindata/plasduino/0309_000100/0309_000100_data.txt {'mode': 'at', 'encoding': 'utf-8'}...
2026-03-12 15:59:36.214 | DEBUG    | baldaquin.buf:_write:285 - 1500 bytes written to disk.
2026-03-12 15:59:36.214 | DEBUG    | baldaquin.buf:open:104 - Ouput file /home/lab1-student/baldaquindata/plasduino/0309_000100/0309_000100_data.txt closed.
2026-03-12 15:59:36.215 | DEBUG    | baldaquin.buf:open:100 - Opening output file /home/lab1-student/baldaquindata/plasduino/0309_000100/0309_000100_data.dat {'mode': 'ab'}...
2026-03-12 15:59:36.217 | DEBUG    | baldaquin.buf:_pop_and_write_raw:259 - 800 bytes written to disk.
2026-03-12 15:59:36.223 | DEBUG    | baldaquin.buf:open:104 - Ouput file /home/lab1-student/baldaquindata/plasduino/0309_000100/0309_000100_data.dat closed.
2026-03-12 15:59:36.223 | INFO     | baldaquin.buf:flush:318 - 23300 bytes (800 raw bytes) written to disk.
2026-03-12 15:59:36.223 | DEBUG    | baldaquin.profile:wrap:32 - Running time for flush(): 0.167164 s
2026-03-12 15:59:38.587 | INFO     | baldaquin.buf:flush:309 - 100 packets ready to be written out...
2026-03-12 15:59:38.587 | DEBUG    | baldaquin.buf:open:100 - Opening output file /home/lab1-student/baldaquindata/plasduino/0309_000086/0309_000086_data.txt {'mode': 'at', 'encoding': 'utf-8'}...
2026-03-12 15:59:38.588 | DEBUG    | baldaquin.buf:_write:285 - 1500 bytes written to disk.
2026-03-12 15:59:38.589 | DEBUG    | baldaquin.buf:open:104 - Ouput file /home/lab1-student/baldaquindata/plasduino/0309_000086/0309_000086_data.txt closed.
2026-03-12 15:59:38.590 | DEBUG    | baldaquin.buf:open:100 - Opening output file /home/lab1-student/baldaquindata/plasduino/0309_000087/0309_000087_data.txt {'mode': 'at', 'encoding': 'utf-8'}...
2026-03-12 15:59:38.590 | DEBUG    | baldaquin.buf:_write:285 - 1500 bytes written to disk.
2026-03-12 15:59:38.590 | DEBUG    | baldaquin.buf:open:104 - Ouput file /home/lab1-student/baldaquindata/plasduino/0309_000087/0309_000087_data.txt closed.
2026-03-12 15:59:38.591 | DEBUG    | baldaquin.buf:open:100 - Opening output file /home/lab1-student/baldaquindata/plasduino/0309_000088/0309_000088_data.txt {'mode': 'at', 'encoding': 'utf-8'}...
2026-03-12 15:59:38.591 | DEBUG    | baldaquin.buf:_write:285 - 1500 bytes written to disk.
2026-03-12 15:59:38.595 | DEBUG    | baldaquin.buf:open:104 - Ouput file /home/lab1-student/baldaquindata/plasduino/0309_000088/0309_000088_data.txt closed.
2026-03-12 15:59:38.596 | DEBUG    | baldaquin.buf:open:100 - Opening output file /home/lab1-student/baldaquindata/plasduino/0309_000089/0309_000089_data.txt {'mode': 'at', 'encoding': 'utf-8'}...
2026-03-12 15:59:38.606 | DEBUG    | baldaquin.buf:_write:285 - 1500 bytes written to disk.
2026-03-12 15:59:38.607 | DEBUG    | baldaquin.buf:open:104 - Ouput file /home/lab1-student/baldaquindata/plasduino/0309_000089/0309_000089_data.txt closed.
2026-03-12 15:59:38.607 | DEBUG    | baldaquin.buf:open:100 - Opening output file /home/lab1-student/baldaquindata/plasduino/0309_000090/0309_000090_data.txt {'mode': 'at', 'encoding': 'utf-8'}...
2026-03-12 15:59:38.608 | DEBUG    | baldaquin.buf:_write:285 - 1500 bytes written to disk.
2026-03-12 15:59:38.608 | DEBUG    | baldaquin.buf:open:104 - Ouput file /home/lab1-student/baldaquindata/plasduino/0309_000090/0309_000090_data.txt closed.
2026-03-12 15:59:38.608 | DEBUG    | baldaquin.buf:open:100 - Opening output file /home/lab1-student/baldaquindata/plasduino/0309_000091/0309_000091_data.txt {'mode': 'at', 'encoding': 'utf-8'}...
2026-03-12 15:59:38.609 | DEBUG    | baldaquin.buf:_write:285 - 1500 bytes written to disk.
2026-03-12 15:59:38.609 | DEBUG    | baldaquin.buf:open:104 - Ouput file /home/lab1-student/baldaquindata/plasduino/0309_000091/0309_000091_data.txt closed.
2026-03-12 15:59:38.609 | DEBUG    | baldaquin.buf:open:100 - Opening output file /home/lab1-student/baldaquindata/plasduino/0309_000092/0309_000092_data.txt {'mode': 'at', 'encoding': 'utf-8'}...
2026-03-12 15:59:38.621 | DEBUG    | baldaquin.buf:_write:285 - 1500 bytes written to disk.
2026-03-12 15:59:38.622 | DEBUG    | baldaquin.buf:open:104 - Ouput file /home/lab1-student/baldaquindata/plasduino/0309_000092/0309_000092_data.txt closed.
2026-03-12 15:59:38.622 | DEBUG    | baldaquin.buf:open:100 - Opening output file /home/lab1-student/baldaquindata/plasduino/0309_000093/0309_000093_data.txt {'mode': 'at', 'encoding': 'utf-8'}...
2026-03-12 15:59:38.622 | DEBUG    | baldaquin.buf:_write:285 - 1500 bytes written to disk.
2026-03-12 15:59:38.623 | DEBUG    | baldaquin.buf:open:104 - Ouput file /home/lab1-student/baldaquindata/plasduino/0309_000093/0309_000093_data.txt closed.
2026-03-12 15:59:38.623 | DEBUG    | baldaquin.buf:open:100 - Opening output file /home/lab1-student/baldaquindata/plasduino/0309_000094/0309_000094_data.txt {'mode': 'at', 'encoding': 'utf-8'}...
2026-03-12 15:59:38.623 | DEBUG    | baldaquin.buf:_write:285 - 1500 bytes written to disk.
2026-03-12 15:59:38.624 | DEBUG    | baldaquin.buf:open:104 - Ouput file /home/lab1-student/baldaquindata/plasduino/0309_000094/0309_000094_data.txt closed.
2026-03-12 15:59:38.625 | DEBUG    | baldaquin.buf:open:100 - Opening output file /home/lab1-student/baldaquindata/plasduino/0309_000095/0309_000095_data.txt {'mode': 'at', 'encoding': 'utf-8'}...
2026-03-12 15:59:38.655 | DEBUG    | baldaquin.buf:_write:285 - 1500 bytes written to disk.
2026-03-12 15:59:38.665 | DEBUG    | baldaquin.buf:open:104 - Ouput file /home/lab1-student/baldaquindata/plasduino/0309_000095/0309_000095_data.txt closed.
2026-03-12 15:59:38.666 | DEBUG    | baldaquin.buf:open:100 - Opening output file /home/lab1-student/baldaquindata/plasduino/0309_000096/0309_000096_data.txt {'mode': 'at', 'encoding': 'utf-8'}...
2026-03-12 15:59:38.672 | DEBUG    | baldaquin.buf:_write:285 - 1500 bytes written to disk.
2026-03-12 15:59:38.674 | DEBUG    | baldaquin.buf:open:104 - Ouput file /home/lab1-student/baldaquindata/plasduino/0309_000096/0309_000096_data.txt closed.
2026-03-12 15:59:38.674 | DEBUG    | baldaquin.buf:open:100 - Opening output file /home/lab1-student/baldaquindata/plasduino/0309_000097/0309_000097_data.txt {'mode': 'at', 'encoding': 'utf-8'}...
2026-03-12 15:59:38.676 | DEBUG    | baldaquin.buf:_write:285 - 1500 bytes written to disk.
2026-03-12 15:59:38.677 | DEBUG    | baldaquin.buf:open:104 - Ouput file /home/lab1-student/baldaquindata/plasduino/0309_000097/0309_000097_data.txt closed.
2026-03-12 15:59:38.677 | DEBUG    | baldaquin.buf:open:100 - Opening output file /home/lab1-student/baldaquindata/plasduino/0309_000098/0309_000098_data.txt {'mode': 'at', 'encoding': 'utf-8'}...
2026-03-12 15:59:38.683 | DEBUG    | baldaquin.buf:_write:285 - 1500 bytes written to disk.
2026-03-12 15:59:38.683 | DEBUG    | baldaquin.buf:open:104 - Ouput file /home/lab1-student/baldaquindata/plasduino/0309_000098/0309_000098_data.txt closed.
2026-03-12 15:59:38.684 | DEBUG    | baldaquin.buf:open:100 - Opening output file /home/lab1-student/baldaquindata/plasduino/0309_000099/0309_000099_data.txt {'mode': 'at', 'encoding': 'utf-8'}...
2026-03-12 15:59:38.686 | DEBUG    | baldaquin.buf:_write:285 - 1500 bytes written to disk.
2026-03-12 15:59:38.686 | DEBUG    | baldaquin.buf:open:104 - Ouput file /home/lab1-student/baldaquindata/plasduino/0309_000099/0309_000099_data.txt closed.
2026-03-12 15:59:38.686 | DEBUG    | baldaquin.buf:open:100 - Opening output file /home/lab1-student/baldaquindata/plasduino/0309_000100/0309_000100_data.txt {'mode': 'at', 'encoding': 'utf-8'}...
2026-03-12 15:59:38.688 | DEBUG    | baldaquin.buf:_write:285 - 1500 bytes written to disk.
2026-03-12 15:59:38.689 | DEBUG    | baldaquin.buf:open:104 - Ouput file /home/lab1-student/baldaquindata/plasduino/0309_000100/0309_000100_data.txt closed.
2026-03-12 15:59:38.689 | DEBUG    | baldaquin.buf:open:100 - Opening output file /home/lab1-student/baldaquindata/plasduino/0309_000100/0309_000100_data.dat {'mode': 'ab'}...
2026-03-12 15:59:38.689 | DEBUG    | baldaquin.buf:_pop_and_write_raw:259 - 800 bytes written to disk.
2026-03-12 15:59:38.689 | DEBUG    | baldaquin.buf:open:104 - Ouput file /home/lab1-student/baldaquindata/plasduino/0309_000100/0309_000100_data.dat closed.
2026-03-12 15:59:38.689 | INFO     | baldaquin.buf:flush:318 - 23300 bytes (800 raw bytes) written to disk.
2026-03-12 15:59:38.689 | DEBUG    | baldaquin.profile:wrap:32 - Running time for flush(): 0.102037 s
2026-03-12 15:59:41.119 | INFO     | baldaquin.buf:flush:309 - 100 packets ready to be written out...
2026-03-12 15:59:41.119 | DEBUG    | baldaquin.buf:open:100 - Opening output file /home/lab1-student/baldaquindata/plasduino/0309_000086/0309_000086_data.txt {'mode': 'at', 'encoding': 'utf-8'}...
2026-03-12 15:59:41.120 | DEBUG    | baldaquin.buf:_write:285 - 1500 bytes written to disk.
2026-03-12 15:59:41.120 | DEBUG    | baldaquin.buf:open:104 - Ouput file /home/lab1-student/baldaquindata/plasduino/0309_000086/0309_000086_data.txt closed.
2026-03-12 15:59:41.120 | DEBUG    | baldaquin.buf:open:100 - Opening output file /home/lab1-student/baldaquindata/plasduino/0309_000087/0309_000087_data.txt {'mode': 'at', 'encoding': 'utf-8'}...
2026-03-12 15:59:41.121 | DEBUG    | baldaquin.buf:_write:285 - 1500 bytes written to disk.
2026-03-12 15:59:41.121 | DEBUG    | baldaquin.buf:open:104 - Ouput file /home/lab1-student/baldaquindata/plasduino/0309_000087/0309_000087_data.txt closed.
2026-03-12 15:59:41.121 | DEBUG    | baldaquin.buf:open:100 - Opening output file /home/lab1-student/baldaquindata/plasduino/0309_000088/0309_000088_data.txt {'mode': 'at', 'encoding': 'utf-8'}...
2026-03-12 15:59:41.121 | DEBUG    | baldaquin.buf:_write:285 - 1500 bytes written to disk.
2026-03-12 15:59:41.121 | DEBUG    | baldaquin.buf:open:104 - Ouput file /home/lab1-student/baldaquindata/plasduino/0309_000088/0309_000088_data.txt closed.
2026-03-12 15:59:41.121 | DEBUG    | baldaquin.buf:open:100 - Opening output file /home/lab1-student/baldaquindata/plasduino/0309_000089/0309_000089_data.txt {'mode': 'at', 'encoding': 'utf-8'}...
2026-03-12 15:59:41.122 | DEBUG    | baldaquin.buf:_write:285 - 1500 bytes written to disk.
2026-03-12 15:59:41.122 | DEBUG    | baldaquin.buf:open:104 - Ouput file /home/lab1-student/baldaquindata/plasduino/0309_000089/0309_000089_data.txt closed.
2026-03-12 15:59:41.122 | DEBUG    | baldaquin.buf:open:100 - Opening output file /home/lab1-student/baldaquindata/plasduino/0309_000090/0309_000090_data.txt {'mode': 'at', 'encoding': 'utf-8'}...
2026-03-12 15:59:41.123 | DEBUG    | baldaquin.buf:_write:285 - 1500 bytes written to disk.
2026-03-12 15:59:41.123 | DEBUG    | baldaquin.buf:open:104 - Ouput file /home/lab1-student/baldaquindata/plasduino/0309_000090/0309_000090_data.txt closed.
2026-03-12 15:59:41.123 | DEBUG    | baldaquin.buf:open:100 - Opening output file /home/lab1-student/baldaquindata/plasduino/0309_000091/0309_000091_data.txt {'mode': 'at', 'encoding': 'utf-8'}...
2026-03-12 15:59:41.123 | DEBUG    | baldaquin.buf:_write:285 - 1500 bytes written to disk.
2026-03-12 15:59:41.129 | DEBUG    | baldaquin.buf:open:104 - Ouput file /home/lab1-student/baldaquindata/plasduino/0309_000091/0309_000091_data.txt closed.
2026-03-12 15:59:41.138 | DEBUG    | baldaquin.buf:open:100 - Opening output file /home/lab1-student/baldaquindata/plasduino/0309_000092/0309_000092_data.txt {'mode': 'at', 'encoding': 'utf-8'}...
2026-03-12 15:59:41.160 | DEBUG    | baldaquin.buf:_write:285 - 1500 bytes written to disk.
2026-03-12 15:59:41.160 | DEBUG    | baldaquin.buf:open:104 - Ouput file /home/lab1-student/baldaquindata/plasduino/0309_000092/0309_000092_data.txt closed.
2026-03-12 15:59:41.160 | DEBUG    | baldaquin.buf:open:100 - Opening output file /home/lab1-student/baldaquindata/plasduino/0309_000093/0309_000093_data.txt {'mode': 'at', 'encoding': 'utf-8'}...
2026-03-12 15:59:41.163 | DEBUG    | baldaquin.buf:_write:285 - 1500 bytes written to disk.
2026-03-12 15:59:41.167 | DEBUG    | baldaquin.buf:open:104 - Ouput file /home/lab1-student/baldaquindata/plasduino/0309_000093/0309_000093_data.txt closed.
2026-03-12 15:59:41.167 | DEBUG    | baldaquin.buf:open:100 - Opening output file /home/lab1-student/baldaquindata/plasduino/0309_000094/0309_000094_data.txt {'mode': 'at', 'encoding': 'utf-8'}...
2026-03-12 15:59:41.168 | DEBUG    | baldaquin.buf:_write:285 - 1500 bytes written to disk.
2026-03-12 15:59:41.168 | DEBUG    | baldaquin.buf:open:104 - Ouput file /home/lab1-student/baldaquindata/plasduino/0309_000094/0309_000094_data.txt closed.
2026-03-12 15:59:41.168 | DEBUG    | baldaquin.buf:open:100 - Opening output file /home/lab1-student/baldaquindata/plasduino/0309_000095/0309_000095_data.txt {'mode': 'at', 'encoding': 'utf-8'}...
2026-03-12 15:59:41.169 | DEBUG    | baldaquin.buf:_write:285 - 1500 bytes written to disk.
2026-03-12 15:59:41.171 | DEBUG    | baldaquin.buf:open:104 - Ouput file /home/lab1-student/baldaquindata/plasduino/0309_000095/0309_000095_data.txt closed.
2026-03-12 15:59:41.171 | DEBUG    | baldaquin.buf:open:100 - Opening output file /home/lab1-student/baldaquindata/plasduino/0309_000096/0309_000096_data.txt {'mode': 'at', 'encoding': 'utf-8'}...
2026-03-12 15:59:41.192 | DEBUG    | baldaquin.buf:_write:285 - 1500 bytes written to disk.
2026-03-12 15:59:41.192 | DEBUG    | baldaquin.buf:open:104 - Ouput file /home/lab1-student/baldaquindata/plasduino/0309_000096/0309_000096_data.txt closed.
2026-03-12 15:59:41.193 | DEBUG    | baldaquin.buf:open:100 - Opening output file /home/lab1-student/baldaquindata/plasduino/0309_000097/0309_000097_data.txt {'mode': 'at', 'encoding': 'utf-8'}...
2026-03-12 15:59:41.194 | DEBUG    | baldaquin.buf:_write:285 - 1500 bytes written to disk.
2026-03-12 15:59:41.195 | DEBUG    | baldaquin.buf:open:104 - Ouput file /home/lab1-student/baldaquindata/plasduino/0309_000097/0309_000097_data.txt closed.
2026-03-12 15:59:41.196 | DEBUG    | baldaquin.buf:open:100 - Opening output file /home/lab1-student/baldaquindata/plasduino/0309_000098/0309_000098_data.txt {'mode': 'at', 'encoding': 'utf-8'}...
2026-03-12 15:59:41.197 | DEBUG    | baldaquin.buf:_write:285 - 1500 bytes written to disk.
2026-03-12 15:59:41.199 | DEBUG    | baldaquin.buf:open:104 - Ouput file /home/lab1-student/baldaquindata/plasduino/0309_000098/0309_000098_data.txt closed.
2026-03-12 15:59:41.199 | DEBUG    | baldaquin.buf:open:100 - Opening output file /home/lab1-student/baldaquindata/plasduino/0309_000099/0309_000099_data.txt {'mode': 'at', 'encoding': 'utf-8'}...
2026-03-12 15:59:41.208 | DEBUG    | baldaquin.buf:_write:285 - 1500 bytes written to disk.
2026-03-12 15:59:41.208 | DEBUG    | baldaquin.buf:open:104 - Ouput file /home/lab1-student/baldaquindata/plasduino/0309_000099/0309_000099_data.txt closed.
2026-03-12 15:59:41.209 | DEBUG    | baldaquin.buf:open:100 - Opening output file /home/lab1-student/baldaquindata/plasduino/0309_000100/0309_000100_data.txt {'mode': 'at', 'encoding': 'utf-8'}...
2026-03-12 15:59:41.210 | DEBUG    | baldaquin.buf:_write:285 - 1500 bytes written to disk.
2026-03-12 15:59:41.210 | DEBUG    | baldaquin.buf:open:104 - Ouput file /home/lab1-student/baldaquindata/plasduino/0309_000100/0309_000100_data.txt closed.
2026-03-12 15:59:41.210 | DEBUG    | baldaquin.buf:open:100 - Opening output file /home/lab1-student/baldaquindata/plasduino/0309_000100/0309_000100_data.dat {'mode': 'ab'}...
2026-03-12 15:59:41.210 | DEBUG    | baldaquin.buf:_pop_and_write_raw:259 - 800 bytes written to disk.
2026-03-12 15:59:41.210 | DEBUG    | baldaquin.buf:open:104 - Ouput file /home/lab1-student/baldaquindata/plasduino/0309_000100/0309_000100_data.dat closed.
2026-03-12 15:59:41.211 | INFO     | baldaquin.buf:flush:318 - 23300 bytes (800 raw bytes) written to disk.
2026-03-12 15:59:41.221 | DEBUG    | baldaquin.profile:wrap:32 - Running time for flush(): 0.102091 s
2026-03-12 15:59:43.661 | INFO     | baldaquin.buf:flush:309 - 100 packets ready to be written out...
2026-03-12 15:59:43.668 | DEBUG    | baldaquin.buf:open:100 - Opening output file /home/lab1-student/baldaquindata/plasduino/0309_000086/0309_000086_data.txt {'mode': 'at', 'encoding': 'utf-8'}...
2026-03-12 15:59:43.682 | DEBUG    | baldaquin.buf:_write:285 - 1500 bytes written to disk.
2026-03-12 15:59:43.683 | DEBUG    | baldaquin.buf:open:104 - Ouput file /home/lab1-student/baldaquindata/plasduino/0309_000086/0309_000086_data.txt closed.
2026-03-12 15:59:43.683 | DEBUG    | baldaquin.buf:open:100 - Opening output file /home/lab1-student/baldaquindata/plasduino/0309_000087/0309_000087_data.txt {'mode': 'at', 'encoding': 'utf-8'}...
2026-03-12 15:59:43.686 | DEBUG    | baldaquin.buf:_write:285 - 1500 bytes written to disk.
2026-03-12 15:59:43.686 | DEBUG    | baldaquin.buf:open:104 - Ouput file /home/lab1-student/baldaquindata/plasduino/0309_000087/0309_000087_data.txt closed.
2026-03-12 15:59:43.686 | DEBUG    | baldaquin.buf:open:100 - Opening output file /home/lab1-student/baldaquindata/plasduino/0309_000088/0309_000088_data.txt {'mode': 'at', 'encoding': 'utf-8'}...
2026-03-12 15:59:43.690 | DEBUG    | baldaquin.buf:_write:285 - 1500 bytes written to disk.
2026-03-12 15:59:43.698 | DEBUG    | baldaquin.buf:open:104 - Ouput file /home/lab1-student/baldaquindata/plasduino/0309_000088/0309_000088_data.txt closed.
2026-03-12 15:59:43.699 | DEBUG    | baldaquin.buf:open:100 - Opening output file /home/lab1-student/baldaquindata/plasduino/0309_000089/0309_000089_data.txt {'mode': 'at', 'encoding': 'utf-8'}...
2026-03-12 15:59:43.699 | DEBUG    | baldaquin.buf:_write:285 - 1500 bytes written to disk.
2026-03-12 15:59:43.700 | DEBUG    | baldaquin.buf:open:104 - Ouput file /home/lab1-student/baldaquindata/plasduino/0309_000089/0309_000089_data.txt closed.
2026-03-12 15:59:43.700 | DEBUG    | baldaquin.buf:open:100 - Opening output file /home/lab1-student/baldaquindata/plasduino/0309_000090/0309_000090_data.txt {'mode': 'at', 'encoding': 'utf-8'}...
2026-03-12 15:59:43.700 | DEBUG    | baldaquin.buf:_write:285 - 1500 bytes written to disk.
2026-03-12 15:59:43.701 | DEBUG    | baldaquin.buf:open:104 - Ouput file /home/lab1-student/baldaquindata/plasduino/0309_000090/0309_000090_data.txt closed.
2026-03-12 15:59:43.701 | DEBUG    | baldaquin.buf:open:100 - Opening output file /home/lab1-student/baldaquindata/plasduino/0309_000091/0309_000091_data.txt {'mode': 'at', 'encoding': 'utf-8'}...
2026-03-12 15:59:43.701 | DEBUG    | baldaquin.buf:_write:285 - 1500 bytes written to disk.
2026-03-12 15:59:43.702 | DEBUG    | baldaquin.buf:open:104 - Ouput file /home/lab1-student/baldaquindata/plasduino/0309_000091/0309_000091_data.txt closed.
2026-03-12 15:59:43.702 | DEBUG    | baldaquin.buf:open:100 - Opening output file /home/lab1-student/baldaquindata/plasduino/0309_000092/0309_000092_data.txt {'mode': 'at', 'encoding': 'utf-8'}...
2026-03-12 15:59:43.702 | DEBUG    | baldaquin.buf:_write:285 - 1500 bytes written to disk.
2026-03-12 15:59:43.703 | DEBUG    | baldaquin.buf:open:104 - Ouput file /home/lab1-student/baldaquindata/plasduino/0309_000092/0309_000092_data.txt closed.
2026-03-12 15:59:43.703 | DEBUG    | baldaquin.buf:open:100 - Opening output file /home/lab1-student/baldaquindata/plasduino/0309_000093/0309_000093_data.txt {'mode': 'at', 'encoding': 'utf-8'}...
2026-03-12 15:59:43.714 | DEBUG    | baldaquin.buf:_write:285 - 1500 bytes written to disk.
2026-03-12 15:59:43.714 | DEBUG    | baldaquin.buf:open:104 - Ouput file /home/lab1-student/baldaquindata/plasduino/0309_000093/0309_000093_data.txt closed.
2026-03-12 15:59:43.714 | DEBUG    | baldaquin.buf:open:100 - Opening output file /home/lab1-student/baldaquindata/plasduino/0309_000094/0309_000094_data.txt {'mode': 'at', 'encoding': 'utf-8'}...
2026-03-12 15:59:43.716 | DEBUG    | baldaquin.buf:_write:285 - 1500 bytes written to disk.
2026-03-12 15:59:43.716 | DEBUG    | baldaquin.buf:open:104 - Ouput file /home/lab1-student/baldaquindata/plasduino/0309_000094/0309_000094_data.txt closed.
2026-03-12 15:59:43.716 | DEBUG    | baldaquin.buf:open:100 - Opening output file /home/lab1-student/baldaquindata/plasduino/0309_000095/0309_000095_data.txt {'mode': 'at', 'encoding': 'utf-8'}...
2026-03-12 15:59:43.717 | DEBUG    | baldaquin.buf:_write:285 - 1500 bytes written to disk.
2026-03-12 15:59:43.717 | DEBUG    | baldaquin.buf:open:104 - Ouput file /home/lab1-student/baldaquindata/plasduino/0309_000095/0309_000095_data.txt closed.
2026-03-12 15:59:43.717 | DEBUG    | baldaquin.buf:open:100 - Opening output file /home/lab1-student/baldaquindata/plasduino/0309_000096/0309_000096_data.txt {'mode': 'at', 'encoding': 'utf-8'}...
2026-03-12 15:59:43.724 | DEBUG    | baldaquin.buf:_write:285 - 1500 bytes written to disk.
2026-03-12 15:59:43.739 | DEBUG    | baldaquin.buf:open:104 - Ouput file /home/lab1-student/baldaquindata/plasduino/0309_000096/0309_000096_data.txt closed.
2026-03-12 15:59:43.752 | DEBUG    | baldaquin.buf:open:100 - Opening output file /home/lab1-student/baldaquindata/plasduino/0309_000097/0309_000097_data.txt {'mode': 'at', 'encoding': 'utf-8'}...
2026-03-12 15:59:43.753 | DEBUG    | baldaquin.buf:_write:285 - 1500 bytes written to disk.
2026-03-12 15:59:43.753 | DEBUG    | baldaquin.buf:open:104 - Ouput file /home/lab1-student/baldaquindata/plasduino/0309_000097/0309_000097_data.txt closed.
2026-03-12 15:59:43.753 | DEBUG    | baldaquin.buf:open:100 - Opening output file /home/lab1-student/baldaquindata/plasduino/0309_000098/0309_000098_data.txt {'mode': 'at', 'encoding': 'utf-8'}...
2026-03-12 15:59:43.762 | DEBUG    | baldaquin.buf:_write:285 - 1500 bytes written to disk.
2026-03-12 15:59:43.764 | DEBUG    | baldaquin.buf:open:104 - Ouput file /home/lab1-student/baldaquindata/plasduino/0309_000098/0309_000098_data.txt closed.
2026-03-12 15:59:43.764 | DEBUG    | baldaquin.buf:open:100 - Opening output file /home/lab1-student/baldaquindata/plasduino/0309_000099/0309_000099_data.txt {'mode': 'at', 'encoding': 'utf-8'}...
2026-03-12 15:59:43.767 | DEBUG    | baldaquin.buf:_write:285 - 1500 bytes written to disk.
2026-03-12 15:59:43.767 | DEBUG    | baldaquin.buf:open:104 - Ouput file /home/lab1-student/baldaquindata/plasduino/0309_000099/0309_000099_data.txt closed.
2026-03-12 15:59:43.767 | DEBUG    | baldaquin.buf:open:100 - Opening output file /home/lab1-student/baldaquindata/plasduino/0309_000100/0309_000100_data.txt {'mode': 'at', 'encoding': 'utf-8'}...
2026-03-12 15:59:43.768 | DEBUG    | baldaquin.buf:_write:285 - 1500 bytes written to disk.
2026-03-12 15:59:43.770 | DEBUG    | baldaquin.buf:open:104 - Ouput file /home/lab1-student/baldaquindata/plasduino/0309_000100/0309_000100_data.txt closed.
2026-03-12 15:59:43.770 | DEBUG    | baldaquin.buf:open:100 - Opening output file /home/lab1-student/baldaquindata/plasduino/0309_000100/0309_000100_data.dat {'mode': 'ab'}...
2026-03-12 15:59:43.770 | DEBUG    | baldaquin.buf:_pop_and_write_raw:259 - 800 bytes written to disk.
2026-03-12 15:59:43.770 | DEBUG    | baldaquin.buf:open:104 - Ouput file /home/lab1-student/baldaquindata/plasduino/0309_000100/0309_000100_data.dat closed.
2026-03-12 15:59:43.770 | INFO     | baldaquin.buf:flush:318 - 23300 bytes (800 raw bytes) written to disk.
2026-03-12 15:59:43.770 | DEBUG    | baldaquin.profile:wrap:32 - Running time for flush(): 0.109019 s
2026-03-12 15:59:46.197 | INFO     | baldaquin.buf:flush:309 - 100 packets ready to be written out...
2026-03-12 15:59:46.199 | DEBUG    | baldaquin.buf:open:100 - Opening output file /home/lab1-student/baldaquindata/plasduino/0309_000086/0309_000086_data.txt {'mode': 'at', 'encoding': 'utf-8'}...
2026-03-12 15:59:46.200 | DEBUG    | baldaquin.buf:_write:285 - 1500 bytes written to disk.
2026-03-12 15:59:46.204 | DEBUG    | baldaquin.buf:open:104 - Ouput file /home/lab1-student/baldaquindata/plasduino/0309_000086/0309_000086_data.txt closed.
2026-03-12 15:59:46.206 | DEBUG    | baldaquin.buf:open:100 - Opening output file /home/lab1-student/baldaquindata/plasduino/0309_000087/0309_000087_data.txt {'mode': 'at', 'encoding': 'utf-8'}...
2026-03-12 15:59:46.207 | DEBUG    | baldaquin.buf:_write:285 - 1500 bytes written to disk.
2026-03-12 15:59:46.207 | DEBUG    | baldaquin.buf:open:104 - Ouput file /home/lab1-student/baldaquindata/plasduino/0309_000087/0309_000087_data.txt closed.
2026-03-12 15:59:46.207 | DEBUG    | baldaquin.buf:open:100 - Opening output file /home/lab1-student/baldaquindata/plasduino/0309_000088/0309_000088_data.txt {'mode': 'at', 'encoding': 'utf-8'}...
2026-03-12 15:59:46.207 | DEBUG    | baldaquin.buf:_write:285 - 1500 bytes written to disk.
2026-03-12 15:59:46.208 | DEBUG    | baldaquin.buf:open:104 - Ouput file /home/lab1-student/baldaquindata/plasduino/0309_000088/0309_000088_data.txt closed.
2026-03-12 15:59:46.208 | DEBUG    | baldaquin.buf:open:100 - Opening output file /home/lab1-student/baldaquindata/plasduino/0309_000089/0309_000089_data.txt {'mode': 'at', 'encoding': 'utf-8'}...
2026-03-12 15:59:46.208 | DEBUG    | baldaquin.buf:_write:285 - 1500 bytes written to disk.
2026-03-12 15:59:46.208 | DEBUG    | baldaquin.buf:open:104 - Ouput file /home/lab1-student/baldaquindata/plasduino/0309_000089/0309_000089_data.txt closed.
2026-03-12 15:59:46.209 | DEBUG    | baldaquin.buf:open:100 - Opening output file /home/lab1-student/baldaquindata/plasduino/0309_000090/0309_000090_data.txt {'mode': 'at', 'encoding': 'utf-8'}...
2026-03-12 15:59:46.209 | DEBUG    | baldaquin.buf:_write:285 - 1500 bytes written to disk.
2026-03-12 15:59:46.209 | DEBUG    | baldaquin.buf:open:104 - Ouput file /home/lab1-student/baldaquindata/plasduino/0309_000090/0309_000090_data.txt closed.
2026-03-12 15:59:46.209 | DEBUG    | baldaquin.buf:open:100 - Opening output file /home/lab1-student/baldaquindata/plasduino/0309_000091/0309_000091_data.txt {'mode': 'at', 'encoding': 'utf-8'}...
2026-03-12 15:59:46.210 | DEBUG    | baldaquin.buf:_write:285 - 1500 bytes written to disk.
2026-03-12 15:59:46.210 | DEBUG    | baldaquin.buf:open:104 - Ouput file /home/lab1-student/baldaquindata/plasduino/0309_000091/0309_000091_data.txt closed.
2026-03-12 15:59:46.210 | DEBUG    | baldaquin.buf:open:100 - Opening output file /home/lab1-student/baldaquindata/plasduino/0309_000092/0309_000092_data.txt {'mode': 'at', 'encoding': 'utf-8'}...
2026-03-12 15:59:46.210 | DEBUG    | baldaquin.buf:_write:285 - 1500 bytes written to disk.
2026-03-12 15:59:46.211 | DEBUG    | baldaquin.buf:open:104 - Ouput file /home/lab1-student/baldaquindata/plasduino/0309_000092/0309_000092_data.txt closed.
2026-03-12 15:59:46.211 | DEBUG    | baldaquin.buf:open:100 - Opening output file /home/lab1-student/baldaquindata/plasduino/0309_000093/0309_000093_data.txt {'mode': 'at', 'encoding': 'utf-8'}...
2026-03-12 15:59:46.211 | DEBUG    | baldaquin.buf:_write:285 - 1500 bytes written to disk.
2026-03-12 15:59:46.211 | DEBUG    | baldaquin.buf:open:104 - Ouput file /home/lab1-student/baldaquindata/plasduino/0309_000093/0309_000093_data.txt closed.
2026-03-12 15:59:46.211 | DEBUG    | baldaquin.buf:open:100 - Opening output file /home/lab1-student/baldaquindata/plasduino/0309_000094/0309_000094_data.txt {'mode': 'at', 'encoding': 'utf-8'}...
2026-03-12 15:59:46.212 | DEBUG    | baldaquin.buf:_write:285 - 1500 bytes written to disk.
2026-03-12 15:59:46.212 | DEBUG    | baldaquin.buf:open:104 - Ouput file /home/lab1-student/baldaquindata/plasduino/0309_000094/0309_000094_data.txt closed.
2026-03-12 15:59:46.212 | DEBUG    | baldaquin.buf:open:100 - Opening output file /home/lab1-student/baldaquindata/plasduino/0309_000095/0309_000095_data.txt {'mode': 'at', 'encoding': 'utf-8'}...
2026-03-12 15:59:46.212 | DEBUG    | baldaquin.buf:_write:285 - 1500 bytes written to disk.
2026-03-12 15:59:46.213 | DEBUG    | baldaquin.buf:open:104 - Ouput file /home/lab1-student/baldaquindata/plasduino/0309_000095/0309_000095_data.txt closed.
2026-03-12 15:59:46.213 | DEBUG    | baldaquin.buf:open:100 - Opening output file /home/lab1-student/baldaquindata/plasduino/0309_000096/0309_000096_data.txt {'mode': 'at', 'encoding': 'utf-8'}...
2026-03-12 15:59:46.213 | DEBUG    | baldaquin.buf:_write:285 - 1500 bytes written to disk.
2026-03-12 15:59:46.213 | DEBUG    | baldaquin.buf:open:104 - Ouput file /home/lab1-student/baldaquindata/plasduino/0309_000096/0309_000096_data.txt closed.
2026-03-12 15:59:46.213 | DEBUG    | baldaquin.buf:open:100 - Opening output file /home/lab1-student/baldaquindata/plasduino/0309_000097/0309_000097_data.txt {'mode': 'at', 'encoding': 'utf-8'}...
2026-03-12 15:59:46.214 | DEBUG    | baldaquin.buf:_write:285 - 1500 bytes written to disk.
2026-03-12 15:59:46.214 | DEBUG    | baldaquin.buf:open:104 - Ouput file /home/lab1-student/baldaquindata/plasduino/0309_000097/0309_000097_data.txt closed.
2026-03-12 15:59:46.214 | DEBUG    | baldaquin.buf:open:100 - Opening output file /home/lab1-student/baldaquindata/plasduino/0309_000098/0309_000098_data.txt {'mode': 'at', 'encoding': 'utf-8'}...
2026-03-12 15:59:46.214 | DEBUG    | baldaquin.buf:_write:285 - 1500 bytes written to disk.
2026-03-12 15:59:46.214 | DEBUG    | baldaquin.buf:open:104 - Ouput file /home/lab1-student/baldaquindata/plasduino/0309_000098/0309_000098_data.txt closed.
2026-03-12 15:59:46.215 | DEBUG    | baldaquin.buf:open:100 - Opening output file /home/lab1-student/baldaquindata/plasduino/0309_000099/0309_000099_data.txt {'mode': 'at', 'encoding': 'utf-8'}...
2026-03-12 15:59:46.215 | DEBUG    | baldaquin.buf:_write:285 - 1500 bytes written to disk.
2026-03-12 15:59:46.215 | DEBUG    | baldaquin.buf:open:104 - Ouput file /home/lab1-student/baldaquindata/plasduino/0309_000099/0309_000099_data.txt closed.
2026-03-12 15:59:46.215 | DEBUG    | baldaquin.buf:open:100 - Opening output file /home/lab1-student/baldaquindata/plasduino/0309_000100/0309_000100_data.txt {'mode': 'at', 'encoding': 'utf-8'}...
2026-03-12 15:59:46.216 | DEBUG    | baldaquin.buf:_write:285 - 1500 bytes written to disk.
2026-03-12 15:59:46.216 | DEBUG    | baldaquin.buf:open:104 - Ouput file /home/lab1-student/baldaquindata/plasduino/0309_000100/0309_000100_data.txt closed.
2026-03-12 15:59:46.216 | DEBUG    | baldaquin.buf:open:100 - Opening output file /home/lab1-student/baldaquindata/plasduino/0309_000100/0309_000100_data.dat {'mode': 'ab'}...
2026-03-12 15:59:46.216 | DEBUG    | baldaquin.buf:_pop_and_write_raw:259 - 800 bytes written to disk.
2026-03-12 15:59:46.216 | DEBUG    | baldaquin.buf:open:104 - Ouput file /home/lab1-student/baldaquindata/plasduino/0309_000100/0309_000100_data.dat closed.
2026-03-12 15:59:46.216 | INFO     | baldaquin.buf:flush:318 - 23300 bytes (800 raw bytes) written to disk.
2026-03-12 15:59:46.216 | DEBUG    | baldaquin.profile:wrap:32 - Running time for flush(): 0.019032 s
2026-03-12 15:59:48.742 | INFO     | baldaquin.buf:flush:309 - 100 packets ready to be written out...
2026-03-12 15:59:48.747 | DEBUG    | baldaquin.buf:open:100 - Opening output file /home/lab1-student/baldaquindata/plasduino/0309_000086/0309_000086_data.txt {'mode': 'at', 'encoding': 'utf-8'}...
2026-03-12 15:59:48.748 | DEBUG    | baldaquin.buf:_write:285 - 1500 bytes written to disk.
2026-03-12 15:59:48.748 | DEBUG    | baldaquin.buf:open:104 - Ouput file /home/lab1-student/baldaquindata/plasduino/0309_000086/0309_000086_data.txt closed.
2026-03-12 15:59:48.748 | DEBUG    | baldaquin.buf:open:100 - Opening output file /home/lab1-student/baldaquindata/plasduino/0309_000087/0309_000087_data.txt {'mode': 'at', 'encoding': 'utf-8'}...
2026-03-12 15:59:48.756 | DEBUG    | baldaquin.buf:_write:285 - 1500 bytes written to disk.
2026-03-12 15:59:48.758 | DEBUG    | baldaquin.buf:open:104 - Ouput file /home/lab1-student/baldaquindata/plasduino/0309_000087/0309_000087_data.txt closed.
2026-03-12 15:59:48.760 | DEBUG    | baldaquin.buf:open:100 - Opening output file /home/lab1-student/baldaquindata/plasduino/0309_000088/0309_000088_data.txt {'mode': 'at', 'encoding': 'utf-8'}...
2026-03-12 15:59:48.763 | DEBUG    | baldaquin.buf:_write:285 - 1500 bytes written to disk.
2026-03-12 15:59:48.768 | DEBUG    | baldaquin.buf:open:104 - Ouput file /home/lab1-student/baldaquindata/plasduino/0309_000088/0309_000088_data.txt closed.
2026-03-12 15:59:48.769 | DEBUG    | baldaquin.buf:open:100 - Opening output file /home/lab1-student/baldaquindata/plasduino/0309_000089/0309_000089_data.txt {'mode': 'at', 'encoding': 'utf-8'}...
2026-03-12 15:59:48.790 | DEBUG    | baldaquin.buf:_write:285 - 1500 bytes written to disk.
2026-03-12 15:59:48.792 | DEBUG    | baldaquin.buf:open:104 - Ouput file /home/lab1-student/baldaquindata/plasduino/0309_000089/0309_000089_data.txt closed.
2026-03-12 15:59:48.792 | DEBUG    | baldaquin.buf:open:100 - Opening output file /home/lab1-student/baldaquindata/plasduino/0309_000090/0309_000090_data.txt {'mode': 'at', 'encoding': 'utf-8'}...
2026-03-12 15:59:48.803 | DEBUG    | baldaquin.buf:_write:285 - 1500 bytes written to disk.
2026-03-12 15:59:48.805 | DEBUG    | baldaquin.buf:open:104 - Ouput file /home/lab1-student/baldaquindata/plasduino/0309_000090/0309_000090_data.txt closed.
2026-03-12 15:59:48.814 | DEBUG    | baldaquin.buf:open:100 - Opening output file /home/lab1-student/baldaquindata/plasduino/0309_000091/0309_000091_data.txt {'mode': 'at', 'encoding': 'utf-8'}...
2026-03-12 15:59:48.821 | DEBUG    | baldaquin.buf:_write:285 - 1500 bytes written to disk.
2026-03-12 15:59:48.822 | DEBUG    | baldaquin.buf:open:104 - Ouput file /home/lab1-student/baldaquindata/plasduino/0309_000091/0309_000091_data.txt closed.
2026-03-12 15:59:48.822 | DEBUG    | baldaquin.buf:open:100 - Opening output file /home/lab1-student/baldaquindata/plasduino/0309_000092/0309_000092_data.txt {'mode': 'at', 'encoding': 'utf-8'}...
2026-03-12 15:59:48.822 | DEBUG    | baldaquin.buf:_write:285 - 1500 bytes written to disk.
2026-03-12 15:59:48.823 | DEBUG    | baldaquin.buf:open:104 - Ouput file /home/lab1-student/baldaquindata/plasduino/0309_000092/0309_000092_data.txt closed.
2026-03-12 15:59:48.823 | DEBUG    | baldaquin.buf:open:100 - Opening output file /home/lab1-student/baldaquindata/plasduino/0309_000093/0309_000093_data.txt {'mode': 'at', 'encoding': 'utf-8'}...
2026-03-12 15:59:48.823 | DEBUG    | baldaquin.buf:_write:285 - 1500 bytes written to disk.
2026-03-12 15:59:48.823 | DEBUG    | baldaquin.buf:open:104 - Ouput file /home/lab1-student/baldaquindata/plasduino/0309_000093/0309_000093_data.txt closed.
2026-03-12 15:59:48.829 | DEBUG    | baldaquin.buf:open:100 - Opening output file /home/lab1-student/baldaquindata/plasduino/0309_000094/0309_000094_data.txt {'mode': 'at', 'encoding': 'utf-8'}...
2026-03-12 15:59:48.835 | DEBUG    | baldaquin.buf:_write:285 - 1500 bytes written to disk.
2026-03-12 15:59:48.835 | DEBUG    | baldaquin.buf:open:104 - Ouput file /home/lab1-student/baldaquindata/plasduino/0309_000094/0309_000094_data.txt closed.
2026-03-12 15:59:48.835 | DEBUG    | baldaquin.buf:open:100 - Opening output file /home/lab1-student/baldaquindata/plasduino/0309_000095/0309_000095_data.txt {'mode': 'at', 'encoding': 'utf-8'}...
2026-03-12 15:59:48.839 | DEBUG    | baldaquin.buf:_write:285 - 1500 bytes written to disk.
2026-03-12 15:59:48.861 | DEBUG    | baldaquin.buf:open:104 - Ouput file /home/lab1-student/baldaquindata/plasduino/0309_000095/0309_000095_data.txt closed.
2026-03-12 15:59:48.862 | DEBUG    | baldaquin.buf:open:100 - Opening output file /home/lab1-student/baldaquindata/plasduino/0309_000096/0309_000096_data.txt {'mode': 'at', 'encoding': 'utf-8'}...
2026-03-12 15:59:48.864 | DEBUG    | baldaquin.buf:_write:285 - 1500 bytes written to disk.
2026-03-12 15:59:48.868 | DEBUG    | baldaquin.buf:open:104 - Ouput file /home/lab1-student/baldaquindata/plasduino/0309_000096/0309_000096_data.txt closed.
2026-03-12 15:59:48.868 | DEBUG    | baldaquin.buf:open:100 - Opening output file /home/lab1-student/baldaquindata/plasduino/0309_000097/0309_000097_data.txt {'mode': 'at', 'encoding': 'utf-8'}...
2026-03-12 15:59:48.877 | DEBUG    | baldaquin.buf:_write:285 - 1500 bytes written to disk.
2026-03-12 15:59:48.877 | DEBUG    | baldaquin.buf:open:104 - Ouput file /home/lab1-student/baldaquindata/plasduino/0309_000097/0309_000097_data.txt closed.
2026-03-12 15:59:48.877 | DEBUG    | baldaquin.buf:open:100 - Opening output file /home/lab1-student/baldaquindata/plasduino/0309_000098/0309_000098_data.txt {'mode': 'at', 'encoding': 'utf-8'}...
2026-03-12 15:59:48.878 | DEBUG    | baldaquin.buf:_write:285 - 1500 bytes written to disk.
2026-03-12 15:59:48.890 | DEBUG    | baldaquin.buf:open:104 - Ouput file /home/lab1-student/baldaquindata/plasduino/0309_000098/0309_000098_data.txt closed.
2026-03-12 15:59:48.890 | DEBUG    | baldaquin.buf:open:100 - Opening output file /home/lab1-student/baldaquindata/plasduino/0309_000099/0309_000099_data.txt {'mode': 'at', 'encoding': 'utf-8'}...
2026-03-12 15:59:48.900 | DEBUG    | baldaquin.buf:_write:285 - 1500 bytes written to disk.
2026-03-12 15:59:48.906 | DEBUG    | baldaquin.buf:open:104 - Ouput file /home/lab1-student/baldaquindata/plasduino/0309_000099/0309_000099_data.txt closed.
2026-03-12 15:59:48.906 | DEBUG    | baldaquin.buf:open:100 - Opening output file /home/lab1-student/baldaquindata/plasduino/0309_000100/0309_000100_data.txt {'mode': 'at', 'encoding': 'utf-8'}...
2026-03-12 15:59:48.907 | DEBUG    | baldaquin.buf:_write:285 - 1500 bytes written to disk.
2026-03-12 15:59:48.907 | DEBUG    | baldaquin.buf:open:104 - Ouput file /home/lab1-student/baldaquindata/plasduino/0309_000100/0309_000100_data.txt closed.
2026-03-12 15:59:48.907 | DEBUG    | baldaquin.buf:open:100 - Opening output file /home/lab1-student/baldaquindata/plasduino/0309_000100/0309_000100_data.dat {'mode': 'ab'}...
2026-03-12 15:59:48.907 | DEBUG    | baldaquin.buf:_pop_and_write_raw:259 - 800 bytes written to disk.
2026-03-12 15:59:48.907 | DEBUG    | baldaquin.buf:open:104 - Ouput file /home/lab1-student/baldaquindata/plasduino/0309_000100/0309_000100_data.dat closed.
2026-03-12 15:59:48.907 | INFO     | baldaquin.buf:flush:318 - 23300 bytes (800 raw bytes) written to disk.
2026-03-12 15:59:48.907 | DEBUG    | baldaquin.profile:wrap:32 - Running time for flush(): 0.165596 s
2026-03-12 15:59:51.270 | INFO     | baldaquin.buf:flush:309 - 100 packets ready to be written out...
2026-03-12 15:59:51.282 | DEBUG    | baldaquin.buf:open:100 - Opening output file /home/lab1-student/baldaquindata/plasduino/0309_000086/0309_000086_data.txt {'mode': 'at', 'encoding': 'utf-8'}...
2026-03-12 15:59:51.283 | DEBUG    | baldaquin.buf:_write:285 - 1500 bytes written to disk.
2026-03-12 15:59:51.284 | DEBUG    | baldaquin.buf:open:104 - Ouput file /home/lab1-student/baldaquindata/plasduino/0309_000086/0309_000086_data.txt closed.
2026-03-12 15:59:51.284 | DEBUG    | baldaquin.buf:open:100 - Opening output file /home/lab1-student/baldaquindata/plasduino/0309_000087/0309_000087_data.txt {'mode': 'at', 'encoding': 'utf-8'}...
2026-03-12 15:59:51.296 | DEBUG    | baldaquin.buf:_write:285 - 1500 bytes written to disk.
2026-03-12 15:59:51.303 | DEBUG    | baldaquin.buf:open:104 - Ouput file /home/lab1-student/baldaquindata/plasduino/0309_000087/0309_000087_data.txt closed.
2026-03-12 15:59:51.304 | DEBUG    | baldaquin.buf:open:100 - Opening output file /home/lab1-student/baldaquindata/plasduino/0309_000088/0309_000088_data.txt {'mode': 'at', 'encoding': 'utf-8'}...
2026-03-12 15:59:51.304 | DEBUG    | baldaquin.buf:_write:285 - 1500 bytes written to disk.
2026-03-12 15:59:51.307 | DEBUG    | baldaquin.buf:open:104 - Ouput file /home/lab1-student/baldaquindata/plasduino/0309_000088/0309_000088_data.txt closed.
2026-03-12 15:59:51.316 | DEBUG    | baldaquin.buf:open:100 - Opening output file /home/lab1-student/baldaquindata/plasduino/0309_000089/0309_000089_data.txt {'mode': 'at', 'encoding': 'utf-8'}...
2026-03-12 15:59:51.329 | DEBUG    | baldaquin.buf:_write:285 - 1500 bytes written to disk.
2026-03-12 15:59:51.332 | DEBUG    | baldaquin.buf:open:104 - Ouput file /home/lab1-student/baldaquindata/plasduino/0309_000089/0309_000089_data.txt closed.
2026-03-12 15:59:51.338 | DEBUG    | baldaquin.buf:open:100 - Opening output file /home/lab1-student/baldaquindata/plasduino/0309_000090/0309_000090_data.txt {'mode': 'at', 'encoding': 'utf-8'}...
2026-03-12 15:59:51.371 | DEBUG    | baldaquin.buf:_write:285 - 1500 bytes written to disk.
2026-03-12 15:59:51.374 | DEBUG    | baldaquin.buf:open:104 - Ouput file /home/lab1-student/baldaquindata/plasduino/0309_000090/0309_000090_data.txt closed.
2026-03-12 15:59:51.374 | DEBUG    | baldaquin.buf:open:100 - Opening output file /home/lab1-student/baldaquindata/plasduino/0309_000091/0309_000091_data.txt {'mode': 'at', 'encoding': 'utf-8'}...
2026-03-12 15:59:51.393 | DEBUG    | baldaquin.buf:_write:285 - 1500 bytes written to disk.
2026-03-12 15:59:51.405 | DEBUG    | baldaquin.buf:open:104 - Ouput file /home/lab1-student/baldaquindata/plasduino/0309_000091/0309_000091_data.txt closed.
2026-03-12 15:59:51.406 | DEBUG    | baldaquin.buf:open:100 - Opening output file /home/lab1-student/baldaquindata/plasduino/0309_000092/0309_000092_data.txt {'mode': 'at', 'encoding': 'utf-8'}...
2026-03-12 15:59:51.416 | DEBUG    | baldaquin.buf:_write:285 - 1500 bytes written to disk.
2026-03-12 15:59:51.416 | DEBUG    | baldaquin.buf:open:104 - Ouput file /home/lab1-student/baldaquindata/plasduino/0309_000092/0309_000092_data.txt closed.
2026-03-12 15:59:51.417 | DEBUG    | baldaquin.buf:open:100 - Opening output file /home/lab1-student/baldaquindata/plasduino/0309_000093/0309_000093_data.txt {'mode': 'at', 'encoding': 'utf-8'}...
2026-03-12 15:59:51.417 | DEBUG    | baldaquin.buf:_write:285 - 1500 bytes written to disk.
2026-03-12 15:59:51.417 | DEBUG    | baldaquin.buf:open:104 - Ouput file /home/lab1-student/baldaquindata/plasduino/0309_000093/0309_000093_data.txt closed.
2026-03-12 15:59:51.418 | DEBUG    | baldaquin.buf:open:100 - Opening output file /home/lab1-student/baldaquindata/plasduino/0309_000094/0309_000094_data.txt {'mode': 'at', 'encoding': 'utf-8'}...
2026-03-12 15:59:51.418 | DEBUG    | baldaquin.buf:_write:285 - 1500 bytes written to disk.
2026-03-12 15:59:51.419 | DEBUG    | baldaquin.buf:open:104 - Ouput file /home/lab1-student/baldaquindata/plasduino/0309_000094/0309_000094_data.txt closed.
2026-03-12 15:59:51.419 | DEBUG    | baldaquin.buf:open:100 - Opening output file /home/lab1-student/baldaquindata/plasduino/0309_000095/0309_000095_data.txt {'mode': 'at', 'encoding': 'utf-8'}...
2026-03-12 15:59:51.420 | DEBUG    | baldaquin.buf:_write:285 - 1500 bytes written to disk.
2026-03-12 15:59:51.420 | DEBUG    | baldaquin.buf:open:104 - Ouput file /home/lab1-student/baldaquindata/plasduino/0309_000095/0309_000095_data.txt closed.
2026-03-12 15:59:51.420 | DEBUG    | baldaquin.buf:open:100 - Opening output file /home/lab1-student/baldaquindata/plasduino/0309_000096/0309_000096_data.txt {'mode': 'at', 'encoding': 'utf-8'}...
2026-03-12 15:59:51.421 | DEBUG    | baldaquin.buf:_write:285 - 1500 bytes written to disk.
2026-03-12 15:59:51.434 | DEBUG    | baldaquin.buf:open:104 - Ouput file /home/lab1-student/baldaquindata/plasduino/0309_000096/0309_000096_data.txt closed.
2026-03-12 15:59:51.434 | DEBUG    | baldaquin.buf:open:100 - Opening output file /home/lab1-student/baldaquindata/plasduino/0309_000097/0309_000097_data.txt {'mode': 'at', 'encoding': 'utf-8'}...
2026-03-12 15:59:51.436 | DEBUG    | baldaquin.buf:_write:285 - 1500 bytes written to disk.
2026-03-12 15:59:51.439 | DEBUG    | baldaquin.buf:open:104 - Ouput file /home/lab1-student/baldaquindata/plasduino/0309_000097/0309_000097_data.txt closed.
2026-03-12 15:59:51.439 | DEBUG    | baldaquin.buf:open:100 - Opening output file /home/lab1-student/baldaquindata/plasduino/0309_000098/0309_000098_data.txt {'mode': 'at', 'encoding': 'utf-8'}...
2026-03-12 15:59:51.454 | DEBUG    | baldaquin.buf:_write:285 - 1500 bytes written to disk.
2026-03-12 15:59:51.462 | DEBUG    | baldaquin.buf:open:104 - Ouput file /home/lab1-student/baldaquindata/plasduino/0309_000098/0309_000098_data.txt closed.
2026-03-12 15:59:51.462 | DEBUG    | baldaquin.buf:open:100 - Opening output file /home/lab1-student/baldaquindata/plasduino/0309_000099/0309_000099_data.txt {'mode': 'at', 'encoding': 'utf-8'}...
2026-03-12 15:59:51.462 | DEBUG    | baldaquin.buf:_write:285 - 1500 bytes written to disk.
2026-03-12 15:59:51.462 | DEBUG    | baldaquin.buf:open:104 - Ouput file /home/lab1-student/baldaquindata/plasduino/0309_000099/0309_000099_data.txt closed.
2026-03-12 15:59:51.462 | DEBUG    | baldaquin.buf:open:100 - Opening output file /home/lab1-student/baldaquindata/plasduino/0309_000100/0309_000100_data.txt {'mode': 'at', 'encoding': 'utf-8'}...
2026-03-12 15:59:51.463 | DEBUG    | baldaquin.buf:_write:285 - 1500 bytes written to disk.
2026-03-12 15:59:51.463 | DEBUG    | baldaquin.buf:open:104 - Ouput file /home/lab1-student/baldaquindata/plasduino/0309_000100/0309_000100_data.txt closed.
2026-03-12 15:59:51.463 | DEBUG    | baldaquin.buf:open:100 - Opening output file /home/lab1-student/baldaquindata/plasduino/0309_000100/0309_000100_data.dat {'mode': 'ab'}...
2026-03-12 15:59:51.470 | DEBUG    | baldaquin.buf:_pop_and_write_raw:259 - 800 bytes written to disk.
2026-03-12 15:59:51.470 | DEBUG    | baldaquin.buf:open:104 - Ouput file /home/lab1-student/baldaquindata/plasduino/0309_000100/0309_000100_data.dat closed.
2026-03-12 15:59:51.470 | INFO     | baldaquin.buf:flush:318 - 23300 bytes (800 raw bytes) written to disk.
2026-03-12 15:59:51.470 | DEBUG    | baldaquin.profile:wrap:32 - Running time for flush(): 0.200536 s
2026-03-12 15:59:53.804 | INFO     | baldaquin.buf:flush:309 - 100 packets ready to be written out...
2026-03-12 15:59:53.806 | DEBUG    | baldaquin.buf:open:100 - Opening output file /home/lab1-student/baldaquindata/plasduino/0309_000086/0309_000086_data.txt {'mode': 'at', 'encoding': 'utf-8'}...
2026-03-12 15:59:53.811 | DEBUG    | baldaquin.buf:_write:285 - 1500 bytes written to disk.
2026-03-12 15:59:53.811 | DEBUG    | baldaquin.buf:open:104 - Ouput file /home/lab1-student/baldaquindata/plasduino/0309_000086/0309_000086_data.txt closed.
2026-03-12 15:59:53.812 | DEBUG    | baldaquin.buf:open:100 - Opening output file /home/lab1-student/baldaquindata/plasduino/0309_000087/0309_000087_data.txt {'mode': 'at', 'encoding': 'utf-8'}...
2026-03-12 15:59:53.812 | DEBUG    | baldaquin.buf:_write:285 - 1500 bytes written to disk.
2026-03-12 15:59:53.813 | DEBUG    | baldaquin.buf:open:104 - Ouput file /home/lab1-student/baldaquindata/plasduino/0309_000087/0309_000087_data.txt closed.
2026-03-12 15:59:53.813 | DEBUG    | baldaquin.buf:open:100 - Opening output file /home/lab1-student/baldaquindata/plasduino/0309_000088/0309_000088_data.txt {'mode': 'at', 'encoding': 'utf-8'}...
2026-03-12 15:59:53.813 | DEBUG    | baldaquin.buf:_write:285 - 1500 bytes written to disk.
2026-03-12 15:59:53.813 | DEBUG    | baldaquin.buf:open:104 - Ouput file /home/lab1-student/baldaquindata/plasduino/0309_000088/0309_000088_data.txt closed.
2026-03-12 15:59:53.814 | DEBUG    | baldaquin.buf:open:100 - Opening output file /home/lab1-student/baldaquindata/plasduino/0309_000089/0309_000089_data.txt {'mode': 'at', 'encoding': 'utf-8'}...
2026-03-12 15:59:53.814 | DEBUG    | baldaquin.buf:_write:285 - 1500 bytes written to disk.
2026-03-12 15:59:53.814 | DEBUG    | baldaquin.buf:open:104 - Ouput file /home/lab1-student/baldaquindata/plasduino/0309_000089/0309_000089_data.txt closed.
2026-03-12 15:59:53.815 | DEBUG    | baldaquin.buf:open:100 - Opening output file /home/lab1-student/baldaquindata/plasduino/0309_000090/0309_000090_data.txt {'mode': 'at', 'encoding': 'utf-8'}...
2026-03-12 15:59:53.815 | DEBUG    | baldaquin.buf:_write:285 - 1500 bytes written to disk.
2026-03-12 15:59:53.815 | DEBUG    | baldaquin.buf:open:104 - Ouput file /home/lab1-student/baldaquindata/plasduino/0309_000090/0309_000090_data.txt closed.
2026-03-12 15:59:53.815 | DEBUG    | baldaquin.buf:open:100 - Opening output file /home/lab1-student/baldaquindata/plasduino/0309_000091/0309_000091_data.txt {'mode': 'at', 'encoding': 'utf-8'}...
2026-03-12 15:59:53.816 | DEBUG    | baldaquin.buf:_write:285 - 1500 bytes written to disk.
2026-03-12 15:59:53.816 | DEBUG    | baldaquin.buf:open:104 - Ouput file /home/lab1-student/baldaquindata/plasduino/0309_000091/0309_000091_data.txt closed.
2026-03-12 15:59:53.816 | DEBUG    | baldaquin.buf:open:100 - Opening output file /home/lab1-student/baldaquindata/plasduino/0309_000092/0309_000092_data.txt {'mode': 'at', 'encoding': 'utf-8'}...
2026-03-12 15:59:53.816 | DEBUG    | baldaquin.buf:_write:285 - 1500 bytes written to disk.
2026-03-12 15:59:53.817 | DEBUG    | baldaquin.buf:open:104 - Ouput file /home/lab1-student/baldaquindata/plasduino/0309_000092/0309_000092_data.txt closed.
2026-03-12 15:59:53.817 | DEBUG    | baldaquin.buf:open:100 - Opening output file /home/lab1-student/baldaquindata/plasduino/0309_000093/0309_000093_data.txt {'mode': 'at', 'encoding': 'utf-8'}...
2026-03-12 15:59:53.817 | DEBUG    | baldaquin.buf:_write:285 - 1500 bytes written to disk.
2026-03-12 15:59:53.817 | DEBUG    | baldaquin.buf:open:104 - Ouput file /home/lab1-student/baldaquindata/plasduino/0309_000093/0309_000093_data.txt closed.
2026-03-12 15:59:53.817 | DEBUG    | baldaquin.buf:open:100 - Opening output file /home/lab1-student/baldaquindata/plasduino/0309_000094/0309_000094_data.txt {'mode': 'at', 'encoding': 'utf-8'}...
2026-03-12 15:59:53.818 | DEBUG    | baldaquin.buf:_write:285 - 1500 bytes written to disk.
2026-03-12 15:59:53.818 | DEBUG    | baldaquin.buf:open:104 - Ouput file /home/lab1-student/baldaquindata/plasduino/0309_000094/0309_000094_data.txt closed.
2026-03-12 15:59:53.818 | DEBUG    | baldaquin.buf:open:100 - Opening output file /home/lab1-student/baldaquindata/plasduino/0309_000095/0309_000095_data.txt {'mode': 'at', 'encoding': 'utf-8'}...
2026-03-12 15:59:53.818 | DEBUG    | baldaquin.buf:_write:285 - 1500 bytes written to disk.
2026-03-12 15:59:53.819 | DEBUG    | baldaquin.buf:open:104 - Ouput file /home/lab1-student/baldaquindata/plasduino/0309_000095/0309_000095_data.txt closed.
2026-03-12 15:59:53.819 | DEBUG    | baldaquin.buf:open:100 - Opening output file /home/lab1-student/baldaquindata/plasduino/0309_000096/0309_000096_data.txt {'mode': 'at', 'encoding': 'utf-8'}...
2026-03-12 15:59:53.819 | DEBUG    | baldaquin.buf:_write:285 - 1500 bytes written to disk.
2026-03-12 15:59:53.820 | DEBUG    | baldaquin.buf:open:104 - Ouput file /home/lab1-student/baldaquindata/plasduino/0309_000096/0309_000096_data.txt closed.
2026-03-12 15:59:53.820 | DEBUG    | baldaquin.buf:open:100 - Opening output file /home/lab1-student/baldaquindata/plasduino/0309_000097/0309_000097_data.txt {'mode': 'at', 'encoding': 'utf-8'}...
2026-03-12 15:59:53.820 | DEBUG    | baldaquin.buf:_write:285 - 1500 bytes written to disk.
2026-03-12 15:59:53.820 | DEBUG    | baldaquin.buf:open:104 - Ouput file /home/lab1-student/baldaquindata/plasduino/0309_000097/0309_000097_data.txt closed.
2026-03-12 15:59:53.821 | DEBUG    | baldaquin.buf:open:100 - Opening output file /home/lab1-student/baldaquindata/plasduino/0309_000098/0309_000098_data.txt {'mode': 'at', 'encoding': 'utf-8'}...
2026-03-12 15:59:53.821 | DEBUG    | baldaquin.buf:_write:285 - 1500 bytes written to disk.
2026-03-12 15:59:53.821 | DEBUG    | baldaquin.buf:open:104 - Ouput file /home/lab1-student/baldaquindata/plasduino/0309_000098/0309_000098_data.txt closed.
2026-03-12 15:59:53.821 | DEBUG    | baldaquin.buf:open:100 - Opening output file /home/lab1-student/baldaquindata/plasduino/0309_000099/0309_000099_data.txt {'mode': 'at', 'encoding': 'utf-8'}...
2026-03-12 15:59:53.822 | DEBUG    | baldaquin.buf:_write:285 - 1500 bytes written to disk.
2026-03-12 15:59:53.822 | DEBUG    | baldaquin.buf:open:104 - Ouput file /home/lab1-student/baldaquindata/plasduino/0309_000099/0309_000099_data.txt closed.
2026-03-12 15:59:53.822 | DEBUG    | baldaquin.buf:open:100 - Opening output file /home/lab1-student/baldaquindata/plasduino/0309_000100/0309_000100_data.txt {'mode': 'at', 'encoding': 'utf-8'}...
2026-03-12 15:59:53.823 | DEBUG    | baldaquin.buf:_write:285 - 1500 bytes written to disk.
2026-03-12 15:59:53.834 | DEBUG    | baldaquin.buf:open:104 - Ouput file /home/lab1-student/baldaquindata/plasduino/0309_000100/0309_000100_data.txt closed.
2026-03-12 15:59:53.835 | DEBUG    | baldaquin.buf:open:100 - Opening output file /home/lab1-student/baldaquindata/plasduino/0309_000100/0309_000100_data.dat {'mode': 'ab'}...
2026-03-12 15:59:53.852 | DEBUG    | baldaquin.buf:_pop_and_write_raw:259 - 800 bytes written to disk.
2026-03-12 15:59:53.861 | DEBUG    | baldaquin.buf:open:104 - Ouput file /home/lab1-student/baldaquindata/plasduino/0309_000100/0309_000100_data.dat closed.
2026-03-12 15:59:53.861 | INFO     | baldaquin.buf:flush:318 - 23300 bytes (800 raw bytes) written to disk.
2026-03-12 15:59:53.861 | DEBUG    | baldaquin.profile:wrap:32 - Running time for flush(): 0.057726 s
2026-03-12 15:59:56.344 | INFO     | baldaquin.buf:flush:309 - 100 packets ready to be written out...
2026-03-12 15:59:56.352 | DEBUG    | baldaquin.buf:open:100 - Opening output file /home/lab1-student/baldaquindata/plasduino/0309_000086/0309_000086_data.txt {'mode': 'at', 'encoding': 'utf-8'}...
2026-03-12 15:59:56.357 | DEBUG    | baldaquin.buf:_write:285 - 1500 bytes written to disk.
2026-03-12 15:59:56.362 | DEBUG    | baldaquin.buf:open:104 - Ouput file /home/lab1-student/baldaquindata/plasduino/0309_000086/0309_000086_data.txt closed.
2026-03-12 15:59:56.362 | DEBUG    | baldaquin.buf:open:100 - Opening output file /home/lab1-student/baldaquindata/plasduino/0309_000087/0309_000087_data.txt {'mode': 'at', 'encoding': 'utf-8'}...
2026-03-12 15:59:56.370 | DEBUG    | baldaquin.buf:_write:285 - 1500 bytes written to disk.
2026-03-12 15:59:56.383 | DEBUG    | baldaquin.buf:open:104 - Ouput file /home/lab1-student/baldaquindata/plasduino/0309_000087/0309_000087_data.txt closed.
2026-03-12 15:59:56.389 | DEBUG    | baldaquin.buf:open:100 - Opening output file /home/lab1-student/baldaquindata/plasduino/0309_000088/0309_000088_data.txt {'mode': 'at', 'encoding': 'utf-8'}...
2026-03-12 15:59:56.405 | DEBUG    | baldaquin.buf:_write:285 - 1500 bytes written to disk.
2026-03-12 15:59:56.407 | DEBUG    | baldaquin.buf:open:104 - Ouput file /home/lab1-student/baldaquindata/plasduino/0309_000088/0309_000088_data.txt closed.
2026-03-12 15:59:56.407 | DEBUG    | baldaquin.buf:open:100 - Opening output file /home/lab1-student/baldaquindata/plasduino/0309_000089/0309_000089_data.txt {'mode': 'at', 'encoding': 'utf-8'}...
2026-03-12 15:59:56.409 | DEBUG    | baldaquin.buf:_write:285 - 1500 bytes written to disk.
2026-03-12 15:59:56.410 | DEBUG    | baldaquin.buf:open:104 - Ouput file /home/lab1-student/baldaquindata/plasduino/0309_000089/0309_000089_data.txt closed.
2026-03-12 15:59:56.410 | DEBUG    | baldaquin.buf:open:100 - Opening output file /home/lab1-student/baldaquindata/plasduino/0309_000090/0309_000090_data.txt {'mode': 'at', 'encoding': 'utf-8'}...
2026-03-12 15:59:56.416 | DEBUG    | baldaquin.buf:_write:285 - 1500 bytes written to disk.
2026-03-12 15:59:56.416 | DEBUG    | baldaquin.buf:open:104 - Ouput file /home/lab1-student/baldaquindata/plasduino/0309_000090/0309_000090_data.txt closed.
2026-03-12 15:59:56.416 | DEBUG    | baldaquin.buf:open:100 - Opening output file /home/lab1-student/baldaquindata/plasduino/0309_000091/0309_000091_data.txt {'mode': 'at', 'encoding': 'utf-8'}...
2026-03-12 15:59:56.417 | DEBUG    | baldaquin.buf:_write:285 - 1500 bytes written to disk.
2026-03-12 15:59:56.417 | DEBUG    | baldaquin.buf:open:104 - Ouput file /home/lab1-student/baldaquindata/plasduino/0309_000091/0309_000091_data.txt closed.
2026-03-12 15:59:56.417 | DEBUG    | baldaquin.buf:open:100 - Opening output file /home/lab1-student/baldaquindata/plasduino/0309_000092/0309_000092_data.txt {'mode': 'at', 'encoding': 'utf-8'}...
2026-03-12 15:59:56.418 | DEBUG    | baldaquin.buf:_write:285 - 1500 bytes written to disk.
2026-03-12 15:59:56.418 | DEBUG    | baldaquin.buf:open:104 - Ouput file /home/lab1-student/baldaquindata/plasduino/0309_000092/0309_000092_data.txt closed.
2026-03-12 15:59:56.418 | DEBUG    | baldaquin.buf:open:100 - Opening output file /home/lab1-student/baldaquindata/plasduino/0309_000093/0309_000093_data.txt {'mode': 'at', 'encoding': 'utf-8'}...
2026-03-12 15:59:56.419 | DEBUG    | baldaquin.buf:_write:285 - 1500 bytes written to disk.
2026-03-12 15:59:56.419 | DEBUG    | baldaquin.buf:open:104 - Ouput file /home/lab1-student/baldaquindata/plasduino/0309_000093/0309_000093_data.txt closed.
2026-03-12 15:59:56.419 | DEBUG    | baldaquin.buf:open:100 - Opening output file /home/lab1-student/baldaquindata/plasduino/0309_000094/0309_000094_data.txt {'mode': 'at', 'encoding': 'utf-8'}...
2026-03-12 15:59:56.420 | DEBUG    | baldaquin.buf:_write:285 - 1500 bytes written to disk.
2026-03-12 15:59:56.420 | DEBUG    | baldaquin.buf:open:104 - Ouput file /home/lab1-student/baldaquindata/plasduino/0309_000094/0309_000094_data.txt closed.
2026-03-12 15:59:56.420 | DEBUG    | baldaquin.buf:open:100 - Opening output file /home/lab1-student/baldaquindata/plasduino/0309_000095/0309_000095_data.txt {'mode': 'at', 'encoding': 'utf-8'}...
2026-03-12 15:59:56.420 | DEBUG    | baldaquin.buf:_write:285 - 1500 bytes written to disk.
2026-03-12 15:59:56.421 | DEBUG    | baldaquin.buf:open:104 - Ouput file /home/lab1-student/baldaquindata/plasduino/0309_000095/0309_000095_data.txt closed.
2026-03-12 15:59:56.421 | DEBUG    | baldaquin.buf:open:100 - Opening output file /home/lab1-student/baldaquindata/plasduino/0309_000096/0309_000096_data.txt {'mode': 'at', 'encoding': 'utf-8'}...
2026-03-12 15:59:56.421 | DEBUG    | baldaquin.buf:_write:285 - 1500 bytes written to disk.
2026-03-12 15:59:56.421 | DEBUG    | baldaquin.buf:open:104 - Ouput file /home/lab1-student/baldaquindata/plasduino/0309_000096/0309_000096_data.txt closed.
2026-03-12 15:59:56.421 | DEBUG    | baldaquin.buf:open:100 - Opening output file /home/lab1-student/baldaquindata/plasduino/0309_000097/0309_000097_data.txt {'mode': 'at', 'encoding': 'utf-8'}...
2026-03-12 15:59:56.422 | DEBUG    | baldaquin.buf:_write:285 - 1500 bytes written to disk.
2026-03-12 15:59:56.422 | DEBUG    | baldaquin.buf:open:104 - Ouput file /home/lab1-student/baldaquindata/plasduino/0309_000097/0309_000097_data.txt closed.
2026-03-12 15:59:56.422 | DEBUG    | baldaquin.buf:open:100 - Opening output file /home/lab1-student/baldaquindata/plasduino/0309_000098/0309_000098_data.txt {'mode': 'at', 'encoding': 'utf-8'}...
2026-03-12 15:59:56.423 | DEBUG    | baldaquin.buf:_write:285 - 1500 bytes written to disk.
2026-03-12 15:59:56.430 | DEBUG    | baldaquin.buf:open:104 - Ouput file /home/lab1-student/baldaquindata/plasduino/0309_000098/0309_000098_data.txt closed.
2026-03-12 15:59:56.430 | DEBUG    | baldaquin.buf:open:100 - Opening output file /home/lab1-student/baldaquindata/plasduino/0309_000099/0309_000099_data.txt {'mode': 'at', 'encoding': 'utf-8'}...
2026-03-12 15:59:56.430 | DEBUG    | baldaquin.buf:_write:285 - 1500 bytes written to disk.
2026-03-12 15:59:56.431 | DEBUG    | baldaquin.buf:open:104 - Ouput file /home/lab1-student/baldaquindata/plasduino/0309_000099/0309_000099_data.txt closed.
2026-03-12 15:59:56.431 | DEBUG    | baldaquin.buf:open:100 - Opening output file /home/lab1-student/baldaquindata/plasduino/0309_000100/0309_000100_data.txt {'mode': 'at', 'encoding': 'utf-8'}...
2026-03-12 15:59:56.432 | DEBUG    | baldaquin.buf:_write:285 - 1500 bytes written to disk.
2026-03-12 15:59:56.448 | DEBUG    | baldaquin.buf:open:104 - Ouput file /home/lab1-student/baldaquindata/plasduino/0309_000100/0309_000100_data.txt closed.
2026-03-12 15:59:56.454 | DEBUG    | baldaquin.buf:open:100 - Opening output file /home/lab1-student/baldaquindata/plasduino/0309_000100/0309_000100_data.dat {'mode': 'ab'}...
2026-03-12 15:59:56.460 | DEBUG    | baldaquin.buf:_pop_and_write_raw:259 - 800 bytes written to disk.
2026-03-12 15:59:56.462 | DEBUG    | baldaquin.buf:open:104 - Ouput file /home/lab1-student/baldaquindata/plasduino/0309_000100/0309_000100_data.dat closed.
2026-03-12 15:59:56.465 | INFO     | baldaquin.buf:flush:318 - 23300 bytes (800 raw bytes) written to disk.
2026-03-12 15:59:56.470 | DEBUG    | baldaquin.profile:wrap:32 - Running time for flush(): 0.125931 s
2026-03-12 15:59:57.984 | INFO     | baldaquin.app:stop_run:90 - Stopping Pendulum View user application...
2026-03-12 15:59:57.986 | INFO     | baldaquin.buf:flush:309 - 65 packets ready to be written out...
2026-03-12 15:59:57.986 | DEBUG    | baldaquin.buf:open:100 - Opening output file /home/lab1-student/baldaquindata/plasduino/0309_000086/0309_000086_data.txt {'mode': 'at', 'encoding': 'utf-8'}...
2026-03-12 15:59:57.986 | DEBUG    | baldaquin.buf:_write:285 - 975 bytes written to disk.
2026-03-12 15:59:57.986 | DEBUG    | baldaquin.buf:open:104 - Ouput file /home/lab1-student/baldaquindata/plasduino/0309_000086/0309_000086_data.txt closed.
2026-03-12 15:59:57.986 | DEBUG    | baldaquin.buf:open:100 - Opening output file /home/lab1-student/baldaquindata/plasduino/0309_000087/0309_000087_data.txt {'mode': 'at', 'encoding': 'utf-8'}...
2026-03-12 15:59:57.987 | DEBUG    | baldaquin.buf:_write:285 - 975 bytes written to disk.
2026-03-12 15:59:57.987 | DEBUG    | baldaquin.buf:open:104 - Ouput file /home/lab1-student/baldaquindata/plasduino/0309_000087/0309_000087_data.txt closed.
2026-03-12 15:59:57.987 | DEBUG    | baldaquin.buf:open:100 - Opening output file /home/lab1-student/baldaquindata/plasduino/0309_000088/0309_000088_data.txt {'mode': 'at', 'encoding': 'utf-8'}...
2026-03-12 15:59:57.988 | DEBUG    | baldaquin.buf:_write:285 - 975 bytes written to disk.
2026-03-12 15:59:57.988 | DEBUG    | baldaquin.buf:open:104 - Ouput file /home/lab1-student/baldaquindata/plasduino/0309_000088/0309_000088_data.txt closed.
2026-03-12 15:59:57.988 | DEBUG    | baldaquin.buf:open:100 - Opening output file /home/lab1-student/baldaquindata/plasduino/0309_000089/0309_000089_data.txt {'mode': 'at', 'encoding': 'utf-8'}...
2026-03-12 15:59:57.988 | DEBUG    | baldaquin.buf:_write:285 - 975 bytes written to disk.
2026-03-12 15:59:57.988 | DEBUG    | baldaquin.buf:open:104 - Ouput file /home/lab1-student/baldaquindata/plasduino/0309_000089/0309_000089_data.txt closed.
2026-03-12 15:59:57.988 | DEBUG    | baldaquin.buf:open:100 - Opening output file /home/lab1-student/baldaquindata/plasduino/0309_000090/0309_000090_data.txt {'mode': 'at', 'encoding': 'utf-8'}...
2026-03-12 15:59:57.989 | DEBUG    | baldaquin.buf:_write:285 - 975 bytes written to disk.
2026-03-12 15:59:57.989 | DEBUG    | baldaquin.buf:open:104 - Ouput file /home/lab1-student/baldaquindata/plasduino/0309_000090/0309_000090_data.txt closed.
2026-03-12 15:59:57.989 | DEBUG    | baldaquin.buf:open:100 - Opening output file /home/lab1-student/baldaquindata/plasduino/0309_000091/0309_000091_data.txt {'mode': 'at', 'encoding': 'utf-8'}...
2026-03-12 15:59:57.990 | DEBUG    | baldaquin.buf:_write:285 - 975 bytes written to disk.
2026-03-12 15:59:57.990 | DEBUG    | baldaquin.buf:open:104 - Ouput file /home/lab1-student/baldaquindata/plasduino/0309_000091/0309_000091_data.txt closed.
2026-03-12 15:59:57.990 | DEBUG    | baldaquin.buf:open:100 - Opening output file /home/lab1-student/baldaquindata/plasduino/0309_000092/0309_000092_data.txt {'mode': 'at', 'encoding': 'utf-8'}...
2026-03-12 15:59:57.990 | DEBUG    | baldaquin.buf:_write:285 - 975 bytes written to disk.
2026-03-12 15:59:57.990 | DEBUG    | baldaquin.buf:open:104 - Ouput file /home/lab1-student/baldaquindata/plasduino/0309_000092/0309_000092_data.txt closed.
2026-03-12 15:59:57.990 | DEBUG    | baldaquin.buf:open:100 - Opening output file /home/lab1-student/baldaquindata/plasduino/0309_000093/0309_000093_data.txt {'mode': 'at', 'encoding': 'utf-8'}...
2026-03-12 15:59:57.991 | DEBUG    | baldaquin.buf:_write:285 - 975 bytes written to disk.
2026-03-12 15:59:57.991 | DEBUG    | baldaquin.buf:open:104 - Ouput file /home/lab1-student/baldaquindata/plasduino/0309_000093/0309_000093_data.txt closed.
2026-03-12 15:59:57.991 | DEBUG    | baldaquin.buf:open:100 - Opening output file /home/lab1-student/baldaquindata/plasduino/0309_000094/0309_000094_data.txt {'mode': 'at', 'encoding': 'utf-8'}...
2026-03-12 15:59:57.992 | DEBUG    | baldaquin.buf:_write:285 - 975 bytes written to disk.
2026-03-12 15:59:57.992 | DEBUG    | baldaquin.buf:open:104 - Ouput file /home/lab1-student/baldaquindata/plasduino/0309_000094/0309_000094_data.txt closed.
2026-03-12 15:59:57.992 | DEBUG    | baldaquin.buf:open:100 - Opening output file /home/lab1-student/baldaquindata/plasduino/0309_000095/0309_000095_data.txt {'mode': 'at', 'encoding': 'utf-8'}...
2026-03-12 15:59:57.992 | DEBUG    | baldaquin.buf:_write:285 - 975 bytes written to disk.
2026-03-12 15:59:57.993 | DEBUG    | baldaquin.buf:open:104 - Ouput file /home/lab1-student/baldaquindata/plasduino/0309_000095/0309_000095_data.txt closed.
2026-03-12 15:59:57.993 | DEBUG    | baldaquin.buf:open:100 - Opening output file /home/lab1-student/baldaquindata/plasduino/0309_000096/0309_000096_data.txt {'mode': 'at', 'encoding': 'utf-8'}...
2026-03-12 15:59:57.993 | DEBUG    | baldaquin.buf:_write:285 - 975 bytes written to disk.
2026-03-12 15:59:57.993 | DEBUG    | baldaquin.buf:open:104 - Ouput file /home/lab1-student/baldaquindata/plasduino/0309_000096/0309_000096_data.txt closed.
2026-03-12 15:59:57.993 | DEBUG    | baldaquin.buf:open:100 - Opening output file /home/lab1-student/baldaquindata/plasduino/0309_000097/0309_000097_data.txt {'mode': 'at', 'encoding': 'utf-8'}...
2026-03-12 15:59:57.994 | DEBUG    | baldaquin.buf:_write:285 - 975 bytes written to disk.
2026-03-12 15:59:57.994 | DEBUG    | baldaquin.buf:open:104 - Ouput file /home/lab1-student/baldaquindata/plasduino/0309_000097/0309_000097_data.txt closed.
2026-03-12 15:59:57.994 | DEBUG    | baldaquin.buf:open:100 - Opening output file /home/lab1-student/baldaquindata/plasduino/0309_000098/0309_000098_data.txt {'mode': 'at', 'encoding': 'utf-8'}...
2026-03-12 15:59:57.994 | DEBUG    | baldaquin.buf:_write:285 - 975 bytes written to disk.
2026-03-12 15:59:57.995 | DEBUG    | baldaquin.buf:open:104 - Ouput file /home/lab1-student/baldaquindata/plasduino/0309_000098/0309_000098_data.txt closed.
2026-03-12 15:59:57.995 | DEBUG    | baldaquin.buf:open:100 - Opening output file /home/lab1-student/baldaquindata/plasduino/0309_000099/0309_000099_data.txt {'mode': 'at', 'encoding': 'utf-8'}...
2026-03-12 15:59:57.995 | DEBUG    | baldaquin.buf:_write:285 - 975 bytes written to disk.
2026-03-12 15:59:57.995 | DEBUG    | baldaquin.buf:open:104 - Ouput file /home/lab1-student/baldaquindata/plasduino/0309_000099/0309_000099_data.txt closed.
2026-03-12 15:59:57.995 | DEBUG    | baldaquin.buf:open:100 - Opening output file /home/lab1-student/baldaquindata/plasduino/0309_000100/0309_000100_data.txt {'mode': 'at', 'encoding': 'utf-8'}...
2026-03-12 15:59:57.996 | DEBUG    | baldaquin.buf:_write:285 - 975 bytes written to disk.
2026-03-12 15:59:57.996 | DEBUG    | baldaquin.buf:open:104 - Ouput file /home/lab1-student/baldaquindata/plasduino/0309_000100/0309_000100_data.txt closed.
2026-03-12 15:59:57.996 | DEBUG    | baldaquin.buf:open:100 - Opening output file /home/lab1-student/baldaquindata/plasduino/0309_000100/0309_000100_data.dat {'mode': 'ab'}...
2026-03-12 15:59:57.996 | DEBUG    | baldaquin.buf:_pop_and_write_raw:259 - 520 bytes written to disk.
2026-03-12 15:59:57.996 | DEBUG    | baldaquin.buf:open:104 - Ouput file /home/lab1-student/baldaquindata/plasduino/0309_000100/0309_000100_data.dat closed.
2026-03-12 15:59:57.996 | INFO     | baldaquin.buf:flush:318 - 15145 bytes (520 raw bytes) written to disk.
2026-03-12 15:59:57.996 | DEBUG    | baldaquin.profile:wrap:32 - Running time for flush(): 0.010732 s
2026-03-12 15:59:57.996 | DEBUG    | baldaquin.plasduino.common:write_opcode:132 - Writing 2 to the serial port...
2026-03-12 15:59:57.997 | INFO     | baldaquin.plasduino.common:wait_pending_packets:321 - Waiting 250 ms for pending packet(s)...
2026-03-12 15:59:58.247 | INFO     | baldaquin.plasduino.common:wait_pending_packets:332 - Reading the last 2 packet(s) from the serial port...
2026-03-12 15:59:58.247 | INFO     | baldaquin.buf:flush:309 - 2 packets ready to be written out...
2026-03-12 15:59:58.248 | DEBUG    | baldaquin.buf:open:100 - Opening output file /home/lab1-student/baldaquindata/plasduino/0309_000086/0309_000086_data.txt {'mode': 'at', 'encoding': 'utf-8'}...
2026-03-12 15:59:58.248 | DEBUG    | baldaquin.buf:_write:285 - 30 bytes written to disk.
2026-03-12 15:59:58.248 | DEBUG    | baldaquin.buf:open:104 - Ouput file /home/lab1-student/baldaquindata/plasduino/0309_000086/0309_000086_data.txt closed.
2026-03-12 15:59:58.248 | DEBUG    | baldaquin.buf:open:100 - Opening output file /home/lab1-student/baldaquindata/plasduino/0309_000087/0309_000087_data.txt {'mode': 'at', 'encoding': 'utf-8'}...
2026-03-12 15:59:58.248 | DEBUG    | baldaquin.buf:_write:285 - 30 bytes written to disk.
2026-03-12 15:59:58.248 | DEBUG    | baldaquin.buf:open:104 - Ouput file /home/lab1-student/baldaquindata/plasduino/0309_000087/0309_000087_data.txt closed.
2026-03-12 15:59:58.248 | DEBUG    | baldaquin.buf:open:100 - Opening output file /home/lab1-student/baldaquindata/plasduino/0309_000088/0309_000088_data.txt {'mode': 'at', 'encoding': 'utf-8'}...
2026-03-12 15:59:58.248 | DEBUG    | baldaquin.buf:_write:285 - 30 bytes written to disk.
2026-03-12 15:59:58.248 | DEBUG    | baldaquin.buf:open:104 - Ouput file /home/lab1-student/baldaquindata/plasduino/0309_000088/0309_000088_data.txt closed.
2026-03-12 15:59:58.248 | DEBUG    | baldaquin.buf:open:100 - Opening output file /home/lab1-student/baldaquindata/plasduino/0309_000089/0309_000089_data.txt {'mode': 'at', 'encoding': 'utf-8'}...
2026-03-12 15:59:58.249 | DEBUG    | baldaquin.buf:_write:285 - 30 bytes written to disk.
2026-03-12 15:59:58.249 | DEBUG    | baldaquin.buf:open:104 - Ouput file /home/lab1-student/baldaquindata/plasduino/0309_000089/0309_000089_data.txt closed.
2026-03-12 15:59:58.249 | DEBUG    | baldaquin.buf:open:100 - Opening output file /home/lab1-student/baldaquindata/plasduino/0309_000090/0309_000090_data.txt {'mode': 'at', 'encoding': 'utf-8'}...
2026-03-12 15:59:58.249 | DEBUG    | baldaquin.buf:_write:285 - 30 bytes written to disk.
2026-03-12 15:59:58.249 | DEBUG    | baldaquin.buf:open:104 - Ouput file /home/lab1-student/baldaquindata/plasduino/0309_000090/0309_000090_data.txt closed.
2026-03-12 15:59:58.249 | DEBUG    | baldaquin.buf:open:100 - Opening output file /home/lab1-student/baldaquindata/plasduino/0309_000091/0309_000091_data.txt {'mode': 'at', 'encoding': 'utf-8'}...
2026-03-12 15:59:58.249 | DEBUG    | baldaquin.buf:_write:285 - 30 bytes written to disk.
2026-03-12 15:59:58.249 | DEBUG    | baldaquin.buf:open:104 - Ouput file /home/lab1-student/baldaquindata/plasduino/0309_000091/0309_000091_data.txt closed.
2026-03-12 15:59:58.249 | DEBUG    | baldaquin.buf:open:100 - Opening output file /home/lab1-student/baldaquindata/plasduino/0309_000092/0309_000092_data.txt {'mode': 'at', 'encoding': 'utf-8'}...
2026-03-12 15:59:58.249 | DEBUG    | baldaquin.buf:_write:285 - 30 bytes written to disk.
2026-03-12 15:59:58.250 | DEBUG    | baldaquin.buf:open:104 - Ouput file /home/lab1-student/baldaquindata/plasduino/0309_000092/0309_000092_data.txt closed.
2026-03-12 15:59:58.250 | DEBUG    | baldaquin.buf:open:100 - Opening output file /home/lab1-student/baldaquindata/plasduino/0309_000093/0309_000093_data.txt {'mode': 'at', 'encoding': 'utf-8'}...
2026-03-12 15:59:58.250 | DEBUG    | baldaquin.buf:_write:285 - 30 bytes written to disk.
2026-03-12 15:59:58.250 | DEBUG    | baldaquin.buf:open:104 - Ouput file /home/lab1-student/baldaquindata/plasduino/0309_000093/0309_000093_data.txt closed.
2026-03-12 15:59:58.250 | DEBUG    | baldaquin.buf:open:100 - Opening output file /home/lab1-student/baldaquindata/plasduino/0309_000094/0309_000094_data.txt {'mode': 'at', 'encoding': 'utf-8'}...
2026-03-12 15:59:58.250 | DEBUG    | baldaquin.buf:_write:285 - 30 bytes written to disk.
2026-03-12 15:59:58.250 | DEBUG    | baldaquin.buf:open:104 - Ouput file /home/lab1-student/baldaquindata/plasduino/0309_000094/0309_000094_data.txt closed.
2026-03-12 15:59:58.250 | DEBUG    | baldaquin.buf:open:100 - Opening output file /home/lab1-student/baldaquindata/plasduino/0309_000095/0309_000095_data.txt {'mode': 'at', 'encoding': 'utf-8'}...
2026-03-12 15:59:58.251 | DEBUG    | baldaquin.buf:_write:285 - 30 bytes written to disk.
2026-03-12 15:59:58.251 | DEBUG    | baldaquin.buf:open:104 - Ouput file /home/lab1-student/baldaquindata/plasduino/0309_000095/0309_000095_data.txt closed.
2026-03-12 15:59:58.251 | DEBUG    | baldaquin.buf:open:100 - Opening output file /home/lab1-student/baldaquindata/plasduino/0309_000096/0309_000096_data.txt {'mode': 'at', 'encoding': 'utf-8'}...
2026-03-12 15:59:58.251 | DEBUG    | baldaquin.buf:_write:285 - 30 bytes written to disk.
2026-03-12 15:59:58.251 | DEBUG    | baldaquin.buf:open:104 - Ouput file /home/lab1-student/baldaquindata/plasduino/0309_000096/0309_000096_data.txt closed.
2026-03-12 15:59:58.251 | DEBUG    | baldaquin.buf:open:100 - Opening output file /home/lab1-student/baldaquindata/plasduino/0309_000097/0309_000097_data.txt {'mode': 'at', 'encoding': 'utf-8'}...
2026-03-12 15:59:58.251 | DEBUG    | baldaquin.buf:_write:285 - 30 bytes written to disk.
2026-03-12 15:59:58.251 | DEBUG    | baldaquin.buf:open:104 - Ouput file /home/lab1-student/baldaquindata/plasduino/0309_000097/0309_000097_data.txt closed.
2026-03-12 15:59:58.251 | DEBUG    | baldaquin.buf:open:100 - Opening output file /home/lab1-student/baldaquindata/plasduino/0309_000098/0309_000098_data.txt {'mode': 'at', 'encoding': 'utf-8'}...
2026-03-12 15:59:58.251 | DEBUG    | baldaquin.buf:_write:285 - 30 bytes written to disk.
2026-03-12 15:59:58.251 | DEBUG    | baldaquin.buf:open:104 - Ouput file /home/lab1-student/baldaquindata/plasduino/0309_000098/0309_000098_data.txt closed.
2026-03-12 15:59:58.252 | DEBUG    | baldaquin.buf:open:100 - Opening output file /home/lab1-student/baldaquindata/plasduino/0309_000099/0309_000099_data.txt {'mode': 'at', 'encoding': 'utf-8'}...
2026-03-12 15:59:58.252 | DEBUG    | baldaquin.buf:_write:285 - 30 bytes written to disk.
2026-03-12 15:59:58.252 | DEBUG    | baldaquin.buf:open:104 - Ouput file /home/lab1-student/baldaquindata/plasduino/0309_000099/0309_000099_data.txt closed.
2026-03-12 15:59:58.252 | DEBUG    | baldaquin.buf:open:100 - Opening output file /home/lab1-student/baldaquindata/plasduino/0309_000100/0309_000100_data.txt {'mode': 'at', 'encoding': 'utf-8'}...
2026-03-12 15:59:58.252 | DEBUG    | baldaquin.buf:_write:285 - 30 bytes written to disk.
2026-03-12 15:59:58.252 | DEBUG    | baldaquin.buf:open:104 - Ouput file /home/lab1-student/baldaquindata/plasduino/0309_000100/0309_000100_data.txt closed.
2026-03-12 15:59:58.252 | DEBUG    | baldaquin.buf:open:100 - Opening output file /home/lab1-student/baldaquindata/plasduino/0309_000100/0309_000100_data.dat {'mode': 'ab'}...
2026-03-12 15:59:58.252 | DEBUG    | baldaquin.buf:_pop_and_write_raw:259 - 16 bytes written to disk.
2026-03-12 15:59:58.252 | DEBUG    | baldaquin.buf:open:104 - Ouput file /home/lab1-student/baldaquindata/plasduino/0309_000100/0309_000100_data.dat closed.
2026-03-12 15:59:58.252 | INFO     | baldaquin.buf:flush:318 - 466 bytes (16 raw bytes) written to disk.
2026-03-12 15:59:58.252 | DEBUG    | baldaquin.profile:wrap:32 - Running time for flush(): 0.005089 s
2026-03-12 15:59:58.253 | INFO     | baldaquin.plasduino.common:read_run_end_marker:90 - Waiting for the run end marker...
2026-03-12 15:59:58.253 | INFO     | baldaquin.plasduino.common:read_run_end_marker:95 - Run end marker correctly read.
2026-03-12 15:59:58.253 | DEBUG    | __main__:post_stop:90 - Clearing strip charts...
2026-03-12 15:59:58.253 | DEBUG    | __main__:post_stop:99 - Re-reading all run data from disk...
2026-03-12 15:59:58.253 | DEBUG    | baldaquin.pkt:open:393 - Opening input packet file /home/lab1-student/baldaquindata/plasduino/0309_000100/0309_000100_data.dat...
2026-03-12 15:59:58.263 | DEBUG    | baldaquin.pkt:open:398 - Input file /home/lab1-student/baldaquindata/plasduino/0309_000100/0309_000100_data.dat closed.
2026-03-12 15:59:58.264 | DEBUG    | baldaquin.plasduino.common:activate_cursors:446 - Activating vertical cursor on strip charts...
2026-03-12 15:59:58.349 | INFO     | baldaquin.runctrl:stop_run:658 - Run Control stopped on 2026-03-12 15:59:58.349359+01:00 (1773327598.349359 s)
2026-03-12 15:59:58.349 | INFO     | baldaquin.runctrl:stop_run:659 - Total elapsed time: 40.086605 s.
