2026-03-12 16:04:06.821 | INFO     | baldaquin.runctrl:start_run:634 - Configuring packet buffering...
2026-03-12 16:04:06.821 | INFO     | baldaquin.buf:configure:144 - Configuring CircularBuffer with flush_size=100, flush_timeout=10.0 s...
2026-03-12 16:04:06.821 | INFO     | baldaquin.config:save:334 - Writing configuration dictionary to /home/lab1-student/baldaquindata/plasduino/0309_000104/0309_000104_config.json...
2026-03-12 16:04:06.821 | INFO     | baldaquin.runctrl:start_run:643 - Run Control started on 2026-03-12 16:04:06.821735+01:00 (1773327846.821735 s)
2026-03-12 16:04:06.821 | DEBUG    | baldaquin.buf:open:100 - Opening output file /home/lab1-student/baldaquindata/plasduino/0309_000104/0309_000104_data.dat {'mode': 'ab'}...
2026-03-12 16:04:06.822 | DEBUG    | baldaquin.buf:open:104 - Ouput file /home/lab1-student/baldaquindata/plasduino/0309_000104/0309_000104_data.dat closed.
2026-03-12 16:04:06.822 | INFO     | baldaquin.buf:set_primary_sink:216 - Connecting buffer to primary Sink -> /home/lab1-student/baldaquindata/plasduino/0309_000104/0309_000104_data.dat (WriteMode.BINARY)...
2026-03-12 16:04:06.822 | DEBUG    | baldaquin.buf:open:100 - Opening output file /home/lab1-student/baldaquindata/plasduino/0309_000104/0309_000104_data.txt {'mode': 'at', 'encoding': 'utf-8'}...
2026-03-12 16:04:06.822 | DEBUG    | baldaquin.buf:__init__:89 - Writing file header...
2026-03-12 16:04:06.822 | DEBUG    | baldaquin.buf:open:104 - Ouput file /home/lab1-student/baldaquindata/plasduino/0309_000104/0309_000104_data.txt closed.
2026-03-12 16:04:06.822 | INFO     | baldaquin.buf:add_custom_sink:228 - Connecting buffer to custom Sink -> /home/lab1-student/baldaquindata/plasduino/0309_000104/0309_000104_data.txt (WriteMode.TEXT, PlasduinoPacketBase.to_text)...
2026-03-12 16:04:06.823 | DEBUG    | baldaquin.plasduino.common:write_opcode:132 - Writing 1 to the serial port...
2026-03-12 16:04:06.823 | INFO     | baldaquin.app:start_run:83 - Starting Pendulum View user application...
2026-03-12 16:04:06.851 | INFO     | baldaquin.buf:flush:309 - 1 packets ready to be written out...
2026-03-12 16:04:06.851 | DEBUG    | baldaquin.buf:open:100 - Opening output file /home/lab1-student/baldaquindata/plasduino/0309_000086/0309_000086_data.txt {'mode': 'at', 'encoding': 'utf-8'}...
2026-03-12 16:04:06.851 | DEBUG    | baldaquin.buf:_write:285 - 14 bytes written to disk.
2026-03-12 16:04:06.851 | DEBUG    | baldaquin.buf:open:104 - Ouput file /home/lab1-student/baldaquindata/plasduino/0309_000086/0309_000086_data.txt closed.
2026-03-12 16:04:06.851 | DEBUG    | baldaquin.buf:open:100 - Opening output file /home/lab1-student/baldaquindata/plasduino/0309_000087/0309_000087_data.txt {'mode': 'at', 'encoding': 'utf-8'}...
2026-03-12 16:04:06.852 | DEBUG    | baldaquin.buf:_write:285 - 14 bytes written to disk.
2026-03-12 16:04:06.852 | DEBUG    | baldaquin.buf:open:104 - Ouput file /home/lab1-student/baldaquindata/plasduino/0309_000087/0309_000087_data.txt closed.
2026-03-12 16:04:06.852 | DEBUG    | baldaquin.buf:open:100 - Opening output file /home/lab1-student/baldaquindata/plasduino/0309_000088/0309_000088_data.txt {'mode': 'at', 'encoding': 'utf-8'}...
2026-03-12 16:04:06.852 | DEBUG    | baldaquin.buf:_write:285 - 14 bytes written to disk.
2026-03-12 16:04:06.852 | DEBUG    | baldaquin.buf:open:104 - Ouput file /home/lab1-student/baldaquindata/plasduino/0309_000088/0309_000088_data.txt closed.
2026-03-12 16:04:06.852 | DEBUG    | baldaquin.buf:open:100 - Opening output file /home/lab1-student/baldaquindata/plasduino/0309_000089/0309_000089_data.txt {'mode': 'at', 'encoding': 'utf-8'}...
2026-03-12 16:04:06.852 | DEBUG    | baldaquin.buf:_write:285 - 14 bytes written to disk.
2026-03-12 16:04:06.852 | DEBUG    | baldaquin.buf:open:104 - Ouput file /home/lab1-student/baldaquindata/plasduino/0309_000089/0309_000089_data.txt closed.
2026-03-12 16:04:06.852 | DEBUG    | baldaquin.buf:open:100 - Opening output file /home/lab1-student/baldaquindata/plasduino/0309_000090/0309_000090_data.txt {'mode': 'at', 'encoding': 'utf-8'}...
2026-03-12 16:04:06.852 | DEBUG    | baldaquin.buf:_write:285 - 14 bytes written to disk.
2026-03-12 16:04:06.852 | DEBUG    | baldaquin.buf:open:104 - Ouput file /home/lab1-student/baldaquindata/plasduino/0309_000090/0309_000090_data.txt closed.
2026-03-12 16:04:06.853 | DEBUG    | baldaquin.buf:open:100 - Opening output file /home/lab1-student/baldaquindata/plasduino/0309_000091/0309_000091_data.txt {'mode': 'at', 'encoding': 'utf-8'}...
2026-03-12 16:04:06.853 | DEBUG    | baldaquin.buf:_write:285 - 14 bytes written to disk.
2026-03-12 16:04:06.853 | DEBUG    | baldaquin.buf:open:104 - Ouput file /home/lab1-student/baldaquindata/plasduino/0309_000091/0309_000091_data.txt closed.
2026-03-12 16:04:06.853 | DEBUG    | baldaquin.buf:open:100 - Opening output file /home/lab1-student/baldaquindata/plasduino/0309_000092/0309_000092_data.txt {'mode': 'at', 'encoding': 'utf-8'}...
2026-03-12 16:04:06.853 | DEBUG    | baldaquin.buf:_write:285 - 14 bytes written to disk.
2026-03-12 16:04:06.853 | DEBUG    | baldaquin.buf:open:104 - Ouput file /home/lab1-student/baldaquindata/plasduino/0309_000092/0309_000092_data.txt closed.
2026-03-12 16:04:06.853 | DEBUG    | baldaquin.buf:open:100 - Opening output file /home/lab1-student/baldaquindata/plasduino/0309_000093/0309_000093_data.txt {'mode': 'at', 'encoding': 'utf-8'}...
2026-03-12 16:04:06.853 | DEBUG    | baldaquin.buf:_write:285 - 14 bytes written to disk.
2026-03-12 16:04:06.853 | DEBUG    | baldaquin.buf:open:104 - Ouput file /home/lab1-student/baldaquindata/plasduino/0309_000093/0309_000093_data.txt closed.
2026-03-12 16:04:06.853 | DEBUG    | baldaquin.buf:open:100 - Opening output file /home/lab1-student/baldaquindata/plasduino/0309_000094/0309_000094_data.txt {'mode': 'at', 'encoding': 'utf-8'}...
2026-03-12 16:04:06.853 | DEBUG    | baldaquin.buf:_write:285 - 14 bytes written to disk.
2026-03-12 16:04:06.854 | DEBUG    | baldaquin.buf:open:104 - Ouput file /home/lab1-student/baldaquindata/plasduino/0309_000094/0309_000094_data.txt closed.
2026-03-12 16:04:06.854 | DEBUG    | baldaquin.buf:open:100 - Opening output file /home/lab1-student/baldaquindata/plasduino/0309_000095/0309_000095_data.txt {'mode': 'at', 'encoding': 'utf-8'}...
2026-03-12 16:04:06.854 | DEBUG    | baldaquin.buf:_write:285 - 14 bytes written to disk.
2026-03-12 16:04:06.854 | DEBUG    | baldaquin.buf:open:104 - Ouput file /home/lab1-student/baldaquindata/plasduino/0309_000095/0309_000095_data.txt closed.
2026-03-12 16:04:06.854 | DEBUG    | baldaquin.buf:open:100 - Opening output file /home/lab1-student/baldaquindata/plasduino/0309_000096/0309_000096_data.txt {'mode': 'at', 'encoding': 'utf-8'}...
2026-03-12 16:04:06.854 | DEBUG    | baldaquin.buf:_write:285 - 14 bytes written to disk.
2026-03-12 16:04:06.854 | DEBUG    | baldaquin.buf:open:104 - Ouput file /home/lab1-student/baldaquindata/plasduino/0309_000096/0309_000096_data.txt closed.
2026-03-12 16:04:06.854 | DEBUG    | baldaquin.buf:open:100 - Opening output file /home/lab1-student/baldaquindata/plasduino/0309_000097/0309_000097_data.txt {'mode': 'at', 'encoding': 'utf-8'}...
2026-03-12 16:04:06.854 | DEBUG    | baldaquin.buf:_write:285 - 14 bytes written to disk.
2026-03-12 16:04:06.854 | DEBUG    | baldaquin.buf:open:104 - Ouput file /home/lab1-student/baldaquindata/plasduino/0309_000097/0309_000097_data.txt closed.
2026-03-12 16:04:06.854 | DEBUG    | baldaquin.buf:open:100 - Opening output file /home/lab1-student/baldaquindata/plasduino/0309_000098/0309_000098_data.txt {'mode': 'at', 'encoding': 'utf-8'}...
2026-03-12 16:04:06.854 | DEBUG    | baldaquin.buf:_write:285 - 14 bytes written to disk.
2026-03-12 16:04:06.855 | DEBUG    | baldaquin.buf:open:104 - Ouput file /home/lab1-student/baldaquindata/plasduino/0309_000098/0309_000098_data.txt closed.
2026-03-12 16:04:06.855 | DEBUG    | baldaquin.buf:open:100 - Opening output file /home/lab1-student/baldaquindata/plasduino/0309_000099/0309_000099_data.txt {'mode': 'at', 'encoding': 'utf-8'}...
2026-03-12 16:04:06.855 | DEBUG    | baldaquin.buf:_write:285 - 14 bytes written to disk.
2026-03-12 16:04:06.855 | DEBUG    | baldaquin.buf:open:104 - Ouput file /home/lab1-student/baldaquindata/plasduino/0309_000099/0309_000099_data.txt closed.
2026-03-12 16:04:06.855 | DEBUG    | baldaquin.buf:open:100 - Opening output file /home/lab1-student/baldaquindata/plasduino/0309_000100/0309_000100_data.txt {'mode': 'at', 'encoding': 'utf-8'}...
2026-03-12 16:04:06.855 | DEBUG    | baldaquin.buf:_write:285 - 14 bytes written to disk.
2026-03-12 16:04:06.855 | DEBUG    | baldaquin.buf:open:104 - Ouput file /home/lab1-student/baldaquindata/plasduino/0309_000100/0309_000100_data.txt closed.
2026-03-12 16:04:06.855 | DEBUG    | baldaquin.buf:open:100 - Opening output file /home/lab1-student/baldaquindata/plasduino/0309_000101/0309_000101_data.txt {'mode': 'at', 'encoding': 'utf-8'}...
2026-03-12 16:04:06.855 | DEBUG    | baldaquin.buf:_write:285 - 14 bytes written to disk.
2026-03-12 16:04:06.855 | DEBUG    | baldaquin.buf:open:104 - Ouput file /home/lab1-student/baldaquindata/plasduino/0309_000101/0309_000101_data.txt closed.
2026-03-12 16:04:06.855 | DEBUG    | baldaquin.buf:open:100 - Opening output file /home/lab1-student/baldaquindata/plasduino/0309_000102/0309_000102_data.txt {'mode': 'at', 'encoding': 'utf-8'}...
2026-03-12 16:04:06.856 | DEBUG    | baldaquin.buf:_write:285 - 14 bytes written to disk.
2026-03-12 16:04:06.856 | DEBUG    | baldaquin.buf:open:104 - Ouput file /home/lab1-student/baldaquindata/plasduino/0309_000102/0309_000102_data.txt closed.
2026-03-12 16:04:06.856 | DEBUG    | baldaquin.buf:open:100 - Opening output file /home/lab1-student/baldaquindata/plasduino/0309_000103/0309_000103_data.txt {'mode': 'at', 'encoding': 'utf-8'}...
2026-03-12 16:04:06.856 | DEBUG    | baldaquin.buf:_write:285 - 14 bytes written to disk.
2026-03-12 16:04:06.856 | DEBUG    | baldaquin.buf:open:104 - Ouput file /home/lab1-student/baldaquindata/plasduino/0309_000103/0309_000103_data.txt closed.
2026-03-12 16:04:06.856 | DEBUG    | baldaquin.buf:open:100 - Opening output file /home/lab1-student/baldaquindata/plasduino/0309_000104/0309_000104_data.txt {'mode': 'at', 'encoding': 'utf-8'}...
2026-03-12 16:04:06.856 | DEBUG    | baldaquin.buf:_write:285 - 14 bytes written to disk.
2026-03-12 16:04:06.856 | DEBUG    | baldaquin.buf:open:104 - Ouput file /home/lab1-student/baldaquindata/plasduino/0309_000104/0309_000104_data.txt closed.
2026-03-12 16:04:06.856 | DEBUG    | baldaquin.buf:open:100 - Opening output file /home/lab1-student/baldaquindata/plasduino/0309_000104/0309_000104_data.dat {'mode': 'ab'}...
2026-03-12 16:04:06.856 | DEBUG    | baldaquin.buf:_pop_and_write_raw:259 - 8 bytes written to disk.
2026-03-12 16:04:06.856 | DEBUG    | baldaquin.buf:open:104 - Ouput file /home/lab1-student/baldaquindata/plasduino/0309_000104/0309_000104_data.dat closed.
2026-03-12 16:04:06.856 | INFO     | baldaquin.buf:flush:318 - 274 bytes (8 raw bytes) written to disk.
2026-03-12 16:04:06.857 | DEBUG    | baldaquin.profile:wrap:32 - Running time for flush(): 0.005787 s
2026-03-12 16:04:09.386 | INFO     | baldaquin.buf:flush:309 - 100 packets ready to be written out...
2026-03-12 16:04:09.389 | DEBUG    | baldaquin.buf:open:100 - Opening output file /home/lab1-student/baldaquindata/plasduino/0309_000086/0309_000086_data.txt {'mode': 'at', 'encoding': 'utf-8'}...
2026-03-12 16:04:09.389 | DEBUG    | baldaquin.buf:_write:285 - 1400 bytes written to disk.
2026-03-12 16:04:09.391 | DEBUG    | baldaquin.buf:open:104 - Ouput file /home/lab1-student/baldaquindata/plasduino/0309_000086/0309_000086_data.txt closed.
2026-03-12 16:04:09.391 | DEBUG    | baldaquin.buf:open:100 - Opening output file /home/lab1-student/baldaquindata/plasduino/0309_000087/0309_000087_data.txt {'mode': 'at', 'encoding': 'utf-8'}...
2026-03-12 16:04:09.399 | DEBUG    | baldaquin.buf:_write:285 - 1400 bytes written to disk.
2026-03-12 16:04:09.399 | DEBUG    | baldaquin.buf:open:104 - Ouput file /home/lab1-student/baldaquindata/plasduino/0309_000087/0309_000087_data.txt closed.
2026-03-12 16:04:09.400 | DEBUG    | baldaquin.buf:open:100 - Opening output file /home/lab1-student/baldaquindata/plasduino/0309_000088/0309_000088_data.txt {'mode': 'at', 'encoding': 'utf-8'}...
2026-03-12 16:04:09.400 | DEBUG    | baldaquin.buf:_write:285 - 1400 bytes written to disk.
2026-03-12 16:04:09.401 | DEBUG    | baldaquin.buf:open:104 - Ouput file /home/lab1-student/baldaquindata/plasduino/0309_000088/0309_000088_data.txt closed.
2026-03-12 16:04:09.401 | DEBUG    | baldaquin.buf:open:100 - Opening output file /home/lab1-student/baldaquindata/plasduino/0309_000089/0309_000089_data.txt {'mode': 'at', 'encoding': 'utf-8'}...
2026-03-12 16:04:09.401 | DEBUG    | baldaquin.buf:_write:285 - 1400 bytes written to disk.
2026-03-12 16:04:09.401 | DEBUG    | baldaquin.buf:open:104 - Ouput file /home/lab1-student/baldaquindata/plasduino/0309_000089/0309_000089_data.txt closed.
2026-03-12 16:04:09.402 | DEBUG    | baldaquin.buf:open:100 - Opening output file /home/lab1-student/baldaquindata/plasduino/0309_000090/0309_000090_data.txt {'mode': 'at', 'encoding': 'utf-8'}...
2026-03-12 16:04:09.403 | DEBUG    | baldaquin.buf:_write:285 - 1400 bytes written to disk.
2026-03-12 16:04:09.403 | DEBUG    | baldaquin.buf:open:104 - Ouput file /home/lab1-student/baldaquindata/plasduino/0309_000090/0309_000090_data.txt closed.
2026-03-12 16:04:09.403 | DEBUG    | baldaquin.buf:open:100 - Opening output file /home/lab1-student/baldaquindata/plasduino/0309_000091/0309_000091_data.txt {'mode': 'at', 'encoding': 'utf-8'}...
2026-03-12 16:04:09.404 | DEBUG    | baldaquin.buf:_write:285 - 1400 bytes written to disk.
2026-03-12 16:04:09.404 | DEBUG    | baldaquin.buf:open:104 - Ouput file /home/lab1-student/baldaquindata/plasduino/0309_000091/0309_000091_data.txt closed.
2026-03-12 16:04:09.411 | DEBUG    | baldaquin.buf:open:100 - Opening output file /home/lab1-student/baldaquindata/plasduino/0309_000092/0309_000092_data.txt {'mode': 'at', 'encoding': 'utf-8'}...
2026-03-12 16:04:09.415 | DEBUG    | baldaquin.buf:_write:285 - 1400 bytes written to disk.
2026-03-12 16:04:09.418 | DEBUG    | baldaquin.buf:open:104 - Ouput file /home/lab1-student/baldaquindata/plasduino/0309_000092/0309_000092_data.txt closed.
2026-03-12 16:04:09.420 | DEBUG    | baldaquin.buf:open:100 - Opening output file /home/lab1-student/baldaquindata/plasduino/0309_000093/0309_000093_data.txt {'mode': 'at', 'encoding': 'utf-8'}...
2026-03-12 16:04:09.420 | DEBUG    | baldaquin.buf:_write:285 - 1400 bytes written to disk.
2026-03-12 16:04:09.420 | DEBUG    | baldaquin.buf:open:104 - Ouput file /home/lab1-student/baldaquindata/plasduino/0309_000093/0309_000093_data.txt closed.
2026-03-12 16:04:09.421 | DEBUG    | baldaquin.buf:open:100 - Opening output file /home/lab1-student/baldaquindata/plasduino/0309_000094/0309_000094_data.txt {'mode': 'at', 'encoding': 'utf-8'}...
2026-03-12 16:04:09.421 | DEBUG    | baldaquin.buf:_write:285 - 1400 bytes written to disk.
2026-03-12 16:04:09.421 | DEBUG    | baldaquin.buf:open:104 - Ouput file /home/lab1-student/baldaquindata/plasduino/0309_000094/0309_000094_data.txt closed.
2026-03-12 16:04:09.421 | DEBUG    | baldaquin.buf:open:100 - Opening output file /home/lab1-student/baldaquindata/plasduino/0309_000095/0309_000095_data.txt {'mode': 'at', 'encoding': 'utf-8'}...
2026-03-12 16:04:09.422 | DEBUG    | baldaquin.buf:_write:285 - 1400 bytes written to disk.
2026-03-12 16:04:09.422 | DEBUG    | baldaquin.buf:open:104 - Ouput file /home/lab1-student/baldaquindata/plasduino/0309_000095/0309_000095_data.txt closed.
2026-03-12 16:04:09.422 | DEBUG    | baldaquin.buf:open:100 - Opening output file /home/lab1-student/baldaquindata/plasduino/0309_000096/0309_000096_data.txt {'mode': 'at', 'encoding': 'utf-8'}...
2026-03-12 16:04:09.422 | DEBUG    | baldaquin.buf:_write:285 - 1400 bytes written to disk.
2026-03-12 16:04:09.422 | DEBUG    | baldaquin.buf:open:104 - Ouput file /home/lab1-student/baldaquindata/plasduino/0309_000096/0309_000096_data.txt closed.
2026-03-12 16:04:09.423 | DEBUG    | baldaquin.buf:open:100 - Opening output file /home/lab1-student/baldaquindata/plasduino/0309_000097/0309_000097_data.txt {'mode': 'at', 'encoding': 'utf-8'}...
2026-03-12 16:04:09.423 | DEBUG    | baldaquin.buf:_write:285 - 1400 bytes written to disk.
2026-03-12 16:04:09.431 | DEBUG    | baldaquin.buf:open:104 - Ouput file /home/lab1-student/baldaquindata/plasduino/0309_000097/0309_000097_data.txt closed.
2026-03-12 16:04:09.431 | DEBUG    | baldaquin.buf:open:100 - Opening output file /home/lab1-student/baldaquindata/plasduino/0309_000098/0309_000098_data.txt {'mode': 'at', 'encoding': 'utf-8'}...
2026-03-12 16:04:09.431 | DEBUG    | baldaquin.buf:_write:285 - 1400 bytes written to disk.
2026-03-12 16:04:09.432 | DEBUG    | baldaquin.buf:open:104 - Ouput file /home/lab1-student/baldaquindata/plasduino/0309_000098/0309_000098_data.txt closed.
2026-03-12 16:04:09.432 | DEBUG    | baldaquin.buf:open:100 - Opening output file /home/lab1-student/baldaquindata/plasduino/0309_000099/0309_000099_data.txt {'mode': 'at', 'encoding': 'utf-8'}...
2026-03-12 16:04:09.452 | DEBUG    | baldaquin.buf:_write:285 - 1400 bytes written to disk.
2026-03-12 16:04:09.459 | DEBUG    | baldaquin.buf:open:104 - Ouput file /home/lab1-student/baldaquindata/plasduino/0309_000099/0309_000099_data.txt closed.
2026-03-12 16:04:09.462 | DEBUG    | baldaquin.buf:open:100 - Opening output file /home/lab1-student/baldaquindata/plasduino/0309_000100/0309_000100_data.txt {'mode': 'at', 'encoding': 'utf-8'}...
2026-03-12 16:04:09.466 | DEBUG    | baldaquin.buf:_write:285 - 1400 bytes written to disk.
2026-03-12 16:04:09.466 | DEBUG    | baldaquin.buf:open:104 - Ouput file /home/lab1-student/baldaquindata/plasduino/0309_000100/0309_000100_data.txt closed.
2026-03-12 16:04:09.467 | DEBUG    | baldaquin.buf:open:100 - Opening output file /home/lab1-student/baldaquindata/plasduino/0309_000101/0309_000101_data.txt {'mode': 'at', 'encoding': 'utf-8'}...
2026-03-12 16:04:09.469 | DEBUG    | baldaquin.buf:_write:285 - 1400 bytes written to disk.
2026-03-12 16:04:09.469 | DEBUG    | baldaquin.buf:open:104 - Ouput file /home/lab1-student/baldaquindata/plasduino/0309_000101/0309_000101_data.txt closed.
2026-03-12 16:04:09.470 | DEBUG    | baldaquin.buf:open:100 - Opening output file /home/lab1-student/baldaquindata/plasduino/0309_000102/0309_000102_data.txt {'mode': 'at', 'encoding': 'utf-8'}...
2026-03-12 16:04:09.471 | DEBUG    | baldaquin.buf:_write:285 - 1400 bytes written to disk.
2026-03-12 16:04:09.479 | DEBUG    | baldaquin.buf:open:104 - Ouput file /home/lab1-student/baldaquindata/plasduino/0309_000102/0309_000102_data.txt closed.
2026-03-12 16:04:09.479 | DEBUG    | baldaquin.buf:open:100 - Opening output file /home/lab1-student/baldaquindata/plasduino/0309_000103/0309_000103_data.txt {'mode': 'at', 'encoding': 'utf-8'}...
2026-03-12 16:04:09.480 | DEBUG    | baldaquin.buf:_write:285 - 1400 bytes written to disk.
2026-03-12 16:04:09.480 | DEBUG    | baldaquin.buf:open:104 - Ouput file /home/lab1-student/baldaquindata/plasduino/0309_000103/0309_000103_data.txt closed.
2026-03-12 16:04:09.480 | DEBUG    | baldaquin.buf:open:100 - Opening output file /home/lab1-student/baldaquindata/plasduino/0309_000104/0309_000104_data.txt {'mode': 'at', 'encoding': 'utf-8'}...
2026-03-12 16:04:09.481 | DEBUG    | baldaquin.buf:_write:285 - 1400 bytes written to disk.
2026-03-12 16:04:09.481 | DEBUG    | baldaquin.buf:open:104 - Ouput file /home/lab1-student/baldaquindata/plasduino/0309_000104/0309_000104_data.txt closed.
2026-03-12 16:04:09.481 | DEBUG    | baldaquin.buf:open:100 - Opening output file /home/lab1-student/baldaquindata/plasduino/0309_000104/0309_000104_data.dat {'mode': 'ab'}...
2026-03-12 16:04:09.481 | DEBUG    | baldaquin.buf:_pop_and_write_raw:259 - 800 bytes written to disk.
2026-03-12 16:04:09.482 | DEBUG    | baldaquin.buf:open:104 - Ouput file /home/lab1-student/baldaquindata/plasduino/0309_000104/0309_000104_data.dat closed.
2026-03-12 16:04:09.482 | INFO     | baldaquin.buf:flush:318 - 27400 bytes (800 raw bytes) written to disk.
2026-03-12 16:04:09.482 | DEBUG    | baldaquin.profile:wrap:32 - Running time for flush(): 0.095670 s
2026-03-12 16:04:11.942 | INFO     | baldaquin.buf:flush:309 - 100 packets ready to be written out...
2026-03-12 16:04:11.947 | DEBUG    | baldaquin.buf:open:100 - Opening output file /home/lab1-student/baldaquindata/plasduino/0309_000086/0309_000086_data.txt {'mode': 'at', 'encoding': 'utf-8'}...
2026-03-12 16:04:11.948 | DEBUG    | baldaquin.buf:_write:285 - 1400 bytes written to disk.
2026-03-12 16:04:11.948 | DEBUG    | baldaquin.buf:open:104 - Ouput file /home/lab1-student/baldaquindata/plasduino/0309_000086/0309_000086_data.txt closed.
2026-03-12 16:04:11.949 | DEBUG    | baldaquin.buf:open:100 - Opening output file /home/lab1-student/baldaquindata/plasduino/0309_000087/0309_000087_data.txt {'mode': 'at', 'encoding': 'utf-8'}...
2026-03-12 16:04:11.957 | DEBUG    | baldaquin.buf:_write:285 - 1400 bytes written to disk.
2026-03-12 16:04:11.961 | DEBUG    | baldaquin.buf:open:104 - Ouput file /home/lab1-student/baldaquindata/plasduino/0309_000087/0309_000087_data.txt closed.
2026-03-12 16:04:11.968 | DEBUG    | baldaquin.buf:open:100 - Opening output file /home/lab1-student/baldaquindata/plasduino/0309_000088/0309_000088_data.txt {'mode': 'at', 'encoding': 'utf-8'}...
2026-03-12 16:04:11.968 | DEBUG    | baldaquin.buf:_write:285 - 1400 bytes written to disk.
2026-03-12 16:04:11.987 | DEBUG    | baldaquin.buf:open:104 - Ouput file /home/lab1-student/baldaquindata/plasduino/0309_000088/0309_000088_data.txt closed.
2026-03-12 16:04:11.990 | DEBUG    | baldaquin.buf:open:100 - Opening output file /home/lab1-student/baldaquindata/plasduino/0309_000089/0309_000089_data.txt {'mode': 'at', 'encoding': 'utf-8'}...
2026-03-12 16:04:11.991 | DEBUG    | baldaquin.buf:_write:285 - 1400 bytes written to disk.
2026-03-12 16:04:11.995 | DEBUG    | baldaquin.buf:open:104 - Ouput file /home/lab1-student/baldaquindata/plasduino/0309_000089/0309_000089_data.txt closed.
2026-03-12 16:04:11.997 | DEBUG    | baldaquin.buf:open:100 - Opening output file /home/lab1-student/baldaquindata/plasduino/0309_000090/0309_000090_data.txt {'mode': 'at', 'encoding': 'utf-8'}...
2026-03-12 16:04:12.001 | DEBUG    | baldaquin.buf:_write:285 - 1400 bytes written to disk.
2026-03-12 16:04:12.017 | DEBUG    | baldaquin.buf:open:104 - Ouput file /home/lab1-student/baldaquindata/plasduino/0309_000090/0309_000090_data.txt closed.
2026-03-12 16:04:12.017 | DEBUG    | baldaquin.buf:open:100 - Opening output file /home/lab1-student/baldaquindata/plasduino/0309_000091/0309_000091_data.txt {'mode': 'at', 'encoding': 'utf-8'}...
2026-03-12 16:04:12.019 | DEBUG    | baldaquin.buf:_write:285 - 1400 bytes written to disk.
2026-03-12 16:04:12.019 | DEBUG    | baldaquin.buf:open:104 - Ouput file /home/lab1-student/baldaquindata/plasduino/0309_000091/0309_000091_data.txt closed.
2026-03-12 16:04:12.019 | DEBUG    | baldaquin.buf:open:100 - Opening output file /home/lab1-student/baldaquindata/plasduino/0309_000092/0309_000092_data.txt {'mode': 'at', 'encoding': 'utf-8'}...
2026-03-12 16:04:12.020 | DEBUG    | baldaquin.buf:_write:285 - 1400 bytes written to disk.
2026-03-12 16:04:12.043 | DEBUG    | baldaquin.buf:open:104 - Ouput file /home/lab1-student/baldaquindata/plasduino/0309_000092/0309_000092_data.txt closed.
2026-03-12 16:04:12.054 | DEBUG    | baldaquin.buf:open:100 - Opening output file /home/lab1-student/baldaquindata/plasduino/0309_000093/0309_000093_data.txt {'mode': 'at', 'encoding': 'utf-8'}...
2026-03-12 16:04:12.076 | DEBUG    | baldaquin.buf:_write:285 - 1400 bytes written to disk.
2026-03-12 16:04:12.088 | DEBUG    | baldaquin.buf:open:104 - Ouput file /home/lab1-student/baldaquindata/plasduino/0309_000093/0309_000093_data.txt closed.
2026-03-12 16:04:12.089 | DEBUG    | baldaquin.buf:open:100 - Opening output file /home/lab1-student/baldaquindata/plasduino/0309_000094/0309_000094_data.txt {'mode': 'at', 'encoding': 'utf-8'}...
2026-03-12 16:04:12.091 | DEBUG    | baldaquin.buf:_write:285 - 1400 bytes written to disk.
2026-03-12 16:04:12.095 | DEBUG    | baldaquin.buf:open:104 - Ouput file /home/lab1-student/baldaquindata/plasduino/0309_000094/0309_000094_data.txt closed.
2026-03-12 16:04:12.096 | DEBUG    | baldaquin.buf:open:100 - Opening output file /home/lab1-student/baldaquindata/plasduino/0309_000095/0309_000095_data.txt {'mode': 'at', 'encoding': 'utf-8'}...
2026-03-12 16:04:12.106 | DEBUG    | baldaquin.buf:_write:285 - 1400 bytes written to disk.
2026-03-12 16:04:12.107 | DEBUG    | baldaquin.buf:open:104 - Ouput file /home/lab1-student/baldaquindata/plasduino/0309_000095/0309_000095_data.txt closed.
2026-03-12 16:04:12.107 | DEBUG    | baldaquin.buf:open:100 - Opening output file /home/lab1-student/baldaquindata/plasduino/0309_000096/0309_000096_data.txt {'mode': 'at', 'encoding': 'utf-8'}...
2026-03-12 16:04:12.107 | DEBUG    | baldaquin.buf:_write:285 - 1400 bytes written to disk.
2026-03-12 16:04:12.108 | DEBUG    | baldaquin.buf:open:104 - Ouput file /home/lab1-student/baldaquindata/plasduino/0309_000096/0309_000096_data.txt closed.
2026-03-12 16:04:12.108 | DEBUG    | baldaquin.buf:open:100 - Opening output file /home/lab1-student/baldaquindata/plasduino/0309_000097/0309_000097_data.txt {'mode': 'at', 'encoding': 'utf-8'}...
2026-03-12 16:04:12.117 | DEBUG    | baldaquin.buf:_write:285 - 1400 bytes written to disk.
2026-03-12 16:04:12.119 | DEBUG    | baldaquin.buf:open:104 - Ouput file /home/lab1-student/baldaquindata/plasduino/0309_000097/0309_000097_data.txt closed.
2026-03-12 16:04:12.119 | DEBUG    | baldaquin.buf:open:100 - Opening output file /home/lab1-student/baldaquindata/plasduino/0309_000098/0309_000098_data.txt {'mode': 'at', 'encoding': 'utf-8'}...
2026-03-12 16:04:12.120 | DEBUG    | baldaquin.buf:_write:285 - 1400 bytes written to disk.
2026-03-12 16:04:12.121 | DEBUG    | baldaquin.buf:open:104 - Ouput file /home/lab1-student/baldaquindata/plasduino/0309_000098/0309_000098_data.txt closed.
2026-03-12 16:04:12.124 | DEBUG    | baldaquin.buf:open:100 - Opening output file /home/lab1-student/baldaquindata/plasduino/0309_000099/0309_000099_data.txt {'mode': 'at', 'encoding': 'utf-8'}...
2026-03-12 16:04:12.131 | DEBUG    | baldaquin.buf:_write:285 - 1400 bytes written to disk.
2026-03-12 16:04:12.148 | DEBUG    | baldaquin.buf:open:104 - Ouput file /home/lab1-student/baldaquindata/plasduino/0309_000099/0309_000099_data.txt closed.
2026-03-12 16:04:12.162 | DEBUG    | baldaquin.buf:open:100 - Opening output file /home/lab1-student/baldaquindata/plasduino/0309_000100/0309_000100_data.txt {'mode': 'at', 'encoding': 'utf-8'}...
2026-03-12 16:04:12.163 | DEBUG    | baldaquin.buf:_write:285 - 1400 bytes written to disk.
2026-03-12 16:04:12.163 | DEBUG    | baldaquin.buf:open:104 - Ouput file /home/lab1-student/baldaquindata/plasduino/0309_000100/0309_000100_data.txt closed.
2026-03-12 16:04:12.164 | DEBUG    | baldaquin.buf:open:100 - Opening output file /home/lab1-student/baldaquindata/plasduino/0309_000101/0309_000101_data.txt {'mode': 'at', 'encoding': 'utf-8'}...
2026-03-12 16:04:12.175 | DEBUG    | baldaquin.buf:_write:285 - 1400 bytes written to disk.
2026-03-12 16:04:12.176 | DEBUG    | baldaquin.buf:open:104 - Ouput file /home/lab1-student/baldaquindata/plasduino/0309_000101/0309_000101_data.txt closed.
2026-03-12 16:04:12.178 | DEBUG    | baldaquin.buf:open:100 - Opening output file /home/lab1-student/baldaquindata/plasduino/0309_000102/0309_000102_data.txt {'mode': 'at', 'encoding': 'utf-8'}...
2026-03-12 16:04:12.178 | DEBUG    | baldaquin.buf:_write:285 - 1400 bytes written to disk.
2026-03-12 16:04:12.179 | DEBUG    | baldaquin.buf:open:104 - Ouput file /home/lab1-student/baldaquindata/plasduino/0309_000102/0309_000102_data.txt closed.
2026-03-12 16:04:12.179 | DEBUG    | baldaquin.buf:open:100 - Opening output file /home/lab1-student/baldaquindata/plasduino/0309_000103/0309_000103_data.txt {'mode': 'at', 'encoding': 'utf-8'}...
2026-03-12 16:04:12.179 | DEBUG    | baldaquin.buf:_write:285 - 1400 bytes written to disk.
2026-03-12 16:04:12.201 | DEBUG    | baldaquin.buf:open:104 - Ouput file /home/lab1-student/baldaquindata/plasduino/0309_000103/0309_000103_data.txt closed.
2026-03-12 16:04:12.201 | DEBUG    | baldaquin.buf:open:100 - Opening output file /home/lab1-student/baldaquindata/plasduino/0309_000104/0309_000104_data.txt {'mode': 'at', 'encoding': 'utf-8'}...
2026-03-12 16:04:12.202 | DEBUG    | baldaquin.buf:_write:285 - 1400 bytes written to disk.
2026-03-12 16:04:12.202 | DEBUG    | baldaquin.buf:open:104 - Ouput file /home/lab1-student/baldaquindata/plasduino/0309_000104/0309_000104_data.txt closed.
2026-03-12 16:04:12.202 | DEBUG    | baldaquin.buf:open:100 - Opening output file /home/lab1-student/baldaquindata/plasduino/0309_000104/0309_000104_data.dat {'mode': 'ab'}...
2026-03-12 16:04:12.203 | DEBUG    | baldaquin.buf:_pop_and_write_raw:259 - 800 bytes written to disk.
2026-03-12 16:04:12.203 | DEBUG    | baldaquin.buf:open:104 - Ouput file /home/lab1-student/baldaquindata/plasduino/0309_000104/0309_000104_data.dat closed.
2026-03-12 16:04:12.203 | INFO     | baldaquin.buf:flush:318 - 27400 bytes (800 raw bytes) written to disk.
2026-03-12 16:04:12.204 | DEBUG    | baldaquin.profile:wrap:32 - Running time for flush(): 0.262257 s
2026-03-12 16:04:14.466 | INFO     | baldaquin.buf:flush:309 - 100 packets ready to be written out...
2026-03-12 16:04:14.466 | DEBUG    | baldaquin.buf:open:100 - Opening output file /home/lab1-student/baldaquindata/plasduino/0309_000086/0309_000086_data.txt {'mode': 'at', 'encoding': 'utf-8'}...
2026-03-12 16:04:14.467 | DEBUG    | baldaquin.buf:_write:285 - 1400 bytes written to disk.
2026-03-12 16:04:14.467 | DEBUG    | baldaquin.buf:open:104 - Ouput file /home/lab1-student/baldaquindata/plasduino/0309_000086/0309_000086_data.txt closed.
2026-03-12 16:04:14.467 | DEBUG    | baldaquin.buf:open:100 - Opening output file /home/lab1-student/baldaquindata/plasduino/0309_000087/0309_000087_data.txt {'mode': 'at', 'encoding': 'utf-8'}...
2026-03-12 16:04:14.468 | DEBUG    | baldaquin.buf:_write:285 - 1400 bytes written to disk.
2026-03-12 16:04:14.468 | DEBUG    | baldaquin.buf:open:104 - Ouput file /home/lab1-student/baldaquindata/plasduino/0309_000087/0309_000087_data.txt closed.
2026-03-12 16:04:14.468 | DEBUG    | baldaquin.buf:open:100 - Opening output file /home/lab1-student/baldaquindata/plasduino/0309_000088/0309_000088_data.txt {'mode': 'at', 'encoding': 'utf-8'}...
2026-03-12 16:04:14.468 | DEBUG    | baldaquin.buf:_write:285 - 1400 bytes written to disk.
2026-03-12 16:04:14.469 | DEBUG    | baldaquin.buf:open:104 - Ouput file /home/lab1-student/baldaquindata/plasduino/0309_000088/0309_000088_data.txt closed.
2026-03-12 16:04:14.469 | DEBUG    | baldaquin.buf:open:100 - Opening output file /home/lab1-student/baldaquindata/plasduino/0309_000089/0309_000089_data.txt {'mode': 'at', 'encoding': 'utf-8'}...
2026-03-12 16:04:14.469 | DEBUG    | baldaquin.buf:_write:285 - 1400 bytes written to disk.
2026-03-12 16:04:14.470 | DEBUG    | baldaquin.buf:open:104 - Ouput file /home/lab1-student/baldaquindata/plasduino/0309_000089/0309_000089_data.txt closed.
2026-03-12 16:04:14.470 | DEBUG    | baldaquin.buf:open:100 - Opening output file /home/lab1-student/baldaquindata/plasduino/0309_000090/0309_000090_data.txt {'mode': 'at', 'encoding': 'utf-8'}...
2026-03-12 16:04:14.470 | DEBUG    | baldaquin.buf:_write:285 - 1400 bytes written to disk.
2026-03-12 16:04:14.470 | DEBUG    | baldaquin.buf:open:104 - Ouput file /home/lab1-student/baldaquindata/plasduino/0309_000090/0309_000090_data.txt closed.
2026-03-12 16:04:14.470 | DEBUG    | baldaquin.buf:open:100 - Opening output file /home/lab1-student/baldaquindata/plasduino/0309_000091/0309_000091_data.txt {'mode': 'at', 'encoding': 'utf-8'}...
2026-03-12 16:04:14.471 | DEBUG    | baldaquin.buf:_write:285 - 1400 bytes written to disk.
2026-03-12 16:04:14.471 | DEBUG    | baldaquin.buf:open:104 - Ouput file /home/lab1-student/baldaquindata/plasduino/0309_000091/0309_000091_data.txt closed.
2026-03-12 16:04:14.471 | DEBUG    | baldaquin.buf:open:100 - Opening output file /home/lab1-student/baldaquindata/plasduino/0309_000092/0309_000092_data.txt {'mode': 'at', 'encoding': 'utf-8'}...
2026-03-12 16:04:14.472 | DEBUG    | baldaquin.buf:_write:285 - 1400 bytes written to disk.
2026-03-12 16:04:14.485 | DEBUG    | baldaquin.buf:open:104 - Ouput file /home/lab1-student/baldaquindata/plasduino/0309_000092/0309_000092_data.txt closed.
2026-03-12 16:04:14.494 | DEBUG    | baldaquin.buf:open:100 - Opening output file /home/lab1-student/baldaquindata/plasduino/0309_000093/0309_000093_data.txt {'mode': 'at', 'encoding': 'utf-8'}...
2026-03-12 16:04:14.501 | DEBUG    | baldaquin.buf:_write:285 - 1400 bytes written to disk.
2026-03-12 16:04:14.502 | DEBUG    | baldaquin.buf:open:104 - Ouput file /home/lab1-student/baldaquindata/plasduino/0309_000093/0309_000093_data.txt closed.
2026-03-12 16:04:14.518 | DEBUG    | baldaquin.buf:open:100 - Opening output file /home/lab1-student/baldaquindata/plasduino/0309_000094/0309_000094_data.txt {'mode': 'at', 'encoding': 'utf-8'}...
2026-03-12 16:04:14.518 | DEBUG    | baldaquin.buf:_write:285 - 1400 bytes written to disk.
2026-03-12 16:04:14.519 | DEBUG    | baldaquin.buf:open:104 - Ouput file /home/lab1-student/baldaquindata/plasduino/0309_000094/0309_000094_data.txt closed.
2026-03-12 16:04:14.519 | DEBUG    | baldaquin.buf:open:100 - Opening output file /home/lab1-student/baldaquindata/plasduino/0309_000095/0309_000095_data.txt {'mode': 'at', 'encoding': 'utf-8'}...
2026-03-12 16:04:14.519 | DEBUG    | baldaquin.buf:_write:285 - 1400 bytes written to disk.
2026-03-12 16:04:14.520 | DEBUG    | baldaquin.buf:open:104 - Ouput file /home/lab1-student/baldaquindata/plasduino/0309_000095/0309_000095_data.txt closed.
2026-03-12 16:04:14.520 | DEBUG    | baldaquin.buf:open:100 - Opening output file /home/lab1-student/baldaquindata/plasduino/0309_000096/0309_000096_data.txt {'mode': 'at', 'encoding': 'utf-8'}...
2026-03-12 16:04:14.520 | DEBUG    | baldaquin.buf:_write:285 - 1400 bytes written to disk.
2026-03-12 16:04:14.521 | DEBUG    | baldaquin.buf:open:104 - Ouput file /home/lab1-student/baldaquindata/plasduino/0309_000096/0309_000096_data.txt closed.
2026-03-12 16:04:14.521 | DEBUG    | baldaquin.buf:open:100 - Opening output file /home/lab1-student/baldaquindata/plasduino/0309_000097/0309_000097_data.txt {'mode': 'at', 'encoding': 'utf-8'}...
2026-03-12 16:04:14.521 | DEBUG    | baldaquin.buf:_write:285 - 1400 bytes written to disk.
2026-03-12 16:04:14.531 | DEBUG    | baldaquin.buf:open:104 - Ouput file /home/lab1-student/baldaquindata/plasduino/0309_000097/0309_000097_data.txt closed.
2026-03-12 16:04:14.531 | DEBUG    | baldaquin.buf:open:100 - Opening output file /home/lab1-student/baldaquindata/plasduino/0309_000098/0309_000098_data.txt {'mode': 'at', 'encoding': 'utf-8'}...
2026-03-12 16:04:14.532 | DEBUG    | baldaquin.buf:_write:285 - 1400 bytes written to disk.
2026-03-12 16:04:14.533 | DEBUG    | baldaquin.buf:open:104 - Ouput file /home/lab1-student/baldaquindata/plasduino/0309_000098/0309_000098_data.txt closed.
2026-03-12 16:04:14.533 | DEBUG    | baldaquin.buf:open:100 - Opening output file /home/lab1-student/baldaquindata/plasduino/0309_000099/0309_000099_data.txt {'mode': 'at', 'encoding': 'utf-8'}...
2026-03-12 16:04:14.536 | DEBUG    | baldaquin.buf:_write:285 - 1400 bytes written to disk.
2026-03-12 16:04:14.546 | DEBUG    | baldaquin.buf:open:104 - Ouput file /home/lab1-student/baldaquindata/plasduino/0309_000099/0309_000099_data.txt closed.
2026-03-12 16:04:14.547 | DEBUG    | baldaquin.buf:open:100 - Opening output file /home/lab1-student/baldaquindata/plasduino/0309_000100/0309_000100_data.txt {'mode': 'at', 'encoding': 'utf-8'}...
2026-03-12 16:04:14.575 | DEBUG    | baldaquin.buf:_write:285 - 1400 bytes written to disk.
2026-03-12 16:04:14.577 | DEBUG    | baldaquin.buf:open:104 - Ouput file /home/lab1-student/baldaquindata/plasduino/0309_000100/0309_000100_data.txt closed.
2026-03-12 16:04:14.577 | DEBUG    | baldaquin.buf:open:100 - Opening output file /home/lab1-student/baldaquindata/plasduino/0309_000101/0309_000101_data.txt {'mode': 'at', 'encoding': 'utf-8'}...
2026-03-12 16:04:14.582 | DEBUG    | baldaquin.buf:_write:285 - 1400 bytes written to disk.
2026-03-12 16:04:14.590 | DEBUG    | baldaquin.buf:open:104 - Ouput file /home/lab1-student/baldaquindata/plasduino/0309_000101/0309_000101_data.txt closed.
2026-03-12 16:04:14.590 | DEBUG    | baldaquin.buf:open:100 - Opening output file /home/lab1-student/baldaquindata/plasduino/0309_000102/0309_000102_data.txt {'mode': 'at', 'encoding': 'utf-8'}...
2026-03-12 16:04:14.591 | DEBUG    | baldaquin.buf:_write:285 - 1400 bytes written to disk.
2026-03-12 16:04:14.612 | DEBUG    | baldaquin.buf:open:104 - Ouput file /home/lab1-student/baldaquindata/plasduino/0309_000102/0309_000102_data.txt closed.
2026-03-12 16:04:14.613 | DEBUG    | baldaquin.buf:open:100 - Opening output file /home/lab1-student/baldaquindata/plasduino/0309_000103/0309_000103_data.txt {'mode': 'at', 'encoding': 'utf-8'}...
2026-03-12 16:04:14.614 | DEBUG    | baldaquin.buf:_write:285 - 1400 bytes written to disk.
2026-03-12 16:04:14.616 | DEBUG    | baldaquin.buf:open:104 - Ouput file /home/lab1-student/baldaquindata/plasduino/0309_000103/0309_000103_data.txt closed.
2026-03-12 16:04:14.616 | DEBUG    | baldaquin.buf:open:100 - Opening output file /home/lab1-student/baldaquindata/plasduino/0309_000104/0309_000104_data.txt {'mode': 'at', 'encoding': 'utf-8'}...
2026-03-12 16:04:14.618 | DEBUG    | baldaquin.buf:_write:285 - 1400 bytes written to disk.
2026-03-12 16:04:14.618 | DEBUG    | baldaquin.buf:open:104 - Ouput file /home/lab1-student/baldaquindata/plasduino/0309_000104/0309_000104_data.txt closed.
2026-03-12 16:04:14.619 | DEBUG    | baldaquin.buf:open:100 - Opening output file /home/lab1-student/baldaquindata/plasduino/0309_000104/0309_000104_data.dat {'mode': 'ab'}...
2026-03-12 16:04:14.621 | DEBUG    | baldaquin.buf:_pop_and_write_raw:259 - 800 bytes written to disk.
2026-03-12 16:04:14.621 | DEBUG    | baldaquin.buf:open:104 - Ouput file /home/lab1-student/baldaquindata/plasduino/0309_000104/0309_000104_data.dat closed.
2026-03-12 16:04:14.622 | INFO     | baldaquin.buf:flush:318 - 27400 bytes (800 raw bytes) written to disk.
2026-03-12 16:04:14.622 | DEBUG    | baldaquin.profile:wrap:32 - Running time for flush(): 0.156300 s
2026-03-12 16:04:17.002 | INFO     | baldaquin.buf:flush:309 - 100 packets ready to be written out...
2026-03-12 16:04:17.003 | DEBUG    | baldaquin.buf:open:100 - Opening output file /home/lab1-student/baldaquindata/plasduino/0309_000086/0309_000086_data.txt {'mode': 'at', 'encoding': 'utf-8'}...
2026-03-12 16:04:17.004 | DEBUG    | baldaquin.buf:_write:285 - 1407 bytes written to disk.
2026-03-12 16:04:17.005 | DEBUG    | baldaquin.buf:open:104 - Ouput file /home/lab1-student/baldaquindata/plasduino/0309_000086/0309_000086_data.txt closed.
2026-03-12 16:04:17.005 | DEBUG    | baldaquin.buf:open:100 - Opening output file /home/lab1-student/baldaquindata/plasduino/0309_000087/0309_000087_data.txt {'mode': 'at', 'encoding': 'utf-8'}...
2026-03-12 16:04:17.005 | DEBUG    | baldaquin.buf:_write:285 - 1407 bytes written to disk.
2026-03-12 16:04:17.005 | DEBUG    | baldaquin.buf:open:104 - Ouput file /home/lab1-student/baldaquindata/plasduino/0309_000087/0309_000087_data.txt closed.
2026-03-12 16:04:17.005 | DEBUG    | baldaquin.buf:open:100 - Opening output file /home/lab1-student/baldaquindata/plasduino/0309_000088/0309_000088_data.txt {'mode': 'at', 'encoding': 'utf-8'}...
2026-03-12 16:04:17.006 | DEBUG    | baldaquin.buf:_write:285 - 1407 bytes written to disk.
2026-03-12 16:04:17.013 | DEBUG    | baldaquin.buf:open:104 - Ouput file /home/lab1-student/baldaquindata/plasduino/0309_000088/0309_000088_data.txt closed.
2026-03-12 16:04:17.014 | DEBUG    | baldaquin.buf:open:100 - Opening output file /home/lab1-student/baldaquindata/plasduino/0309_000089/0309_000089_data.txt {'mode': 'at', 'encoding': 'utf-8'}...
2026-03-12 16:04:17.014 | DEBUG    | baldaquin.buf:_write:285 - 1407 bytes written to disk.
2026-03-12 16:04:17.014 | DEBUG    | baldaquin.buf:open:104 - Ouput file /home/lab1-student/baldaquindata/plasduino/0309_000089/0309_000089_data.txt closed.
2026-03-12 16:04:17.015 | DEBUG    | baldaquin.buf:open:100 - Opening output file /home/lab1-student/baldaquindata/plasduino/0309_000090/0309_000090_data.txt {'mode': 'at', 'encoding': 'utf-8'}...
2026-03-12 16:04:17.015 | DEBUG    | baldaquin.buf:_write:285 - 1407 bytes written to disk.
2026-03-12 16:04:17.015 | DEBUG    | baldaquin.buf:open:104 - Ouput file /home/lab1-student/baldaquindata/plasduino/0309_000090/0309_000090_data.txt closed.
2026-03-12 16:04:17.016 | DEBUG    | baldaquin.buf:open:100 - Opening output file /home/lab1-student/baldaquindata/plasduino/0309_000091/0309_000091_data.txt {'mode': 'at', 'encoding': 'utf-8'}...
2026-03-12 16:04:17.016 | DEBUG    | baldaquin.buf:_write:285 - 1407 bytes written to disk.
2026-03-12 16:04:17.016 | DEBUG    | baldaquin.buf:open:104 - Ouput file /home/lab1-student/baldaquindata/plasduino/0309_000091/0309_000091_data.txt closed.
2026-03-12 16:04:17.016 | DEBUG    | baldaquin.buf:open:100 - Opening output file /home/lab1-student/baldaquindata/plasduino/0309_000092/0309_000092_data.txt {'mode': 'at', 'encoding': 'utf-8'}...
2026-03-12 16:04:17.017 | DEBUG    | baldaquin.buf:_write:285 - 1407 bytes written to disk.
2026-03-12 16:04:17.017 | DEBUG    | baldaquin.buf:open:104 - Ouput file /home/lab1-student/baldaquindata/plasduino/0309_000092/0309_000092_data.txt closed.
2026-03-12 16:04:17.017 | DEBUG    | baldaquin.buf:open:100 - Opening output file /home/lab1-student/baldaquindata/plasduino/0309_000093/0309_000093_data.txt {'mode': 'at', 'encoding': 'utf-8'}...
2026-03-12 16:04:17.018 | DEBUG    | baldaquin.buf:_write:285 - 1407 bytes written to disk.
2026-03-12 16:04:17.018 | DEBUG    | baldaquin.buf:open:104 - Ouput file /home/lab1-student/baldaquindata/plasduino/0309_000093/0309_000093_data.txt closed.
2026-03-12 16:04:17.018 | DEBUG    | baldaquin.buf:open:100 - Opening output file /home/lab1-student/baldaquindata/plasduino/0309_000094/0309_000094_data.txt {'mode': 'at', 'encoding': 'utf-8'}...
2026-03-12 16:04:17.019 | DEBUG    | baldaquin.buf:_write:285 - 1407 bytes written to disk.
2026-03-12 16:04:17.019 | DEBUG    | baldaquin.buf:open:104 - Ouput file /home/lab1-student/baldaquindata/plasduino/0309_000094/0309_000094_data.txt closed.
2026-03-12 16:04:17.019 | DEBUG    | baldaquin.buf:open:100 - Opening output file /home/lab1-student/baldaquindata/plasduino/0309_000095/0309_000095_data.txt {'mode': 'at', 'encoding': 'utf-8'}...
2026-03-12 16:04:17.019 | DEBUG    | baldaquin.buf:_write:285 - 1407 bytes written to disk.
2026-03-12 16:04:17.019 | DEBUG    | baldaquin.buf:open:104 - Ouput file /home/lab1-student/baldaquindata/plasduino/0309_000095/0309_000095_data.txt closed.
2026-03-12 16:04:17.019 | DEBUG    | baldaquin.buf:open:100 - Opening output file /home/lab1-student/baldaquindata/plasduino/0309_000096/0309_000096_data.txt {'mode': 'at', 'encoding': 'utf-8'}...
2026-03-12 16:04:17.020 | DEBUG    | baldaquin.buf:_write:285 - 1407 bytes written to disk.
2026-03-12 16:04:17.020 | DEBUG    | baldaquin.buf:open:104 - Ouput file /home/lab1-student/baldaquindata/plasduino/0309_000096/0309_000096_data.txt closed.
2026-03-12 16:04:17.020 | DEBUG    | baldaquin.buf:open:100 - Opening output file /home/lab1-student/baldaquindata/plasduino/0309_000097/0309_000097_data.txt {'mode': 'at', 'encoding': 'utf-8'}...
2026-03-12 16:04:17.021 | DEBUG    | baldaquin.buf:_write:285 - 1407 bytes written to disk.
2026-03-12 16:04:17.021 | DEBUG    | baldaquin.buf:open:104 - Ouput file /home/lab1-student/baldaquindata/plasduino/0309_000097/0309_000097_data.txt closed.
2026-03-12 16:04:17.021 | DEBUG    | baldaquin.buf:open:100 - Opening output file /home/lab1-student/baldaquindata/plasduino/0309_000098/0309_000098_data.txt {'mode': 'at', 'encoding': 'utf-8'}...
2026-03-12 16:04:17.021 | DEBUG    | baldaquin.buf:_write:285 - 1407 bytes written to disk.
2026-03-12 16:04:17.021 | DEBUG    | baldaquin.buf:open:104 - Ouput file /home/lab1-student/baldaquindata/plasduino/0309_000098/0309_000098_data.txt closed.
2026-03-12 16:04:17.021 | DEBUG    | baldaquin.buf:open:100 - Opening output file /home/lab1-student/baldaquindata/plasduino/0309_000099/0309_000099_data.txt {'mode': 'at', 'encoding': 'utf-8'}...
2026-03-12 16:04:17.022 | DEBUG    | baldaquin.buf:_write:285 - 1407 bytes written to disk.
2026-03-12 16:04:17.022 | DEBUG    | baldaquin.buf:open:104 - Ouput file /home/lab1-student/baldaquindata/plasduino/0309_000099/0309_000099_data.txt closed.
2026-03-12 16:04:17.022 | DEBUG    | baldaquin.buf:open:100 - Opening output file /home/lab1-student/baldaquindata/plasduino/0309_000100/0309_000100_data.txt {'mode': 'at', 'encoding': 'utf-8'}...
2026-03-12 16:04:17.023 | DEBUG    | baldaquin.buf:_write:285 - 1407 bytes written to disk.
2026-03-12 16:04:17.047 | DEBUG    | baldaquin.buf:open:104 - Ouput file /home/lab1-student/baldaquindata/plasduino/0309_000100/0309_000100_data.txt closed.
2026-03-12 16:04:17.057 | DEBUG    | baldaquin.buf:open:100 - Opening output file /home/lab1-student/baldaquindata/plasduino/0309_000101/0309_000101_data.txt {'mode': 'at', 'encoding': 'utf-8'}...
2026-03-12 16:04:17.065 | DEBUG    | baldaquin.buf:_write:285 - 1407 bytes written to disk.
2026-03-12 16:04:17.066 | DEBUG    | baldaquin.buf:open:104 - Ouput file /home/lab1-student/baldaquindata/plasduino/0309_000101/0309_000101_data.txt closed.
2026-03-12 16:04:17.066 | DEBUG    | baldaquin.buf:open:100 - Opening output file /home/lab1-student/baldaquindata/plasduino/0309_000102/0309_000102_data.txt {'mode': 'at', 'encoding': 'utf-8'}...
2026-03-12 16:04:17.079 | DEBUG    | baldaquin.buf:_write:285 - 1407 bytes written to disk.
2026-03-12 16:04:17.094 | DEBUG    | baldaquin.buf:open:104 - Ouput file /home/lab1-student/baldaquindata/plasduino/0309_000102/0309_000102_data.txt closed.
2026-03-12 16:04:17.097 | DEBUG    | baldaquin.buf:open:100 - Opening output file /home/lab1-student/baldaquindata/plasduino/0309_000103/0309_000103_data.txt {'mode': 'at', 'encoding': 'utf-8'}...
2026-03-12 16:04:17.099 | DEBUG    | baldaquin.buf:_write:285 - 1407 bytes written to disk.
2026-03-12 16:04:17.101 | DEBUG    | baldaquin.buf:open:104 - Ouput file /home/lab1-student/baldaquindata/plasduino/0309_000103/0309_000103_data.txt closed.
2026-03-12 16:04:17.101 | DEBUG    | baldaquin.buf:open:100 - Opening output file /home/lab1-student/baldaquindata/plasduino/0309_000104/0309_000104_data.txt {'mode': 'at', 'encoding': 'utf-8'}...
2026-03-12 16:04:17.108 | DEBUG    | baldaquin.buf:_write:285 - 1407 bytes written to disk.
2026-03-12 16:04:17.109 | DEBUG    | baldaquin.buf:open:104 - Ouput file /home/lab1-student/baldaquindata/plasduino/0309_000104/0309_000104_data.txt closed.
2026-03-12 16:04:17.109 | DEBUG    | baldaquin.buf:open:100 - Opening output file /home/lab1-student/baldaquindata/plasduino/0309_000104/0309_000104_data.dat {'mode': 'ab'}...
2026-03-12 16:04:17.109 | DEBUG    | baldaquin.buf:_pop_and_write_raw:259 - 800 bytes written to disk.
2026-03-12 16:04:17.110 | DEBUG    | baldaquin.buf:open:104 - Ouput file /home/lab1-student/baldaquindata/plasduino/0309_000104/0309_000104_data.dat closed.
2026-03-12 16:04:17.110 | INFO     | baldaquin.buf:flush:318 - 27533 bytes (800 raw bytes) written to disk.
2026-03-12 16:04:17.110 | DEBUG    | baldaquin.profile:wrap:32 - Running time for flush(): 0.108243 s
2026-03-12 16:04:19.547 | INFO     | baldaquin.buf:flush:309 - 100 packets ready to be written out...
2026-03-12 16:04:19.562 | DEBUG    | baldaquin.buf:open:100 - Opening output file /home/lab1-student/baldaquindata/plasduino/0309_000086/0309_000086_data.txt {'mode': 'at', 'encoding': 'utf-8'}...
2026-03-12 16:04:19.568 | DEBUG    | baldaquin.buf:_write:285 - 1500 bytes written to disk.
2026-03-12 16:04:19.568 | DEBUG    | baldaquin.buf:open:104 - Ouput file /home/lab1-student/baldaquindata/plasduino/0309_000086/0309_000086_data.txt closed.
2026-03-12 16:04:19.569 | DEBUG    | baldaquin.buf:open:100 - Opening output file /home/lab1-student/baldaquindata/plasduino/0309_000087/0309_000087_data.txt {'mode': 'at', 'encoding': 'utf-8'}...
2026-03-12 16:04:19.569 | DEBUG    | baldaquin.buf:_write:285 - 1500 bytes written to disk.
2026-03-12 16:04:19.569 | DEBUG    | baldaquin.buf:open:104 - Ouput file /home/lab1-student/baldaquindata/plasduino/0309_000087/0309_000087_data.txt closed.
2026-03-12 16:04:19.570 | DEBUG    | baldaquin.buf:open:100 - Opening output file /home/lab1-student/baldaquindata/plasduino/0309_000088/0309_000088_data.txt {'mode': 'at', 'encoding': 'utf-8'}...
2026-03-12 16:04:19.586 | DEBUG    | baldaquin.buf:_write:285 - 1500 bytes written to disk.
2026-03-12 16:04:19.596 | DEBUG    | baldaquin.buf:open:104 - Ouput file /home/lab1-student/baldaquindata/plasduino/0309_000088/0309_000088_data.txt closed.
2026-03-12 16:04:19.596 | DEBUG    | baldaquin.buf:open:100 - Opening output file /home/lab1-student/baldaquindata/plasduino/0309_000089/0309_000089_data.txt {'mode': 'at', 'encoding': 'utf-8'}...
2026-03-12 16:04:19.601 | DEBUG    | baldaquin.buf:_write:285 - 1500 bytes written to disk.
2026-03-12 16:04:19.601 | DEBUG    | baldaquin.buf:open:104 - Ouput file /home/lab1-student/baldaquindata/plasduino/0309_000089/0309_000089_data.txt closed.
2026-03-12 16:04:19.601 | DEBUG    | baldaquin.buf:open:100 - Opening output file /home/lab1-student/baldaquindata/plasduino/0309_000090/0309_000090_data.txt {'mode': 'at', 'encoding': 'utf-8'}...
2026-03-12 16:04:19.609 | DEBUG    | baldaquin.buf:_write:285 - 1500 bytes written to disk.
2026-03-12 16:04:19.619 | DEBUG    | baldaquin.buf:open:104 - Ouput file /home/lab1-student/baldaquindata/plasduino/0309_000090/0309_000090_data.txt closed.
2026-03-12 16:04:19.619 | DEBUG    | baldaquin.buf:open:100 - Opening output file /home/lab1-student/baldaquindata/plasduino/0309_000091/0309_000091_data.txt {'mode': 'at', 'encoding': 'utf-8'}...
2026-03-12 16:04:19.620 | DEBUG    | baldaquin.buf:_write:285 - 1500 bytes written to disk.
2026-03-12 16:04:19.620 | DEBUG    | baldaquin.buf:open:104 - Ouput file /home/lab1-student/baldaquindata/plasduino/0309_000091/0309_000091_data.txt closed.
2026-03-12 16:04:19.621 | DEBUG    | baldaquin.buf:open:100 - Opening output file /home/lab1-student/baldaquindata/plasduino/0309_000092/0309_000092_data.txt {'mode': 'at', 'encoding': 'utf-8'}...
2026-03-12 16:04:19.628 | DEBUG    | baldaquin.buf:_write:285 - 1500 bytes written to disk.
2026-03-12 16:04:19.651 | DEBUG    | baldaquin.buf:open:104 - Ouput file /home/lab1-student/baldaquindata/plasduino/0309_000092/0309_000092_data.txt closed.
2026-03-12 16:04:19.656 | DEBUG    | baldaquin.buf:open:100 - Opening output file /home/lab1-student/baldaquindata/plasduino/0309_000093/0309_000093_data.txt {'mode': 'at', 'encoding': 'utf-8'}...
2026-03-12 16:04:19.677 | DEBUG    | baldaquin.buf:_write:285 - 1500 bytes written to disk.
2026-03-12 16:04:19.677 | DEBUG    | baldaquin.buf:open:104 - Ouput file /home/lab1-student/baldaquindata/plasduino/0309_000093/0309_000093_data.txt closed.
2026-03-12 16:04:19.683 | DEBUG    | baldaquin.buf:open:100 - Opening output file /home/lab1-student/baldaquindata/plasduino/0309_000094/0309_000094_data.txt {'mode': 'at', 'encoding': 'utf-8'}...
2026-03-12 16:04:19.692 | DEBUG    | baldaquin.buf:_write:285 - 1500 bytes written to disk.
2026-03-12 16:04:19.702 | DEBUG    | baldaquin.buf:open:104 - Ouput file /home/lab1-student/baldaquindata/plasduino/0309_000094/0309_000094_data.txt closed.
2026-03-12 16:04:19.703 | DEBUG    | baldaquin.buf:open:100 - Opening output file /home/lab1-student/baldaquindata/plasduino/0309_000095/0309_000095_data.txt {'mode': 'at', 'encoding': 'utf-8'}...
2026-03-12 16:04:19.706 | DEBUG    | baldaquin.buf:_write:285 - 1500 bytes written to disk.
2026-03-12 16:04:19.709 | DEBUG    | baldaquin.buf:open:104 - Ouput file /home/lab1-student/baldaquindata/plasduino/0309_000095/0309_000095_data.txt closed.
2026-03-12 16:04:19.710 | DEBUG    | baldaquin.buf:open:100 - Opening output file /home/lab1-student/baldaquindata/plasduino/0309_000096/0309_000096_data.txt {'mode': 'at', 'encoding': 'utf-8'}...
2026-03-12 16:04:19.715 | DEBUG    | baldaquin.buf:_write:285 - 1500 bytes written to disk.
2026-03-12 16:04:19.715 | DEBUG    | baldaquin.buf:open:104 - Ouput file /home/lab1-student/baldaquindata/plasduino/0309_000096/0309_000096_data.txt closed.
2026-03-12 16:04:19.721 | DEBUG    | baldaquin.buf:open:100 - Opening output file /home/lab1-student/baldaquindata/plasduino/0309_000097/0309_000097_data.txt {'mode': 'at', 'encoding': 'utf-8'}...
2026-03-12 16:04:19.721 | DEBUG    | baldaquin.buf:_write:285 - 1500 bytes written to disk.
2026-03-12 16:04:19.722 | DEBUG    | baldaquin.buf:open:104 - Ouput file /home/lab1-student/baldaquindata/plasduino/0309_000097/0309_000097_data.txt closed.
2026-03-12 16:04:19.722 | DEBUG    | baldaquin.buf:open:100 - Opening output file /home/lab1-student/baldaquindata/plasduino/0309_000098/0309_000098_data.txt {'mode': 'at', 'encoding': 'utf-8'}...
2026-03-12 16:04:19.722 | DEBUG    | baldaquin.buf:_write:285 - 1500 bytes written to disk.
2026-03-12 16:04:19.722 | DEBUG    | baldaquin.buf:open:104 - Ouput file /home/lab1-student/baldaquindata/plasduino/0309_000098/0309_000098_data.txt closed.
2026-03-12 16:04:19.723 | DEBUG    | baldaquin.buf:open:100 - Opening output file /home/lab1-student/baldaquindata/plasduino/0309_000099/0309_000099_data.txt {'mode': 'at', 'encoding': 'utf-8'}...
2026-03-12 16:04:19.734 | DEBUG    | baldaquin.buf:_write:285 - 1500 bytes written to disk.
2026-03-12 16:04:19.734 | DEBUG    | baldaquin.buf:open:104 - Ouput file /home/lab1-student/baldaquindata/plasduino/0309_000099/0309_000099_data.txt closed.
2026-03-12 16:04:19.735 | DEBUG    | baldaquin.buf:open:100 - Opening output file /home/lab1-student/baldaquindata/plasduino/0309_000100/0309_000100_data.txt {'mode': 'at', 'encoding': 'utf-8'}...
2026-03-12 16:04:19.736 | DEBUG    | baldaquin.buf:_write:285 - 1500 bytes written to disk.
2026-03-12 16:04:19.736 | DEBUG    | baldaquin.buf:open:104 - Ouput file /home/lab1-student/baldaquindata/plasduino/0309_000100/0309_000100_data.txt closed.
2026-03-12 16:04:19.736 | DEBUG    | baldaquin.buf:open:100 - Opening output file /home/lab1-student/baldaquindata/plasduino/0309_000101/0309_000101_data.txt {'mode': 'at', 'encoding': 'utf-8'}...
2026-03-12 16:04:19.737 | DEBUG    | baldaquin.buf:_write:285 - 1500 bytes written to disk.
2026-03-12 16:04:19.738 | DEBUG    | baldaquin.buf:open:104 - Ouput file /home/lab1-student/baldaquindata/plasduino/0309_000101/0309_000101_data.txt closed.
2026-03-12 16:04:19.738 | DEBUG    | baldaquin.buf:open:100 - Opening output file /home/lab1-student/baldaquindata/plasduino/0309_000102/0309_000102_data.txt {'mode': 'at', 'encoding': 'utf-8'}...
2026-03-12 16:04:19.738 | DEBUG    | baldaquin.buf:_write:285 - 1500 bytes written to disk.
2026-03-12 16:04:19.739 | DEBUG    | baldaquin.buf:open:104 - Ouput file /home/lab1-student/baldaquindata/plasduino/0309_000102/0309_000102_data.txt closed.
2026-03-12 16:04:19.739 | DEBUG    | baldaquin.buf:open:100 - Opening output file /home/lab1-student/baldaquindata/plasduino/0309_000103/0309_000103_data.txt {'mode': 'at', 'encoding': 'utf-8'}...
2026-03-12 16:04:19.739 | DEBUG    | baldaquin.buf:_write:285 - 1500 bytes written to disk.
2026-03-12 16:04:19.758 | DEBUG    | baldaquin.buf:open:104 - Ouput file /home/lab1-student/baldaquindata/plasduino/0309_000103/0309_000103_data.txt closed.
2026-03-12 16:04:19.758 | DEBUG    | baldaquin.buf:open:100 - Opening output file /home/lab1-student/baldaquindata/plasduino/0309_000104/0309_000104_data.txt {'mode': 'at', 'encoding': 'utf-8'}...
2026-03-12 16:04:19.776 | DEBUG    | baldaquin.buf:_write:285 - 1500 bytes written to disk.
2026-03-12 16:04:19.787 | DEBUG    | baldaquin.buf:open:104 - Ouput file /home/lab1-student/baldaquindata/plasduino/0309_000104/0309_000104_data.txt closed.
2026-03-12 16:04:19.788 | DEBUG    | baldaquin.buf:open:100 - Opening output file /home/lab1-student/baldaquindata/plasduino/0309_000104/0309_000104_data.dat {'mode': 'ab'}...
2026-03-12 16:04:19.802 | DEBUG    | baldaquin.buf:_pop_and_write_raw:259 - 800 bytes written to disk.
2026-03-12 16:04:19.821 | DEBUG    | baldaquin.buf:open:104 - Ouput file /home/lab1-student/baldaquindata/plasduino/0309_000104/0309_000104_data.dat closed.
2026-03-12 16:04:19.822 | INFO     | baldaquin.buf:flush:318 - 29300 bytes (800 raw bytes) written to disk.
2026-03-12 16:04:19.822 | DEBUG    | baldaquin.profile:wrap:32 - Running time for flush(): 0.274484 s
2026-03-12 16:04:22.081 | INFO     | baldaquin.buf:flush:309 - 100 packets ready to be written out...
2026-03-12 16:04:22.087 | DEBUG    | baldaquin.buf:open:100 - Opening output file /home/lab1-student/baldaquindata/plasduino/0309_000086/0309_000086_data.txt {'mode': 'at', 'encoding': 'utf-8'}...
2026-03-12 16:04:22.092 | DEBUG    | baldaquin.buf:_write:285 - 1500 bytes written to disk.
2026-03-12 16:04:22.093 | DEBUG    | baldaquin.buf:open:104 - Ouput file /home/lab1-student/baldaquindata/plasduino/0309_000086/0309_000086_data.txt closed.
2026-03-12 16:04:22.093 | DEBUG    | baldaquin.buf:open:100 - Opening output file /home/lab1-student/baldaquindata/plasduino/0309_000087/0309_000087_data.txt {'mode': 'at', 'encoding': 'utf-8'}...
2026-03-12 16:04:22.094 | DEBUG    | baldaquin.buf:_write:285 - 1500 bytes written to disk.
2026-03-12 16:04:22.095 | DEBUG    | baldaquin.buf:open:104 - Ouput file /home/lab1-student/baldaquindata/plasduino/0309_000087/0309_000087_data.txt closed.
2026-03-12 16:04:22.096 | DEBUG    | baldaquin.buf:open:100 - Opening output file /home/lab1-student/baldaquindata/plasduino/0309_000088/0309_000088_data.txt {'mode': 'at', 'encoding': 'utf-8'}...
2026-03-12 16:04:22.098 | DEBUG    | baldaquin.buf:_write:285 - 1500 bytes written to disk.
2026-03-12 16:04:22.100 | DEBUG    | baldaquin.buf:open:104 - Ouput file /home/lab1-student/baldaquindata/plasduino/0309_000088/0309_000088_data.txt closed.
2026-03-12 16:04:22.100 | DEBUG    | baldaquin.buf:open:100 - Opening output file /home/lab1-student/baldaquindata/plasduino/0309_000089/0309_000089_data.txt {'mode': 'at', 'encoding': 'utf-8'}...
2026-03-12 16:04:22.103 | DEBUG    | baldaquin.buf:_write:285 - 1500 bytes written to disk.
2026-03-12 16:04:22.103 | DEBUG    | baldaquin.buf:open:104 - Ouput file /home/lab1-student/baldaquindata/plasduino/0309_000089/0309_000089_data.txt closed.
2026-03-12 16:04:22.104 | DEBUG    | baldaquin.buf:open:100 - Opening output file /home/lab1-student/baldaquindata/plasduino/0309_000090/0309_000090_data.txt {'mode': 'at', 'encoding': 'utf-8'}...
2026-03-12 16:04:22.105 | DEBUG    | baldaquin.buf:_write:285 - 1500 bytes written to disk.
2026-03-12 16:04:22.105 | DEBUG    | baldaquin.buf:open:104 - Ouput file /home/lab1-student/baldaquindata/plasduino/0309_000090/0309_000090_data.txt closed.
2026-03-12 16:04:22.106 | DEBUG    | baldaquin.buf:open:100 - Opening output file /home/lab1-student/baldaquindata/plasduino/0309_000091/0309_000091_data.txt {'mode': 'at', 'encoding': 'utf-8'}...
2026-03-12 16:04:22.106 | DEBUG    | baldaquin.buf:_write:285 - 1500 bytes written to disk.
2026-03-12 16:04:22.106 | DEBUG    | baldaquin.buf:open:104 - Ouput file /home/lab1-student/baldaquindata/plasduino/0309_000091/0309_000091_data.txt closed.
2026-03-12 16:04:22.106 | DEBUG    | baldaquin.buf:open:100 - Opening output file /home/lab1-student/baldaquindata/plasduino/0309_000092/0309_000092_data.txt {'mode': 'at', 'encoding': 'utf-8'}...
2026-03-12 16:04:22.107 | DEBUG    | baldaquin.buf:_write:285 - 1500 bytes written to disk.
2026-03-12 16:04:22.107 | DEBUG    | baldaquin.buf:open:104 - Ouput file /home/lab1-student/baldaquindata/plasduino/0309_000092/0309_000092_data.txt closed.
2026-03-12 16:04:22.107 | DEBUG    | baldaquin.buf:open:100 - Opening output file /home/lab1-student/baldaquindata/plasduino/0309_000093/0309_000093_data.txt {'mode': 'at', 'encoding': 'utf-8'}...
2026-03-12 16:04:22.107 | DEBUG    | baldaquin.buf:_write:285 - 1500 bytes written to disk.
2026-03-12 16:04:22.108 | DEBUG    | baldaquin.buf:open:104 - Ouput file /home/lab1-student/baldaquindata/plasduino/0309_000093/0309_000093_data.txt closed.
2026-03-12 16:04:22.108 | DEBUG    | baldaquin.buf:open:100 - Opening output file /home/lab1-student/baldaquindata/plasduino/0309_000094/0309_000094_data.txt {'mode': 'at', 'encoding': 'utf-8'}...
2026-03-12 16:04:22.108 | DEBUG    | baldaquin.buf:_write:285 - 1500 bytes written to disk.
2026-03-12 16:04:22.109 | DEBUG    | baldaquin.buf:open:104 - Ouput file /home/lab1-student/baldaquindata/plasduino/0309_000094/0309_000094_data.txt closed.
2026-03-12 16:04:22.109 | DEBUG    | baldaquin.buf:open:100 - Opening output file /home/lab1-student/baldaquindata/plasduino/0309_000095/0309_000095_data.txt {'mode': 'at', 'encoding': 'utf-8'}...
2026-03-12 16:04:22.115 | DEBUG    | baldaquin.buf:_write:285 - 1500 bytes written to disk.
2026-03-12 16:04:22.116 | DEBUG    | baldaquin.buf:open:104 - Ouput file /home/lab1-student/baldaquindata/plasduino/0309_000095/0309_000095_data.txt closed.
2026-03-12 16:04:22.116 | DEBUG    | baldaquin.buf:open:100 - Opening output file /home/lab1-student/baldaquindata/plasduino/0309_000096/0309_000096_data.txt {'mode': 'at', 'encoding': 'utf-8'}...
2026-03-12 16:04:22.116 | DEBUG    | baldaquin.buf:_write:285 - 1500 bytes written to disk.
2026-03-12 16:04:22.117 | DEBUG    | baldaquin.buf:open:104 - Ouput file /home/lab1-student/baldaquindata/plasduino/0309_000096/0309_000096_data.txt closed.
2026-03-12 16:04:22.117 | DEBUG    | baldaquin.buf:open:100 - Opening output file /home/lab1-student/baldaquindata/plasduino/0309_000097/0309_000097_data.txt {'mode': 'at', 'encoding': 'utf-8'}...
2026-03-12 16:04:22.117 | DEBUG    | baldaquin.buf:_write:285 - 1500 bytes written to disk.
2026-03-12 16:04:22.117 | DEBUG    | baldaquin.buf:open:104 - Ouput file /home/lab1-student/baldaquindata/plasduino/0309_000097/0309_000097_data.txt closed.
2026-03-12 16:04:22.118 | DEBUG    | baldaquin.buf:open:100 - Opening output file /home/lab1-student/baldaquindata/plasduino/0309_000098/0309_000098_data.txt {'mode': 'at', 'encoding': 'utf-8'}...
2026-03-12 16:04:22.118 | DEBUG    | baldaquin.buf:_write:285 - 1500 bytes written to disk.
2026-03-12 16:04:22.118 | DEBUG    | baldaquin.buf:open:104 - Ouput file /home/lab1-student/baldaquindata/plasduino/0309_000098/0309_000098_data.txt closed.
2026-03-12 16:04:22.118 | DEBUG    | baldaquin.buf:open:100 - Opening output file /home/lab1-student/baldaquindata/plasduino/0309_000099/0309_000099_data.txt {'mode': 'at', 'encoding': 'utf-8'}...
2026-03-12 16:04:22.130 | DEBUG    | baldaquin.buf:_write:285 - 1500 bytes written to disk.
2026-03-12 16:04:22.131 | DEBUG    | baldaquin.buf:open:104 - Ouput file /home/lab1-student/baldaquindata/plasduino/0309_000099/0309_000099_data.txt closed.
2026-03-12 16:04:22.131 | DEBUG    | baldaquin.buf:open:100 - Opening output file /home/lab1-student/baldaquindata/plasduino/0309_000100/0309_000100_data.txt {'mode': 'at', 'encoding': 'utf-8'}...
2026-03-12 16:04:22.132 | DEBUG    | baldaquin.buf:_write:285 - 1500 bytes written to disk.
2026-03-12 16:04:22.132 | DEBUG    | baldaquin.buf:open:104 - Ouput file /home/lab1-student/baldaquindata/plasduino/0309_000100/0309_000100_data.txt closed.
2026-03-12 16:04:22.133 | DEBUG    | baldaquin.buf:open:100 - Opening output file /home/lab1-student/baldaquindata/plasduino/0309_000101/0309_000101_data.txt {'mode': 'at', 'encoding': 'utf-8'}...
2026-03-12 16:04:22.133 | DEBUG    | baldaquin.buf:_write:285 - 1500 bytes written to disk.
2026-03-12 16:04:22.141 | DEBUG    | baldaquin.buf:open:104 - Ouput file /home/lab1-student/baldaquindata/plasduino/0309_000101/0309_000101_data.txt closed.
2026-03-12 16:04:22.141 | DEBUG    | baldaquin.buf:open:100 - Opening output file /home/lab1-student/baldaquindata/plasduino/0309_000102/0309_000102_data.txt {'mode': 'at', 'encoding': 'utf-8'}...
2026-03-12 16:04:22.142 | DEBUG    | baldaquin.buf:_write:285 - 1500 bytes written to disk.
2026-03-12 16:04:22.142 | DEBUG    | baldaquin.buf:open:104 - Ouput file /home/lab1-student/baldaquindata/plasduino/0309_000102/0309_000102_data.txt closed.
2026-03-12 16:04:22.142 | DEBUG    | baldaquin.buf:open:100 - Opening output file /home/lab1-student/baldaquindata/plasduino/0309_000103/0309_000103_data.txt {'mode': 'at', 'encoding': 'utf-8'}...
2026-03-12 16:04:22.143 | DEBUG    | baldaquin.buf:_write:285 - 1500 bytes written to disk.
2026-03-12 16:04:22.165 | DEBUG    | baldaquin.buf:open:104 - Ouput file /home/lab1-student/baldaquindata/plasduino/0309_000103/0309_000103_data.txt closed.
2026-03-12 16:04:22.173 | DEBUG    | baldaquin.buf:open:100 - Opening output file /home/lab1-student/baldaquindata/plasduino/0309_000104/0309_000104_data.txt {'mode': 'at', 'encoding': 'utf-8'}...
2026-03-12 16:04:22.173 | DEBUG    | baldaquin.buf:_write:285 - 1500 bytes written to disk.
2026-03-12 16:04:22.174 | DEBUG    | baldaquin.buf:open:104 - Ouput file /home/lab1-student/baldaquindata/plasduino/0309_000104/0309_000104_data.txt closed.
2026-03-12 16:04:22.174 | DEBUG    | baldaquin.buf:open:100 - Opening output file /home/lab1-student/baldaquindata/plasduino/0309_000104/0309_000104_data.dat {'mode': 'ab'}...
2026-03-12 16:04:22.174 | DEBUG    | baldaquin.buf:_pop_and_write_raw:259 - 800 bytes written to disk.
2026-03-12 16:04:22.174 | DEBUG    | baldaquin.buf:open:104 - Ouput file /home/lab1-student/baldaquindata/plasduino/0309_000104/0309_000104_data.dat closed.
2026-03-12 16:04:22.174 | INFO     | baldaquin.buf:flush:318 - 29300 bytes (800 raw bytes) written to disk.
2026-03-12 16:04:22.174 | DEBUG    | baldaquin.profile:wrap:32 - Running time for flush(): 0.093195 s
2026-03-12 16:04:24.609 | INFO     | baldaquin.buf:flush:309 - 100 packets ready to be written out...
2026-03-12 16:04:24.609 | DEBUG    | baldaquin.buf:open:100 - Opening output file /home/lab1-student/baldaquindata/plasduino/0309_000086/0309_000086_data.txt {'mode': 'at', 'encoding': 'utf-8'}...
2026-03-12 16:04:24.612 | DEBUG    | baldaquin.buf:_write:285 - 1500 bytes written to disk.
2026-03-12 16:04:24.617 | DEBUG    | baldaquin.buf:open:104 - Ouput file /home/lab1-student/baldaquindata/plasduino/0309_000086/0309_000086_data.txt closed.
2026-03-12 16:04:24.617 | DEBUG    | baldaquin.buf:open:100 - Opening output file /home/lab1-student/baldaquindata/plasduino/0309_000087/0309_000087_data.txt {'mode': 'at', 'encoding': 'utf-8'}...
2026-03-12 16:04:24.620 | DEBUG    | baldaquin.buf:_write:285 - 1500 bytes written to disk.
2026-03-12 16:04:24.620 | DEBUG    | baldaquin.buf:open:104 - Ouput file /home/lab1-student/baldaquindata/plasduino/0309_000087/0309_000087_data.txt closed.
2026-03-12 16:04:24.620 | DEBUG    | baldaquin.buf:open:100 - Opening output file /home/lab1-student/baldaquindata/plasduino/0309_000088/0309_000088_data.txt {'mode': 'at', 'encoding': 'utf-8'}...
2026-03-12 16:04:24.621 | DEBUG    | baldaquin.buf:_write:285 - 1500 bytes written to disk.
2026-03-12 16:04:24.621 | DEBUG    | baldaquin.buf:open:104 - Ouput file /home/lab1-student/baldaquindata/plasduino/0309_000088/0309_000088_data.txt closed.
2026-03-12 16:04:24.621 | DEBUG    | baldaquin.buf:open:100 - Opening output file /home/lab1-student/baldaquindata/plasduino/0309_000089/0309_000089_data.txt {'mode': 'at', 'encoding': 'utf-8'}...
2026-03-12 16:04:24.622 | DEBUG    | baldaquin.buf:_write:285 - 1500 bytes written to disk.
2026-03-12 16:04:24.643 | DEBUG    | baldaquin.buf:open:104 - Ouput file /home/lab1-student/baldaquindata/plasduino/0309_000089/0309_000089_data.txt closed.
2026-03-12 16:04:24.649 | DEBUG    | baldaquin.buf:open:100 - Opening output file /home/lab1-student/baldaquindata/plasduino/0309_000090/0309_000090_data.txt {'mode': 'at', 'encoding': 'utf-8'}...
2026-03-12 16:04:24.656 | DEBUG    | baldaquin.buf:_write:285 - 1500 bytes written to disk.
2026-03-12 16:04:24.657 | DEBUG    | baldaquin.buf:open:104 - Ouput file /home/lab1-student/baldaquindata/plasduino/0309_000090/0309_000090_data.txt closed.
2026-03-12 16:04:24.657 | DEBUG    | baldaquin.buf:open:100 - Opening output file /home/lab1-student/baldaquindata/plasduino/0309_000091/0309_000091_data.txt {'mode': 'at', 'encoding': 'utf-8'}...
2026-03-12 16:04:24.658 | DEBUG    | baldaquin.buf:_write:285 - 1500 bytes written to disk.
2026-03-12 16:04:24.658 | DEBUG    | baldaquin.buf:open:104 - Ouput file /home/lab1-student/baldaquindata/plasduino/0309_000091/0309_000091_data.txt closed.
2026-03-12 16:04:24.658 | DEBUG    | baldaquin.buf:open:100 - Opening output file /home/lab1-student/baldaquindata/plasduino/0309_000092/0309_000092_data.txt {'mode': 'at', 'encoding': 'utf-8'}...
2026-03-12 16:04:24.659 | DEBUG    | baldaquin.buf:_write:285 - 1500 bytes written to disk.
2026-03-12 16:04:24.659 | DEBUG    | baldaquin.buf:open:104 - Ouput file /home/lab1-student/baldaquindata/plasduino/0309_000092/0309_000092_data.txt closed.
2026-03-12 16:04:24.659 | DEBUG    | baldaquin.buf:open:100 - Opening output file /home/lab1-student/baldaquindata/plasduino/0309_000093/0309_000093_data.txt {'mode': 'at', 'encoding': 'utf-8'}...
2026-03-12 16:04:24.664 | DEBUG    | baldaquin.buf:_write:285 - 1500 bytes written to disk.
2026-03-12 16:04:24.664 | DEBUG    | baldaquin.buf:open:104 - Ouput file /home/lab1-student/baldaquindata/plasduino/0309_000093/0309_000093_data.txt closed.
2026-03-12 16:04:24.665 | DEBUG    | baldaquin.buf:open:100 - Opening output file /home/lab1-student/baldaquindata/plasduino/0309_000094/0309_000094_data.txt {'mode': 'at', 'encoding': 'utf-8'}...
2026-03-12 16:04:24.667 | DEBUG    | baldaquin.buf:_write:285 - 1500 bytes written to disk.
2026-03-12 16:04:24.669 | DEBUG    | baldaquin.buf:open:104 - Ouput file /home/lab1-student/baldaquindata/plasduino/0309_000094/0309_000094_data.txt closed.
2026-03-12 16:04:24.675 | DEBUG    | baldaquin.buf:open:100 - Opening output file /home/lab1-student/baldaquindata/plasduino/0309_000095/0309_000095_data.txt {'mode': 'at', 'encoding': 'utf-8'}...
2026-03-12 16:04:24.681 | DEBUG    | baldaquin.buf:_write:285 - 1500 bytes written to disk.
2026-03-12 16:04:24.682 | DEBUG    | baldaquin.buf:open:104 - Ouput file /home/lab1-student/baldaquindata/plasduino/0309_000095/0309_000095_data.txt closed.
2026-03-12 16:04:24.682 | DEBUG    | baldaquin.buf:open:100 - Opening output file /home/lab1-student/baldaquindata/plasduino/0309_000096/0309_000096_data.txt {'mode': 'at', 'encoding': 'utf-8'}...
2026-03-12 16:04:24.694 | DEBUG    | baldaquin.buf:_write:285 - 1500 bytes written to disk.
2026-03-12 16:04:24.700 | DEBUG    | baldaquin.buf:open:104 - Ouput file /home/lab1-student/baldaquindata/plasduino/0309_000096/0309_000096_data.txt closed.
2026-03-12 16:04:24.700 | DEBUG    | baldaquin.buf:open:100 - Opening output file /home/lab1-student/baldaquindata/plasduino/0309_000097/0309_000097_data.txt {'mode': 'at', 'encoding': 'utf-8'}...
2026-03-12 16:04:24.709 | DEBUG    | baldaquin.buf:_write:285 - 1500 bytes written to disk.
2026-03-12 16:04:24.711 | DEBUG    | baldaquin.buf:open:104 - Ouput file /home/lab1-student/baldaquindata/plasduino/0309_000097/0309_000097_data.txt closed.
2026-03-12 16:04:24.711 | DEBUG    | baldaquin.buf:open:100 - Opening output file /home/lab1-student/baldaquindata/plasduino/0309_000098/0309_000098_data.txt {'mode': 'at', 'encoding': 'utf-8'}...
2026-03-12 16:04:24.713 | DEBUG    | baldaquin.buf:_write:285 - 1500 bytes written to disk.
2026-03-12 16:04:24.714 | DEBUG    | baldaquin.buf:open:104 - Ouput file /home/lab1-student/baldaquindata/plasduino/0309_000098/0309_000098_data.txt closed.
2026-03-12 16:04:24.715 | DEBUG    | baldaquin.buf:open:100 - Opening output file /home/lab1-student/baldaquindata/plasduino/0309_000099/0309_000099_data.txt {'mode': 'at', 'encoding': 'utf-8'}...
2026-03-12 16:04:24.717 | DEBUG    | baldaquin.buf:_write:285 - 1500 bytes written to disk.
2026-03-12 16:04:24.718 | DEBUG    | baldaquin.buf:open:104 - Ouput file /home/lab1-student/baldaquindata/plasduino/0309_000099/0309_000099_data.txt closed.
2026-03-12 16:04:24.718 | DEBUG    | baldaquin.buf:open:100 - Opening output file /home/lab1-student/baldaquindata/plasduino/0309_000100/0309_000100_data.txt {'mode': 'at', 'encoding': 'utf-8'}...
2026-03-12 16:04:24.720 | DEBUG    | baldaquin.buf:_write:285 - 1500 bytes written to disk.
2026-03-12 16:04:24.727 | DEBUG    | baldaquin.buf:open:104 - Ouput file /home/lab1-student/baldaquindata/plasduino/0309_000100/0309_000100_data.txt closed.
2026-03-12 16:04:24.727 | DEBUG    | baldaquin.buf:open:100 - Opening output file /home/lab1-student/baldaquindata/plasduino/0309_000101/0309_000101_data.txt {'mode': 'at', 'encoding': 'utf-8'}...
2026-03-12 16:04:24.729 | DEBUG    | baldaquin.buf:_write:285 - 1500 bytes written to disk.
2026-03-12 16:04:24.739 | DEBUG    | baldaquin.buf:open:104 - Ouput file /home/lab1-student/baldaquindata/plasduino/0309_000101/0309_000101_data.txt closed.
2026-03-12 16:04:24.740 | DEBUG    | baldaquin.buf:open:100 - Opening output file /home/lab1-student/baldaquindata/plasduino/0309_000102/0309_000102_data.txt {'mode': 'at', 'encoding': 'utf-8'}...
2026-03-12 16:04:24.749 | DEBUG    | baldaquin.buf:_write:285 - 1500 bytes written to disk.
2026-03-12 16:04:24.755 | DEBUG    | baldaquin.buf:open:104 - Ouput file /home/lab1-student/baldaquindata/plasduino/0309_000102/0309_000102_data.txt closed.
2026-03-12 16:04:24.768 | DEBUG    | baldaquin.buf:open:100 - Opening output file /home/lab1-student/baldaquindata/plasduino/0309_000103/0309_000103_data.txt {'mode': 'at', 'encoding': 'utf-8'}...
2026-03-12 16:04:24.784 | DEBUG    | baldaquin.buf:_write:285 - 1500 bytes written to disk.
2026-03-12 16:04:24.785 | DEBUG    | baldaquin.buf:open:104 - Ouput file /home/lab1-student/baldaquindata/plasduino/0309_000103/0309_000103_data.txt closed.
2026-03-12 16:04:24.786 | DEBUG    | baldaquin.buf:open:100 - Opening output file /home/lab1-student/baldaquindata/plasduino/0309_000104/0309_000104_data.txt {'mode': 'at', 'encoding': 'utf-8'}...
2026-03-12 16:04:24.794 | DEBUG    | baldaquin.buf:_write:285 - 1500 bytes written to disk.
2026-03-12 16:04:24.796 | DEBUG    | baldaquin.buf:open:104 - Ouput file /home/lab1-student/baldaquindata/plasduino/0309_000104/0309_000104_data.txt closed.
2026-03-12 16:04:24.796 | DEBUG    | baldaquin.buf:open:100 - Opening output file /home/lab1-student/baldaquindata/plasduino/0309_000104/0309_000104_data.dat {'mode': 'ab'}...
2026-03-12 16:04:24.801 | DEBUG    | baldaquin.buf:_pop_and_write_raw:259 - 800 bytes written to disk.
2026-03-12 16:04:24.802 | DEBUG    | baldaquin.buf:open:104 - Ouput file /home/lab1-student/baldaquindata/plasduino/0309_000104/0309_000104_data.dat closed.
2026-03-12 16:04:24.802 | INFO     | baldaquin.buf:flush:318 - 29300 bytes (800 raw bytes) written to disk.
2026-03-12 16:04:24.802 | DEBUG    | baldaquin.profile:wrap:32 - Running time for flush(): 0.192728 s
2026-03-12 16:04:27.147 | INFO     | baldaquin.buf:flush:309 - 100 packets ready to be written out...
2026-03-12 16:04:27.152 | DEBUG    | baldaquin.buf:open:100 - Opening output file /home/lab1-student/baldaquindata/plasduino/0309_000086/0309_000086_data.txt {'mode': 'at', 'encoding': 'utf-8'}...
2026-03-12 16:04:27.160 | DEBUG    | baldaquin.buf:_write:285 - 1500 bytes written to disk.
2026-03-12 16:04:27.160 | DEBUG    | baldaquin.buf:open:104 - Ouput file /home/lab1-student/baldaquindata/plasduino/0309_000086/0309_000086_data.txt closed.
2026-03-12 16:04:27.160 | DEBUG    | baldaquin.buf:open:100 - Opening output file /home/lab1-student/baldaquindata/plasduino/0309_000087/0309_000087_data.txt {'mode': 'at', 'encoding': 'utf-8'}...
2026-03-12 16:04:27.162 | DEBUG    | baldaquin.buf:_write:285 - 1500 bytes written to disk.
2026-03-12 16:04:27.162 | DEBUG    | baldaquin.buf:open:104 - Ouput file /home/lab1-student/baldaquindata/plasduino/0309_000087/0309_000087_data.txt closed.
2026-03-12 16:04:27.164 | DEBUG    | baldaquin.buf:open:100 - Opening output file /home/lab1-student/baldaquindata/plasduino/0309_000088/0309_000088_data.txt {'mode': 'at', 'encoding': 'utf-8'}...
2026-03-12 16:04:27.167 | DEBUG    | baldaquin.buf:_write:285 - 1500 bytes written to disk.
2026-03-12 16:04:27.167 | DEBUG    | baldaquin.buf:open:104 - Ouput file /home/lab1-student/baldaquindata/plasduino/0309_000088/0309_000088_data.txt closed.
2026-03-12 16:04:27.167 | DEBUG    | baldaquin.buf:open:100 - Opening output file /home/lab1-student/baldaquindata/plasduino/0309_000089/0309_000089_data.txt {'mode': 'at', 'encoding': 'utf-8'}...
2026-03-12 16:04:27.168 | DEBUG    | baldaquin.buf:_write:285 - 1500 bytes written to disk.
2026-03-12 16:04:27.174 | DEBUG    | baldaquin.buf:open:104 - Ouput file /home/lab1-student/baldaquindata/plasduino/0309_000089/0309_000089_data.txt closed.
2026-03-12 16:04:27.174 | DEBUG    | baldaquin.buf:open:100 - Opening output file /home/lab1-student/baldaquindata/plasduino/0309_000090/0309_000090_data.txt {'mode': 'at', 'encoding': 'utf-8'}...
2026-03-12 16:04:27.181 | DEBUG    | baldaquin.buf:_write:285 - 1500 bytes written to disk.
2026-03-12 16:04:27.181 | DEBUG    | baldaquin.buf:open:104 - Ouput file /home/lab1-student/baldaquindata/plasduino/0309_000090/0309_000090_data.txt closed.
2026-03-12 16:04:27.182 | DEBUG    | baldaquin.buf:open:100 - Opening output file /home/lab1-student/baldaquindata/plasduino/0309_000091/0309_000091_data.txt {'mode': 'at', 'encoding': 'utf-8'}...
2026-03-12 16:04:27.194 | DEBUG    | baldaquin.buf:_write:285 - 1500 bytes written to disk.
2026-03-12 16:04:27.208 | DEBUG    | baldaquin.buf:open:104 - Ouput file /home/lab1-student/baldaquindata/plasduino/0309_000091/0309_000091_data.txt closed.
2026-03-12 16:04:27.208 | DEBUG    | baldaquin.buf:open:100 - Opening output file /home/lab1-student/baldaquindata/plasduino/0309_000092/0309_000092_data.txt {'mode': 'at', 'encoding': 'utf-8'}...
2026-03-12 16:04:27.210 | DEBUG    | baldaquin.buf:_write:285 - 1500 bytes written to disk.
2026-03-12 16:04:27.213 | DEBUG    | baldaquin.buf:open:104 - Ouput file /home/lab1-student/baldaquindata/plasduino/0309_000092/0309_000092_data.txt closed.
2026-03-12 16:04:27.216 | DEBUG    | baldaquin.buf:open:100 - Opening output file /home/lab1-student/baldaquindata/plasduino/0309_000093/0309_000093_data.txt {'mode': 'at', 'encoding': 'utf-8'}...
2026-03-12 16:04:27.232 | DEBUG    | baldaquin.buf:_write:285 - 1500 bytes written to disk.
2026-03-12 16:04:27.233 | DEBUG    | baldaquin.buf:open:104 - Ouput file /home/lab1-student/baldaquindata/plasduino/0309_000093/0309_000093_data.txt closed.
2026-03-12 16:04:27.234 | DEBUG    | baldaquin.buf:open:100 - Opening output file /home/lab1-student/baldaquindata/plasduino/0309_000094/0309_000094_data.txt {'mode': 'at', 'encoding': 'utf-8'}...
2026-03-12 16:04:27.235 | DEBUG    | baldaquin.buf:_write:285 - 1500 bytes written to disk.
2026-03-12 16:04:27.235 | DEBUG    | baldaquin.buf:open:104 - Ouput file /home/lab1-student/baldaquindata/plasduino/0309_000094/0309_000094_data.txt closed.
2026-03-12 16:04:27.235 | DEBUG    | baldaquin.buf:open:100 - Opening output file /home/lab1-student/baldaquindata/plasduino/0309_000095/0309_000095_data.txt {'mode': 'at', 'encoding': 'utf-8'}...
2026-03-12 16:04:27.268 | DEBUG    | baldaquin.buf:_write:285 - 1500 bytes written to disk.
2026-03-12 16:04:27.279 | DEBUG    | baldaquin.buf:open:104 - Ouput file /home/lab1-student/baldaquindata/plasduino/0309_000095/0309_000095_data.txt closed.
2026-03-12 16:04:27.280 | DEBUG    | baldaquin.buf:open:100 - Opening output file /home/lab1-student/baldaquindata/plasduino/0309_000096/0309_000096_data.txt {'mode': 'at', 'encoding': 'utf-8'}...
2026-03-12 16:04:27.283 | DEBUG    | baldaquin.buf:_write:285 - 1500 bytes written to disk.
2026-03-12 16:04:27.285 | DEBUG    | baldaquin.buf:open:104 - Ouput file /home/lab1-student/baldaquindata/plasduino/0309_000096/0309_000096_data.txt closed.
2026-03-12 16:04:27.285 | DEBUG    | baldaquin.buf:open:100 - Opening output file /home/lab1-student/baldaquindata/plasduino/0309_000097/0309_000097_data.txt {'mode': 'at', 'encoding': 'utf-8'}...
2026-03-12 16:04:27.287 | DEBUG    | baldaquin.buf:_write:285 - 1500 bytes written to disk.
2026-03-12 16:04:27.288 | DEBUG    | baldaquin.buf:open:104 - Ouput file /home/lab1-student/baldaquindata/plasduino/0309_000097/0309_000097_data.txt closed.
2026-03-12 16:04:27.288 | DEBUG    | baldaquin.buf:open:100 - Opening output file /home/lab1-student/baldaquindata/plasduino/0309_000098/0309_000098_data.txt {'mode': 'at', 'encoding': 'utf-8'}...
2026-03-12 16:04:27.292 | DEBUG    | baldaquin.buf:_write:285 - 1500 bytes written to disk.
2026-03-12 16:04:27.294 | DEBUG    | baldaquin.buf:open:104 - Ouput file /home/lab1-student/baldaquindata/plasduino/0309_000098/0309_000098_data.txt closed.
2026-03-12 16:04:27.294 | DEBUG    | baldaquin.buf:open:100 - Opening output file /home/lab1-student/baldaquindata/plasduino/0309_000099/0309_000099_data.txt {'mode': 'at', 'encoding': 'utf-8'}...
2026-03-12 16:04:27.295 | DEBUG    | baldaquin.buf:_write:285 - 1500 bytes written to disk.
2026-03-12 16:04:27.302 | DEBUG    | baldaquin.buf:open:104 - Ouput file /home/lab1-student/baldaquindata/plasduino/0309_000099/0309_000099_data.txt closed.
2026-03-12 16:04:27.302 | DEBUG    | baldaquin.buf:open:100 - Opening output file /home/lab1-student/baldaquindata/plasduino/0309_000100/0309_000100_data.txt {'mode': 'at', 'encoding': 'utf-8'}...
2026-03-12 16:04:27.323 | DEBUG    | baldaquin.buf:_write:285 - 1500 bytes written to disk.
2026-03-12 16:04:27.326 | DEBUG    | baldaquin.buf:open:104 - Ouput file /home/lab1-student/baldaquindata/plasduino/0309_000100/0309_000100_data.txt closed.
2026-03-12 16:04:27.326 | DEBUG    | baldaquin.buf:open:100 - Opening output file /home/lab1-student/baldaquindata/plasduino/0309_000101/0309_000101_data.txt {'mode': 'at', 'encoding': 'utf-8'}...
2026-03-12 16:04:27.327 | DEBUG    | baldaquin.buf:_write:285 - 1500 bytes written to disk.
2026-03-12 16:04:27.328 | DEBUG    | baldaquin.buf:open:104 - Ouput file /home/lab1-student/baldaquindata/plasduino/0309_000101/0309_000101_data.txt closed.
2026-03-12 16:04:27.328 | DEBUG    | baldaquin.buf:open:100 - Opening output file /home/lab1-student/baldaquindata/plasduino/0309_000102/0309_000102_data.txt {'mode': 'at', 'encoding': 'utf-8'}...
2026-03-12 16:04:27.330 | DEBUG    | baldaquin.buf:_write:285 - 1500 bytes written to disk.
2026-03-12 16:04:27.331 | DEBUG    | baldaquin.buf:open:104 - Ouput file /home/lab1-student/baldaquindata/plasduino/0309_000102/0309_000102_data.txt closed.
2026-03-12 16:04:27.332 | DEBUG    | baldaquin.buf:open:100 - Opening output file /home/lab1-student/baldaquindata/plasduino/0309_000103/0309_000103_data.txt {'mode': 'at', 'encoding': 'utf-8'}...
2026-03-12 16:04:27.332 | DEBUG    | baldaquin.buf:_write:285 - 1500 bytes written to disk.
2026-03-12 16:04:27.334 | DEBUG    | baldaquin.buf:open:104 - Ouput file /home/lab1-student/baldaquindata/plasduino/0309_000103/0309_000103_data.txt closed.
2026-03-12 16:04:27.334 | DEBUG    | baldaquin.buf:open:100 - Opening output file /home/lab1-student/baldaquindata/plasduino/0309_000104/0309_000104_data.txt {'mode': 'at', 'encoding': 'utf-8'}...
2026-03-12 16:04:27.336 | DEBUG    | baldaquin.buf:_write:285 - 1500 bytes written to disk.
2026-03-12 16:04:27.336 | DEBUG    | baldaquin.buf:open:104 - Ouput file /home/lab1-student/baldaquindata/plasduino/0309_000104/0309_000104_data.txt closed.
2026-03-12 16:04:27.336 | DEBUG    | baldaquin.buf:open:100 - Opening output file /home/lab1-student/baldaquindata/plasduino/0309_000104/0309_000104_data.dat {'mode': 'ab'}...
2026-03-12 16:04:27.336 | DEBUG    | baldaquin.buf:_pop_and_write_raw:259 - 800 bytes written to disk.
2026-03-12 16:04:27.336 | DEBUG    | baldaquin.buf:open:104 - Ouput file /home/lab1-student/baldaquindata/plasduino/0309_000104/0309_000104_data.dat closed.
2026-03-12 16:04:27.336 | INFO     | baldaquin.buf:flush:318 - 29300 bytes (800 raw bytes) written to disk.
2026-03-12 16:04:27.336 | DEBUG    | baldaquin.profile:wrap:32 - Running time for flush(): 0.189777 s
2026-03-12 16:04:29.681 | INFO     | baldaquin.buf:flush:309 - 100 packets ready to be written out...
2026-03-12 16:04:29.685 | DEBUG    | baldaquin.buf:open:100 - Opening output file /home/lab1-student/baldaquindata/plasduino/0309_000086/0309_000086_data.txt {'mode': 'at', 'encoding': 'utf-8'}...
2026-03-12 16:04:29.691 | DEBUG    | baldaquin.buf:_write:285 - 1500 bytes written to disk.
2026-03-12 16:04:29.691 | DEBUG    | baldaquin.buf:open:104 - Ouput file /home/lab1-student/baldaquindata/plasduino/0309_000086/0309_000086_data.txt closed.
2026-03-12 16:04:29.691 | DEBUG    | baldaquin.buf:open:100 - Opening output file /home/lab1-student/baldaquindata/plasduino/0309_000087/0309_000087_data.txt {'mode': 'at', 'encoding': 'utf-8'}...
2026-03-12 16:04:29.692 | DEBUG    | baldaquin.buf:_write:285 - 1500 bytes written to disk.
2026-03-12 16:04:29.692 | DEBUG    | baldaquin.buf:open:104 - Ouput file /home/lab1-student/baldaquindata/plasduino/0309_000087/0309_000087_data.txt closed.
2026-03-12 16:04:29.692 | DEBUG    | baldaquin.buf:open:100 - Opening output file /home/lab1-student/baldaquindata/plasduino/0309_000088/0309_000088_data.txt {'mode': 'at', 'encoding': 'utf-8'}...
2026-03-12 16:04:29.693 | DEBUG    | baldaquin.buf:_write:285 - 1500 bytes written to disk.
2026-03-12 16:04:29.699 | DEBUG    | baldaquin.buf:open:104 - Ouput file /home/lab1-student/baldaquindata/plasduino/0309_000088/0309_000088_data.txt closed.
2026-03-12 16:04:29.699 | DEBUG    | baldaquin.buf:open:100 - Opening output file /home/lab1-student/baldaquindata/plasduino/0309_000089/0309_000089_data.txt {'mode': 'at', 'encoding': 'utf-8'}...
2026-03-12 16:04:29.700 | DEBUG    | baldaquin.buf:_write:285 - 1500 bytes written to disk.
2026-03-12 16:04:29.700 | DEBUG    | baldaquin.buf:open:104 - Ouput file /home/lab1-student/baldaquindata/plasduino/0309_000089/0309_000089_data.txt closed.
2026-03-12 16:04:29.701 | DEBUG    | baldaquin.buf:open:100 - Opening output file /home/lab1-student/baldaquindata/plasduino/0309_000090/0309_000090_data.txt {'mode': 'at', 'encoding': 'utf-8'}...
2026-03-12 16:04:29.701 | DEBUG    | baldaquin.buf:_write:285 - 1500 bytes written to disk.
2026-03-12 16:04:29.702 | DEBUG    | baldaquin.buf:open:104 - Ouput file /home/lab1-student/baldaquindata/plasduino/0309_000090/0309_000090_data.txt closed.
2026-03-12 16:04:29.702 | DEBUG    | baldaquin.buf:open:100 - Opening output file /home/lab1-student/baldaquindata/plasduino/0309_000091/0309_000091_data.txt {'mode': 'at', 'encoding': 'utf-8'}...
2026-03-12 16:04:29.702 | DEBUG    | baldaquin.buf:_write:285 - 1500 bytes written to disk.
2026-03-12 16:04:29.703 | DEBUG    | baldaquin.buf:open:104 - Ouput file /home/lab1-student/baldaquindata/plasduino/0309_000091/0309_000091_data.txt closed.
2026-03-12 16:04:29.703 | DEBUG    | baldaquin.buf:open:100 - Opening output file /home/lab1-student/baldaquindata/plasduino/0309_000092/0309_000092_data.txt {'mode': 'at', 'encoding': 'utf-8'}...
2026-03-12 16:04:29.703 | DEBUG    | baldaquin.buf:_write:285 - 1500 bytes written to disk.
2026-03-12 16:04:29.703 | DEBUG    | baldaquin.buf:open:104 - Ouput file /home/lab1-student/baldaquindata/plasduino/0309_000092/0309_000092_data.txt closed.
2026-03-12 16:04:29.704 | DEBUG    | baldaquin.buf:open:100 - Opening output file /home/lab1-student/baldaquindata/plasduino/0309_000093/0309_000093_data.txt {'mode': 'at', 'encoding': 'utf-8'}...
2026-03-12 16:04:29.714 | DEBUG    | baldaquin.buf:_write:285 - 1500 bytes written to disk.
2026-03-12 16:04:29.714 | DEBUG    | baldaquin.buf:open:104 - Ouput file /home/lab1-student/baldaquindata/plasduino/0309_000093/0309_000093_data.txt closed.
2026-03-12 16:04:29.715 | DEBUG    | baldaquin.buf:open:100 - Opening output file /home/lab1-student/baldaquindata/plasduino/0309_000094/0309_000094_data.txt {'mode': 'at', 'encoding': 'utf-8'}...
2026-03-12 16:04:29.716 | DEBUG    | baldaquin.buf:_write:285 - 1500 bytes written to disk.
2026-03-12 16:04:29.716 | DEBUG    | baldaquin.buf:open:104 - Ouput file /home/lab1-student/baldaquindata/plasduino/0309_000094/0309_000094_data.txt closed.
2026-03-12 16:04:29.716 | DEBUG    | baldaquin.buf:open:100 - Opening output file /home/lab1-student/baldaquindata/plasduino/0309_000095/0309_000095_data.txt {'mode': 'at', 'encoding': 'utf-8'}...
2026-03-12 16:04:29.717 | DEBUG    | baldaquin.buf:_write:285 - 1500 bytes written to disk.
2026-03-12 16:04:29.722 | DEBUG    | baldaquin.buf:open:104 - Ouput file /home/lab1-student/baldaquindata/plasduino/0309_000095/0309_000095_data.txt closed.
2026-03-12 16:04:29.723 | DEBUG    | baldaquin.buf:open:100 - Opening output file /home/lab1-student/baldaquindata/plasduino/0309_000096/0309_000096_data.txt {'mode': 'at', 'encoding': 'utf-8'}...
2026-03-12 16:04:29.757 | DEBUG    | baldaquin.buf:_write:285 - 1500 bytes written to disk.
2026-03-12 16:04:29.759 | DEBUG    | baldaquin.buf:open:104 - Ouput file /home/lab1-student/baldaquindata/plasduino/0309_000096/0309_000096_data.txt closed.
2026-03-12 16:04:29.765 | DEBUG    | baldaquin.buf:open:100 - Opening output file /home/lab1-student/baldaquindata/plasduino/0309_000097/0309_000097_data.txt {'mode': 'at', 'encoding': 'utf-8'}...
2026-03-12 16:04:29.766 | DEBUG    | baldaquin.buf:_write:285 - 1500 bytes written to disk.
2026-03-12 16:04:29.773 | DEBUG    | baldaquin.buf:open:104 - Ouput file /home/lab1-student/baldaquindata/plasduino/0309_000097/0309_000097_data.txt closed.
2026-03-12 16:04:29.786 | DEBUG    | baldaquin.buf:open:100 - Opening output file /home/lab1-student/baldaquindata/plasduino/0309_000098/0309_000098_data.txt {'mode': 'at', 'encoding': 'utf-8'}...
2026-03-12 16:04:29.787 | DEBUG    | baldaquin.buf:_write:285 - 1500 bytes written to disk.
2026-03-12 16:04:29.787 | DEBUG    | baldaquin.buf:open:104 - Ouput file /home/lab1-student/baldaquindata/plasduino/0309_000098/0309_000098_data.txt closed.
2026-03-12 16:04:29.787 | DEBUG    | baldaquin.buf:open:100 - Opening output file /home/lab1-student/baldaquindata/plasduino/0309_000099/0309_000099_data.txt {'mode': 'at', 'encoding': 'utf-8'}...
2026-03-12 16:04:29.795 | DEBUG    | baldaquin.buf:_write:285 - 1500 bytes written to disk.
2026-03-12 16:04:29.797 | DEBUG    | baldaquin.buf:open:104 - Ouput file /home/lab1-student/baldaquindata/plasduino/0309_000099/0309_000099_data.txt closed.
2026-03-12 16:04:29.797 | DEBUG    | baldaquin.buf:open:100 - Opening output file /home/lab1-student/baldaquindata/plasduino/0309_000100/0309_000100_data.txt {'mode': 'at', 'encoding': 'utf-8'}...
2026-03-12 16:04:29.805 | DEBUG    | baldaquin.buf:_write:285 - 1500 bytes written to disk.
2026-03-12 16:04:29.805 | DEBUG    | baldaquin.buf:open:104 - Ouput file /home/lab1-student/baldaquindata/plasduino/0309_000100/0309_000100_data.txt closed.
2026-03-12 16:04:29.805 | DEBUG    | baldaquin.buf:open:100 - Opening output file /home/lab1-student/baldaquindata/plasduino/0309_000101/0309_000101_data.txt {'mode': 'at', 'encoding': 'utf-8'}...
2026-03-12 16:04:29.806 | DEBUG    | baldaquin.buf:_write:285 - 1500 bytes written to disk.
2026-03-12 16:04:29.806 | DEBUG    | baldaquin.buf:open:104 - Ouput file /home/lab1-student/baldaquindata/plasduino/0309_000101/0309_000101_data.txt closed.
2026-03-12 16:04:29.806 | DEBUG    | baldaquin.buf:open:100 - Opening output file /home/lab1-student/baldaquindata/plasduino/0309_000102/0309_000102_data.txt {'mode': 'at', 'encoding': 'utf-8'}...
2026-03-12 16:04:29.813 | DEBUG    | baldaquin.buf:_write:285 - 1500 bytes written to disk.
2026-03-12 16:04:29.813 | DEBUG    | baldaquin.buf:open:104 - Ouput file /home/lab1-student/baldaquindata/plasduino/0309_000102/0309_000102_data.txt closed.
2026-03-12 16:04:29.814 | DEBUG    | baldaquin.buf:open:100 - Opening output file /home/lab1-student/baldaquindata/plasduino/0309_000103/0309_000103_data.txt {'mode': 'at', 'encoding': 'utf-8'}...
2026-03-12 16:04:29.814 | DEBUG    | baldaquin.buf:_write:285 - 1500 bytes written to disk.
2026-03-12 16:04:29.814 | DEBUG    | baldaquin.buf:open:104 - Ouput file /home/lab1-student/baldaquindata/plasduino/0309_000103/0309_000103_data.txt closed.
2026-03-12 16:04:29.814 | DEBUG    | baldaquin.buf:open:100 - Opening output file /home/lab1-student/baldaquindata/plasduino/0309_000104/0309_000104_data.txt {'mode': 'at', 'encoding': 'utf-8'}...
2026-03-12 16:04:29.815 | DEBUG    | baldaquin.buf:_write:285 - 1500 bytes written to disk.
2026-03-12 16:04:29.815 | DEBUG    | baldaquin.buf:open:104 - Ouput file /home/lab1-student/baldaquindata/plasduino/0309_000104/0309_000104_data.txt closed.
2026-03-12 16:04:29.815 | DEBUG    | baldaquin.buf:open:100 - Opening output file /home/lab1-student/baldaquindata/plasduino/0309_000104/0309_000104_data.dat {'mode': 'ab'}...
2026-03-12 16:04:29.816 | DEBUG    | baldaquin.buf:_pop_and_write_raw:259 - 800 bytes written to disk.
2026-03-12 16:04:29.816 | DEBUG    | baldaquin.buf:open:104 - Ouput file /home/lab1-student/baldaquindata/plasduino/0309_000104/0309_000104_data.dat closed.
2026-03-12 16:04:29.816 | INFO     | baldaquin.buf:flush:318 - 29300 bytes (800 raw bytes) written to disk.
2026-03-12 16:04:29.816 | DEBUG    | baldaquin.profile:wrap:32 - Running time for flush(): 0.134632 s
2026-03-12 16:04:32.216 | INFO     | baldaquin.buf:flush:309 - 100 packets ready to be written out...
2026-03-12 16:04:32.216 | DEBUG    | baldaquin.buf:open:100 - Opening output file /home/lab1-student/baldaquindata/plasduino/0309_000086/0309_000086_data.txt {'mode': 'at', 'encoding': 'utf-8'}...
2026-03-12 16:04:32.217 | DEBUG    | baldaquin.buf:_write:285 - 1500 bytes written to disk.
2026-03-12 16:04:32.217 | DEBUG    | baldaquin.buf:open:104 - Ouput file /home/lab1-student/baldaquindata/plasduino/0309_000086/0309_000086_data.txt closed.
2026-03-12 16:04:32.217 | DEBUG    | baldaquin.buf:open:100 - Opening output file /home/lab1-student/baldaquindata/plasduino/0309_000087/0309_000087_data.txt {'mode': 'at', 'encoding': 'utf-8'}...
2026-03-12 16:04:32.218 | DEBUG    | baldaquin.buf:_write:285 - 1500 bytes written to disk.
2026-03-12 16:04:32.218 | DEBUG    | baldaquin.buf:open:104 - Ouput file /home/lab1-student/baldaquindata/plasduino/0309_000087/0309_000087_data.txt closed.
2026-03-12 16:04:32.218 | DEBUG    | baldaquin.buf:open:100 - Opening output file /home/lab1-student/baldaquindata/plasduino/0309_000088/0309_000088_data.txt {'mode': 'at', 'encoding': 'utf-8'}...
2026-03-12 16:04:32.218 | DEBUG    | baldaquin.buf:_write:285 - 1500 bytes written to disk.
2026-03-12 16:04:32.218 | DEBUG    | baldaquin.buf:open:104 - Ouput file /home/lab1-student/baldaquindata/plasduino/0309_000088/0309_000088_data.txt closed.
2026-03-12 16:04:32.219 | DEBUG    | baldaquin.buf:open:100 - Opening output file /home/lab1-student/baldaquindata/plasduino/0309_000089/0309_000089_data.txt {'mode': 'at', 'encoding': 'utf-8'}...
2026-03-12 16:04:32.219 | DEBUG    | baldaquin.buf:_write:285 - 1500 bytes written to disk.
2026-03-12 16:04:32.219 | DEBUG    | baldaquin.buf:open:104 - Ouput file /home/lab1-student/baldaquindata/plasduino/0309_000089/0309_000089_data.txt closed.
2026-03-12 16:04:32.219 | DEBUG    | baldaquin.buf:open:100 - Opening output file /home/lab1-student/baldaquindata/plasduino/0309_000090/0309_000090_data.txt {'mode': 'at', 'encoding': 'utf-8'}...
2026-03-12 16:04:32.220 | DEBUG    | baldaquin.buf:_write:285 - 1500 bytes written to disk.
2026-03-12 16:04:32.220 | DEBUG    | baldaquin.buf:open:104 - Ouput file /home/lab1-student/baldaquindata/plasduino/0309_000090/0309_000090_data.txt closed.
2026-03-12 16:04:32.220 | DEBUG    | baldaquin.buf:open:100 - Opening output file /home/lab1-student/baldaquindata/plasduino/0309_000091/0309_000091_data.txt {'mode': 'at', 'encoding': 'utf-8'}...
2026-03-12 16:04:32.221 | DEBUG    | baldaquin.buf:_write:285 - 1500 bytes written to disk.
2026-03-12 16:04:32.221 | DEBUG    | baldaquin.buf:open:104 - Ouput file /home/lab1-student/baldaquindata/plasduino/0309_000091/0309_000091_data.txt closed.
2026-03-12 16:04:32.221 | DEBUG    | baldaquin.buf:open:100 - Opening output file /home/lab1-student/baldaquindata/plasduino/0309_000092/0309_000092_data.txt {'mode': 'at', 'encoding': 'utf-8'}...
2026-03-12 16:04:32.221 | DEBUG    | baldaquin.buf:_write:285 - 1500 bytes written to disk.
2026-03-12 16:04:32.221 | DEBUG    | baldaquin.buf:open:104 - Ouput file /home/lab1-student/baldaquindata/plasduino/0309_000092/0309_000092_data.txt closed.
2026-03-12 16:04:32.221 | DEBUG    | baldaquin.buf:open:100 - Opening output file /home/lab1-student/baldaquindata/plasduino/0309_000093/0309_000093_data.txt {'mode': 'at', 'encoding': 'utf-8'}...
2026-03-12 16:04:32.222 | DEBUG    | baldaquin.buf:_write:285 - 1500 bytes written to disk.
2026-03-12 16:04:32.222 | DEBUG    | baldaquin.buf:open:104 - Ouput file /home/lab1-student/baldaquindata/plasduino/0309_000093/0309_000093_data.txt closed.
2026-03-12 16:04:32.222 | DEBUG    | baldaquin.buf:open:100 - Opening output file /home/lab1-student/baldaquindata/plasduino/0309_000094/0309_000094_data.txt {'mode': 'at', 'encoding': 'utf-8'}...
2026-03-12 16:04:32.223 | DEBUG    | baldaquin.buf:_write:285 - 1500 bytes written to disk.
2026-03-12 16:04:32.223 | DEBUG    | baldaquin.buf:open:104 - Ouput file /home/lab1-student/baldaquindata/plasduino/0309_000094/0309_000094_data.txt closed.
2026-03-12 16:04:32.223 | DEBUG    | baldaquin.buf:open:100 - Opening output file /home/lab1-student/baldaquindata/plasduino/0309_000095/0309_000095_data.txt {'mode': 'at', 'encoding': 'utf-8'}...
2026-03-12 16:04:32.223 | DEBUG    | baldaquin.buf:_write:285 - 1500 bytes written to disk.
2026-03-12 16:04:32.229 | DEBUG    | baldaquin.buf:open:104 - Ouput file /home/lab1-student/baldaquindata/plasduino/0309_000095/0309_000095_data.txt closed.
2026-03-12 16:04:32.239 | DEBUG    | baldaquin.buf:open:100 - Opening output file /home/lab1-student/baldaquindata/plasduino/0309_000096/0309_000096_data.txt {'mode': 'at', 'encoding': 'utf-8'}...
2026-03-12 16:04:32.256 | DEBUG    | baldaquin.buf:_write:285 - 1500 bytes written to disk.
2026-03-12 16:04:32.266 | DEBUG    | baldaquin.buf:open:104 - Ouput file /home/lab1-student/baldaquindata/plasduino/0309_000096/0309_000096_data.txt closed.
2026-03-12 16:04:32.266 | DEBUG    | baldaquin.buf:open:100 - Opening output file /home/lab1-student/baldaquindata/plasduino/0309_000097/0309_000097_data.txt {'mode': 'at', 'encoding': 'utf-8'}...
2026-03-12 16:04:32.267 | DEBUG    | baldaquin.buf:_write:285 - 1500 bytes written to disk.
2026-03-12 16:04:32.267 | DEBUG    | baldaquin.buf:open:104 - Ouput file /home/lab1-student/baldaquindata/plasduino/0309_000097/0309_000097_data.txt closed.
2026-03-12 16:04:32.267 | DEBUG    | baldaquin.buf:open:100 - Opening output file /home/lab1-student/baldaquindata/plasduino/0309_000098/0309_000098_data.txt {'mode': 'at', 'encoding': 'utf-8'}...
2026-03-12 16:04:32.268 | DEBUG    | baldaquin.buf:_write:285 - 1500 bytes written to disk.
2026-03-12 16:04:32.277 | DEBUG    | baldaquin.buf:open:104 - Ouput file /home/lab1-student/baldaquindata/plasduino/0309_000098/0309_000098_data.txt closed.
2026-03-12 16:04:32.282 | DEBUG    | baldaquin.buf:open:100 - Opening output file /home/lab1-student/baldaquindata/plasduino/0309_000099/0309_000099_data.txt {'mode': 'at', 'encoding': 'utf-8'}...
2026-03-12 16:04:32.295 | DEBUG    | baldaquin.buf:_write:285 - 1500 bytes written to disk.
2026-03-12 16:04:32.295 | DEBUG    | baldaquin.buf:open:104 - Ouput file /home/lab1-student/baldaquindata/plasduino/0309_000099/0309_000099_data.txt closed.
2026-03-12 16:04:32.295 | DEBUG    | baldaquin.buf:open:100 - Opening output file /home/lab1-student/baldaquindata/plasduino/0309_000100/0309_000100_data.txt {'mode': 'at', 'encoding': 'utf-8'}...
2026-03-12 16:04:32.297 | DEBUG    | baldaquin.buf:_write:285 - 1500 bytes written to disk.
2026-03-12 16:04:32.297 | DEBUG    | baldaquin.buf:open:104 - Ouput file /home/lab1-student/baldaquindata/plasduino/0309_000100/0309_000100_data.txt closed.
2026-03-12 16:04:32.298 | DEBUG    | baldaquin.buf:open:100 - Opening output file /home/lab1-student/baldaquindata/plasduino/0309_000101/0309_000101_data.txt {'mode': 'at', 'encoding': 'utf-8'}...
2026-03-12 16:04:32.306 | DEBUG    | baldaquin.buf:_write:285 - 1500 bytes written to disk.
2026-03-12 16:04:32.313 | DEBUG    | baldaquin.buf:open:104 - Ouput file /home/lab1-student/baldaquindata/plasduino/0309_000101/0309_000101_data.txt closed.
2026-03-12 16:04:32.313 | DEBUG    | baldaquin.buf:open:100 - Opening output file /home/lab1-student/baldaquindata/plasduino/0309_000102/0309_000102_data.txt {'mode': 'at', 'encoding': 'utf-8'}...
2026-03-12 16:04:32.314 | DEBUG    | baldaquin.buf:_write:285 - 1500 bytes written to disk.
2026-03-12 16:04:32.314 | DEBUG    | baldaquin.buf:open:104 - Ouput file /home/lab1-student/baldaquindata/plasduino/0309_000102/0309_000102_data.txt closed.
2026-03-12 16:04:32.314 | DEBUG    | baldaquin.buf:open:100 - Opening output file /home/lab1-student/baldaquindata/plasduino/0309_000103/0309_000103_data.txt {'mode': 'at', 'encoding': 'utf-8'}...
2026-03-12 16:04:32.315 | DEBUG    | baldaquin.buf:_write:285 - 1500 bytes written to disk.
2026-03-12 16:04:32.315 | DEBUG    | baldaquin.buf:open:104 - Ouput file /home/lab1-student/baldaquindata/plasduino/0309_000103/0309_000103_data.txt closed.
2026-03-12 16:04:32.315 | DEBUG    | baldaquin.buf:open:100 - Opening output file /home/lab1-student/baldaquindata/plasduino/0309_000104/0309_000104_data.txt {'mode': 'at', 'encoding': 'utf-8'}...
2026-03-12 16:04:32.316 | DEBUG    | baldaquin.buf:_write:285 - 1500 bytes written to disk.
2026-03-12 16:04:32.316 | DEBUG    | baldaquin.buf:open:104 - Ouput file /home/lab1-student/baldaquindata/plasduino/0309_000104/0309_000104_data.txt closed.
2026-03-12 16:04:32.316 | DEBUG    | baldaquin.buf:open:100 - Opening output file /home/lab1-student/baldaquindata/plasduino/0309_000104/0309_000104_data.dat {'mode': 'ab'}...
2026-03-12 16:04:32.327 | DEBUG    | baldaquin.buf:_pop_and_write_raw:259 - 800 bytes written to disk.
2026-03-12 16:04:32.327 | DEBUG    | baldaquin.buf:open:104 - Ouput file /home/lab1-student/baldaquindata/plasduino/0309_000104/0309_000104_data.dat closed.
2026-03-12 16:04:32.328 | INFO     | baldaquin.buf:flush:318 - 29300 bytes (800 raw bytes) written to disk.
2026-03-12 16:04:32.329 | DEBUG    | baldaquin.profile:wrap:32 - Running time for flush(): 0.112779 s
2026-03-12 16:04:34.752 | INFO     | baldaquin.buf:flush:309 - 100 packets ready to be written out...
2026-03-12 16:04:34.752 | DEBUG    | baldaquin.buf:open:100 - Opening output file /home/lab1-student/baldaquindata/plasduino/0309_000086/0309_000086_data.txt {'mode': 'at', 'encoding': 'utf-8'}...
2026-03-12 16:04:34.753 | DEBUG    | baldaquin.buf:_write:285 - 1500 bytes written to disk.
2026-03-12 16:04:34.753 | DEBUG    | baldaquin.buf:open:104 - Ouput file /home/lab1-student/baldaquindata/plasduino/0309_000086/0309_000086_data.txt closed.
2026-03-12 16:04:34.753 | DEBUG    | baldaquin.buf:open:100 - Opening output file /home/lab1-student/baldaquindata/plasduino/0309_000087/0309_000087_data.txt {'mode': 'at', 'encoding': 'utf-8'}...
2026-03-12 16:04:34.754 | DEBUG    | baldaquin.buf:_write:285 - 1500 bytes written to disk.
2026-03-12 16:04:34.754 | DEBUG    | baldaquin.buf:open:104 - Ouput file /home/lab1-student/baldaquindata/plasduino/0309_000087/0309_000087_data.txt closed.
2026-03-12 16:04:34.754 | DEBUG    | baldaquin.buf:open:100 - Opening output file /home/lab1-student/baldaquindata/plasduino/0309_000088/0309_000088_data.txt {'mode': 'at', 'encoding': 'utf-8'}...
2026-03-12 16:04:34.755 | DEBUG    | baldaquin.buf:_write:285 - 1500 bytes written to disk.
2026-03-12 16:04:34.766 | DEBUG    | baldaquin.buf:open:104 - Ouput file /home/lab1-student/baldaquindata/plasduino/0309_000088/0309_000088_data.txt closed.
2026-03-12 16:04:34.766 | DEBUG    | baldaquin.buf:open:100 - Opening output file /home/lab1-student/baldaquindata/plasduino/0309_000089/0309_000089_data.txt {'mode': 'at', 'encoding': 'utf-8'}...
2026-03-12 16:04:34.767 | DEBUG    | baldaquin.buf:_write:285 - 1500 bytes written to disk.
2026-03-12 16:04:34.767 | DEBUG    | baldaquin.buf:open:104 - Ouput file /home/lab1-student/baldaquindata/plasduino/0309_000089/0309_000089_data.txt closed.
2026-03-12 16:04:34.778 | DEBUG    | baldaquin.buf:open:100 - Opening output file /home/lab1-student/baldaquindata/plasduino/0309_000090/0309_000090_data.txt {'mode': 'at', 'encoding': 'utf-8'}...
2026-03-12 16:04:34.786 | DEBUG    | baldaquin.buf:_write:285 - 1500 bytes written to disk.
2026-03-12 16:04:34.790 | DEBUG    | baldaquin.buf:open:104 - Ouput file /home/lab1-student/baldaquindata/plasduino/0309_000090/0309_000090_data.txt closed.
2026-03-12 16:04:34.791 | DEBUG    | baldaquin.buf:open:100 - Opening output file /home/lab1-student/baldaquindata/plasduino/0309_000091/0309_000091_data.txt {'mode': 'at', 'encoding': 'utf-8'}...
2026-03-12 16:04:34.793 | DEBUG    | baldaquin.buf:_write:285 - 1500 bytes written to disk.
2026-03-12 16:04:34.796 | DEBUG    | baldaquin.buf:open:104 - Ouput file /home/lab1-student/baldaquindata/plasduino/0309_000091/0309_000091_data.txt closed.
2026-03-12 16:04:34.796 | DEBUG    | baldaquin.buf:open:100 - Opening output file /home/lab1-student/baldaquindata/plasduino/0309_000092/0309_000092_data.txt {'mode': 'at', 'encoding': 'utf-8'}...
2026-03-12 16:04:34.800 | DEBUG    | baldaquin.buf:_write:285 - 1500 bytes written to disk.
2026-03-12 16:04:34.808 | DEBUG    | baldaquin.buf:open:104 - Ouput file /home/lab1-student/baldaquindata/plasduino/0309_000092/0309_000092_data.txt closed.
2026-03-12 16:04:34.809 | DEBUG    | baldaquin.buf:open:100 - Opening output file /home/lab1-student/baldaquindata/plasduino/0309_000093/0309_000093_data.txt {'mode': 'at', 'encoding': 'utf-8'}...
2026-03-12 16:04:34.809 | DEBUG    | baldaquin.buf:_write:285 - 1500 bytes written to disk.
2026-03-12 16:04:34.810 | DEBUG    | baldaquin.buf:open:104 - Ouput file /home/lab1-student/baldaquindata/plasduino/0309_000093/0309_000093_data.txt closed.
2026-03-12 16:04:34.810 | DEBUG    | baldaquin.buf:open:100 - Opening output file /home/lab1-student/baldaquindata/plasduino/0309_000094/0309_000094_data.txt {'mode': 'at', 'encoding': 'utf-8'}...
2026-03-12 16:04:34.810 | DEBUG    | baldaquin.buf:_write:285 - 1500 bytes written to disk.
2026-03-12 16:04:34.811 | DEBUG    | baldaquin.buf:open:104 - Ouput file /home/lab1-student/baldaquindata/plasduino/0309_000094/0309_000094_data.txt closed.
2026-03-12 16:04:34.811 | DEBUG    | baldaquin.buf:open:100 - Opening output file /home/lab1-student/baldaquindata/plasduino/0309_000095/0309_000095_data.txt {'mode': 'at', 'encoding': 'utf-8'}...
2026-03-12 16:04:34.811 | DEBUG    | baldaquin.buf:_write:285 - 1500 bytes written to disk.
2026-03-12 16:04:34.811 | DEBUG    | baldaquin.buf:open:104 - Ouput file /home/lab1-student/baldaquindata/plasduino/0309_000095/0309_000095_data.txt closed.
2026-03-12 16:04:34.812 | DEBUG    | baldaquin.buf:open:100 - Opening output file /home/lab1-student/baldaquindata/plasduino/0309_000096/0309_000096_data.txt {'mode': 'at', 'encoding': 'utf-8'}...
2026-03-12 16:04:34.823 | DEBUG    | baldaquin.buf:_write:285 - 1500 bytes written to disk.
2026-03-12 16:04:34.825 | DEBUG    | baldaquin.buf:open:104 - Ouput file /home/lab1-student/baldaquindata/plasduino/0309_000096/0309_000096_data.txt closed.
2026-03-12 16:04:34.825 | DEBUG    | baldaquin.buf:open:100 - Opening output file /home/lab1-student/baldaquindata/plasduino/0309_000097/0309_000097_data.txt {'mode': 'at', 'encoding': 'utf-8'}...
2026-03-12 16:04:34.825 | DEBUG    | baldaquin.buf:_write:285 - 1500 bytes written to disk.
2026-03-12 16:04:34.826 | DEBUG    | baldaquin.buf:open:104 - Ouput file /home/lab1-student/baldaquindata/plasduino/0309_000097/0309_000097_data.txt closed.
2026-03-12 16:04:34.826 | DEBUG    | baldaquin.buf:open:100 - Opening output file /home/lab1-student/baldaquindata/plasduino/0309_000098/0309_000098_data.txt {'mode': 'at', 'encoding': 'utf-8'}...
2026-03-12 16:04:34.827 | DEBUG    | baldaquin.buf:_write:285 - 1500 bytes written to disk.
2026-03-12 16:04:34.835 | DEBUG    | baldaquin.buf:open:104 - Ouput file /home/lab1-student/baldaquindata/plasduino/0309_000098/0309_000098_data.txt closed.
2026-03-12 16:04:34.836 | DEBUG    | baldaquin.buf:open:100 - Opening output file /home/lab1-student/baldaquindata/plasduino/0309_000099/0309_000099_data.txt {'mode': 'at', 'encoding': 'utf-8'}...
2026-03-12 16:04:34.836 | DEBUG    | baldaquin.buf:_write:285 - 1500 bytes written to disk.
2026-03-12 16:04:34.853 | DEBUG    | baldaquin.buf:open:104 - Ouput file /home/lab1-student/baldaquindata/plasduino/0309_000099/0309_000099_data.txt closed.
2026-03-12 16:04:34.853 | DEBUG    | baldaquin.buf:open:100 - Opening output file /home/lab1-student/baldaquindata/plasduino/0309_000100/0309_000100_data.txt {'mode': 'at', 'encoding': 'utf-8'}...
2026-03-12 16:04:34.866 | DEBUG    | baldaquin.buf:_write:285 - 1500 bytes written to disk.
2026-03-12 16:04:34.875 | DEBUG    | baldaquin.buf:open:104 - Ouput file /home/lab1-student/baldaquindata/plasduino/0309_000100/0309_000100_data.txt closed.
2026-03-12 16:04:34.875 | DEBUG    | baldaquin.buf:open:100 - Opening output file /home/lab1-student/baldaquindata/plasduino/0309_000101/0309_000101_data.txt {'mode': 'at', 'encoding': 'utf-8'}...
2026-03-12 16:04:34.888 | DEBUG    | baldaquin.buf:_write:285 - 1500 bytes written to disk.
2026-03-12 16:04:34.901 | DEBUG    | baldaquin.buf:open:104 - Ouput file /home/lab1-student/baldaquindata/plasduino/0309_000101/0309_000101_data.txt closed.
2026-03-12 16:04:34.903 | DEBUG    | baldaquin.buf:open:100 - Opening output file /home/lab1-student/baldaquindata/plasduino/0309_000102/0309_000102_data.txt {'mode': 'at', 'encoding': 'utf-8'}...
2026-03-12 16:04:34.906 | DEBUG    | baldaquin.buf:_write:285 - 1500 bytes written to disk.
2026-03-12 16:04:34.906 | DEBUG    | baldaquin.buf:open:104 - Ouput file /home/lab1-student/baldaquindata/plasduino/0309_000102/0309_000102_data.txt closed.
2026-03-12 16:04:34.906 | DEBUG    | baldaquin.buf:open:100 - Opening output file /home/lab1-student/baldaquindata/plasduino/0309_000103/0309_000103_data.txt {'mode': 'at', 'encoding': 'utf-8'}...
2026-03-12 16:04:34.909 | DEBUG    | baldaquin.buf:_write:285 - 1500 bytes written to disk.
2026-03-12 16:04:34.912 | DEBUG    | baldaquin.buf:open:104 - Ouput file /home/lab1-student/baldaquindata/plasduino/0309_000103/0309_000103_data.txt closed.
2026-03-12 16:04:34.912 | DEBUG    | baldaquin.buf:open:100 - Opening output file /home/lab1-student/baldaquindata/plasduino/0309_000104/0309_000104_data.txt {'mode': 'at', 'encoding': 'utf-8'}...
2026-03-12 16:04:34.920 | DEBUG    | baldaquin.buf:_write:285 - 1500 bytes written to disk.
2026-03-12 16:04:34.921 | DEBUG    | baldaquin.buf:open:104 - Ouput file /home/lab1-student/baldaquindata/plasduino/0309_000104/0309_000104_data.txt closed.
2026-03-12 16:04:34.921 | DEBUG    | baldaquin.buf:open:100 - Opening output file /home/lab1-student/baldaquindata/plasduino/0309_000104/0309_000104_data.dat {'mode': 'ab'}...
2026-03-12 16:04:34.921 | DEBUG    | baldaquin.buf:_pop_and_write_raw:259 - 800 bytes written to disk.
2026-03-12 16:04:34.921 | DEBUG    | baldaquin.buf:open:104 - Ouput file /home/lab1-student/baldaquindata/plasduino/0309_000104/0309_000104_data.dat closed.
2026-03-12 16:04:34.921 | INFO     | baldaquin.buf:flush:318 - 29300 bytes (800 raw bytes) written to disk.
2026-03-12 16:04:34.922 | DEBUG    | baldaquin.profile:wrap:32 - Running time for flush(): 0.169399 s
2026-03-12 16:04:37.287 | INFO     | baldaquin.buf:flush:309 - 100 packets ready to be written out...
2026-03-12 16:04:37.287 | DEBUG    | baldaquin.buf:open:100 - Opening output file /home/lab1-student/baldaquindata/plasduino/0309_000086/0309_000086_data.txt {'mode': 'at', 'encoding': 'utf-8'}...
2026-03-12 16:04:37.294 | DEBUG    | baldaquin.buf:_write:285 - 1500 bytes written to disk.
2026-03-12 16:04:37.294 | DEBUG    | baldaquin.buf:open:104 - Ouput file /home/lab1-student/baldaquindata/plasduino/0309_000086/0309_000086_data.txt closed.
2026-03-12 16:04:37.294 | DEBUG    | baldaquin.buf:open:100 - Opening output file /home/lab1-student/baldaquindata/plasduino/0309_000087/0309_000087_data.txt {'mode': 'at', 'encoding': 'utf-8'}...
2026-03-12 16:04:37.295 | DEBUG    | baldaquin.buf:_write:285 - 1500 bytes written to disk.
2026-03-12 16:04:37.298 | DEBUG    | baldaquin.buf:open:104 - Ouput file /home/lab1-student/baldaquindata/plasduino/0309_000087/0309_000087_data.txt closed.
2026-03-12 16:04:37.298 | DEBUG    | baldaquin.buf:open:100 - Opening output file /home/lab1-student/baldaquindata/plasduino/0309_000088/0309_000088_data.txt {'mode': 'at', 'encoding': 'utf-8'}...
2026-03-12 16:04:37.299 | DEBUG    | baldaquin.buf:_write:285 - 1500 bytes written to disk.
2026-03-12 16:04:37.299 | DEBUG    | baldaquin.buf:open:104 - Ouput file /home/lab1-student/baldaquindata/plasduino/0309_000088/0309_000088_data.txt closed.
2026-03-12 16:04:37.299 | DEBUG    | baldaquin.buf:open:100 - Opening output file /home/lab1-student/baldaquindata/plasduino/0309_000089/0309_000089_data.txt {'mode': 'at', 'encoding': 'utf-8'}...
2026-03-12 16:04:37.311 | DEBUG    | baldaquin.buf:_write:285 - 1500 bytes written to disk.
2026-03-12 16:04:37.311 | DEBUG    | baldaquin.buf:open:104 - Ouput file /home/lab1-student/baldaquindata/plasduino/0309_000089/0309_000089_data.txt closed.
2026-03-12 16:04:37.311 | DEBUG    | baldaquin.buf:open:100 - Opening output file /home/lab1-student/baldaquindata/plasduino/0309_000090/0309_000090_data.txt {'mode': 'at', 'encoding': 'utf-8'}...
2026-03-12 16:04:37.313 | DEBUG    | baldaquin.buf:_write:285 - 1500 bytes written to disk.
2026-03-12 16:04:37.313 | DEBUG    | baldaquin.buf:open:104 - Ouput file /home/lab1-student/baldaquindata/plasduino/0309_000090/0309_000090_data.txt closed.
2026-03-12 16:04:37.313 | DEBUG    | baldaquin.buf:open:100 - Opening output file /home/lab1-student/baldaquindata/plasduino/0309_000091/0309_000091_data.txt {'mode': 'at', 'encoding': 'utf-8'}...
2026-03-12 16:04:37.314 | DEBUG    | baldaquin.buf:_write:285 - 1500 bytes written to disk.
2026-03-12 16:04:37.319 | DEBUG    | baldaquin.buf:open:104 - Ouput file /home/lab1-student/baldaquindata/plasduino/0309_000091/0309_000091_data.txt closed.
2026-03-12 16:04:37.320 | DEBUG    | baldaquin.buf:open:100 - Opening output file /home/lab1-student/baldaquindata/plasduino/0309_000092/0309_000092_data.txt {'mode': 'at', 'encoding': 'utf-8'}...
2026-03-12 16:04:37.321 | DEBUG    | baldaquin.buf:_write:285 - 1500 bytes written to disk.
2026-03-12 16:04:37.321 | DEBUG    | baldaquin.buf:open:104 - Ouput file /home/lab1-student/baldaquindata/plasduino/0309_000092/0309_000092_data.txt closed.
2026-03-12 16:04:37.321 | DEBUG    | baldaquin.buf:open:100 - Opening output file /home/lab1-student/baldaquindata/plasduino/0309_000093/0309_000093_data.txt {'mode': 'at', 'encoding': 'utf-8'}...
2026-03-12 16:04:37.322 | DEBUG    | baldaquin.buf:_write:285 - 1500 bytes written to disk.
2026-03-12 16:04:37.322 | DEBUG    | baldaquin.buf:open:104 - Ouput file /home/lab1-student/baldaquindata/plasduino/0309_000093/0309_000093_data.txt closed.
2026-03-12 16:04:37.322 | DEBUG    | baldaquin.buf:open:100 - Opening output file /home/lab1-student/baldaquindata/plasduino/0309_000094/0309_000094_data.txt {'mode': 'at', 'encoding': 'utf-8'}...
2026-03-12 16:04:37.323 | DEBUG    | baldaquin.buf:_write:285 - 1500 bytes written to disk.
2026-03-12 16:04:37.356 | DEBUG    | baldaquin.buf:open:104 - Ouput file /home/lab1-student/baldaquindata/plasduino/0309_000094/0309_000094_data.txt closed.
2026-03-12 16:04:37.357 | DEBUG    | baldaquin.buf:open:100 - Opening output file /home/lab1-student/baldaquindata/plasduino/0309_000095/0309_000095_data.txt {'mode': 'at', 'encoding': 'utf-8'}...
2026-03-12 16:04:37.360 | DEBUG    | baldaquin.buf:_write:285 - 1500 bytes written to disk.
2026-03-12 16:04:37.360 | DEBUG    | baldaquin.buf:open:104 - Ouput file /home/lab1-student/baldaquindata/plasduino/0309_000095/0309_000095_data.txt closed.
2026-03-12 16:04:37.362 | DEBUG    | baldaquin.buf:open:100 - Opening output file /home/lab1-student/baldaquindata/plasduino/0309_000096/0309_000096_data.txt {'mode': 'at', 'encoding': 'utf-8'}...
2026-03-12 16:04:37.368 | DEBUG    | baldaquin.buf:_write:285 - 1500 bytes written to disk.
2026-03-12 16:04:37.369 | DEBUG    | baldaquin.buf:open:104 - Ouput file /home/lab1-student/baldaquindata/plasduino/0309_000096/0309_000096_data.txt closed.
2026-03-12 16:04:37.369 | DEBUG    | baldaquin.buf:open:100 - Opening output file /home/lab1-student/baldaquindata/plasduino/0309_000097/0309_000097_data.txt {'mode': 'at', 'encoding': 'utf-8'}...
2026-03-12 16:04:37.381 | DEBUG    | baldaquin.buf:_write:285 - 1500 bytes written to disk.
2026-03-12 16:04:37.391 | DEBUG    | baldaquin.buf:open:104 - Ouput file /home/lab1-student/baldaquindata/plasduino/0309_000097/0309_000097_data.txt closed.
2026-03-12 16:04:37.391 | DEBUG    | baldaquin.buf:open:100 - Opening output file /home/lab1-student/baldaquindata/plasduino/0309_000098/0309_000098_data.txt {'mode': 'at', 'encoding': 'utf-8'}...
2026-03-12 16:04:37.391 | DEBUG    | baldaquin.buf:_write:285 - 1500 bytes written to disk.
2026-03-12 16:04:37.393 | DEBUG    | baldaquin.buf:open:104 - Ouput file /home/lab1-student/baldaquindata/plasduino/0309_000098/0309_000098_data.txt closed.
2026-03-12 16:04:37.393 | DEBUG    | baldaquin.buf:open:100 - Opening output file /home/lab1-student/baldaquindata/plasduino/0309_000099/0309_000099_data.txt {'mode': 'at', 'encoding': 'utf-8'}...
2026-03-12 16:04:37.395 | DEBUG    | baldaquin.buf:_write:285 - 1500 bytes written to disk.
2026-03-12 16:04:37.398 | DEBUG    | baldaquin.buf:open:104 - Ouput file /home/lab1-student/baldaquindata/plasduino/0309_000099/0309_000099_data.txt closed.
2026-03-12 16:04:37.402 | DEBUG    | baldaquin.buf:open:100 - Opening output file /home/lab1-student/baldaquindata/plasduino/0309_000100/0309_000100_data.txt {'mode': 'at', 'encoding': 'utf-8'}...
2026-03-12 16:04:37.410 | DEBUG    | baldaquin.buf:_write:285 - 1500 bytes written to disk.
2026-03-12 16:04:37.410 | DEBUG    | baldaquin.buf:open:104 - Ouput file /home/lab1-student/baldaquindata/plasduino/0309_000100/0309_000100_data.txt closed.
2026-03-12 16:04:37.410 | DEBUG    | baldaquin.buf:open:100 - Opening output file /home/lab1-student/baldaquindata/plasduino/0309_000101/0309_000101_data.txt {'mode': 'at', 'encoding': 'utf-8'}...
2026-03-12 16:04:37.411 | DEBUG    | baldaquin.buf:_write:285 - 1500 bytes written to disk.
2026-03-12 16:04:37.411 | DEBUG    | baldaquin.buf:open:104 - Ouput file /home/lab1-student/baldaquindata/plasduino/0309_000101/0309_000101_data.txt closed.
2026-03-12 16:04:37.411 | DEBUG    | baldaquin.buf:open:100 - Opening output file /home/lab1-student/baldaquindata/plasduino/0309_000102/0309_000102_data.txt {'mode': 'at', 'encoding': 'utf-8'}...
2026-03-12 16:04:37.412 | DEBUG    | baldaquin.buf:_write:285 - 1500 bytes written to disk.
2026-03-12 16:04:37.412 | DEBUG    | baldaquin.buf:open:104 - Ouput file /home/lab1-student/baldaquindata/plasduino/0309_000102/0309_000102_data.txt closed.
2026-03-12 16:04:37.412 | DEBUG    | baldaquin.buf:open:100 - Opening output file /home/lab1-student/baldaquindata/plasduino/0309_000103/0309_000103_data.txt {'mode': 'at', 'encoding': 'utf-8'}...
2026-03-12 16:04:37.424 | DEBUG    | baldaquin.buf:_write:285 - 1500 bytes written to disk.
2026-03-12 16:04:37.425 | DEBUG    | baldaquin.buf:open:104 - Ouput file /home/lab1-student/baldaquindata/plasduino/0309_000103/0309_000103_data.txt closed.
2026-03-12 16:04:37.435 | DEBUG    | baldaquin.buf:open:100 - Opening output file /home/lab1-student/baldaquindata/plasduino/0309_000104/0309_000104_data.txt {'mode': 'at', 'encoding': 'utf-8'}...
2026-03-12 16:04:37.463 | DEBUG    | baldaquin.buf:_write:285 - 1500 bytes written to disk.
2026-03-12 16:04:37.463 | DEBUG    | baldaquin.buf:open:104 - Ouput file /home/lab1-student/baldaquindata/plasduino/0309_000104/0309_000104_data.txt closed.
2026-03-12 16:04:37.466 | DEBUG    | baldaquin.buf:open:100 - Opening output file /home/lab1-student/baldaquindata/plasduino/0309_000104/0309_000104_data.dat {'mode': 'ab'}...
2026-03-12 16:04:37.466 | DEBUG    | baldaquin.buf:_pop_and_write_raw:259 - 800 bytes written to disk.
2026-03-12 16:04:37.466 | DEBUG    | baldaquin.buf:open:104 - Ouput file /home/lab1-student/baldaquindata/plasduino/0309_000104/0309_000104_data.dat closed.
2026-03-12 16:04:37.466 | INFO     | baldaquin.buf:flush:318 - 29300 bytes (800 raw bytes) written to disk.
2026-03-12 16:04:37.467 | DEBUG    | baldaquin.profile:wrap:32 - Running time for flush(): 0.179273 s
2026-03-12 16:04:39.831 | INFO     | baldaquin.buf:flush:309 - 100 packets ready to be written out...
2026-03-12 16:04:39.831 | DEBUG    | baldaquin.buf:open:100 - Opening output file /home/lab1-student/baldaquindata/plasduino/0309_000086/0309_000086_data.txt {'mode': 'at', 'encoding': 'utf-8'}...
2026-03-12 16:04:39.832 | DEBUG    | baldaquin.buf:_write:285 - 1500 bytes written to disk.
2026-03-12 16:04:39.832 | DEBUG    | baldaquin.buf:open:104 - Ouput file /home/lab1-student/baldaquindata/plasduino/0309_000086/0309_000086_data.txt closed.
2026-03-12 16:04:39.832 | DEBUG    | baldaquin.buf:open:100 - Opening output file /home/lab1-student/baldaquindata/plasduino/0309_000087/0309_000087_data.txt {'mode': 'at', 'encoding': 'utf-8'}...
2026-03-12 16:04:39.833 | DEBUG    | baldaquin.buf:_write:285 - 1500 bytes written to disk.
2026-03-12 16:04:39.833 | DEBUG    | baldaquin.buf:open:104 - Ouput file /home/lab1-student/baldaquindata/plasduino/0309_000087/0309_000087_data.txt closed.
2026-03-12 16:04:39.833 | DEBUG    | baldaquin.buf:open:100 - Opening output file /home/lab1-student/baldaquindata/plasduino/0309_000088/0309_000088_data.txt {'mode': 'at', 'encoding': 'utf-8'}...
2026-03-12 16:04:39.833 | DEBUG    | baldaquin.buf:_write:285 - 1500 bytes written to disk.
2026-03-12 16:04:39.857 | DEBUG    | baldaquin.buf:open:104 - Ouput file /home/lab1-student/baldaquindata/plasduino/0309_000088/0309_000088_data.txt closed.
2026-03-12 16:04:39.857 | DEBUG    | baldaquin.buf:open:100 - Opening output file /home/lab1-student/baldaquindata/plasduino/0309_000089/0309_000089_data.txt {'mode': 'at', 'encoding': 'utf-8'}...
2026-03-12 16:04:39.860 | DEBUG    | baldaquin.buf:_write:285 - 1500 bytes written to disk.
2026-03-12 16:04:39.862 | DEBUG    | baldaquin.buf:open:104 - Ouput file /home/lab1-student/baldaquindata/plasduino/0309_000089/0309_000089_data.txt closed.
2026-03-12 16:04:39.862 | DEBUG    | baldaquin.buf:open:100 - Opening output file /home/lab1-student/baldaquindata/plasduino/0309_000090/0309_000090_data.txt {'mode': 'at', 'encoding': 'utf-8'}...
2026-03-12 16:04:39.869 | DEBUG    | baldaquin.buf:_write:285 - 1500 bytes written to disk.
2026-03-12 16:04:39.875 | DEBUG    | baldaquin.buf:open:104 - Ouput file /home/lab1-student/baldaquindata/plasduino/0309_000090/0309_000090_data.txt closed.
2026-03-12 16:04:39.886 | DEBUG    | baldaquin.buf:open:100 - Opening output file /home/lab1-student/baldaquindata/plasduino/0309_000091/0309_000091_data.txt {'mode': 'at', 'encoding': 'utf-8'}...
2026-03-12 16:04:39.894 | DEBUG    | baldaquin.buf:_write:285 - 1500 bytes written to disk.
2026-03-12 16:04:39.896 | DEBUG    | baldaquin.buf:open:104 - Ouput file /home/lab1-student/baldaquindata/plasduino/0309_000091/0309_000091_data.txt closed.
2026-03-12 16:04:39.897 | DEBUG    | baldaquin.buf:open:100 - Opening output file /home/lab1-student/baldaquindata/plasduino/0309_000092/0309_000092_data.txt {'mode': 'at', 'encoding': 'utf-8'}...
2026-03-12 16:04:39.899 | DEBUG    | baldaquin.buf:_write:285 - 1500 bytes written to disk.
2026-03-12 16:04:39.899 | DEBUG    | baldaquin.buf:open:104 - Ouput file /home/lab1-student/baldaquindata/plasduino/0309_000092/0309_000092_data.txt closed.
2026-03-12 16:04:39.899 | DEBUG    | baldaquin.buf:open:100 - Opening output file /home/lab1-student/baldaquindata/plasduino/0309_000093/0309_000093_data.txt {'mode': 'at', 'encoding': 'utf-8'}...
2026-03-12 16:04:39.900 | DEBUG    | baldaquin.buf:_write:285 - 1500 bytes written to disk.
2026-03-12 16:04:39.900 | DEBUG    | baldaquin.buf:open:104 - Ouput file /home/lab1-student/baldaquindata/plasduino/0309_000093/0309_000093_data.txt closed.
2026-03-12 16:04:39.900 | DEBUG    | baldaquin.buf:open:100 - Opening output file /home/lab1-student/baldaquindata/plasduino/0309_000094/0309_000094_data.txt {'mode': 'at', 'encoding': 'utf-8'}...
2026-03-12 16:04:39.905 | DEBUG    | baldaquin.buf:_write:285 - 1500 bytes written to disk.
2026-03-12 16:04:39.906 | DEBUG    | baldaquin.buf:open:104 - Ouput file /home/lab1-student/baldaquindata/plasduino/0309_000094/0309_000094_data.txt closed.
2026-03-12 16:04:39.906 | DEBUG    | baldaquin.buf:open:100 - Opening output file /home/lab1-student/baldaquindata/plasduino/0309_000095/0309_000095_data.txt {'mode': 'at', 'encoding': 'utf-8'}...
2026-03-12 16:04:39.912 | DEBUG    | baldaquin.buf:_write:285 - 1500 bytes written to disk.
2026-03-12 16:04:39.912 | DEBUG    | baldaquin.buf:open:104 - Ouput file /home/lab1-student/baldaquindata/plasduino/0309_000095/0309_000095_data.txt closed.
2026-03-12 16:04:39.912 | DEBUG    | baldaquin.buf:open:100 - Opening output file /home/lab1-student/baldaquindata/plasduino/0309_000096/0309_000096_data.txt {'mode': 'at', 'encoding': 'utf-8'}...
2026-03-12 16:04:39.913 | DEBUG    | baldaquin.buf:_write:285 - 1500 bytes written to disk.
2026-03-12 16:04:39.913 | DEBUG    | baldaquin.buf:open:104 - Ouput file /home/lab1-student/baldaquindata/plasduino/0309_000096/0309_000096_data.txt closed.
2026-03-12 16:04:39.913 | DEBUG    | baldaquin.buf:open:100 - Opening output file /home/lab1-student/baldaquindata/plasduino/0309_000097/0309_000097_data.txt {'mode': 'at', 'encoding': 'utf-8'}...
2026-03-12 16:04:39.914 | DEBUG    | baldaquin.buf:_write:285 - 1500 bytes written to disk.
2026-03-12 16:04:39.914 | DEBUG    | baldaquin.buf:open:104 - Ouput file /home/lab1-student/baldaquindata/plasduino/0309_000097/0309_000097_data.txt closed.
2026-03-12 16:04:39.914 | DEBUG    | baldaquin.buf:open:100 - Opening output file /home/lab1-student/baldaquindata/plasduino/0309_000098/0309_000098_data.txt {'mode': 'at', 'encoding': 'utf-8'}...
2026-03-12 16:04:39.926 | DEBUG    | baldaquin.buf:_write:285 - 1500 bytes written to disk.
2026-03-12 16:04:39.926 | DEBUG    | baldaquin.buf:open:104 - Ouput file /home/lab1-student/baldaquindata/plasduino/0309_000098/0309_000098_data.txt closed.
2026-03-12 16:04:39.926 | DEBUG    | baldaquin.buf:open:100 - Opening output file /home/lab1-student/baldaquindata/plasduino/0309_000099/0309_000099_data.txt {'mode': 'at', 'encoding': 'utf-8'}...
2026-03-12 16:04:39.927 | DEBUG    | baldaquin.buf:_write:285 - 1500 bytes written to disk.
2026-03-12 16:04:39.928 | DEBUG    | baldaquin.buf:open:104 - Ouput file /home/lab1-student/baldaquindata/plasduino/0309_000099/0309_000099_data.txt closed.
2026-03-12 16:04:39.928 | DEBUG    | baldaquin.buf:open:100 - Opening output file /home/lab1-student/baldaquindata/plasduino/0309_000100/0309_000100_data.txt {'mode': 'at', 'encoding': 'utf-8'}...
2026-03-12 16:04:39.929 | DEBUG    | baldaquin.buf:_write:285 - 1500 bytes written to disk.
2026-03-12 16:04:39.929 | DEBUG    | baldaquin.buf:open:104 - Ouput file /home/lab1-student/baldaquindata/plasduino/0309_000100/0309_000100_data.txt closed.
2026-03-12 16:04:39.929 | DEBUG    | baldaquin.buf:open:100 - Opening output file /home/lab1-student/baldaquindata/plasduino/0309_000101/0309_000101_data.txt {'mode': 'at', 'encoding': 'utf-8'}...
2026-03-12 16:04:39.930 | DEBUG    | baldaquin.buf:_write:285 - 1500 bytes written to disk.
2026-03-12 16:04:39.941 | DEBUG    | baldaquin.buf:open:104 - Ouput file /home/lab1-student/baldaquindata/plasduino/0309_000101/0309_000101_data.txt closed.
2026-03-12 16:04:39.941 | DEBUG    | baldaquin.buf:open:100 - Opening output file /home/lab1-student/baldaquindata/plasduino/0309_000102/0309_000102_data.txt {'mode': 'at', 'encoding': 'utf-8'}...
2026-03-12 16:04:39.967 | DEBUG    | baldaquin.buf:_write:285 - 1500 bytes written to disk.
2026-03-12 16:04:39.971 | DEBUG    | baldaquin.buf:open:104 - Ouput file /home/lab1-student/baldaquindata/plasduino/0309_000102/0309_000102_data.txt closed.
2026-03-12 16:04:39.971 | DEBUG    | baldaquin.buf:open:100 - Opening output file /home/lab1-student/baldaquindata/plasduino/0309_000103/0309_000103_data.txt {'mode': 'at', 'encoding': 'utf-8'}...
2026-03-12 16:04:39.976 | DEBUG    | baldaquin.buf:_write:285 - 1500 bytes written to disk.
2026-03-12 16:04:39.977 | DEBUG    | baldaquin.buf:open:104 - Ouput file /home/lab1-student/baldaquindata/plasduino/0309_000103/0309_000103_data.txt closed.
2026-03-12 16:04:39.989 | DEBUG    | baldaquin.buf:open:100 - Opening output file /home/lab1-student/baldaquindata/plasduino/0309_000104/0309_000104_data.txt {'mode': 'at', 'encoding': 'utf-8'}...
2026-03-12 16:04:39.998 | DEBUG    | baldaquin.buf:_write:285 - 1500 bytes written to disk.
2026-03-12 16:04:40.002 | DEBUG    | baldaquin.buf:open:104 - Ouput file /home/lab1-student/baldaquindata/plasduino/0309_000104/0309_000104_data.txt closed.
2026-03-12 16:04:40.002 | DEBUG    | baldaquin.buf:open:100 - Opening output file /home/lab1-student/baldaquindata/plasduino/0309_000104/0309_000104_data.dat {'mode': 'ab'}...
2026-03-12 16:04:40.003 | DEBUG    | baldaquin.buf:_pop_and_write_raw:259 - 800 bytes written to disk.
2026-03-12 16:04:40.003 | DEBUG    | baldaquin.buf:open:104 - Ouput file /home/lab1-student/baldaquindata/plasduino/0309_000104/0309_000104_data.dat closed.
2026-03-12 16:04:40.003 | INFO     | baldaquin.buf:flush:318 - 29300 bytes (800 raw bytes) written to disk.
2026-03-12 16:04:40.003 | DEBUG    | baldaquin.profile:wrap:32 - Running time for flush(): 0.171812 s
2026-03-12 16:04:42.372 | INFO     | baldaquin.buf:flush:309 - 100 packets ready to be written out...
2026-03-12 16:04:42.377 | DEBUG    | baldaquin.buf:open:100 - Opening output file /home/lab1-student/baldaquindata/plasduino/0309_000086/0309_000086_data.txt {'mode': 'at', 'encoding': 'utf-8'}...
2026-03-12 16:04:42.387 | DEBUG    | baldaquin.buf:_write:285 - 1500 bytes written to disk.
2026-03-12 16:04:42.387 | DEBUG    | baldaquin.buf:open:104 - Ouput file /home/lab1-student/baldaquindata/plasduino/0309_000086/0309_000086_data.txt closed.
2026-03-12 16:04:42.388 | DEBUG    | baldaquin.buf:open:100 - Opening output file /home/lab1-student/baldaquindata/plasduino/0309_000087/0309_000087_data.txt {'mode': 'at', 'encoding': 'utf-8'}...
2026-03-12 16:04:42.397 | DEBUG    | baldaquin.buf:_write:285 - 1500 bytes written to disk.
2026-03-12 16:04:42.397 | DEBUG    | baldaquin.buf:open:104 - Ouput file /home/lab1-student/baldaquindata/plasduino/0309_000087/0309_000087_data.txt closed.
2026-03-12 16:04:42.398 | DEBUG    | baldaquin.buf:open:100 - Opening output file /home/lab1-student/baldaquindata/plasduino/0309_000088/0309_000088_data.txt {'mode': 'at', 'encoding': 'utf-8'}...
2026-03-12 16:04:42.398 | DEBUG    | baldaquin.buf:_write:285 - 1500 bytes written to disk.
2026-03-12 16:04:42.398 | DEBUG    | baldaquin.buf:open:104 - Ouput file /home/lab1-student/baldaquindata/plasduino/0309_000088/0309_000088_data.txt closed.
2026-03-12 16:04:42.399 | DEBUG    | baldaquin.buf:open:100 - Opening output file /home/lab1-student/baldaquindata/plasduino/0309_000089/0309_000089_data.txt {'mode': 'at', 'encoding': 'utf-8'}...
2026-03-12 16:04:42.401 | DEBUG    | baldaquin.buf:_write:285 - 1500 bytes written to disk.
2026-03-12 16:04:42.402 | DEBUG    | baldaquin.buf:open:104 - Ouput file /home/lab1-student/baldaquindata/plasduino/0309_000089/0309_000089_data.txt closed.
2026-03-12 16:04:42.402 | DEBUG    | baldaquin.buf:open:100 - Opening output file /home/lab1-student/baldaquindata/plasduino/0309_000090/0309_000090_data.txt {'mode': 'at', 'encoding': 'utf-8'}...
2026-03-12 16:04:42.403 | DEBUG    | baldaquin.buf:_write:285 - 1500 bytes written to disk.
2026-03-12 16:04:42.403 | DEBUG    | baldaquin.buf:open:104 - Ouput file /home/lab1-student/baldaquindata/plasduino/0309_000090/0309_000090_data.txt closed.
2026-03-12 16:04:42.412 | DEBUG    | baldaquin.buf:open:100 - Opening output file /home/lab1-student/baldaquindata/plasduino/0309_000091/0309_000091_data.txt {'mode': 'at', 'encoding': 'utf-8'}...
2026-03-12 16:04:42.415 | DEBUG    | baldaquin.buf:_write:285 - 1500 bytes written to disk.
2026-03-12 16:04:42.416 | DEBUG    | baldaquin.buf:open:104 - Ouput file /home/lab1-student/baldaquindata/plasduino/0309_000091/0309_000091_data.txt closed.
2026-03-12 16:04:42.416 | DEBUG    | baldaquin.buf:open:100 - Opening output file /home/lab1-student/baldaquindata/plasduino/0309_000092/0309_000092_data.txt {'mode': 'at', 'encoding': 'utf-8'}...
2026-03-12 16:04:42.417 | DEBUG    | baldaquin.buf:_write:285 - 1500 bytes written to disk.
2026-03-12 16:04:42.421 | DEBUG    | baldaquin.buf:open:104 - Ouput file /home/lab1-student/baldaquindata/plasduino/0309_000092/0309_000092_data.txt closed.
2026-03-12 16:04:42.421 | DEBUG    | baldaquin.buf:open:100 - Opening output file /home/lab1-student/baldaquindata/plasduino/0309_000093/0309_000093_data.txt {'mode': 'at', 'encoding': 'utf-8'}...
2026-03-12 16:04:42.422 | DEBUG    | baldaquin.buf:_write:285 - 1500 bytes written to disk.
2026-03-12 16:04:42.422 | DEBUG    | baldaquin.buf:open:104 - Ouput file /home/lab1-student/baldaquindata/plasduino/0309_000093/0309_000093_data.txt closed.
2026-03-12 16:04:42.422 | DEBUG    | baldaquin.buf:open:100 - Opening output file /home/lab1-student/baldaquindata/plasduino/0309_000094/0309_000094_data.txt {'mode': 'at', 'encoding': 'utf-8'}...
2026-03-12 16:04:42.423 | DEBUG    | baldaquin.buf:_write:285 - 1500 bytes written to disk.
2026-03-12 16:04:42.428 | DEBUG    | baldaquin.buf:open:104 - Ouput file /home/lab1-student/baldaquindata/plasduino/0309_000094/0309_000094_data.txt closed.
2026-03-12 16:04:42.449 | DEBUG    | baldaquin.buf:open:100 - Opening output file /home/lab1-student/baldaquindata/plasduino/0309_000095/0309_000095_data.txt {'mode': 'at', 'encoding': 'utf-8'}...
2026-03-12 16:04:42.458 | DEBUG    | baldaquin.buf:_write:285 - 1500 bytes written to disk.
2026-03-12 16:04:42.459 | DEBUG    | baldaquin.buf:open:104 - Ouput file /home/lab1-student/baldaquindata/plasduino/0309_000095/0309_000095_data.txt closed.
2026-03-12 16:04:42.460 | DEBUG    | baldaquin.buf:open:100 - Opening output file /home/lab1-student/baldaquindata/plasduino/0309_000096/0309_000096_data.txt {'mode': 'at', 'encoding': 'utf-8'}...
2026-03-12 16:04:42.467 | DEBUG    | baldaquin.buf:_write:285 - 1500 bytes written to disk.
2026-03-12 16:04:42.488 | DEBUG    | baldaquin.buf:open:104 - Ouput file /home/lab1-student/baldaquindata/plasduino/0309_000096/0309_000096_data.txt closed.
2026-03-12 16:04:42.489 | DEBUG    | baldaquin.buf:open:100 - Opening output file /home/lab1-student/baldaquindata/plasduino/0309_000097/0309_000097_data.txt {'mode': 'at', 'encoding': 'utf-8'}...
2026-03-12 16:04:42.490 | DEBUG    | baldaquin.buf:_write:285 - 1500 bytes written to disk.
2026-03-12 16:04:42.491 | DEBUG    | baldaquin.buf:open:104 - Ouput file /home/lab1-student/baldaquindata/plasduino/0309_000097/0309_000097_data.txt closed.
2026-03-12 16:04:42.491 | DEBUG    | baldaquin.buf:open:100 - Opening output file /home/lab1-student/baldaquindata/plasduino/0309_000098/0309_000098_data.txt {'mode': 'at', 'encoding': 'utf-8'}...
2026-03-12 16:04:42.505 | DEBUG    | baldaquin.buf:_write:285 - 1500 bytes written to disk.
2026-03-12 16:04:42.505 | DEBUG    | baldaquin.buf:open:104 - Ouput file /home/lab1-student/baldaquindata/plasduino/0309_000098/0309_000098_data.txt closed.
2026-03-12 16:04:42.505 | DEBUG    | baldaquin.buf:open:100 - Opening output file /home/lab1-student/baldaquindata/plasduino/0309_000099/0309_000099_data.txt {'mode': 'at', 'encoding': 'utf-8'}...
2026-03-12 16:04:42.506 | DEBUG    | baldaquin.buf:_write:285 - 1500 bytes written to disk.
2026-03-12 16:04:42.506 | DEBUG    | baldaquin.buf:open:104 - Ouput file /home/lab1-student/baldaquindata/plasduino/0309_000099/0309_000099_data.txt closed.
2026-03-12 16:04:42.506 | DEBUG    | baldaquin.buf:open:100 - Opening output file /home/lab1-student/baldaquindata/plasduino/0309_000100/0309_000100_data.txt {'mode': 'at', 'encoding': 'utf-8'}...
2026-03-12 16:04:42.507 | DEBUG    | baldaquin.buf:_write:285 - 1500 bytes written to disk.
2026-03-12 16:04:42.507 | DEBUG    | baldaquin.buf:open:104 - Ouput file /home/lab1-student/baldaquindata/plasduino/0309_000100/0309_000100_data.txt closed.
2026-03-12 16:04:42.507 | DEBUG    | baldaquin.buf:open:100 - Opening output file /home/lab1-student/baldaquindata/plasduino/0309_000101/0309_000101_data.txt {'mode': 'at', 'encoding': 'utf-8'}...
2026-03-12 16:04:42.508 | DEBUG    | baldaquin.buf:_write:285 - 1500 bytes written to disk.
2026-03-12 16:04:42.508 | DEBUG    | baldaquin.buf:open:104 - Ouput file /home/lab1-student/baldaquindata/plasduino/0309_000101/0309_000101_data.txt closed.
2026-03-12 16:04:42.519 | DEBUG    | baldaquin.buf:open:100 - Opening output file /home/lab1-student/baldaquindata/plasduino/0309_000102/0309_000102_data.txt {'mode': 'at', 'encoding': 'utf-8'}...
2026-03-12 16:04:42.520 | DEBUG    | baldaquin.buf:_write:285 - 1500 bytes written to disk.
2026-03-12 16:04:42.521 | DEBUG    | baldaquin.buf:open:104 - Ouput file /home/lab1-student/baldaquindata/plasduino/0309_000102/0309_000102_data.txt closed.
2026-03-12 16:04:42.521 | DEBUG    | baldaquin.buf:open:100 - Opening output file /home/lab1-student/baldaquindata/plasduino/0309_000103/0309_000103_data.txt {'mode': 'at', 'encoding': 'utf-8'}...
2026-03-12 16:04:42.522 | DEBUG    | baldaquin.buf:_write:285 - 1500 bytes written to disk.
2026-03-12 16:04:42.522 | DEBUG    | baldaquin.buf:open:104 - Ouput file /home/lab1-student/baldaquindata/plasduino/0309_000103/0309_000103_data.txt closed.
2026-03-12 16:04:42.522 | DEBUG    | baldaquin.buf:open:100 - Opening output file /home/lab1-student/baldaquindata/plasduino/0309_000104/0309_000104_data.txt {'mode': 'at', 'encoding': 'utf-8'}...
2026-03-12 16:04:42.523 | DEBUG    | baldaquin.buf:_write:285 - 1500 bytes written to disk.
2026-03-12 16:04:42.531 | DEBUG    | baldaquin.buf:open:104 - Ouput file /home/lab1-student/baldaquindata/plasduino/0309_000104/0309_000104_data.txt closed.
2026-03-12 16:04:42.548 | DEBUG    | baldaquin.buf:open:100 - Opening output file /home/lab1-student/baldaquindata/plasduino/0309_000104/0309_000104_data.dat {'mode': 'ab'}...
2026-03-12 16:04:42.559 | DEBUG    | baldaquin.buf:_pop_and_write_raw:259 - 800 bytes written to disk.
2026-03-12 16:04:42.561 | DEBUG    | baldaquin.buf:open:104 - Ouput file /home/lab1-student/baldaquindata/plasduino/0309_000104/0309_000104_data.dat closed.
2026-03-12 16:04:42.562 | INFO     | baldaquin.buf:flush:318 - 29300 bytes (800 raw bytes) written to disk.
2026-03-12 16:04:42.563 | DEBUG    | baldaquin.profile:wrap:32 - Running time for flush(): 0.190557 s
2026-03-12 16:04:44.899 | INFO     | baldaquin.buf:flush:309 - 100 packets ready to be written out...
2026-03-12 16:04:44.900 | DEBUG    | baldaquin.buf:open:100 - Opening output file /home/lab1-student/baldaquindata/plasduino/0309_000086/0309_000086_data.txt {'mode': 'at', 'encoding': 'utf-8'}...
2026-03-12 16:04:44.902 | DEBUG    | baldaquin.buf:_write:285 - 1500 bytes written to disk.
2026-03-12 16:04:44.907 | DEBUG    | baldaquin.buf:open:104 - Ouput file /home/lab1-student/baldaquindata/plasduino/0309_000086/0309_000086_data.txt closed.
2026-03-12 16:04:44.907 | DEBUG    | baldaquin.buf:open:100 - Opening output file /home/lab1-student/baldaquindata/plasduino/0309_000087/0309_000087_data.txt {'mode': 'at', 'encoding': 'utf-8'}...
2026-03-12 16:04:44.908 | DEBUG    | baldaquin.buf:_write:285 - 1500 bytes written to disk.
2026-03-12 16:04:44.908 | DEBUG    | baldaquin.buf:open:104 - Ouput file /home/lab1-student/baldaquindata/plasduino/0309_000087/0309_000087_data.txt closed.
2026-03-12 16:04:44.908 | DEBUG    | baldaquin.buf:open:100 - Opening output file /home/lab1-student/baldaquindata/plasduino/0309_000088/0309_000088_data.txt {'mode': 'at', 'encoding': 'utf-8'}...
2026-03-12 16:04:44.910 | DEBUG    | baldaquin.buf:_write:285 - 1500 bytes written to disk.
2026-03-12 16:04:44.910 | DEBUG    | baldaquin.buf:open:104 - Ouput file /home/lab1-student/baldaquindata/plasduino/0309_000088/0309_000088_data.txt closed.
2026-03-12 16:04:44.910 | DEBUG    | baldaquin.buf:open:100 - Opening output file /home/lab1-student/baldaquindata/plasduino/0309_000089/0309_000089_data.txt {'mode': 'at', 'encoding': 'utf-8'}...
2026-03-12 16:04:44.911 | DEBUG    | baldaquin.buf:_write:285 - 1500 bytes written to disk.
2026-03-12 16:04:44.911 | DEBUG    | baldaquin.buf:open:104 - Ouput file /home/lab1-student/baldaquindata/plasduino/0309_000089/0309_000089_data.txt closed.
2026-03-12 16:04:44.911 | DEBUG    | baldaquin.buf:open:100 - Opening output file /home/lab1-student/baldaquindata/plasduino/0309_000090/0309_000090_data.txt {'mode': 'at', 'encoding': 'utf-8'}...
2026-03-12 16:04:44.912 | DEBUG    | baldaquin.buf:_write:285 - 1500 bytes written to disk.
2026-03-12 16:04:44.912 | DEBUG    | baldaquin.buf:open:104 - Ouput file /home/lab1-student/baldaquindata/plasduino/0309_000090/0309_000090_data.txt closed.
2026-03-12 16:04:44.912 | DEBUG    | baldaquin.buf:open:100 - Opening output file /home/lab1-student/baldaquindata/plasduino/0309_000091/0309_000091_data.txt {'mode': 'at', 'encoding': 'utf-8'}...
2026-03-12 16:04:44.913 | DEBUG    | baldaquin.buf:_write:285 - 1500 bytes written to disk.
2026-03-12 16:04:44.913 | DEBUG    | baldaquin.buf:open:104 - Ouput file /home/lab1-student/baldaquindata/plasduino/0309_000091/0309_000091_data.txt closed.
2026-03-12 16:04:44.913 | DEBUG    | baldaquin.buf:open:100 - Opening output file /home/lab1-student/baldaquindata/plasduino/0309_000092/0309_000092_data.txt {'mode': 'at', 'encoding': 'utf-8'}...
2026-03-12 16:04:44.914 | DEBUG    | baldaquin.buf:_write:285 - 1500 bytes written to disk.
2026-03-12 16:04:44.914 | DEBUG    | baldaquin.buf:open:104 - Ouput file /home/lab1-student/baldaquindata/plasduino/0309_000092/0309_000092_data.txt closed.
2026-03-12 16:04:44.914 | DEBUG    | baldaquin.buf:open:100 - Opening output file /home/lab1-student/baldaquindata/plasduino/0309_000093/0309_000093_data.txt {'mode': 'at', 'encoding': 'utf-8'}...
2026-03-12 16:04:44.915 | DEBUG    | baldaquin.buf:_write:285 - 1500 bytes written to disk.
2026-03-12 16:04:44.915 | DEBUG    | baldaquin.buf:open:104 - Ouput file /home/lab1-student/baldaquindata/plasduino/0309_000093/0309_000093_data.txt closed.
2026-03-12 16:04:44.915 | DEBUG    | baldaquin.buf:open:100 - Opening output file /home/lab1-student/baldaquindata/plasduino/0309_000094/0309_000094_data.txt {'mode': 'at', 'encoding': 'utf-8'}...
2026-03-12 16:04:44.916 | DEBUG    | baldaquin.buf:_write:285 - 1500 bytes written to disk.
2026-03-12 16:04:44.916 | DEBUG    | baldaquin.buf:open:104 - Ouput file /home/lab1-student/baldaquindata/plasduino/0309_000094/0309_000094_data.txt closed.
2026-03-12 16:04:44.916 | DEBUG    | baldaquin.buf:open:100 - Opening output file /home/lab1-student/baldaquindata/plasduino/0309_000095/0309_000095_data.txt {'mode': 'at', 'encoding': 'utf-8'}...
2026-03-12 16:04:44.916 | DEBUG    | baldaquin.buf:_write:285 - 1500 bytes written to disk.
2026-03-12 16:04:44.916 | DEBUG    | baldaquin.buf:open:104 - Ouput file /home/lab1-student/baldaquindata/plasduino/0309_000095/0309_000095_data.txt closed.
2026-03-12 16:04:44.917 | DEBUG    | baldaquin.buf:open:100 - Opening output file /home/lab1-student/baldaquindata/plasduino/0309_000096/0309_000096_data.txt {'mode': 'at', 'encoding': 'utf-8'}...
2026-03-12 16:04:44.917 | DEBUG    | baldaquin.buf:_write:285 - 1500 bytes written to disk.
2026-03-12 16:04:44.917 | DEBUG    | baldaquin.buf:open:104 - Ouput file /home/lab1-student/baldaquindata/plasduino/0309_000096/0309_000096_data.txt closed.
2026-03-12 16:04:44.917 | DEBUG    | baldaquin.buf:open:100 - Opening output file /home/lab1-student/baldaquindata/plasduino/0309_000097/0309_000097_data.txt {'mode': 'at', 'encoding': 'utf-8'}...
2026-03-12 16:04:44.918 | DEBUG    | baldaquin.buf:_write:285 - 1500 bytes written to disk.
2026-03-12 16:04:44.918 | DEBUG    | baldaquin.buf:open:104 - Ouput file /home/lab1-student/baldaquindata/plasduino/0309_000097/0309_000097_data.txt closed.
2026-03-12 16:04:44.918 | DEBUG    | baldaquin.buf:open:100 - Opening output file /home/lab1-student/baldaquindata/plasduino/0309_000098/0309_000098_data.txt {'mode': 'at', 'encoding': 'utf-8'}...
2026-03-12 16:04:44.918 | DEBUG    | baldaquin.buf:_write:285 - 1500 bytes written to disk.
2026-03-12 16:04:44.919 | DEBUG    | baldaquin.buf:open:104 - Ouput file /home/lab1-student/baldaquindata/plasduino/0309_000098/0309_000098_data.txt closed.
2026-03-12 16:04:44.919 | DEBUG    | baldaquin.buf:open:100 - Opening output file /home/lab1-student/baldaquindata/plasduino/0309_000099/0309_000099_data.txt {'mode': 'at', 'encoding': 'utf-8'}...
2026-03-12 16:04:44.919 | DEBUG    | baldaquin.buf:_write:285 - 1500 bytes written to disk.
2026-03-12 16:04:44.919 | DEBUG    | baldaquin.buf:open:104 - Ouput file /home/lab1-student/baldaquindata/plasduino/0309_000099/0309_000099_data.txt closed.
2026-03-12 16:04:44.919 | DEBUG    | baldaquin.buf:open:100 - Opening output file /home/lab1-student/baldaquindata/plasduino/0309_000100/0309_000100_data.txt {'mode': 'at', 'encoding': 'utf-8'}...
2026-03-12 16:04:44.920 | DEBUG    | baldaquin.buf:_write:285 - 1500 bytes written to disk.
2026-03-12 16:04:44.920 | DEBUG    | baldaquin.buf:open:104 - Ouput file /home/lab1-student/baldaquindata/plasduino/0309_000100/0309_000100_data.txt closed.
2026-03-12 16:04:44.920 | DEBUG    | baldaquin.buf:open:100 - Opening output file /home/lab1-student/baldaquindata/plasduino/0309_000101/0309_000101_data.txt {'mode': 'at', 'encoding': 'utf-8'}...
2026-03-12 16:04:44.921 | DEBUG    | baldaquin.buf:_write:285 - 1500 bytes written to disk.
2026-03-12 16:04:44.921 | DEBUG    | baldaquin.buf:open:104 - Ouput file /home/lab1-student/baldaquindata/plasduino/0309_000101/0309_000101_data.txt closed.
2026-03-12 16:04:44.921 | DEBUG    | baldaquin.buf:open:100 - Opening output file /home/lab1-student/baldaquindata/plasduino/0309_000102/0309_000102_data.txt {'mode': 'at', 'encoding': 'utf-8'}...
2026-03-12 16:04:44.921 | DEBUG    | baldaquin.buf:_write:285 - 1500 bytes written to disk.
2026-03-12 16:04:44.921 | DEBUG    | baldaquin.buf:open:104 - Ouput file /home/lab1-student/baldaquindata/plasduino/0309_000102/0309_000102_data.txt closed.
2026-03-12 16:04:44.921 | DEBUG    | baldaquin.buf:open:100 - Opening output file /home/lab1-student/baldaquindata/plasduino/0309_000103/0309_000103_data.txt {'mode': 'at', 'encoding': 'utf-8'}...
2026-03-12 16:04:44.922 | DEBUG    | baldaquin.buf:_write:285 - 1500 bytes written to disk.
2026-03-12 16:04:44.922 | DEBUG    | baldaquin.buf:open:104 - Ouput file /home/lab1-student/baldaquindata/plasduino/0309_000103/0309_000103_data.txt closed.
2026-03-12 16:04:44.922 | DEBUG    | baldaquin.buf:open:100 - Opening output file /home/lab1-student/baldaquindata/plasduino/0309_000104/0309_000104_data.txt {'mode': 'at', 'encoding': 'utf-8'}...
2026-03-12 16:04:44.923 | DEBUG    | baldaquin.buf:_write:285 - 1500 bytes written to disk.
2026-03-12 16:04:44.923 | DEBUG    | baldaquin.buf:open:104 - Ouput file /home/lab1-student/baldaquindata/plasduino/0309_000104/0309_000104_data.txt closed.
2026-03-12 16:04:44.928 | DEBUG    | baldaquin.buf:open:100 - Opening output file /home/lab1-student/baldaquindata/plasduino/0309_000104/0309_000104_data.dat {'mode': 'ab'}...
2026-03-12 16:04:44.951 | DEBUG    | baldaquin.buf:_pop_and_write_raw:259 - 800 bytes written to disk.
2026-03-12 16:04:44.957 | DEBUG    | baldaquin.buf:open:104 - Ouput file /home/lab1-student/baldaquindata/plasduino/0309_000104/0309_000104_data.dat closed.
2026-03-12 16:04:44.957 | INFO     | baldaquin.buf:flush:318 - 29300 bytes (800 raw bytes) written to disk.
2026-03-12 16:04:44.958 | DEBUG    | baldaquin.profile:wrap:32 - Running time for flush(): 0.059112 s
2026-03-12 16:04:47.447 | INFO     | baldaquin.buf:flush:309 - 100 packets ready to be written out...
2026-03-12 16:04:47.454 | DEBUG    | baldaquin.buf:open:100 - Opening output file /home/lab1-student/baldaquindata/plasduino/0309_000086/0309_000086_data.txt {'mode': 'at', 'encoding': 'utf-8'}...
2026-03-12 16:04:47.456 | DEBUG    | baldaquin.buf:_write:285 - 1500 bytes written to disk.
2026-03-12 16:04:47.461 | DEBUG    | baldaquin.buf:open:104 - Ouput file /home/lab1-student/baldaquindata/plasduino/0309_000086/0309_000086_data.txt closed.
2026-03-12 16:04:47.461 | DEBUG    | baldaquin.buf:open:100 - Opening output file /home/lab1-student/baldaquindata/plasduino/0309_000087/0309_000087_data.txt {'mode': 'at', 'encoding': 'utf-8'}...
2026-03-12 16:04:47.468 | DEBUG    | baldaquin.buf:_write:285 - 1500 bytes written to disk.
2026-03-12 16:04:47.480 | DEBUG    | baldaquin.buf:open:104 - Ouput file /home/lab1-student/baldaquindata/plasduino/0309_000087/0309_000087_data.txt closed.
2026-03-12 16:04:47.490 | DEBUG    | baldaquin.buf:open:100 - Opening output file /home/lab1-student/baldaquindata/plasduino/0309_000088/0309_000088_data.txt {'mode': 'at', 'encoding': 'utf-8'}...
2026-03-12 16:04:47.492 | DEBUG    | baldaquin.buf:_write:285 - 1500 bytes written to disk.
2026-03-12 16:04:47.492 | DEBUG    | baldaquin.buf:open:104 - Ouput file /home/lab1-student/baldaquindata/plasduino/0309_000088/0309_000088_data.txt closed.
2026-03-12 16:04:47.493 | DEBUG    | baldaquin.buf:open:100 - Opening output file /home/lab1-student/baldaquindata/plasduino/0309_000089/0309_000089_data.txt {'mode': 'at', 'encoding': 'utf-8'}...
2026-03-12 16:04:47.497 | DEBUG    | baldaquin.buf:_write:285 - 1500 bytes written to disk.
2026-03-12 16:04:47.500 | DEBUG    | baldaquin.buf:open:104 - Ouput file /home/lab1-student/baldaquindata/plasduino/0309_000089/0309_000089_data.txt closed.
2026-03-12 16:04:47.500 | DEBUG    | baldaquin.buf:open:100 - Opening output file /home/lab1-student/baldaquindata/plasduino/0309_000090/0309_000090_data.txt {'mode': 'at', 'encoding': 'utf-8'}...
2026-03-12 16:04:47.502 | DEBUG    | baldaquin.buf:_write:285 - 1500 bytes written to disk.
2026-03-12 16:04:47.502 | DEBUG    | baldaquin.buf:open:104 - Ouput file /home/lab1-student/baldaquindata/plasduino/0309_000090/0309_000090_data.txt closed.
2026-03-12 16:04:47.502 | DEBUG    | baldaquin.buf:open:100 - Opening output file /home/lab1-student/baldaquindata/plasduino/0309_000091/0309_000091_data.txt {'mode': 'at', 'encoding': 'utf-8'}...
2026-03-12 16:04:47.503 | DEBUG    | baldaquin.buf:_write:285 - 1500 bytes written to disk.
2026-03-12 16:04:47.503 | DEBUG    | baldaquin.buf:open:104 - Ouput file /home/lab1-student/baldaquindata/plasduino/0309_000091/0309_000091_data.txt closed.
2026-03-12 16:04:47.503 | DEBUG    | baldaquin.buf:open:100 - Opening output file /home/lab1-student/baldaquindata/plasduino/0309_000092/0309_000092_data.txt {'mode': 'at', 'encoding': 'utf-8'}...
2026-03-12 16:04:47.511 | DEBUG    | baldaquin.buf:_write:285 - 1500 bytes written to disk.
2026-03-12 16:04:47.511 | DEBUG    | baldaquin.buf:open:104 - Ouput file /home/lab1-student/baldaquindata/plasduino/0309_000092/0309_000092_data.txt closed.
2026-03-12 16:04:47.511 | DEBUG    | baldaquin.buf:open:100 - Opening output file /home/lab1-student/baldaquindata/plasduino/0309_000093/0309_000093_data.txt {'mode': 'at', 'encoding': 'utf-8'}...
2026-03-12 16:04:47.512 | DEBUG    | baldaquin.buf:_write:285 - 1500 bytes written to disk.
2026-03-12 16:04:47.512 | DEBUG    | baldaquin.buf:open:104 - Ouput file /home/lab1-student/baldaquindata/plasduino/0309_000093/0309_000093_data.txt closed.
2026-03-12 16:04:47.513 | DEBUG    | baldaquin.buf:open:100 - Opening output file /home/lab1-student/baldaquindata/plasduino/0309_000094/0309_000094_data.txt {'mode': 'at', 'encoding': 'utf-8'}...
2026-03-12 16:04:47.525 | DEBUG    | baldaquin.buf:_write:285 - 1500 bytes written to disk.
2026-03-12 16:04:47.525 | DEBUG    | baldaquin.buf:open:104 - Ouput file /home/lab1-student/baldaquindata/plasduino/0309_000094/0309_000094_data.txt closed.
2026-03-12 16:04:47.526 | DEBUG    | baldaquin.buf:open:100 - Opening output file /home/lab1-student/baldaquindata/plasduino/0309_000095/0309_000095_data.txt {'mode': 'at', 'encoding': 'utf-8'}...
2026-03-12 16:04:47.528 | DEBUG    | baldaquin.buf:_write:285 - 1500 bytes written to disk.
2026-03-12 16:04:47.528 | DEBUG    | baldaquin.buf:open:104 - Ouput file /home/lab1-student/baldaquindata/plasduino/0309_000095/0309_000095_data.txt closed.
2026-03-12 16:04:47.528 | DEBUG    | baldaquin.buf:open:100 - Opening output file /home/lab1-student/baldaquindata/plasduino/0309_000096/0309_000096_data.txt {'mode': 'at', 'encoding': 'utf-8'}...
2026-03-12 16:04:47.553 | DEBUG    | baldaquin.buf:_write:285 - 1500 bytes written to disk.
2026-03-12 16:04:47.567 | DEBUG    | baldaquin.buf:open:104 - Ouput file /home/lab1-student/baldaquindata/plasduino/0309_000096/0309_000096_data.txt closed.
2026-03-12 16:04:47.568 | DEBUG    | baldaquin.buf:open:100 - Opening output file /home/lab1-student/baldaquindata/plasduino/0309_000097/0309_000097_data.txt {'mode': 'at', 'encoding': 'utf-8'}...
2026-03-12 16:04:47.570 | DEBUG    | baldaquin.buf:_write:285 - 1500 bytes written to disk.
2026-03-12 16:04:47.576 | DEBUG    | baldaquin.buf:open:104 - Ouput file /home/lab1-student/baldaquindata/plasduino/0309_000097/0309_000097_data.txt closed.
2026-03-12 16:04:47.576 | DEBUG    | baldaquin.buf:open:100 - Opening output file /home/lab1-student/baldaquindata/plasduino/0309_000098/0309_000098_data.txt {'mode': 'at', 'encoding': 'utf-8'}...
2026-03-12 16:04:47.598 | DEBUG    | baldaquin.buf:_write:285 - 1500 bytes written to disk.
2026-03-12 16:04:47.602 | DEBUG    | baldaquin.buf:open:104 - Ouput file /home/lab1-student/baldaquindata/plasduino/0309_000098/0309_000098_data.txt closed.
2026-03-12 16:04:47.602 | DEBUG    | baldaquin.buf:open:100 - Opening output file /home/lab1-student/baldaquindata/plasduino/0309_000099/0309_000099_data.txt {'mode': 'at', 'encoding': 'utf-8'}...
2026-03-12 16:04:47.611 | DEBUG    | baldaquin.buf:_write:285 - 1500 bytes written to disk.
2026-03-12 16:04:47.614 | DEBUG    | baldaquin.buf:open:104 - Ouput file /home/lab1-student/baldaquindata/plasduino/0309_000099/0309_000099_data.txt closed.
2026-03-12 16:04:47.615 | DEBUG    | baldaquin.buf:open:100 - Opening output file /home/lab1-student/baldaquindata/plasduino/0309_000100/0309_000100_data.txt {'mode': 'at', 'encoding': 'utf-8'}...
2026-03-12 16:04:47.616 | DEBUG    | baldaquin.buf:_write:285 - 1500 bytes written to disk.
2026-03-12 16:04:47.616 | DEBUG    | baldaquin.buf:open:104 - Ouput file /home/lab1-student/baldaquindata/plasduino/0309_000100/0309_000100_data.txt closed.
2026-03-12 16:04:47.616 | DEBUG    | baldaquin.buf:open:100 - Opening output file /home/lab1-student/baldaquindata/plasduino/0309_000101/0309_000101_data.txt {'mode': 'at', 'encoding': 'utf-8'}...
2026-03-12 16:04:47.616 | DEBUG    | baldaquin.buf:_write:285 - 1500 bytes written to disk.
2026-03-12 16:04:47.616 | DEBUG    | baldaquin.buf:open:104 - Ouput file /home/lab1-student/baldaquindata/plasduino/0309_000101/0309_000101_data.txt closed.
2026-03-12 16:04:47.616 | DEBUG    | baldaquin.buf:open:100 - Opening output file /home/lab1-student/baldaquindata/plasduino/0309_000102/0309_000102_data.txt {'mode': 'at', 'encoding': 'utf-8'}...
2026-03-12 16:04:47.617 | DEBUG    | baldaquin.buf:_write:285 - 1500 bytes written to disk.
2026-03-12 16:04:47.625 | DEBUG    | baldaquin.buf:open:104 - Ouput file /home/lab1-student/baldaquindata/plasduino/0309_000102/0309_000102_data.txt closed.
2026-03-12 16:04:47.625 | DEBUG    | baldaquin.buf:open:100 - Opening output file /home/lab1-student/baldaquindata/plasduino/0309_000103/0309_000103_data.txt {'mode': 'at', 'encoding': 'utf-8'}...
2026-03-12 16:04:47.627 | DEBUG    | baldaquin.buf:_write:285 - 1500 bytes written to disk.
2026-03-12 16:04:47.627 | DEBUG    | baldaquin.buf:open:104 - Ouput file /home/lab1-student/baldaquindata/plasduino/0309_000103/0309_000103_data.txt closed.
2026-03-12 16:04:47.627 | DEBUG    | baldaquin.buf:open:100 - Opening output file /home/lab1-student/baldaquindata/plasduino/0309_000104/0309_000104_data.txt {'mode': 'at', 'encoding': 'utf-8'}...
2026-03-12 16:04:47.628 | DEBUG    | baldaquin.buf:_write:285 - 1500 bytes written to disk.
2026-03-12 16:04:47.628 | DEBUG    | baldaquin.buf:open:104 - Ouput file /home/lab1-student/baldaquindata/plasduino/0309_000104/0309_000104_data.txt closed.
2026-03-12 16:04:47.630 | DEBUG    | baldaquin.buf:open:100 - Opening output file /home/lab1-student/baldaquindata/plasduino/0309_000104/0309_000104_data.dat {'mode': 'ab'}...
2026-03-12 16:04:47.637 | DEBUG    | baldaquin.buf:_pop_and_write_raw:259 - 800 bytes written to disk.
2026-03-12 16:04:47.637 | DEBUG    | baldaquin.buf:open:104 - Ouput file /home/lab1-student/baldaquindata/plasduino/0309_000104/0309_000104_data.dat closed.
2026-03-12 16:04:47.637 | INFO     | baldaquin.buf:flush:318 - 29300 bytes (800 raw bytes) written to disk.
2026-03-12 16:04:47.637 | DEBUG    | baldaquin.profile:wrap:32 - Running time for flush(): 0.189689 s
2026-03-12 16:04:49.977 | INFO     | baldaquin.buf:flush:309 - 100 packets ready to be written out...
2026-03-12 16:04:49.981 | DEBUG    | baldaquin.buf:open:100 - Opening output file /home/lab1-student/baldaquindata/plasduino/0309_000086/0309_000086_data.txt {'mode': 'at', 'encoding': 'utf-8'}...
2026-03-12 16:04:49.987 | DEBUG    | baldaquin.buf:_write:285 - 1500 bytes written to disk.
2026-03-12 16:04:49.990 | DEBUG    | baldaquin.buf:open:104 - Ouput file /home/lab1-student/baldaquindata/plasduino/0309_000086/0309_000086_data.txt closed.
2026-03-12 16:04:49.991 | DEBUG    | baldaquin.buf:open:100 - Opening output file /home/lab1-student/baldaquindata/plasduino/0309_000087/0309_000087_data.txt {'mode': 'at', 'encoding': 'utf-8'}...
2026-03-12 16:04:49.992 | DEBUG    | baldaquin.buf:_write:285 - 1500 bytes written to disk.
2026-03-12 16:04:49.992 | DEBUG    | baldaquin.buf:open:104 - Ouput file /home/lab1-student/baldaquindata/plasduino/0309_000087/0309_000087_data.txt closed.
2026-03-12 16:04:49.997 | DEBUG    | baldaquin.buf:open:100 - Opening output file /home/lab1-student/baldaquindata/plasduino/0309_000088/0309_000088_data.txt {'mode': 'at', 'encoding': 'utf-8'}...
2026-03-12 16:04:49.998 | DEBUG    | baldaquin.buf:_write:285 - 1500 bytes written to disk.
2026-03-12 16:04:49.998 | DEBUG    | baldaquin.buf:open:104 - Ouput file /home/lab1-student/baldaquindata/plasduino/0309_000088/0309_000088_data.txt closed.
2026-03-12 16:04:49.999 | DEBUG    | baldaquin.buf:open:100 - Opening output file /home/lab1-student/baldaquindata/plasduino/0309_000089/0309_000089_data.txt {'mode': 'at', 'encoding': 'utf-8'}...
2026-03-12 16:04:49.999 | DEBUG    | baldaquin.buf:_write:285 - 1500 bytes written to disk.
2026-03-12 16:04:49.999 | DEBUG    | baldaquin.buf:open:104 - Ouput file /home/lab1-student/baldaquindata/plasduino/0309_000089/0309_000089_data.txt closed.
2026-03-12 16:04:50.000 | DEBUG    | baldaquin.buf:open:100 - Opening output file /home/lab1-student/baldaquindata/plasduino/0309_000090/0309_000090_data.txt {'mode': 'at', 'encoding': 'utf-8'}...
2026-03-12 16:04:50.000 | DEBUG    | baldaquin.buf:_write:285 - 1500 bytes written to disk.
2026-03-12 16:04:50.000 | DEBUG    | baldaquin.buf:open:104 - Ouput file /home/lab1-student/baldaquindata/plasduino/0309_000090/0309_000090_data.txt closed.
2026-03-12 16:04:50.001 | DEBUG    | baldaquin.buf:open:100 - Opening output file /home/lab1-student/baldaquindata/plasduino/0309_000091/0309_000091_data.txt {'mode': 'at', 'encoding': 'utf-8'}...
2026-03-12 16:04:50.001 | DEBUG    | baldaquin.buf:_write:285 - 1500 bytes written to disk.
2026-03-12 16:04:50.014 | DEBUG    | baldaquin.buf:open:104 - Ouput file /home/lab1-student/baldaquindata/plasduino/0309_000091/0309_000091_data.txt closed.
2026-03-12 16:04:50.015 | DEBUG    | baldaquin.buf:open:100 - Opening output file /home/lab1-student/baldaquindata/plasduino/0309_000092/0309_000092_data.txt {'mode': 'at', 'encoding': 'utf-8'}...
2026-03-12 16:04:50.020 | DEBUG    | baldaquin.buf:_write:285 - 1500 bytes written to disk.
2026-03-12 16:04:50.020 | DEBUG    | baldaquin.buf:open:104 - Ouput file /home/lab1-student/baldaquindata/plasduino/0309_000092/0309_000092_data.txt closed.
2026-03-12 16:04:50.020 | DEBUG    | baldaquin.buf:open:100 - Opening output file /home/lab1-student/baldaquindata/plasduino/0309_000093/0309_000093_data.txt {'mode': 'at', 'encoding': 'utf-8'}...
2026-03-12 16:04:50.021 | DEBUG    | baldaquin.buf:_write:285 - 1500 bytes written to disk.
2026-03-12 16:04:50.021 | DEBUG    | baldaquin.buf:open:104 - Ouput file /home/lab1-student/baldaquindata/plasduino/0309_000093/0309_000093_data.txt closed.
2026-03-12 16:04:50.021 | DEBUG    | baldaquin.buf:open:100 - Opening output file /home/lab1-student/baldaquindata/plasduino/0309_000094/0309_000094_data.txt {'mode': 'at', 'encoding': 'utf-8'}...
2026-03-12 16:04:50.021 | DEBUG    | baldaquin.buf:_write:285 - 1500 bytes written to disk.
2026-03-12 16:04:50.022 | DEBUG    | baldaquin.buf:open:104 - Ouput file /home/lab1-student/baldaquindata/plasduino/0309_000094/0309_000094_data.txt closed.
2026-03-12 16:04:50.022 | DEBUG    | baldaquin.buf:open:100 - Opening output file /home/lab1-student/baldaquindata/plasduino/0309_000095/0309_000095_data.txt {'mode': 'at', 'encoding': 'utf-8'}...
2026-03-12 16:04:50.022 | DEBUG    | baldaquin.buf:_write:285 - 1500 bytes written to disk.
2026-03-12 16:04:50.022 | DEBUG    | baldaquin.buf:open:104 - Ouput file /home/lab1-student/baldaquindata/plasduino/0309_000095/0309_000095_data.txt closed.
2026-03-12 16:04:50.022 | DEBUG    | baldaquin.buf:open:100 - Opening output file /home/lab1-student/baldaquindata/plasduino/0309_000096/0309_000096_data.txt {'mode': 'at', 'encoding': 'utf-8'}...
2026-03-12 16:04:50.023 | DEBUG    | baldaquin.buf:_write:285 - 1500 bytes written to disk.
2026-03-12 16:04:50.045 | DEBUG    | baldaquin.buf:open:104 - Ouput file /home/lab1-student/baldaquindata/plasduino/0309_000096/0309_000096_data.txt closed.
2026-03-12 16:04:50.055 | DEBUG    | baldaquin.buf:open:100 - Opening output file /home/lab1-student/baldaquindata/plasduino/0309_000097/0309_000097_data.txt {'mode': 'at', 'encoding': 'utf-8'}...
2026-03-12 16:04:50.058 | DEBUG    | baldaquin.buf:_write:285 - 1500 bytes written to disk.
2026-03-12 16:04:50.061 | DEBUG    | baldaquin.buf:open:104 - Ouput file /home/lab1-student/baldaquindata/plasduino/0309_000097/0309_000097_data.txt closed.
2026-03-12 16:04:50.061 | DEBUG    | baldaquin.buf:open:100 - Opening output file /home/lab1-student/baldaquindata/plasduino/0309_000098/0309_000098_data.txt {'mode': 'at', 'encoding': 'utf-8'}...
2026-03-12 16:04:50.077 | DEBUG    | baldaquin.buf:_write:285 - 1500 bytes written to disk.
2026-03-12 16:04:50.087 | DEBUG    | baldaquin.buf:open:104 - Ouput file /home/lab1-student/baldaquindata/plasduino/0309_000098/0309_000098_data.txt closed.
2026-03-12 16:04:50.087 | DEBUG    | baldaquin.buf:open:100 - Opening output file /home/lab1-student/baldaquindata/plasduino/0309_000099/0309_000099_data.txt {'mode': 'at', 'encoding': 'utf-8'}...
2026-03-12 16:04:50.096 | DEBUG    | baldaquin.buf:_write:285 - 1500 bytes written to disk.
2026-03-12 16:04:50.098 | DEBUG    | baldaquin.buf:open:104 - Ouput file /home/lab1-student/baldaquindata/plasduino/0309_000099/0309_000099_data.txt closed.
2026-03-12 16:04:50.104 | DEBUG    | baldaquin.buf:open:100 - Opening output file /home/lab1-student/baldaquindata/plasduino/0309_000100/0309_000100_data.txt {'mode': 'at', 'encoding': 'utf-8'}...
2026-03-12 16:04:50.105 | DEBUG    | baldaquin.buf:_write:285 - 1500 bytes written to disk.
2026-03-12 16:04:50.105 | DEBUG    | baldaquin.buf:open:104 - Ouput file /home/lab1-student/baldaquindata/plasduino/0309_000100/0309_000100_data.txt closed.
2026-03-12 16:04:50.105 | DEBUG    | baldaquin.buf:open:100 - Opening output file /home/lab1-student/baldaquindata/plasduino/0309_000101/0309_000101_data.txt {'mode': 'at', 'encoding': 'utf-8'}...
2026-03-12 16:04:50.106 | DEBUG    | baldaquin.buf:_write:285 - 1500 bytes written to disk.
2026-03-12 16:04:50.106 | DEBUG    | baldaquin.buf:open:104 - Ouput file /home/lab1-student/baldaquindata/plasduino/0309_000101/0309_000101_data.txt closed.
2026-03-12 16:04:50.106 | DEBUG    | baldaquin.buf:open:100 - Opening output file /home/lab1-student/baldaquindata/plasduino/0309_000102/0309_000102_data.txt {'mode': 'at', 'encoding': 'utf-8'}...
2026-03-12 16:04:50.107 | DEBUG    | baldaquin.buf:_write:285 - 1500 bytes written to disk.
2026-03-12 16:04:50.107 | DEBUG    | baldaquin.buf:open:104 - Ouput file /home/lab1-student/baldaquindata/plasduino/0309_000102/0309_000102_data.txt closed.
2026-03-12 16:04:50.107 | DEBUG    | baldaquin.buf:open:100 - Opening output file /home/lab1-student/baldaquindata/plasduino/0309_000103/0309_000103_data.txt {'mode': 'at', 'encoding': 'utf-8'}...
2026-03-12 16:04:50.108 | DEBUG    | baldaquin.buf:_write:285 - 1500 bytes written to disk.
2026-03-12 16:04:50.118 | DEBUG    | baldaquin.buf:open:104 - Ouput file /home/lab1-student/baldaquindata/plasduino/0309_000103/0309_000103_data.txt closed.
2026-03-12 16:04:50.118 | DEBUG    | baldaquin.buf:open:100 - Opening output file /home/lab1-student/baldaquindata/plasduino/0309_000104/0309_000104_data.txt {'mode': 'at', 'encoding': 'utf-8'}...
2026-03-12 16:04:50.119 | DEBUG    | baldaquin.buf:_write:285 - 1500 bytes written to disk.
2026-03-12 16:04:50.120 | DEBUG    | baldaquin.buf:open:104 - Ouput file /home/lab1-student/baldaquindata/plasduino/0309_000104/0309_000104_data.txt closed.
2026-03-12 16:04:50.120 | DEBUG    | baldaquin.buf:open:100 - Opening output file /home/lab1-student/baldaquindata/plasduino/0309_000104/0309_000104_data.dat {'mode': 'ab'}...
2026-03-12 16:04:50.121 | DEBUG    | baldaquin.buf:_pop_and_write_raw:259 - 800 bytes written to disk.
2026-03-12 16:04:50.121 | DEBUG    | baldaquin.buf:open:104 - Ouput file /home/lab1-student/baldaquindata/plasduino/0309_000104/0309_000104_data.dat closed.
2026-03-12 16:04:50.121 | INFO     | baldaquin.buf:flush:318 - 29300 bytes (800 raw bytes) written to disk.
2026-03-12 16:04:50.121 | DEBUG    | baldaquin.profile:wrap:32 - Running time for flush(): 0.144166 s
2026-03-12 16:04:52.507 | INFO     | baldaquin.buf:flush:309 - 100 packets ready to be written out...
2026-03-12 16:04:52.507 | DEBUG    | baldaquin.buf:open:100 - Opening output file /home/lab1-student/baldaquindata/plasduino/0309_000086/0309_000086_data.txt {'mode': 'at', 'encoding': 'utf-8'}...
2026-03-12 16:04:52.508 | DEBUG    | baldaquin.buf:_write:285 - 1500 bytes written to disk.
2026-03-12 16:04:52.508 | DEBUG    | baldaquin.buf:open:104 - Ouput file /home/lab1-student/baldaquindata/plasduino/0309_000086/0309_000086_data.txt closed.
2026-03-12 16:04:52.508 | DEBUG    | baldaquin.buf:open:100 - Opening output file /home/lab1-student/baldaquindata/plasduino/0309_000087/0309_000087_data.txt {'mode': 'at', 'encoding': 'utf-8'}...
2026-03-12 16:04:52.511 | DEBUG    | baldaquin.buf:_write:285 - 1500 bytes written to disk.
2026-03-12 16:04:52.512 | DEBUG    | baldaquin.buf:open:104 - Ouput file /home/lab1-student/baldaquindata/plasduino/0309_000087/0309_000087_data.txt closed.
2026-03-12 16:04:52.512 | DEBUG    | baldaquin.buf:open:100 - Opening output file /home/lab1-student/baldaquindata/plasduino/0309_000088/0309_000088_data.txt {'mode': 'at', 'encoding': 'utf-8'}...
2026-03-12 16:04:52.513 | DEBUG    | baldaquin.buf:_write:285 - 1500 bytes written to disk.
2026-03-12 16:04:52.513 | DEBUG    | baldaquin.buf:open:104 - Ouput file /home/lab1-student/baldaquindata/plasduino/0309_000088/0309_000088_data.txt closed.
2026-03-12 16:04:52.513 | DEBUG    | baldaquin.buf:open:100 - Opening output file /home/lab1-student/baldaquindata/plasduino/0309_000089/0309_000089_data.txt {'mode': 'at', 'encoding': 'utf-8'}...
2026-03-12 16:04:52.514 | DEBUG    | baldaquin.buf:_write:285 - 1500 bytes written to disk.
2026-03-12 16:04:52.514 | DEBUG    | baldaquin.buf:open:104 - Ouput file /home/lab1-student/baldaquindata/plasduino/0309_000089/0309_000089_data.txt closed.
2026-03-12 16:04:52.514 | DEBUG    | baldaquin.buf:open:100 - Opening output file /home/lab1-student/baldaquindata/plasduino/0309_000090/0309_000090_data.txt {'mode': 'at', 'encoding': 'utf-8'}...
2026-03-12 16:04:52.515 | DEBUG    | baldaquin.buf:_write:285 - 1500 bytes written to disk.
2026-03-12 16:04:52.515 | DEBUG    | baldaquin.buf:open:104 - Ouput file /home/lab1-student/baldaquindata/plasduino/0309_000090/0309_000090_data.txt closed.
2026-03-12 16:04:52.515 | DEBUG    | baldaquin.buf:open:100 - Opening output file /home/lab1-student/baldaquindata/plasduino/0309_000091/0309_000091_data.txt {'mode': 'at', 'encoding': 'utf-8'}...
2026-03-12 16:04:52.515 | DEBUG    | baldaquin.buf:_write:285 - 1500 bytes written to disk.
2026-03-12 16:04:52.515 | DEBUG    | baldaquin.buf:open:104 - Ouput file /home/lab1-student/baldaquindata/plasduino/0309_000091/0309_000091_data.txt closed.
2026-03-12 16:04:52.515 | DEBUG    | baldaquin.buf:open:100 - Opening output file /home/lab1-student/baldaquindata/plasduino/0309_000092/0309_000092_data.txt {'mode': 'at', 'encoding': 'utf-8'}...
2026-03-12 16:04:52.516 | DEBUG    | baldaquin.buf:_write:285 - 1500 bytes written to disk.
2026-03-12 16:04:52.516 | DEBUG    | baldaquin.buf:open:104 - Ouput file /home/lab1-student/baldaquindata/plasduino/0309_000092/0309_000092_data.txt closed.
2026-03-12 16:04:52.516 | DEBUG    | baldaquin.buf:open:100 - Opening output file /home/lab1-student/baldaquindata/plasduino/0309_000093/0309_000093_data.txt {'mode': 'at', 'encoding': 'utf-8'}...
2026-03-12 16:04:52.517 | DEBUG    | baldaquin.buf:_write:285 - 1500 bytes written to disk.
2026-03-12 16:04:52.517 | DEBUG    | baldaquin.buf:open:104 - Ouput file /home/lab1-student/baldaquindata/plasduino/0309_000093/0309_000093_data.txt closed.
2026-03-12 16:04:52.517 | DEBUG    | baldaquin.buf:open:100 - Opening output file /home/lab1-student/baldaquindata/plasduino/0309_000094/0309_000094_data.txt {'mode': 'at', 'encoding': 'utf-8'}...
2026-03-12 16:04:52.517 | DEBUG    | baldaquin.buf:_write:285 - 1500 bytes written to disk.
2026-03-12 16:04:52.518 | DEBUG    | baldaquin.buf:open:104 - Ouput file /home/lab1-student/baldaquindata/plasduino/0309_000094/0309_000094_data.txt closed.
2026-03-12 16:04:52.518 | DEBUG    | baldaquin.buf:open:100 - Opening output file /home/lab1-student/baldaquindata/plasduino/0309_000095/0309_000095_data.txt {'mode': 'at', 'encoding': 'utf-8'}...
2026-03-12 16:04:52.518 | DEBUG    | baldaquin.buf:_write:285 - 1500 bytes written to disk.
2026-03-12 16:04:52.518 | DEBUG    | baldaquin.buf:open:104 - Ouput file /home/lab1-student/baldaquindata/plasduino/0309_000095/0309_000095_data.txt closed.
2026-03-12 16:04:52.518 | DEBUG    | baldaquin.buf:open:100 - Opening output file /home/lab1-student/baldaquindata/plasduino/0309_000096/0309_000096_data.txt {'mode': 'at', 'encoding': 'utf-8'}...
2026-03-12 16:04:52.519 | DEBUG    | baldaquin.buf:_write:285 - 1500 bytes written to disk.
2026-03-12 16:04:52.519 | DEBUG    | baldaquin.buf:open:104 - Ouput file /home/lab1-student/baldaquindata/plasduino/0309_000096/0309_000096_data.txt closed.
2026-03-12 16:04:52.519 | DEBUG    | baldaquin.buf:open:100 - Opening output file /home/lab1-student/baldaquindata/plasduino/0309_000097/0309_000097_data.txt {'mode': 'at', 'encoding': 'utf-8'}...
2026-03-12 16:04:52.520 | DEBUG    | baldaquin.buf:_write:285 - 1500 bytes written to disk.
2026-03-12 16:04:52.520 | DEBUG    | baldaquin.buf:open:104 - Ouput file /home/lab1-student/baldaquindata/plasduino/0309_000097/0309_000097_data.txt closed.
2026-03-12 16:04:52.520 | DEBUG    | baldaquin.buf:open:100 - Opening output file /home/lab1-student/baldaquindata/plasduino/0309_000098/0309_000098_data.txt {'mode': 'at', 'encoding': 'utf-8'}...
2026-03-12 16:04:52.520 | DEBUG    | baldaquin.buf:_write:285 - 1500 bytes written to disk.
2026-03-12 16:04:52.521 | DEBUG    | baldaquin.buf:open:104 - Ouput file /home/lab1-student/baldaquindata/plasduino/0309_000098/0309_000098_data.txt closed.
2026-03-12 16:04:52.521 | DEBUG    | baldaquin.buf:open:100 - Opening output file /home/lab1-student/baldaquindata/plasduino/0309_000099/0309_000099_data.txt {'mode': 'at', 'encoding': 'utf-8'}...
2026-03-12 16:04:52.521 | DEBUG    | baldaquin.buf:_write:285 - 1500 bytes written to disk.
2026-03-12 16:04:52.521 | DEBUG    | baldaquin.buf:open:104 - Ouput file /home/lab1-student/baldaquindata/plasduino/0309_000099/0309_000099_data.txt closed.
2026-03-12 16:04:52.521 | DEBUG    | baldaquin.buf:open:100 - Opening output file /home/lab1-student/baldaquindata/plasduino/0309_000100/0309_000100_data.txt {'mode': 'at', 'encoding': 'utf-8'}...
2026-03-12 16:04:52.522 | DEBUG    | baldaquin.buf:_write:285 - 1500 bytes written to disk.
2026-03-12 16:04:52.522 | DEBUG    | baldaquin.buf:open:104 - Ouput file /home/lab1-student/baldaquindata/plasduino/0309_000100/0309_000100_data.txt closed.
2026-03-12 16:04:52.522 | DEBUG    | baldaquin.buf:open:100 - Opening output file /home/lab1-student/baldaquindata/plasduino/0309_000101/0309_000101_data.txt {'mode': 'at', 'encoding': 'utf-8'}...
2026-03-12 16:04:52.522 | DEBUG    | baldaquin.buf:_write:285 - 1500 bytes written to disk.
2026-03-12 16:04:52.523 | DEBUG    | baldaquin.buf:open:104 - Ouput file /home/lab1-student/baldaquindata/plasduino/0309_000101/0309_000101_data.txt closed.
2026-03-12 16:04:52.523 | DEBUG    | baldaquin.buf:open:100 - Opening output file /home/lab1-student/baldaquindata/plasduino/0309_000102/0309_000102_data.txt {'mode': 'at', 'encoding': 'utf-8'}...
2026-03-12 16:04:52.549 | DEBUG    | baldaquin.buf:_write:285 - 1500 bytes written to disk.
2026-03-12 16:04:52.556 | DEBUG    | baldaquin.buf:open:104 - Ouput file /home/lab1-student/baldaquindata/plasduino/0309_000102/0309_000102_data.txt closed.
2026-03-12 16:04:52.556 | DEBUG    | baldaquin.buf:open:100 - Opening output file /home/lab1-student/baldaquindata/plasduino/0309_000103/0309_000103_data.txt {'mode': 'at', 'encoding': 'utf-8'}...
2026-03-12 16:04:52.560 | DEBUG    | baldaquin.buf:_write:285 - 1500 bytes written to disk.
2026-03-12 16:04:52.561 | DEBUG    | baldaquin.buf:open:104 - Ouput file /home/lab1-student/baldaquindata/plasduino/0309_000103/0309_000103_data.txt closed.
2026-03-12 16:04:52.561 | DEBUG    | baldaquin.buf:open:100 - Opening output file /home/lab1-student/baldaquindata/plasduino/0309_000104/0309_000104_data.txt {'mode': 'at', 'encoding': 'utf-8'}...
2026-03-12 16:04:52.567 | DEBUG    | baldaquin.buf:_write:285 - 1500 bytes written to disk.
2026-03-12 16:04:52.568 | DEBUG    | baldaquin.buf:open:104 - Ouput file /home/lab1-student/baldaquindata/plasduino/0309_000104/0309_000104_data.txt closed.
2026-03-12 16:04:52.568 | DEBUG    | baldaquin.buf:open:100 - Opening output file /home/lab1-student/baldaquindata/plasduino/0309_000104/0309_000104_data.dat {'mode': 'ab'}...
2026-03-12 16:04:52.568 | DEBUG    | baldaquin.buf:_pop_and_write_raw:259 - 800 bytes written to disk.
2026-03-12 16:04:52.568 | DEBUG    | baldaquin.buf:open:104 - Ouput file /home/lab1-student/baldaquindata/plasduino/0309_000104/0309_000104_data.dat closed.
2026-03-12 16:04:52.568 | INFO     | baldaquin.buf:flush:318 - 29300 bytes (800 raw bytes) written to disk.
2026-03-12 16:04:52.568 | DEBUG    | baldaquin.profile:wrap:32 - Running time for flush(): 0.061534 s
2026-03-12 16:04:55.051 | INFO     | baldaquin.buf:flush:309 - 100 packets ready to be written out...
2026-03-12 16:04:55.055 | DEBUG    | baldaquin.buf:open:100 - Opening output file /home/lab1-student/baldaquindata/plasduino/0309_000086/0309_000086_data.txt {'mode': 'at', 'encoding': 'utf-8'}...
2026-03-12 16:04:55.063 | DEBUG    | baldaquin.buf:_write:285 - 1500 bytes written to disk.
2026-03-12 16:04:55.063 | DEBUG    | baldaquin.buf:open:104 - Ouput file /home/lab1-student/baldaquindata/plasduino/0309_000086/0309_000086_data.txt closed.
2026-03-12 16:04:55.063 | DEBUG    | baldaquin.buf:open:100 - Opening output file /home/lab1-student/baldaquindata/plasduino/0309_000087/0309_000087_data.txt {'mode': 'at', 'encoding': 'utf-8'}...
2026-03-12 16:04:55.064 | DEBUG    | baldaquin.buf:_write:285 - 1500 bytes written to disk.
2026-03-12 16:04:55.064 | DEBUG    | baldaquin.buf:open:104 - Ouput file /home/lab1-student/baldaquindata/plasduino/0309_000087/0309_000087_data.txt closed.
2026-03-12 16:04:55.064 | DEBUG    | baldaquin.buf:open:100 - Opening output file /home/lab1-student/baldaquindata/plasduino/0309_000088/0309_000088_data.txt {'mode': 'at', 'encoding': 'utf-8'}...
2026-03-12 16:04:55.077 | DEBUG    | baldaquin.buf:_write:285 - 1500 bytes written to disk.
2026-03-12 16:04:55.085 | DEBUG    | baldaquin.buf:open:104 - Ouput file /home/lab1-student/baldaquindata/plasduino/0309_000088/0309_000088_data.txt closed.
2026-03-12 16:04:55.085 | DEBUG    | baldaquin.buf:open:100 - Opening output file /home/lab1-student/baldaquindata/plasduino/0309_000089/0309_000089_data.txt {'mode': 'at', 'encoding': 'utf-8'}...
2026-03-12 16:04:55.087 | DEBUG    | baldaquin.buf:_write:285 - 1500 bytes written to disk.
2026-03-12 16:04:55.089 | DEBUG    | baldaquin.buf:open:104 - Ouput file /home/lab1-student/baldaquindata/plasduino/0309_000089/0309_000089_data.txt closed.
2026-03-12 16:04:55.089 | DEBUG    | baldaquin.buf:open:100 - Opening output file /home/lab1-student/baldaquindata/plasduino/0309_000090/0309_000090_data.txt {'mode': 'at', 'encoding': 'utf-8'}...
2026-03-12 16:04:55.094 | DEBUG    | baldaquin.buf:_write:285 - 1500 bytes written to disk.
2026-03-12 16:04:55.095 | DEBUG    | baldaquin.buf:open:104 - Ouput file /home/lab1-student/baldaquindata/plasduino/0309_000090/0309_000090_data.txt closed.
2026-03-12 16:04:55.095 | DEBUG    | baldaquin.buf:open:100 - Opening output file /home/lab1-student/baldaquindata/plasduino/0309_000091/0309_000091_data.txt {'mode': 'at', 'encoding': 'utf-8'}...
2026-03-12 16:04:55.096 | DEBUG    | baldaquin.buf:_write:285 - 1500 bytes written to disk.
2026-03-12 16:04:55.099 | DEBUG    | baldaquin.buf:open:104 - Ouput file /home/lab1-student/baldaquindata/plasduino/0309_000091/0309_000091_data.txt closed.
2026-03-12 16:04:55.099 | DEBUG    | baldaquin.buf:open:100 - Opening output file /home/lab1-student/baldaquindata/plasduino/0309_000092/0309_000092_data.txt {'mode': 'at', 'encoding': 'utf-8'}...
2026-03-12 16:04:55.100 | DEBUG    | baldaquin.buf:_write:285 - 1500 bytes written to disk.
2026-03-12 16:04:55.105 | DEBUG    | baldaquin.buf:open:104 - Ouput file /home/lab1-student/baldaquindata/plasduino/0309_000092/0309_000092_data.txt closed.
2026-03-12 16:04:55.105 | DEBUG    | baldaquin.buf:open:100 - Opening output file /home/lab1-student/baldaquindata/plasduino/0309_000093/0309_000093_data.txt {'mode': 'at', 'encoding': 'utf-8'}...
2026-03-12 16:04:55.106 | DEBUG    | baldaquin.buf:_write:285 - 1500 bytes written to disk.
2026-03-12 16:04:55.106 | DEBUG    | baldaquin.buf:open:104 - Ouput file /home/lab1-student/baldaquindata/plasduino/0309_000093/0309_000093_data.txt closed.
2026-03-12 16:04:55.106 | DEBUG    | baldaquin.buf:open:100 - Opening output file /home/lab1-student/baldaquindata/plasduino/0309_000094/0309_000094_data.txt {'mode': 'at', 'encoding': 'utf-8'}...
2026-03-12 16:04:55.107 | DEBUG    | baldaquin.buf:_write:285 - 1500 bytes written to disk.
2026-03-12 16:04:55.107 | DEBUG    | baldaquin.buf:open:104 - Ouput file /home/lab1-student/baldaquindata/plasduino/0309_000094/0309_000094_data.txt closed.
2026-03-12 16:04:55.107 | DEBUG    | baldaquin.buf:open:100 - Opening output file /home/lab1-student/baldaquindata/plasduino/0309_000095/0309_000095_data.txt {'mode': 'at', 'encoding': 'utf-8'}...
2026-03-12 16:04:55.119 | DEBUG    | baldaquin.buf:_write:285 - 1500 bytes written to disk.
2026-03-12 16:04:55.119 | DEBUG    | baldaquin.buf:open:104 - Ouput file /home/lab1-student/baldaquindata/plasduino/0309_000095/0309_000095_data.txt closed.
2026-03-12 16:04:55.120 | DEBUG    | baldaquin.buf:open:100 - Opening output file /home/lab1-student/baldaquindata/plasduino/0309_000096/0309_000096_data.txt {'mode': 'at', 'encoding': 'utf-8'}...
2026-03-12 16:04:55.120 | DEBUG    | baldaquin.buf:_write:285 - 1500 bytes written to disk.
2026-03-12 16:04:55.122 | DEBUG    | baldaquin.buf:open:104 - Ouput file /home/lab1-student/baldaquindata/plasduino/0309_000096/0309_000096_data.txt closed.
2026-03-12 16:04:55.122 | DEBUG    | baldaquin.buf:open:100 - Opening output file /home/lab1-student/baldaquindata/plasduino/0309_000097/0309_000097_data.txt {'mode': 'at', 'encoding': 'utf-8'}...
2026-03-12 16:04:55.123 | DEBUG    | baldaquin.buf:_write:285 - 1500 bytes written to disk.
2026-03-12 16:04:55.126 | DEBUG    | baldaquin.buf:open:104 - Ouput file /home/lab1-student/baldaquindata/plasduino/0309_000097/0309_000097_data.txt closed.
2026-03-12 16:04:55.137 | DEBUG    | baldaquin.buf:open:100 - Opening output file /home/lab1-student/baldaquindata/plasduino/0309_000098/0309_000098_data.txt {'mode': 'at', 'encoding': 'utf-8'}...
2026-03-12 16:04:55.154 | DEBUG    | baldaquin.buf:_write:285 - 1500 bytes written to disk.
2026-03-12 16:04:55.159 | DEBUG    | baldaquin.buf:open:104 - Ouput file /home/lab1-student/baldaquindata/plasduino/0309_000098/0309_000098_data.txt closed.
2026-03-12 16:04:55.159 | DEBUG    | baldaquin.buf:open:100 - Opening output file /home/lab1-student/baldaquindata/plasduino/0309_000099/0309_000099_data.txt {'mode': 'at', 'encoding': 'utf-8'}...
2026-03-12 16:04:55.160 | DEBUG    | baldaquin.buf:_write:285 - 1500 bytes written to disk.
2026-03-12 16:04:55.160 | DEBUG    | baldaquin.buf:open:104 - Ouput file /home/lab1-student/baldaquindata/plasduino/0309_000099/0309_000099_data.txt closed.
2026-03-12 16:04:55.160 | DEBUG    | baldaquin.buf:open:100 - Opening output file /home/lab1-student/baldaquindata/plasduino/0309_000100/0309_000100_data.txt {'mode': 'at', 'encoding': 'utf-8'}...
2026-03-12 16:04:55.164 | DEBUG    | baldaquin.buf:_write:285 - 1500 bytes written to disk.
2026-03-12 16:04:55.164 | DEBUG    | baldaquin.buf:open:104 - Ouput file /home/lab1-student/baldaquindata/plasduino/0309_000100/0309_000100_data.txt closed.
2026-03-12 16:04:55.164 | DEBUG    | baldaquin.buf:open:100 - Opening output file /home/lab1-student/baldaquindata/plasduino/0309_000101/0309_000101_data.txt {'mode': 'at', 'encoding': 'utf-8'}...
2026-03-12 16:04:55.165 | DEBUG    | baldaquin.buf:_write:285 - 1500 bytes written to disk.
2026-03-12 16:04:55.167 | DEBUG    | baldaquin.buf:open:104 - Ouput file /home/lab1-student/baldaquindata/plasduino/0309_000101/0309_000101_data.txt closed.
2026-03-12 16:04:55.167 | DEBUG    | baldaquin.buf:open:100 - Opening output file /home/lab1-student/baldaquindata/plasduino/0309_000102/0309_000102_data.txt {'mode': 'at', 'encoding': 'utf-8'}...
2026-03-12 16:04:55.167 | DEBUG    | baldaquin.buf:_write:285 - 1500 bytes written to disk.
2026-03-12 16:04:55.167 | DEBUG    | baldaquin.buf:open:104 - Ouput file /home/lab1-student/baldaquindata/plasduino/0309_000102/0309_000102_data.txt closed.
2026-03-12 16:04:55.167 | DEBUG    | baldaquin.buf:open:100 - Opening output file /home/lab1-student/baldaquindata/plasduino/0309_000103/0309_000103_data.txt {'mode': 'at', 'encoding': 'utf-8'}...
2026-03-12 16:04:55.168 | DEBUG    | baldaquin.buf:_write:285 - 1500 bytes written to disk.
2026-03-12 16:04:55.168 | DEBUG    | baldaquin.buf:open:104 - Ouput file /home/lab1-student/baldaquindata/plasduino/0309_000103/0309_000103_data.txt closed.
2026-03-12 16:04:55.168 | DEBUG    | baldaquin.buf:open:100 - Opening output file /home/lab1-student/baldaquindata/plasduino/0309_000104/0309_000104_data.txt {'mode': 'at', 'encoding': 'utf-8'}...
2026-03-12 16:04:55.169 | DEBUG    | baldaquin.buf:_write:285 - 1500 bytes written to disk.
2026-03-12 16:04:55.169 | DEBUG    | baldaquin.buf:open:104 - Ouput file /home/lab1-student/baldaquindata/plasduino/0309_000104/0309_000104_data.txt closed.
2026-03-12 16:04:55.169 | DEBUG    | baldaquin.buf:open:100 - Opening output file /home/lab1-student/baldaquindata/plasduino/0309_000104/0309_000104_data.dat {'mode': 'ab'}...
2026-03-12 16:04:55.169 | DEBUG    | baldaquin.buf:_pop_and_write_raw:259 - 800 bytes written to disk.
2026-03-12 16:04:55.169 | DEBUG    | baldaquin.buf:open:104 - Ouput file /home/lab1-student/baldaquindata/plasduino/0309_000104/0309_000104_data.dat closed.
2026-03-12 16:04:55.169 | INFO     | baldaquin.buf:flush:318 - 29300 bytes (800 raw bytes) written to disk.
2026-03-12 16:04:55.169 | DEBUG    | baldaquin.profile:wrap:32 - Running time for flush(): 0.118688 s
2026-03-12 16:04:56.784 | INFO     | baldaquin.app:stop_run:90 - Stopping Pendulum View user application...
2026-03-12 16:04:56.792 | INFO     | baldaquin.buf:flush:309 - 69 packets ready to be written out...
2026-03-12 16:04:56.792 | DEBUG    | baldaquin.buf:open:100 - Opening output file /home/lab1-student/baldaquindata/plasduino/0309_000086/0309_000086_data.txt {'mode': 'at', 'encoding': 'utf-8'}...
2026-03-12 16:04:56.793 | DEBUG    | baldaquin.buf:_write:285 - 1035 bytes written to disk.
2026-03-12 16:04:56.794 | DEBUG    | baldaquin.buf:open:104 - Ouput file /home/lab1-student/baldaquindata/plasduino/0309_000086/0309_000086_data.txt closed.
2026-03-12 16:04:56.794 | DEBUG    | baldaquin.buf:open:100 - Opening output file /home/lab1-student/baldaquindata/plasduino/0309_000087/0309_000087_data.txt {'mode': 'at', 'encoding': 'utf-8'}...
2026-03-12 16:04:56.794 | DEBUG    | baldaquin.buf:_write:285 - 1035 bytes written to disk.
2026-03-12 16:04:56.795 | DEBUG    | baldaquin.buf:open:104 - Ouput file /home/lab1-student/baldaquindata/plasduino/0309_000087/0309_000087_data.txt closed.
2026-03-12 16:04:56.795 | DEBUG    | baldaquin.buf:open:100 - Opening output file /home/lab1-student/baldaquindata/plasduino/0309_000088/0309_000088_data.txt {'mode': 'at', 'encoding': 'utf-8'}...
2026-03-12 16:04:56.795 | DEBUG    | baldaquin.buf:_write:285 - 1035 bytes written to disk.
2026-03-12 16:04:56.795 | DEBUG    | baldaquin.buf:open:104 - Ouput file /home/lab1-student/baldaquindata/plasduino/0309_000088/0309_000088_data.txt closed.
2026-03-12 16:04:56.795 | DEBUG    | baldaquin.buf:open:100 - Opening output file /home/lab1-student/baldaquindata/plasduino/0309_000089/0309_000089_data.txt {'mode': 'at', 'encoding': 'utf-8'}...
2026-03-12 16:04:56.796 | DEBUG    | baldaquin.buf:_write:285 - 1035 bytes written to disk.
2026-03-12 16:04:56.796 | DEBUG    | baldaquin.buf:open:104 - Ouput file /home/lab1-student/baldaquindata/plasduino/0309_000089/0309_000089_data.txt closed.
2026-03-12 16:04:56.796 | DEBUG    | baldaquin.buf:open:100 - Opening output file /home/lab1-student/baldaquindata/plasduino/0309_000090/0309_000090_data.txt {'mode': 'at', 'encoding': 'utf-8'}...
2026-03-12 16:04:56.796 | DEBUG    | baldaquin.buf:_write:285 - 1035 bytes written to disk.
2026-03-12 16:04:56.796 | DEBUG    | baldaquin.buf:open:104 - Ouput file /home/lab1-student/baldaquindata/plasduino/0309_000090/0309_000090_data.txt closed.
2026-03-12 16:04:56.797 | DEBUG    | baldaquin.buf:open:100 - Opening output file /home/lab1-student/baldaquindata/plasduino/0309_000091/0309_000091_data.txt {'mode': 'at', 'encoding': 'utf-8'}...
2026-03-12 16:04:56.797 | DEBUG    | baldaquin.buf:_write:285 - 1035 bytes written to disk.
2026-03-12 16:04:56.797 | DEBUG    | baldaquin.buf:open:104 - Ouput file /home/lab1-student/baldaquindata/plasduino/0309_000091/0309_000091_data.txt closed.
2026-03-12 16:04:56.797 | DEBUG    | baldaquin.buf:open:100 - Opening output file /home/lab1-student/baldaquindata/plasduino/0309_000092/0309_000092_data.txt {'mode': 'at', 'encoding': 'utf-8'}...
2026-03-12 16:04:56.797 | DEBUG    | baldaquin.buf:_write:285 - 1035 bytes written to disk.
2026-03-12 16:04:56.798 | DEBUG    | baldaquin.buf:open:104 - Ouput file /home/lab1-student/baldaquindata/plasduino/0309_000092/0309_000092_data.txt closed.
2026-03-12 16:04:56.798 | DEBUG    | baldaquin.buf:open:100 - Opening output file /home/lab1-student/baldaquindata/plasduino/0309_000093/0309_000093_data.txt {'mode': 'at', 'encoding': 'utf-8'}...
2026-03-12 16:04:56.798 | DEBUG    | baldaquin.buf:_write:285 - 1035 bytes written to disk.
2026-03-12 16:04:56.798 | DEBUG    | baldaquin.buf:open:104 - Ouput file /home/lab1-student/baldaquindata/plasduino/0309_000093/0309_000093_data.txt closed.
2026-03-12 16:04:56.798 | DEBUG    | baldaquin.buf:open:100 - Opening output file /home/lab1-student/baldaquindata/plasduino/0309_000094/0309_000094_data.txt {'mode': 'at', 'encoding': 'utf-8'}...
2026-03-12 16:04:56.799 | DEBUG    | baldaquin.buf:_write:285 - 1035 bytes written to disk.
2026-03-12 16:04:56.799 | DEBUG    | baldaquin.buf:open:104 - Ouput file /home/lab1-student/baldaquindata/plasduino/0309_000094/0309_000094_data.txt closed.
2026-03-12 16:04:56.799 | DEBUG    | baldaquin.buf:open:100 - Opening output file /home/lab1-student/baldaquindata/plasduino/0309_000095/0309_000095_data.txt {'mode': 'at', 'encoding': 'utf-8'}...
2026-03-12 16:04:56.799 | DEBUG    | baldaquin.buf:_write:285 - 1035 bytes written to disk.
2026-03-12 16:04:56.799 | DEBUG    | baldaquin.buf:open:104 - Ouput file /home/lab1-student/baldaquindata/plasduino/0309_000095/0309_000095_data.txt closed.
2026-03-12 16:04:56.799 | DEBUG    | baldaquin.buf:open:100 - Opening output file /home/lab1-student/baldaquindata/plasduino/0309_000096/0309_000096_data.txt {'mode': 'at', 'encoding': 'utf-8'}...
2026-03-12 16:04:56.800 | DEBUG    | baldaquin.buf:_write:285 - 1035 bytes written to disk.
2026-03-12 16:04:56.800 | DEBUG    | baldaquin.buf:open:104 - Ouput file /home/lab1-student/baldaquindata/plasduino/0309_000096/0309_000096_data.txt closed.
2026-03-12 16:04:56.800 | DEBUG    | baldaquin.buf:open:100 - Opening output file /home/lab1-student/baldaquindata/plasduino/0309_000097/0309_000097_data.txt {'mode': 'at', 'encoding': 'utf-8'}...
2026-03-12 16:04:56.800 | DEBUG    | baldaquin.buf:_write:285 - 1035 bytes written to disk.
2026-03-12 16:04:56.800 | DEBUG    | baldaquin.buf:open:104 - Ouput file /home/lab1-student/baldaquindata/plasduino/0309_000097/0309_000097_data.txt closed.
2026-03-12 16:04:56.800 | DEBUG    | baldaquin.buf:open:100 - Opening output file /home/lab1-student/baldaquindata/plasduino/0309_000098/0309_000098_data.txt {'mode': 'at', 'encoding': 'utf-8'}...
2026-03-12 16:04:56.801 | DEBUG    | baldaquin.buf:_write:285 - 1035 bytes written to disk.
2026-03-12 16:04:56.801 | DEBUG    | baldaquin.buf:open:104 - Ouput file /home/lab1-student/baldaquindata/plasduino/0309_000098/0309_000098_data.txt closed.
2026-03-12 16:04:56.801 | DEBUG    | baldaquin.buf:open:100 - Opening output file /home/lab1-student/baldaquindata/plasduino/0309_000099/0309_000099_data.txt {'mode': 'at', 'encoding': 'utf-8'}...
2026-03-12 16:04:56.801 | DEBUG    | baldaquin.buf:_write:285 - 1035 bytes written to disk.
2026-03-12 16:04:56.801 | DEBUG    | baldaquin.buf:open:104 - Ouput file /home/lab1-student/baldaquindata/plasduino/0309_000099/0309_000099_data.txt closed.
2026-03-12 16:04:56.802 | DEBUG    | baldaquin.buf:open:100 - Opening output file /home/lab1-student/baldaquindata/plasduino/0309_000100/0309_000100_data.txt {'mode': 'at', 'encoding': 'utf-8'}...
2026-03-12 16:04:56.802 | DEBUG    | baldaquin.buf:_write:285 - 1035 bytes written to disk.
2026-03-12 16:04:56.802 | DEBUG    | baldaquin.buf:open:104 - Ouput file /home/lab1-student/baldaquindata/plasduino/0309_000100/0309_000100_data.txt closed.
2026-03-12 16:04:56.802 | DEBUG    | baldaquin.buf:open:100 - Opening output file /home/lab1-student/baldaquindata/plasduino/0309_000101/0309_000101_data.txt {'mode': 'at', 'encoding': 'utf-8'}...
2026-03-12 16:04:56.802 | DEBUG    | baldaquin.buf:_write:285 - 1035 bytes written to disk.
2026-03-12 16:04:56.803 | DEBUG    | baldaquin.buf:open:104 - Ouput file /home/lab1-student/baldaquindata/plasduino/0309_000101/0309_000101_data.txt closed.
2026-03-12 16:04:56.803 | DEBUG    | baldaquin.buf:open:100 - Opening output file /home/lab1-student/baldaquindata/plasduino/0309_000102/0309_000102_data.txt {'mode': 'at', 'encoding': 'utf-8'}...
2026-03-12 16:04:56.803 | DEBUG    | baldaquin.buf:_write:285 - 1035 bytes written to disk.
2026-03-12 16:04:56.803 | DEBUG    | baldaquin.buf:open:104 - Ouput file /home/lab1-student/baldaquindata/plasduino/0309_000102/0309_000102_data.txt closed.
2026-03-12 16:04:56.803 | DEBUG    | baldaquin.buf:open:100 - Opening output file /home/lab1-student/baldaquindata/plasduino/0309_000103/0309_000103_data.txt {'mode': 'at', 'encoding': 'utf-8'}...
2026-03-12 16:04:56.804 | DEBUG    | baldaquin.buf:_write:285 - 1035 bytes written to disk.
2026-03-12 16:04:56.804 | DEBUG    | baldaquin.buf:open:104 - Ouput file /home/lab1-student/baldaquindata/plasduino/0309_000103/0309_000103_data.txt closed.
2026-03-12 16:04:56.804 | DEBUG    | baldaquin.buf:open:100 - Opening output file /home/lab1-student/baldaquindata/plasduino/0309_000104/0309_000104_data.txt {'mode': 'at', 'encoding': 'utf-8'}...
2026-03-12 16:04:56.804 | DEBUG    | baldaquin.buf:_write:285 - 1035 bytes written to disk.
2026-03-12 16:04:56.804 | DEBUG    | baldaquin.buf:open:104 - Ouput file /home/lab1-student/baldaquindata/plasduino/0309_000104/0309_000104_data.txt closed.
2026-03-12 16:04:56.804 | DEBUG    | baldaquin.buf:open:100 - Opening output file /home/lab1-student/baldaquindata/plasduino/0309_000104/0309_000104_data.dat {'mode': 'ab'}...
2026-03-12 16:04:56.804 | DEBUG    | baldaquin.buf:_pop_and_write_raw:259 - 552 bytes written to disk.
2026-03-12 16:04:56.804 | DEBUG    | baldaquin.buf:open:104 - Ouput file /home/lab1-student/baldaquindata/plasduino/0309_000104/0309_000104_data.dat closed.
2026-03-12 16:04:56.805 | INFO     | baldaquin.buf:flush:318 - 20217 bytes (552 raw bytes) written to disk.
2026-03-12 16:04:56.805 | DEBUG    | baldaquin.profile:wrap:32 - Running time for flush(): 0.012860 s
2026-03-12 16:04:56.805 | DEBUG    | baldaquin.plasduino.common:write_opcode:132 - Writing 2 to the serial port...
2026-03-12 16:04:56.805 | INFO     | baldaquin.plasduino.common:wait_pending_packets:321 - Waiting 250 ms for pending packet(s)...
2026-03-12 16:04:57.055 | INFO     | baldaquin.plasduino.common:wait_pending_packets:332 - Reading the last 2 packet(s) from the serial port...
2026-03-12 16:04:57.056 | INFO     | baldaquin.buf:flush:309 - 2 packets ready to be written out...
2026-03-12 16:04:57.056 | DEBUG    | baldaquin.buf:open:100 - Opening output file /home/lab1-student/baldaquindata/plasduino/0309_000086/0309_000086_data.txt {'mode': 'at', 'encoding': 'utf-8'}...
2026-03-12 16:04:57.056 | DEBUG    | baldaquin.buf:_write:285 - 30 bytes written to disk.
2026-03-12 16:04:57.056 | DEBUG    | baldaquin.buf:open:104 - Ouput file /home/lab1-student/baldaquindata/plasduino/0309_000086/0309_000086_data.txt closed.
2026-03-12 16:04:57.056 | DEBUG    | baldaquin.buf:open:100 - Opening output file /home/lab1-student/baldaquindata/plasduino/0309_000087/0309_000087_data.txt {'mode': 'at', 'encoding': 'utf-8'}...
2026-03-12 16:04:57.056 | DEBUG    | baldaquin.buf:_write:285 - 30 bytes written to disk.
2026-03-12 16:04:57.056 | DEBUG    | baldaquin.buf:open:104 - Ouput file /home/lab1-student/baldaquindata/plasduino/0309_000087/0309_000087_data.txt closed.
2026-03-12 16:04:57.056 | DEBUG    | baldaquin.buf:open:100 - Opening output file /home/lab1-student/baldaquindata/plasduino/0309_000088/0309_000088_data.txt {'mode': 'at', 'encoding': 'utf-8'}...
2026-03-12 16:04:57.057 | DEBUG    | baldaquin.buf:_write:285 - 30 bytes written to disk.
2026-03-12 16:04:57.057 | DEBUG    | baldaquin.buf:open:104 - Ouput file /home/lab1-student/baldaquindata/plasduino/0309_000088/0309_000088_data.txt closed.
2026-03-12 16:04:57.057 | DEBUG    | baldaquin.buf:open:100 - Opening output file /home/lab1-student/baldaquindata/plasduino/0309_000089/0309_000089_data.txt {'mode': 'at', 'encoding': 'utf-8'}...
2026-03-12 16:04:57.057 | DEBUG    | baldaquin.buf:_write:285 - 30 bytes written to disk.
2026-03-12 16:04:57.057 | DEBUG    | baldaquin.buf:open:104 - Ouput file /home/lab1-student/baldaquindata/plasduino/0309_000089/0309_000089_data.txt closed.
2026-03-12 16:04:57.057 | DEBUG    | baldaquin.buf:open:100 - Opening output file /home/lab1-student/baldaquindata/plasduino/0309_000090/0309_000090_data.txt {'mode': 'at', 'encoding': 'utf-8'}...
2026-03-12 16:04:57.057 | DEBUG    | baldaquin.buf:_write:285 - 30 bytes written to disk.
2026-03-12 16:04:57.057 | DEBUG    | baldaquin.buf:open:104 - Ouput file /home/lab1-student/baldaquindata/plasduino/0309_000090/0309_000090_data.txt closed.
2026-03-12 16:04:57.057 | DEBUG    | baldaquin.buf:open:100 - Opening output file /home/lab1-student/baldaquindata/plasduino/0309_000091/0309_000091_data.txt {'mode': 'at', 'encoding': 'utf-8'}...
2026-03-12 16:04:57.057 | DEBUG    | baldaquin.buf:_write:285 - 30 bytes written to disk.
2026-03-12 16:04:57.057 | DEBUG    | baldaquin.buf:open:104 - Ouput file /home/lab1-student/baldaquindata/plasduino/0309_000091/0309_000091_data.txt closed.
2026-03-12 16:04:57.058 | DEBUG    | baldaquin.buf:open:100 - Opening output file /home/lab1-student/baldaquindata/plasduino/0309_000092/0309_000092_data.txt {'mode': 'at', 'encoding': 'utf-8'}...
2026-03-12 16:04:57.058 | DEBUG    | baldaquin.buf:_write:285 - 30 bytes written to disk.
2026-03-12 16:04:57.058 | DEBUG    | baldaquin.buf:open:104 - Ouput file /home/lab1-student/baldaquindata/plasduino/0309_000092/0309_000092_data.txt closed.
2026-03-12 16:04:57.058 | DEBUG    | baldaquin.buf:open:100 - Opening output file /home/lab1-student/baldaquindata/plasduino/0309_000093/0309_000093_data.txt {'mode': 'at', 'encoding': 'utf-8'}...
2026-03-12 16:04:57.058 | DEBUG    | baldaquin.buf:_write:285 - 30 bytes written to disk.
2026-03-12 16:04:57.058 | DEBUG    | baldaquin.buf:open:104 - Ouput file /home/lab1-student/baldaquindata/plasduino/0309_000093/0309_000093_data.txt closed.
2026-03-12 16:04:57.058 | DEBUG    | baldaquin.buf:open:100 - Opening output file /home/lab1-student/baldaquindata/plasduino/0309_000094/0309_000094_data.txt {'mode': 'at', 'encoding': 'utf-8'}...
2026-03-12 16:04:57.058 | DEBUG    | baldaquin.buf:_write:285 - 30 bytes written to disk.
2026-03-12 16:04:57.058 | DEBUG    | baldaquin.buf:open:104 - Ouput file /home/lab1-student/baldaquindata/plasduino/0309_000094/0309_000094_data.txt closed.
2026-03-12 16:04:57.058 | DEBUG    | baldaquin.buf:open:100 - Opening output file /home/lab1-student/baldaquindata/plasduino/0309_000095/0309_000095_data.txt {'mode': 'at', 'encoding': 'utf-8'}...
2026-03-12 16:04:57.059 | DEBUG    | baldaquin.buf:_write:285 - 30 bytes written to disk.
2026-03-12 16:04:57.059 | DEBUG    | baldaquin.buf:open:104 - Ouput file /home/lab1-student/baldaquindata/plasduino/0309_000095/0309_000095_data.txt closed.
2026-03-12 16:04:57.059 | DEBUG    | baldaquin.buf:open:100 - Opening output file /home/lab1-student/baldaquindata/plasduino/0309_000096/0309_000096_data.txt {'mode': 'at', 'encoding': 'utf-8'}...
2026-03-12 16:04:57.059 | DEBUG    | baldaquin.buf:_write:285 - 30 bytes written to disk.
2026-03-12 16:04:57.059 | DEBUG    | baldaquin.buf:open:104 - Ouput file /home/lab1-student/baldaquindata/plasduino/0309_000096/0309_000096_data.txt closed.
2026-03-12 16:04:57.059 | DEBUG    | baldaquin.buf:open:100 - Opening output file /home/lab1-student/baldaquindata/plasduino/0309_000097/0309_000097_data.txt {'mode': 'at', 'encoding': 'utf-8'}...
2026-03-12 16:04:57.059 | DEBUG    | baldaquin.buf:_write:285 - 30 bytes written to disk.
2026-03-12 16:04:57.059 | DEBUG    | baldaquin.buf:open:104 - Ouput file /home/lab1-student/baldaquindata/plasduino/0309_000097/0309_000097_data.txt closed.
2026-03-12 16:04:57.059 | DEBUG    | baldaquin.buf:open:100 - Opening output file /home/lab1-student/baldaquindata/plasduino/0309_000098/0309_000098_data.txt {'mode': 'at', 'encoding': 'utf-8'}...
2026-03-12 16:04:57.059 | DEBUG    | baldaquin.buf:_write:285 - 30 bytes written to disk.
2026-03-12 16:04:57.059 | DEBUG    | baldaquin.buf:open:104 - Ouput file /home/lab1-student/baldaquindata/plasduino/0309_000098/0309_000098_data.txt closed.
2026-03-12 16:04:57.060 | DEBUG    | baldaquin.buf:open:100 - Opening output file /home/lab1-student/baldaquindata/plasduino/0309_000099/0309_000099_data.txt {'mode': 'at', 'encoding': 'utf-8'}...
2026-03-12 16:04:57.060 | DEBUG    | baldaquin.buf:_write:285 - 30 bytes written to disk.
2026-03-12 16:04:57.060 | DEBUG    | baldaquin.buf:open:104 - Ouput file /home/lab1-student/baldaquindata/plasduino/0309_000099/0309_000099_data.txt closed.
2026-03-12 16:04:57.060 | DEBUG    | baldaquin.buf:open:100 - Opening output file /home/lab1-student/baldaquindata/plasduino/0309_000100/0309_000100_data.txt {'mode': 'at', 'encoding': 'utf-8'}...
2026-03-12 16:04:57.060 | DEBUG    | baldaquin.buf:_write:285 - 30 bytes written to disk.
2026-03-12 16:04:57.060 | DEBUG    | baldaquin.buf:open:104 - Ouput file /home/lab1-student/baldaquindata/plasduino/0309_000100/0309_000100_data.txt closed.
2026-03-12 16:04:57.060 | DEBUG    | baldaquin.buf:open:100 - Opening output file /home/lab1-student/baldaquindata/plasduino/0309_000101/0309_000101_data.txt {'mode': 'at', 'encoding': 'utf-8'}...
2026-03-12 16:04:57.060 | DEBUG    | baldaquin.buf:_write:285 - 30 bytes written to disk.
2026-03-12 16:04:57.060 | DEBUG    | baldaquin.buf:open:104 - Ouput file /home/lab1-student/baldaquindata/plasduino/0309_000101/0309_000101_data.txt closed.
2026-03-12 16:04:57.060 | DEBUG    | baldaquin.buf:open:100 - Opening output file /home/lab1-student/baldaquindata/plasduino/0309_000102/0309_000102_data.txt {'mode': 'at', 'encoding': 'utf-8'}...
2026-03-12 16:04:57.060 | DEBUG    | baldaquin.buf:_write:285 - 30 bytes written to disk.
2026-03-12 16:04:57.061 | DEBUG    | baldaquin.buf:open:104 - Ouput file /home/lab1-student/baldaquindata/plasduino/0309_000102/0309_000102_data.txt closed.
2026-03-12 16:04:57.061 | DEBUG    | baldaquin.buf:open:100 - Opening output file /home/lab1-student/baldaquindata/plasduino/0309_000103/0309_000103_data.txt {'mode': 'at', 'encoding': 'utf-8'}...
2026-03-12 16:04:57.061 | DEBUG    | baldaquin.buf:_write:285 - 30 bytes written to disk.
2026-03-12 16:04:57.061 | DEBUG    | baldaquin.buf:open:104 - Ouput file /home/lab1-student/baldaquindata/plasduino/0309_000103/0309_000103_data.txt closed.
2026-03-12 16:04:57.061 | DEBUG    | baldaquin.buf:open:100 - Opening output file /home/lab1-student/baldaquindata/plasduino/0309_000104/0309_000104_data.txt {'mode': 'at', 'encoding': 'utf-8'}...
2026-03-12 16:04:57.061 | DEBUG    | baldaquin.buf:_write:285 - 30 bytes written to disk.
2026-03-12 16:04:57.061 | DEBUG    | baldaquin.buf:open:104 - Ouput file /home/lab1-student/baldaquindata/plasduino/0309_000104/0309_000104_data.txt closed.
2026-03-12 16:04:57.061 | DEBUG    | baldaquin.buf:open:100 - Opening output file /home/lab1-student/baldaquindata/plasduino/0309_000104/0309_000104_data.dat {'mode': 'ab'}...
2026-03-12 16:04:57.061 | DEBUG    | baldaquin.buf:_pop_and_write_raw:259 - 16 bytes written to disk.
2026-03-12 16:04:57.061 | DEBUG    | baldaquin.buf:open:104 - Ouput file /home/lab1-student/baldaquindata/plasduino/0309_000104/0309_000104_data.dat closed.
2026-03-12 16:04:57.062 | INFO     | baldaquin.buf:flush:318 - 586 bytes (16 raw bytes) written to disk.
2026-03-12 16:04:57.062 | DEBUG    | baldaquin.profile:wrap:32 - Running time for flush(): 0.006008 s
2026-03-12 16:04:57.062 | INFO     | baldaquin.plasduino.common:read_run_end_marker:90 - Waiting for the run end marker...
2026-03-12 16:04:57.062 | INFO     | baldaquin.plasduino.common:read_run_end_marker:95 - Run end marker correctly read.
2026-03-12 16:04:57.062 | DEBUG    | __main__:post_stop:90 - Clearing strip charts...
2026-03-12 16:04:57.062 | DEBUG    | __main__:post_stop:99 - Re-reading all run data from disk...
2026-03-12 16:04:57.062 | DEBUG    | baldaquin.pkt:open:393 - Opening input packet file /home/lab1-student/baldaquindata/plasduino/0309_000104/0309_000104_data.dat...
2026-03-12 16:04:57.075 | DEBUG    | baldaquin.pkt:open:398 - Input file /home/lab1-student/baldaquindata/plasduino/0309_000104/0309_000104_data.dat closed.
2026-03-12 16:04:57.076 | DEBUG    | baldaquin.plasduino.common:activate_cursors:446 - Activating vertical cursor on strip charts...
2026-03-12 16:04:57.159 | INFO     | baldaquin.runctrl:stop_run:658 - Run Control stopped on 2026-03-12 16:04:57.159652+01:00 (1773327897.159652 s)
2026-03-12 16:04:57.159 | INFO     | baldaquin.runctrl:stop_run:659 - Total elapsed time: 50.338198 s.
