2026-03-12 15:56:59.856 | INFO     | baldaquin.runctrl:start_run:634 - Configuring packet buffering...
2026-03-12 15:56:59.856 | INFO     | baldaquin.buf:configure:144 - Configuring CircularBuffer with flush_size=100, flush_timeout=10.0 s...
2026-03-12 15:56:59.856 | INFO     | baldaquin.config:save:334 - Writing configuration dictionary to /home/lab1-student/baldaquindata/plasduino/0309_000098/0309_000098_config.json...
2026-03-12 15:56:59.857 | INFO     | baldaquin.runctrl:start_run:643 - Run Control started on 2026-03-12 15:56:59.856970+01:00 (1773327419.85697 s)
2026-03-12 15:56:59.857 | DEBUG    | baldaquin.buf:open:100 - Opening output file /home/lab1-student/baldaquindata/plasduino/0309_000098/0309_000098_data.dat {'mode': 'ab'}...
2026-03-12 15:56:59.857 | DEBUG    | baldaquin.buf:open:104 - Ouput file /home/lab1-student/baldaquindata/plasduino/0309_000098/0309_000098_data.dat closed.
2026-03-12 15:56:59.857 | INFO     | baldaquin.buf:set_primary_sink:216 - Connecting buffer to primary Sink -> /home/lab1-student/baldaquindata/plasduino/0309_000098/0309_000098_data.dat (WriteMode.BINARY)...
2026-03-12 15:56:59.857 | DEBUG    | baldaquin.buf:open:100 - Opening output file /home/lab1-student/baldaquindata/plasduino/0309_000098/0309_000098_data.txt {'mode': 'at', 'encoding': 'utf-8'}...
2026-03-12 15:56:59.858 | DEBUG    | baldaquin.buf:__init__:89 - Writing file header...
2026-03-12 15:56:59.858 | DEBUG    | baldaquin.buf:open:104 - Ouput file /home/lab1-student/baldaquindata/plasduino/0309_000098/0309_000098_data.txt closed.
2026-03-12 15:56:59.858 | INFO     | baldaquin.buf:add_custom_sink:228 - Connecting buffer to custom Sink -> /home/lab1-student/baldaquindata/plasduino/0309_000098/0309_000098_data.txt (WriteMode.TEXT, PlasduinoPacketBase.to_text)...
2026-03-12 15:56:59.858 | DEBUG    | baldaquin.plasduino.common:write_opcode:132 - Writing 1 to the serial port...
2026-03-12 15:56:59.858 | INFO     | baldaquin.app:start_run:83 - Starting Pendulum View user application...
2026-03-12 15:56:59.888 | INFO     | baldaquin.buf:flush:309 - 1 packets ready to be written out...
2026-03-12 15:56:59.888 | DEBUG    | baldaquin.buf:open:100 - Opening output file /home/lab1-student/baldaquindata/plasduino/0309_000086/0309_000086_data.txt {'mode': 'at', 'encoding': 'utf-8'}...
2026-03-12 15:56:59.888 | DEBUG    | baldaquin.buf:_write:285 - 14 bytes written to disk.
2026-03-12 15:56:59.888 | DEBUG    | baldaquin.buf:open:104 - Ouput file /home/lab1-student/baldaquindata/plasduino/0309_000086/0309_000086_data.txt closed.
2026-03-12 15:56:59.888 | DEBUG    | baldaquin.buf:open:100 - Opening output file /home/lab1-student/baldaquindata/plasduino/0309_000087/0309_000087_data.txt {'mode': 'at', 'encoding': 'utf-8'}...
2026-03-12 15:56:59.888 | DEBUG    | baldaquin.buf:_write:285 - 14 bytes written to disk.
2026-03-12 15:56:59.888 | DEBUG    | baldaquin.buf:open:104 - Ouput file /home/lab1-student/baldaquindata/plasduino/0309_000087/0309_000087_data.txt closed.
2026-03-12 15:56:59.889 | DEBUG    | baldaquin.buf:open:100 - Opening output file /home/lab1-student/baldaquindata/plasduino/0309_000088/0309_000088_data.txt {'mode': 'at', 'encoding': 'utf-8'}...
2026-03-12 15:56:59.889 | DEBUG    | baldaquin.buf:_write:285 - 14 bytes written to disk.
2026-03-12 15:56:59.889 | DEBUG    | baldaquin.buf:open:104 - Ouput file /home/lab1-student/baldaquindata/plasduino/0309_000088/0309_000088_data.txt closed.
2026-03-12 15:56:59.889 | DEBUG    | baldaquin.buf:open:100 - Opening output file /home/lab1-student/baldaquindata/plasduino/0309_000089/0309_000089_data.txt {'mode': 'at', 'encoding': 'utf-8'}...
2026-03-12 15:56:59.889 | DEBUG    | baldaquin.buf:_write:285 - 14 bytes written to disk.
2026-03-12 15:56:59.889 | DEBUG    | baldaquin.buf:open:104 - Ouput file /home/lab1-student/baldaquindata/plasduino/0309_000089/0309_000089_data.txt closed.
2026-03-12 15:56:59.889 | DEBUG    | baldaquin.buf:open:100 - Opening output file /home/lab1-student/baldaquindata/plasduino/0309_000090/0309_000090_data.txt {'mode': 'at', 'encoding': 'utf-8'}...
2026-03-12 15:56:59.889 | DEBUG    | baldaquin.buf:_write:285 - 14 bytes written to disk.
2026-03-12 15:56:59.889 | DEBUG    | baldaquin.buf:open:104 - Ouput file /home/lab1-student/baldaquindata/plasduino/0309_000090/0309_000090_data.txt closed.
2026-03-12 15:56:59.889 | DEBUG    | baldaquin.buf:open:100 - Opening output file /home/lab1-student/baldaquindata/plasduino/0309_000091/0309_000091_data.txt {'mode': 'at', 'encoding': 'utf-8'}...
2026-03-12 15:56:59.890 | DEBUG    | baldaquin.buf:_write:285 - 14 bytes written to disk.
2026-03-12 15:56:59.890 | DEBUG    | baldaquin.buf:open:104 - Ouput file /home/lab1-student/baldaquindata/plasduino/0309_000091/0309_000091_data.txt closed.
2026-03-12 15:56:59.890 | DEBUG    | baldaquin.buf:open:100 - Opening output file /home/lab1-student/baldaquindata/plasduino/0309_000092/0309_000092_data.txt {'mode': 'at', 'encoding': 'utf-8'}...
2026-03-12 15:56:59.890 | DEBUG    | baldaquin.buf:_write:285 - 14 bytes written to disk.
2026-03-12 15:56:59.890 | DEBUG    | baldaquin.buf:open:104 - Ouput file /home/lab1-student/baldaquindata/plasduino/0309_000092/0309_000092_data.txt closed.
2026-03-12 15:56:59.890 | DEBUG    | baldaquin.buf:open:100 - Opening output file /home/lab1-student/baldaquindata/plasduino/0309_000093/0309_000093_data.txt {'mode': 'at', 'encoding': 'utf-8'}...
2026-03-12 15:56:59.890 | DEBUG    | baldaquin.buf:_write:285 - 14 bytes written to disk.
2026-03-12 15:56:59.890 | DEBUG    | baldaquin.buf:open:104 - Ouput file /home/lab1-student/baldaquindata/plasduino/0309_000093/0309_000093_data.txt closed.
2026-03-12 15:56:59.890 | DEBUG    | baldaquin.buf:open:100 - Opening output file /home/lab1-student/baldaquindata/plasduino/0309_000094/0309_000094_data.txt {'mode': 'at', 'encoding': 'utf-8'}...
2026-03-12 15:56:59.890 | DEBUG    | baldaquin.buf:_write:285 - 14 bytes written to disk.
2026-03-12 15:56:59.890 | DEBUG    | baldaquin.buf:open:104 - Ouput file /home/lab1-student/baldaquindata/plasduino/0309_000094/0309_000094_data.txt closed.
2026-03-12 15:56:59.891 | DEBUG    | baldaquin.buf:open:100 - Opening output file /home/lab1-student/baldaquindata/plasduino/0309_000095/0309_000095_data.txt {'mode': 'at', 'encoding': 'utf-8'}...
2026-03-12 15:56:59.891 | DEBUG    | baldaquin.buf:_write:285 - 14 bytes written to disk.
2026-03-12 15:56:59.891 | DEBUG    | baldaquin.buf:open:104 - Ouput file /home/lab1-student/baldaquindata/plasduino/0309_000095/0309_000095_data.txt closed.
2026-03-12 15:56:59.891 | DEBUG    | baldaquin.buf:open:100 - Opening output file /home/lab1-student/baldaquindata/plasduino/0309_000096/0309_000096_data.txt {'mode': 'at', 'encoding': 'utf-8'}...
2026-03-12 15:56:59.891 | DEBUG    | baldaquin.buf:_write:285 - 14 bytes written to disk.
2026-03-12 15:56:59.891 | DEBUG    | baldaquin.buf:open:104 - Ouput file /home/lab1-student/baldaquindata/plasduino/0309_000096/0309_000096_data.txt closed.
2026-03-12 15:56:59.891 | DEBUG    | baldaquin.buf:open:100 - Opening output file /home/lab1-student/baldaquindata/plasduino/0309_000097/0309_000097_data.txt {'mode': 'at', 'encoding': 'utf-8'}...
2026-03-12 15:56:59.891 | DEBUG    | baldaquin.buf:_write:285 - 14 bytes written to disk.
2026-03-12 15:56:59.891 | DEBUG    | baldaquin.buf:open:104 - Ouput file /home/lab1-student/baldaquindata/plasduino/0309_000097/0309_000097_data.txt closed.
2026-03-12 15:56:59.892 | DEBUG    | baldaquin.buf:open:100 - Opening output file /home/lab1-student/baldaquindata/plasduino/0309_000098/0309_000098_data.txt {'mode': 'at', 'encoding': 'utf-8'}...
2026-03-12 15:56:59.892 | DEBUG    | baldaquin.buf:_write:285 - 14 bytes written to disk.
2026-03-12 15:56:59.892 | DEBUG    | baldaquin.buf:open:104 - Ouput file /home/lab1-student/baldaquindata/plasduino/0309_000098/0309_000098_data.txt closed.
2026-03-12 15:56:59.892 | DEBUG    | baldaquin.buf:open:100 - Opening output file /home/lab1-student/baldaquindata/plasduino/0309_000098/0309_000098_data.dat {'mode': 'ab'}...
2026-03-12 15:56:59.892 | DEBUG    | baldaquin.buf:_pop_and_write_raw:259 - 8 bytes written to disk.
2026-03-12 15:56:59.892 | DEBUG    | baldaquin.buf:open:104 - Ouput file /home/lab1-student/baldaquindata/plasduino/0309_000098/0309_000098_data.dat closed.
2026-03-12 15:56:59.892 | INFO     | baldaquin.buf:flush:318 - 190 bytes (8 raw bytes) written to disk.
2026-03-12 15:56:59.892 | DEBUG    | baldaquin.profile:wrap:32 - Running time for flush(): 0.004634 s
2026-03-12 15:57:02.423 | INFO     | baldaquin.buf:flush:309 - 100 packets ready to be written out...
2026-03-12 15:57:02.423 | DEBUG    | baldaquin.buf:open:100 - Opening output file /home/lab1-student/baldaquindata/plasduino/0309_000086/0309_000086_data.txt {'mode': 'at', 'encoding': 'utf-8'}...
2026-03-12 15:57:02.424 | DEBUG    | baldaquin.buf:_write:285 - 1400 bytes written to disk.
2026-03-12 15:57:02.424 | DEBUG    | baldaquin.buf:open:104 - Ouput file /home/lab1-student/baldaquindata/plasduino/0309_000086/0309_000086_data.txt closed.
2026-03-12 15:57:02.424 | DEBUG    | baldaquin.buf:open:100 - Opening output file /home/lab1-student/baldaquindata/plasduino/0309_000087/0309_000087_data.txt {'mode': 'at', 'encoding': 'utf-8'}...
2026-03-12 15:57:02.424 | DEBUG    | baldaquin.buf:_write:285 - 1400 bytes written to disk.
2026-03-12 15:57:02.432 | DEBUG    | baldaquin.buf:open:104 - Ouput file /home/lab1-student/baldaquindata/plasduino/0309_000087/0309_000087_data.txt closed.
2026-03-12 15:57:02.432 | DEBUG    | baldaquin.buf:open:100 - Opening output file /home/lab1-student/baldaquindata/plasduino/0309_000088/0309_000088_data.txt {'mode': 'at', 'encoding': 'utf-8'}...
2026-03-12 15:57:02.459 | DEBUG    | baldaquin.buf:_write:285 - 1400 bytes written to disk.
2026-03-12 15:57:02.459 | DEBUG    | baldaquin.buf:open:104 - Ouput file /home/lab1-student/baldaquindata/plasduino/0309_000088/0309_000088_data.txt closed.
2026-03-12 15:57:02.461 | DEBUG    | baldaquin.buf:open:100 - Opening output file /home/lab1-student/baldaquindata/plasduino/0309_000089/0309_000089_data.txt {'mode': 'at', 'encoding': 'utf-8'}...
2026-03-12 15:57:02.463 | DEBUG    | baldaquin.buf:_write:285 - 1400 bytes written to disk.
2026-03-12 15:57:02.463 | DEBUG    | baldaquin.buf:open:104 - Ouput file /home/lab1-student/baldaquindata/plasduino/0309_000089/0309_000089_data.txt closed.
2026-03-12 15:57:02.464 | DEBUG    | baldaquin.buf:open:100 - Opening output file /home/lab1-student/baldaquindata/plasduino/0309_000090/0309_000090_data.txt {'mode': 'at', 'encoding': 'utf-8'}...
2026-03-12 15:57:02.471 | DEBUG    | baldaquin.buf:_write:285 - 1400 bytes written to disk.
2026-03-12 15:57:02.471 | DEBUG    | baldaquin.buf:open:104 - Ouput file /home/lab1-student/baldaquindata/plasduino/0309_000090/0309_000090_data.txt closed.
2026-03-12 15:57:02.471 | DEBUG    | baldaquin.buf:open:100 - Opening output file /home/lab1-student/baldaquindata/plasduino/0309_000091/0309_000091_data.txt {'mode': 'at', 'encoding': 'utf-8'}...
2026-03-12 15:57:02.472 | DEBUG    | baldaquin.buf:_write:285 - 1400 bytes written to disk.
2026-03-12 15:57:02.472 | DEBUG    | baldaquin.buf:open:104 - Ouput file /home/lab1-student/baldaquindata/plasduino/0309_000091/0309_000091_data.txt closed.
2026-03-12 15:57:02.472 | DEBUG    | baldaquin.buf:open:100 - Opening output file /home/lab1-student/baldaquindata/plasduino/0309_000092/0309_000092_data.txt {'mode': 'at', 'encoding': 'utf-8'}...
2026-03-12 15:57:02.493 | DEBUG    | baldaquin.buf:_write:285 - 1400 bytes written to disk.
2026-03-12 15:57:02.493 | DEBUG    | baldaquin.buf:open:104 - Ouput file /home/lab1-student/baldaquindata/plasduino/0309_000092/0309_000092_data.txt closed.
2026-03-12 15:57:02.494 | DEBUG    | baldaquin.buf:open:100 - Opening output file /home/lab1-student/baldaquindata/plasduino/0309_000093/0309_000093_data.txt {'mode': 'at', 'encoding': 'utf-8'}...
2026-03-12 15:57:02.496 | DEBUG    | baldaquin.buf:_write:285 - 1400 bytes written to disk.
2026-03-12 15:57:02.502 | DEBUG    | baldaquin.buf:open:104 - Ouput file /home/lab1-student/baldaquindata/plasduino/0309_000093/0309_000093_data.txt closed.
2026-03-12 15:57:02.502 | DEBUG    | baldaquin.buf:open:100 - Opening output file /home/lab1-student/baldaquindata/plasduino/0309_000094/0309_000094_data.txt {'mode': 'at', 'encoding': 'utf-8'}...
2026-03-12 15:57:02.503 | DEBUG    | baldaquin.buf:_write:285 - 1400 bytes written to disk.
2026-03-12 15:57:02.503 | DEBUG    | baldaquin.buf:open:104 - Ouput file /home/lab1-student/baldaquindata/plasduino/0309_000094/0309_000094_data.txt closed.
2026-03-12 15:57:02.503 | DEBUG    | baldaquin.buf:open:100 - Opening output file /home/lab1-student/baldaquindata/plasduino/0309_000095/0309_000095_data.txt {'mode': 'at', 'encoding': 'utf-8'}...
2026-03-12 15:57:02.504 | DEBUG    | baldaquin.buf:_write:285 - 1400 bytes written to disk.
2026-03-12 15:57:02.504 | DEBUG    | baldaquin.buf:open:104 - Ouput file /home/lab1-student/baldaquindata/plasduino/0309_000095/0309_000095_data.txt closed.
2026-03-12 15:57:02.504 | DEBUG    | baldaquin.buf:open:100 - Opening output file /home/lab1-student/baldaquindata/plasduino/0309_000096/0309_000096_data.txt {'mode': 'at', 'encoding': 'utf-8'}...
2026-03-12 15:57:02.505 | DEBUG    | baldaquin.buf:_write:285 - 1400 bytes written to disk.
2026-03-12 15:57:02.505 | DEBUG    | baldaquin.buf:open:104 - Ouput file /home/lab1-student/baldaquindata/plasduino/0309_000096/0309_000096_data.txt closed.
2026-03-12 15:57:02.505 | DEBUG    | baldaquin.buf:open:100 - Opening output file /home/lab1-student/baldaquindata/plasduino/0309_000097/0309_000097_data.txt {'mode': 'at', 'encoding': 'utf-8'}...
2026-03-12 15:57:02.506 | DEBUG    | baldaquin.buf:_write:285 - 1400 bytes written to disk.
2026-03-12 15:57:02.506 | DEBUG    | baldaquin.buf:open:104 - Ouput file /home/lab1-student/baldaquindata/plasduino/0309_000097/0309_000097_data.txt closed.
2026-03-12 15:57:02.506 | DEBUG    | baldaquin.buf:open:100 - Opening output file /home/lab1-student/baldaquindata/plasduino/0309_000098/0309_000098_data.txt {'mode': 'at', 'encoding': 'utf-8'}...
2026-03-12 15:57:02.506 | DEBUG    | baldaquin.buf:_write:285 - 1400 bytes written to disk.
2026-03-12 15:57:02.507 | DEBUG    | baldaquin.buf:open:104 - Ouput file /home/lab1-student/baldaquindata/plasduino/0309_000098/0309_000098_data.txt closed.
2026-03-12 15:57:02.507 | DEBUG    | baldaquin.buf:open:100 - Opening output file /home/lab1-student/baldaquindata/plasduino/0309_000098/0309_000098_data.dat {'mode': 'ab'}...
2026-03-12 15:57:02.507 | DEBUG    | baldaquin.buf:_pop_and_write_raw:259 - 800 bytes written to disk.
2026-03-12 15:57:02.507 | DEBUG    | baldaquin.buf:open:104 - Ouput file /home/lab1-student/baldaquindata/plasduino/0309_000098/0309_000098_data.dat closed.
2026-03-12 15:57:02.507 | INFO     | baldaquin.buf:flush:318 - 19000 bytes (800 raw bytes) written to disk.
2026-03-12 15:57:02.507 | DEBUG    | baldaquin.profile:wrap:32 - Running time for flush(): 0.084366 s
2026-03-12 15:57:04.961 | INFO     | baldaquin.buf:flush:309 - 100 packets ready to be written out...
2026-03-12 15:57:04.961 | DEBUG    | baldaquin.buf:open:100 - Opening output file /home/lab1-student/baldaquindata/plasduino/0309_000086/0309_000086_data.txt {'mode': 'at', 'encoding': 'utf-8'}...
2026-03-12 15:57:04.961 | DEBUG    | baldaquin.buf:_write:285 - 1400 bytes written to disk.
2026-03-12 15:57:04.962 | DEBUG    | baldaquin.buf:open:104 - Ouput file /home/lab1-student/baldaquindata/plasduino/0309_000086/0309_000086_data.txt closed.
2026-03-12 15:57:04.962 | DEBUG    | baldaquin.buf:open:100 - Opening output file /home/lab1-student/baldaquindata/plasduino/0309_000087/0309_000087_data.txt {'mode': 'at', 'encoding': 'utf-8'}...
2026-03-12 15:57:04.962 | DEBUG    | baldaquin.buf:_write:285 - 1400 bytes written to disk.
2026-03-12 15:57:04.962 | DEBUG    | baldaquin.buf:open:104 - Ouput file /home/lab1-student/baldaquindata/plasduino/0309_000087/0309_000087_data.txt closed.
2026-03-12 15:57:04.962 | DEBUG    | baldaquin.buf:open:100 - Opening output file /home/lab1-student/baldaquindata/plasduino/0309_000088/0309_000088_data.txt {'mode': 'at', 'encoding': 'utf-8'}...
2026-03-12 15:57:04.963 | DEBUG    | baldaquin.buf:_write:285 - 1400 bytes written to disk.
2026-03-12 15:57:04.963 | DEBUG    | baldaquin.buf:open:104 - Ouput file /home/lab1-student/baldaquindata/plasduino/0309_000088/0309_000088_data.txt closed.
2026-03-12 15:57:04.963 | DEBUG    | baldaquin.buf:open:100 - Opening output file /home/lab1-student/baldaquindata/plasduino/0309_000089/0309_000089_data.txt {'mode': 'at', 'encoding': 'utf-8'}...
2026-03-12 15:57:04.964 | DEBUG    | baldaquin.buf:_write:285 - 1400 bytes written to disk.
2026-03-12 15:57:04.964 | DEBUG    | baldaquin.buf:open:104 - Ouput file /home/lab1-student/baldaquindata/plasduino/0309_000089/0309_000089_data.txt closed.
2026-03-12 15:57:04.964 | DEBUG    | baldaquin.buf:open:100 - Opening output file /home/lab1-student/baldaquindata/plasduino/0309_000090/0309_000090_data.txt {'mode': 'at', 'encoding': 'utf-8'}...
2026-03-12 15:57:04.965 | DEBUG    | baldaquin.buf:_write:285 - 1400 bytes written to disk.
2026-03-12 15:57:04.965 | DEBUG    | baldaquin.buf:open:104 - Ouput file /home/lab1-student/baldaquindata/plasduino/0309_000090/0309_000090_data.txt closed.
2026-03-12 15:57:04.973 | DEBUG    | baldaquin.buf:open:100 - Opening output file /home/lab1-student/baldaquindata/plasduino/0309_000091/0309_000091_data.txt {'mode': 'at', 'encoding': 'utf-8'}...
2026-03-12 15:57:04.986 | DEBUG    | baldaquin.buf:_write:285 - 1400 bytes written to disk.
2026-03-12 15:57:04.986 | DEBUG    | baldaquin.buf:open:104 - Ouput file /home/lab1-student/baldaquindata/plasduino/0309_000091/0309_000091_data.txt closed.
2026-03-12 15:57:04.988 | DEBUG    | baldaquin.buf:open:100 - Opening output file /home/lab1-student/baldaquindata/plasduino/0309_000092/0309_000092_data.txt {'mode': 'at', 'encoding': 'utf-8'}...
2026-03-12 15:57:04.997 | DEBUG    | baldaquin.buf:_write:285 - 1400 bytes written to disk.
2026-03-12 15:57:04.997 | DEBUG    | baldaquin.buf:open:104 - Ouput file /home/lab1-student/baldaquindata/plasduino/0309_000092/0309_000092_data.txt closed.
2026-03-12 15:57:04.997 | DEBUG    | baldaquin.buf:open:100 - Opening output file /home/lab1-student/baldaquindata/plasduino/0309_000093/0309_000093_data.txt {'mode': 'at', 'encoding': 'utf-8'}...
2026-03-12 15:57:04.998 | DEBUG    | baldaquin.buf:_write:285 - 1400 bytes written to disk.
2026-03-12 15:57:04.998 | DEBUG    | baldaquin.buf:open:104 - Ouput file /home/lab1-student/baldaquindata/plasduino/0309_000093/0309_000093_data.txt closed.
2026-03-12 15:57:04.998 | DEBUG    | baldaquin.buf:open:100 - Opening output file /home/lab1-student/baldaquindata/plasduino/0309_000094/0309_000094_data.txt {'mode': 'at', 'encoding': 'utf-8'}...
2026-03-12 15:57:04.999 | DEBUG    | baldaquin.buf:_write:285 - 1400 bytes written to disk.
2026-03-12 15:57:04.999 | DEBUG    | baldaquin.buf:open:104 - Ouput file /home/lab1-student/baldaquindata/plasduino/0309_000094/0309_000094_data.txt closed.
2026-03-12 15:57:04.999 | DEBUG    | baldaquin.buf:open:100 - Opening output file /home/lab1-student/baldaquindata/plasduino/0309_000095/0309_000095_data.txt {'mode': 'at', 'encoding': 'utf-8'}...
2026-03-12 15:57:05.009 | DEBUG    | baldaquin.buf:_write:285 - 1400 bytes written to disk.
2026-03-12 15:57:05.014 | DEBUG    | baldaquin.buf:open:104 - Ouput file /home/lab1-student/baldaquindata/plasduino/0309_000095/0309_000095_data.txt closed.
2026-03-12 15:57:05.015 | DEBUG    | baldaquin.buf:open:100 - Opening output file /home/lab1-student/baldaquindata/plasduino/0309_000096/0309_000096_data.txt {'mode': 'at', 'encoding': 'utf-8'}...
2026-03-12 15:57:05.015 | DEBUG    | baldaquin.buf:_write:285 - 1400 bytes written to disk.
2026-03-12 15:57:05.015 | DEBUG    | baldaquin.buf:open:104 - Ouput file /home/lab1-student/baldaquindata/plasduino/0309_000096/0309_000096_data.txt closed.
2026-03-12 15:57:05.016 | DEBUG    | baldaquin.buf:open:100 - Opening output file /home/lab1-student/baldaquindata/plasduino/0309_000097/0309_000097_data.txt {'mode': 'at', 'encoding': 'utf-8'}...
2026-03-12 15:57:05.016 | DEBUG    | baldaquin.buf:_write:285 - 1400 bytes written to disk.
2026-03-12 15:57:05.016 | DEBUG    | baldaquin.buf:open:104 - Ouput file /home/lab1-student/baldaquindata/plasduino/0309_000097/0309_000097_data.txt closed.
2026-03-12 15:57:05.016 | DEBUG    | baldaquin.buf:open:100 - Opening output file /home/lab1-student/baldaquindata/plasduino/0309_000098/0309_000098_data.txt {'mode': 'at', 'encoding': 'utf-8'}...
2026-03-12 15:57:05.017 | DEBUG    | baldaquin.buf:_write:285 - 1400 bytes written to disk.
2026-03-12 15:57:05.017 | DEBUG    | baldaquin.buf:open:104 - Ouput file /home/lab1-student/baldaquindata/plasduino/0309_000098/0309_000098_data.txt closed.
2026-03-12 15:57:05.017 | DEBUG    | baldaquin.buf:open:100 - Opening output file /home/lab1-student/baldaquindata/plasduino/0309_000098/0309_000098_data.dat {'mode': 'ab'}...
2026-03-12 15:57:05.017 | DEBUG    | baldaquin.buf:_pop_and_write_raw:259 - 800 bytes written to disk.
2026-03-12 15:57:05.017 | DEBUG    | baldaquin.buf:open:104 - Ouput file /home/lab1-student/baldaquindata/plasduino/0309_000098/0309_000098_data.dat closed.
2026-03-12 15:57:05.017 | INFO     | baldaquin.buf:flush:318 - 19000 bytes (800 raw bytes) written to disk.
2026-03-12 15:57:05.017 | DEBUG    | baldaquin.profile:wrap:32 - Running time for flush(): 0.056825 s
2026-03-12 15:57:07.499 | INFO     | baldaquin.buf:flush:309 - 100 packets ready to be written out...
2026-03-12 15:57:07.500 | DEBUG    | baldaquin.buf:open:100 - Opening output file /home/lab1-student/baldaquindata/plasduino/0309_000086/0309_000086_data.txt {'mode': 'at', 'encoding': 'utf-8'}...
2026-03-12 15:57:07.500 | DEBUG    | baldaquin.buf:_write:285 - 1400 bytes written to disk.
2026-03-12 15:57:07.503 | DEBUG    | baldaquin.buf:open:104 - Ouput file /home/lab1-student/baldaquindata/plasduino/0309_000086/0309_000086_data.txt closed.
2026-03-12 15:57:07.503 | DEBUG    | baldaquin.buf:open:100 - Opening output file /home/lab1-student/baldaquindata/plasduino/0309_000087/0309_000087_data.txt {'mode': 'at', 'encoding': 'utf-8'}...
2026-03-12 15:57:07.504 | DEBUG    | baldaquin.buf:_write:285 - 1400 bytes written to disk.
2026-03-12 15:57:07.504 | DEBUG    | baldaquin.buf:open:104 - Ouput file /home/lab1-student/baldaquindata/plasduino/0309_000087/0309_000087_data.txt closed.
2026-03-12 15:57:07.505 | DEBUG    | baldaquin.buf:open:100 - Opening output file /home/lab1-student/baldaquindata/plasduino/0309_000088/0309_000088_data.txt {'mode': 'at', 'encoding': 'utf-8'}...
2026-03-12 15:57:07.505 | DEBUG    | baldaquin.buf:_write:285 - 1400 bytes written to disk.
2026-03-12 15:57:07.505 | DEBUG    | baldaquin.buf:open:104 - Ouput file /home/lab1-student/baldaquindata/plasduino/0309_000088/0309_000088_data.txt closed.
2026-03-12 15:57:07.505 | DEBUG    | baldaquin.buf:open:100 - Opening output file /home/lab1-student/baldaquindata/plasduino/0309_000089/0309_000089_data.txt {'mode': 'at', 'encoding': 'utf-8'}...
2026-03-12 15:57:07.506 | DEBUG    | baldaquin.buf:_write:285 - 1400 bytes written to disk.
2026-03-12 15:57:07.506 | DEBUG    | baldaquin.buf:open:104 - Ouput file /home/lab1-student/baldaquindata/plasduino/0309_000089/0309_000089_data.txt closed.
2026-03-12 15:57:07.506 | DEBUG    | baldaquin.buf:open:100 - Opening output file /home/lab1-student/baldaquindata/plasduino/0309_000090/0309_000090_data.txt {'mode': 'at', 'encoding': 'utf-8'}...
2026-03-12 15:57:07.507 | DEBUG    | baldaquin.buf:_write:285 - 1400 bytes written to disk.
2026-03-12 15:57:07.507 | DEBUG    | baldaquin.buf:open:104 - Ouput file /home/lab1-student/baldaquindata/plasduino/0309_000090/0309_000090_data.txt closed.
2026-03-12 15:57:07.507 | DEBUG    | baldaquin.buf:open:100 - Opening output file /home/lab1-student/baldaquindata/plasduino/0309_000091/0309_000091_data.txt {'mode': 'at', 'encoding': 'utf-8'}...
2026-03-12 15:57:07.507 | DEBUG    | baldaquin.buf:_write:285 - 1400 bytes written to disk.
2026-03-12 15:57:07.508 | DEBUG    | baldaquin.buf:open:104 - Ouput file /home/lab1-student/baldaquindata/plasduino/0309_000091/0309_000091_data.txt closed.
2026-03-12 15:57:07.508 | DEBUG    | baldaquin.buf:open:100 - Opening output file /home/lab1-student/baldaquindata/plasduino/0309_000092/0309_000092_data.txt {'mode': 'at', 'encoding': 'utf-8'}...
2026-03-12 15:57:07.508 | DEBUG    | baldaquin.buf:_write:285 - 1400 bytes written to disk.
2026-03-12 15:57:07.508 | DEBUG    | baldaquin.buf:open:104 - Ouput file /home/lab1-student/baldaquindata/plasduino/0309_000092/0309_000092_data.txt closed.
2026-03-12 15:57:07.508 | DEBUG    | baldaquin.buf:open:100 - Opening output file /home/lab1-student/baldaquindata/plasduino/0309_000093/0309_000093_data.txt {'mode': 'at', 'encoding': 'utf-8'}...
2026-03-12 15:57:07.509 | DEBUG    | baldaquin.buf:_write:285 - 1400 bytes written to disk.
2026-03-12 15:57:07.509 | DEBUG    | baldaquin.buf:open:104 - Ouput file /home/lab1-student/baldaquindata/plasduino/0309_000093/0309_000093_data.txt closed.
2026-03-12 15:57:07.509 | DEBUG    | baldaquin.buf:open:100 - Opening output file /home/lab1-student/baldaquindata/plasduino/0309_000094/0309_000094_data.txt {'mode': 'at', 'encoding': 'utf-8'}...
2026-03-12 15:57:07.510 | DEBUG    | baldaquin.buf:_write:285 - 1400 bytes written to disk.
2026-03-12 15:57:07.510 | DEBUG    | baldaquin.buf:open:104 - Ouput file /home/lab1-student/baldaquindata/plasduino/0309_000094/0309_000094_data.txt closed.
2026-03-12 15:57:07.510 | DEBUG    | baldaquin.buf:open:100 - Opening output file /home/lab1-student/baldaquindata/plasduino/0309_000095/0309_000095_data.txt {'mode': 'at', 'encoding': 'utf-8'}...
2026-03-12 15:57:07.511 | DEBUG    | baldaquin.buf:_write:285 - 1400 bytes written to disk.
2026-03-12 15:57:07.511 | DEBUG    | baldaquin.buf:open:104 - Ouput file /home/lab1-student/baldaquindata/plasduino/0309_000095/0309_000095_data.txt closed.
2026-03-12 15:57:07.511 | DEBUG    | baldaquin.buf:open:100 - Opening output file /home/lab1-student/baldaquindata/plasduino/0309_000096/0309_000096_data.txt {'mode': 'at', 'encoding': 'utf-8'}...
2026-03-12 15:57:07.511 | DEBUG    | baldaquin.buf:_write:285 - 1400 bytes written to disk.
2026-03-12 15:57:07.511 | DEBUG    | baldaquin.buf:open:104 - Ouput file /home/lab1-student/baldaquindata/plasduino/0309_000096/0309_000096_data.txt closed.
2026-03-12 15:57:07.512 | DEBUG    | baldaquin.buf:open:100 - Opening output file /home/lab1-student/baldaquindata/plasduino/0309_000097/0309_000097_data.txt {'mode': 'at', 'encoding': 'utf-8'}...
2026-03-12 15:57:07.512 | DEBUG    | baldaquin.buf:_write:285 - 1400 bytes written to disk.
2026-03-12 15:57:07.512 | DEBUG    | baldaquin.buf:open:104 - Ouput file /home/lab1-student/baldaquindata/plasduino/0309_000097/0309_000097_data.txt closed.
2026-03-12 15:57:07.512 | DEBUG    | baldaquin.buf:open:100 - Opening output file /home/lab1-student/baldaquindata/plasduino/0309_000098/0309_000098_data.txt {'mode': 'at', 'encoding': 'utf-8'}...
2026-03-12 15:57:07.513 | DEBUG    | baldaquin.buf:_write:285 - 1400 bytes written to disk.
2026-03-12 15:57:07.513 | DEBUG    | baldaquin.buf:open:104 - Ouput file /home/lab1-student/baldaquindata/plasduino/0309_000098/0309_000098_data.txt closed.
2026-03-12 15:57:07.513 | DEBUG    | baldaquin.buf:open:100 - Opening output file /home/lab1-student/baldaquindata/plasduino/0309_000098/0309_000098_data.dat {'mode': 'ab'}...
2026-03-12 15:57:07.513 | DEBUG    | baldaquin.buf:_pop_and_write_raw:259 - 800 bytes written to disk.
2026-03-12 15:57:07.513 | DEBUG    | baldaquin.buf:open:104 - Ouput file /home/lab1-student/baldaquindata/plasduino/0309_000098/0309_000098_data.dat closed.
2026-03-12 15:57:07.514 | INFO     | baldaquin.buf:flush:318 - 19000 bytes (800 raw bytes) written to disk.
2026-03-12 15:57:07.514 | DEBUG    | baldaquin.profile:wrap:32 - Running time for flush(): 0.014312 s
2026-03-12 15:57:10.047 | INFO     | baldaquin.buf:flush:309 - 100 packets ready to be written out...
2026-03-12 15:57:10.056 | DEBUG    | baldaquin.buf:open:100 - Opening output file /home/lab1-student/baldaquindata/plasduino/0309_000086/0309_000086_data.txt {'mode': 'at', 'encoding': 'utf-8'}...
2026-03-12 15:57:10.057 | DEBUG    | baldaquin.buf:_write:285 - 1407 bytes written to disk.
2026-03-12 15:57:10.059 | DEBUG    | baldaquin.buf:open:104 - Ouput file /home/lab1-student/baldaquindata/plasduino/0309_000086/0309_000086_data.txt closed.
2026-03-12 15:57:10.062 | DEBUG    | baldaquin.buf:open:100 - Opening output file /home/lab1-student/baldaquindata/plasduino/0309_000087/0309_000087_data.txt {'mode': 'at', 'encoding': 'utf-8'}...
2026-03-12 15:57:10.067 | DEBUG    | baldaquin.buf:_write:285 - 1407 bytes written to disk.
2026-03-12 15:57:10.067 | DEBUG    | baldaquin.buf:open:104 - Ouput file /home/lab1-student/baldaquindata/plasduino/0309_000087/0309_000087_data.txt closed.
2026-03-12 15:57:10.067 | DEBUG    | baldaquin.buf:open:100 - Opening output file /home/lab1-student/baldaquindata/plasduino/0309_000088/0309_000088_data.txt {'mode': 'at', 'encoding': 'utf-8'}...
2026-03-12 15:57:10.068 | DEBUG    | baldaquin.buf:_write:285 - 1407 bytes written to disk.
2026-03-12 15:57:10.068 | DEBUG    | baldaquin.buf:open:104 - Ouput file /home/lab1-student/baldaquindata/plasduino/0309_000088/0309_000088_data.txt closed.
2026-03-12 15:57:10.079 | DEBUG    | baldaquin.buf:open:100 - Opening output file /home/lab1-student/baldaquindata/plasduino/0309_000089/0309_000089_data.txt {'mode': 'at', 'encoding': 'utf-8'}...
2026-03-12 15:57:10.084 | DEBUG    | baldaquin.buf:_write:285 - 1407 bytes written to disk.
2026-03-12 15:57:10.085 | DEBUG    | baldaquin.buf:open:104 - Ouput file /home/lab1-student/baldaquindata/plasduino/0309_000089/0309_000089_data.txt closed.
2026-03-12 15:57:10.085 | DEBUG    | baldaquin.buf:open:100 - Opening output file /home/lab1-student/baldaquindata/plasduino/0309_000090/0309_000090_data.txt {'mode': 'at', 'encoding': 'utf-8'}...
2026-03-12 15:57:10.089 | DEBUG    | baldaquin.buf:_write:285 - 1407 bytes written to disk.
2026-03-12 15:57:10.102 | DEBUG    | baldaquin.buf:open:104 - Ouput file /home/lab1-student/baldaquindata/plasduino/0309_000090/0309_000090_data.txt closed.
2026-03-12 15:57:10.102 | DEBUG    | baldaquin.buf:open:100 - Opening output file /home/lab1-student/baldaquindata/plasduino/0309_000091/0309_000091_data.txt {'mode': 'at', 'encoding': 'utf-8'}...
2026-03-12 15:57:10.110 | DEBUG    | baldaquin.buf:_write:285 - 1407 bytes written to disk.
2026-03-12 15:57:10.110 | DEBUG    | baldaquin.buf:open:104 - Ouput file /home/lab1-student/baldaquindata/plasduino/0309_000091/0309_000091_data.txt closed.
2026-03-12 15:57:10.111 | DEBUG    | baldaquin.buf:open:100 - Opening output file /home/lab1-student/baldaquindata/plasduino/0309_000092/0309_000092_data.txt {'mode': 'at', 'encoding': 'utf-8'}...
2026-03-12 15:57:10.111 | DEBUG    | baldaquin.buf:_write:285 - 1407 bytes written to disk.
2026-03-12 15:57:10.111 | DEBUG    | baldaquin.buf:open:104 - Ouput file /home/lab1-student/baldaquindata/plasduino/0309_000092/0309_000092_data.txt closed.
2026-03-12 15:57:10.111 | DEBUG    | baldaquin.buf:open:100 - Opening output file /home/lab1-student/baldaquindata/plasduino/0309_000093/0309_000093_data.txt {'mode': 'at', 'encoding': 'utf-8'}...
2026-03-12 15:57:10.112 | DEBUG    | baldaquin.buf:_write:285 - 1407 bytes written to disk.
2026-03-12 15:57:10.112 | DEBUG    | baldaquin.buf:open:104 - Ouput file /home/lab1-student/baldaquindata/plasduino/0309_000093/0309_000093_data.txt closed.
2026-03-12 15:57:10.112 | DEBUG    | baldaquin.buf:open:100 - Opening output file /home/lab1-student/baldaquindata/plasduino/0309_000094/0309_000094_data.txt {'mode': 'at', 'encoding': 'utf-8'}...
2026-03-12 15:57:10.113 | DEBUG    | baldaquin.buf:_write:285 - 1407 bytes written to disk.
2026-03-12 15:57:10.113 | DEBUG    | baldaquin.buf:open:104 - Ouput file /home/lab1-student/baldaquindata/plasduino/0309_000094/0309_000094_data.txt closed.
2026-03-12 15:57:10.113 | DEBUG    | baldaquin.buf:open:100 - Opening output file /home/lab1-student/baldaquindata/plasduino/0309_000095/0309_000095_data.txt {'mode': 'at', 'encoding': 'utf-8'}...
2026-03-12 15:57:10.113 | DEBUG    | baldaquin.buf:_write:285 - 1407 bytes written to disk.
2026-03-12 15:57:10.113 | DEBUG    | baldaquin.buf:open:104 - Ouput file /home/lab1-student/baldaquindata/plasduino/0309_000095/0309_000095_data.txt closed.
2026-03-12 15:57:10.114 | DEBUG    | baldaquin.buf:open:100 - Opening output file /home/lab1-student/baldaquindata/plasduino/0309_000096/0309_000096_data.txt {'mode': 'at', 'encoding': 'utf-8'}...
2026-03-12 15:57:10.114 | DEBUG    | baldaquin.buf:_write:285 - 1407 bytes written to disk.
2026-03-12 15:57:10.115 | DEBUG    | baldaquin.buf:open:104 - Ouput file /home/lab1-student/baldaquindata/plasduino/0309_000096/0309_000096_data.txt closed.
2026-03-12 15:57:10.115 | DEBUG    | baldaquin.buf:open:100 - Opening output file /home/lab1-student/baldaquindata/plasduino/0309_000097/0309_000097_data.txt {'mode': 'at', 'encoding': 'utf-8'}...
2026-03-12 15:57:10.115 | DEBUG    | baldaquin.buf:_write:285 - 1407 bytes written to disk.
2026-03-12 15:57:10.115 | DEBUG    | baldaquin.buf:open:104 - Ouput file /home/lab1-student/baldaquindata/plasduino/0309_000097/0309_000097_data.txt closed.
2026-03-12 15:57:10.115 | DEBUG    | baldaquin.buf:open:100 - Opening output file /home/lab1-student/baldaquindata/plasduino/0309_000098/0309_000098_data.txt {'mode': 'at', 'encoding': 'utf-8'}...
2026-03-12 15:57:10.116 | DEBUG    | baldaquin.buf:_write:285 - 1407 bytes written to disk.
2026-03-12 15:57:10.116 | DEBUG    | baldaquin.buf:open:104 - Ouput file /home/lab1-student/baldaquindata/plasduino/0309_000098/0309_000098_data.txt closed.
2026-03-12 15:57:10.116 | DEBUG    | baldaquin.buf:open:100 - Opening output file /home/lab1-student/baldaquindata/plasduino/0309_000098/0309_000098_data.dat {'mode': 'ab'}...
2026-03-12 15:57:10.116 | DEBUG    | baldaquin.buf:_pop_and_write_raw:259 - 800 bytes written to disk.
2026-03-12 15:57:10.116 | DEBUG    | baldaquin.buf:open:104 - Ouput file /home/lab1-student/baldaquindata/plasduino/0309_000098/0309_000098_data.dat closed.
2026-03-12 15:57:10.116 | INFO     | baldaquin.buf:flush:318 - 19091 bytes (800 raw bytes) written to disk.
2026-03-12 15:57:10.116 | DEBUG    | baldaquin.profile:wrap:32 - Running time for flush(): 0.069382 s
2026-03-12 15:57:12.573 | INFO     | baldaquin.buf:flush:309 - 100 packets ready to be written out...
2026-03-12 15:57:12.576 | DEBUG    | baldaquin.buf:open:100 - Opening output file /home/lab1-student/baldaquindata/plasduino/0309_000086/0309_000086_data.txt {'mode': 'at', 'encoding': 'utf-8'}...
2026-03-12 15:57:12.583 | DEBUG    | baldaquin.buf:_write:285 - 1500 bytes written to disk.
2026-03-12 15:57:12.585 | DEBUG    | baldaquin.buf:open:104 - Ouput file /home/lab1-student/baldaquindata/plasduino/0309_000086/0309_000086_data.txt closed.
2026-03-12 15:57:12.586 | DEBUG    | baldaquin.buf:open:100 - Opening output file /home/lab1-student/baldaquindata/plasduino/0309_000087/0309_000087_data.txt {'mode': 'at', 'encoding': 'utf-8'}...
2026-03-12 15:57:12.587 | DEBUG    | baldaquin.buf:_write:285 - 1500 bytes written to disk.
2026-03-12 15:57:12.592 | DEBUG    | baldaquin.buf:open:104 - Ouput file /home/lab1-student/baldaquindata/plasduino/0309_000087/0309_000087_data.txt closed.
2026-03-12 15:57:12.592 | DEBUG    | baldaquin.buf:open:100 - Opening output file /home/lab1-student/baldaquindata/plasduino/0309_000088/0309_000088_data.txt {'mode': 'at', 'encoding': 'utf-8'}...
2026-03-12 15:57:12.593 | DEBUG    | baldaquin.buf:_write:285 - 1500 bytes written to disk.
2026-03-12 15:57:12.593 | DEBUG    | baldaquin.buf:open:104 - Ouput file /home/lab1-student/baldaquindata/plasduino/0309_000088/0309_000088_data.txt closed.
2026-03-12 15:57:12.593 | DEBUG    | baldaquin.buf:open:100 - Opening output file /home/lab1-student/baldaquindata/plasduino/0309_000089/0309_000089_data.txt {'mode': 'at', 'encoding': 'utf-8'}...
2026-03-12 15:57:12.594 | DEBUG    | baldaquin.buf:_write:285 - 1500 bytes written to disk.
2026-03-12 15:57:12.594 | DEBUG    | baldaquin.buf:open:104 - Ouput file /home/lab1-student/baldaquindata/plasduino/0309_000089/0309_000089_data.txt closed.
2026-03-12 15:57:12.594 | DEBUG    | baldaquin.buf:open:100 - Opening output file /home/lab1-student/baldaquindata/plasduino/0309_000090/0309_000090_data.txt {'mode': 'at', 'encoding': 'utf-8'}...
2026-03-12 15:57:12.609 | DEBUG    | baldaquin.buf:_write:285 - 1500 bytes written to disk.
2026-03-12 15:57:12.611 | DEBUG    | baldaquin.buf:open:104 - Ouput file /home/lab1-student/baldaquindata/plasduino/0309_000090/0309_000090_data.txt closed.
2026-03-12 15:57:12.612 | DEBUG    | baldaquin.buf:open:100 - Opening output file /home/lab1-student/baldaquindata/plasduino/0309_000091/0309_000091_data.txt {'mode': 'at', 'encoding': 'utf-8'}...
2026-03-12 15:57:12.614 | DEBUG    | baldaquin.buf:_write:285 - 1500 bytes written to disk.
2026-03-12 15:57:12.614 | DEBUG    | baldaquin.buf:open:104 - Ouput file /home/lab1-student/baldaquindata/plasduino/0309_000091/0309_000091_data.txt closed.
2026-03-12 15:57:12.614 | DEBUG    | baldaquin.buf:open:100 - Opening output file /home/lab1-student/baldaquindata/plasduino/0309_000092/0309_000092_data.txt {'mode': 'at', 'encoding': 'utf-8'}...
2026-03-12 15:57:12.614 | DEBUG    | baldaquin.buf:_write:285 - 1500 bytes written to disk.
2026-03-12 15:57:12.615 | DEBUG    | baldaquin.buf:open:104 - Ouput file /home/lab1-student/baldaquindata/plasduino/0309_000092/0309_000092_data.txt closed.
2026-03-12 15:57:12.615 | DEBUG    | baldaquin.buf:open:100 - Opening output file /home/lab1-student/baldaquindata/plasduino/0309_000093/0309_000093_data.txt {'mode': 'at', 'encoding': 'utf-8'}...
2026-03-12 15:57:12.615 | DEBUG    | baldaquin.buf:_write:285 - 1500 bytes written to disk.
2026-03-12 15:57:12.615 | DEBUG    | baldaquin.buf:open:104 - Ouput file /home/lab1-student/baldaquindata/plasduino/0309_000093/0309_000093_data.txt closed.
2026-03-12 15:57:12.615 | DEBUG    | baldaquin.buf:open:100 - Opening output file /home/lab1-student/baldaquindata/plasduino/0309_000094/0309_000094_data.txt {'mode': 'at', 'encoding': 'utf-8'}...
2026-03-12 15:57:12.616 | DEBUG    | baldaquin.buf:_write:285 - 1500 bytes written to disk.
2026-03-12 15:57:12.616 | DEBUG    | baldaquin.buf:open:104 - Ouput file /home/lab1-student/baldaquindata/plasduino/0309_000094/0309_000094_data.txt closed.
2026-03-12 15:57:12.616 | DEBUG    | baldaquin.buf:open:100 - Opening output file /home/lab1-student/baldaquindata/plasduino/0309_000095/0309_000095_data.txt {'mode': 'at', 'encoding': 'utf-8'}...
2026-03-12 15:57:12.616 | DEBUG    | baldaquin.buf:_write:285 - 1500 bytes written to disk.
2026-03-12 15:57:12.617 | DEBUG    | baldaquin.buf:open:104 - Ouput file /home/lab1-student/baldaquindata/plasduino/0309_000095/0309_000095_data.txt closed.
2026-03-12 15:57:12.617 | DEBUG    | baldaquin.buf:open:100 - Opening output file /home/lab1-student/baldaquindata/plasduino/0309_000096/0309_000096_data.txt {'mode': 'at', 'encoding': 'utf-8'}...
2026-03-12 15:57:12.617 | DEBUG    | baldaquin.buf:_write:285 - 1500 bytes written to disk.
2026-03-12 15:57:12.617 | DEBUG    | baldaquin.buf:open:104 - Ouput file /home/lab1-student/baldaquindata/plasduino/0309_000096/0309_000096_data.txt closed.
2026-03-12 15:57:12.617 | DEBUG    | baldaquin.buf:open:100 - Opening output file /home/lab1-student/baldaquindata/plasduino/0309_000097/0309_000097_data.txt {'mode': 'at', 'encoding': 'utf-8'}...
2026-03-12 15:57:12.618 | DEBUG    | baldaquin.buf:_write:285 - 1500 bytes written to disk.
2026-03-12 15:57:12.618 | DEBUG    | baldaquin.buf:open:104 - Ouput file /home/lab1-student/baldaquindata/plasduino/0309_000097/0309_000097_data.txt closed.
2026-03-12 15:57:12.618 | DEBUG    | baldaquin.buf:open:100 - Opening output file /home/lab1-student/baldaquindata/plasduino/0309_000098/0309_000098_data.txt {'mode': 'at', 'encoding': 'utf-8'}...
2026-03-12 15:57:12.618 | DEBUG    | baldaquin.buf:_write:285 - 1500 bytes written to disk.
2026-03-12 15:57:12.619 | DEBUG    | baldaquin.buf:open:104 - Ouput file /home/lab1-student/baldaquindata/plasduino/0309_000098/0309_000098_data.txt closed.
2026-03-12 15:57:12.619 | DEBUG    | baldaquin.buf:open:100 - Opening output file /home/lab1-student/baldaquindata/plasduino/0309_000098/0309_000098_data.dat {'mode': 'ab'}...
2026-03-12 15:57:12.619 | DEBUG    | baldaquin.buf:_pop_and_write_raw:259 - 800 bytes written to disk.
2026-03-12 15:57:12.619 | DEBUG    | baldaquin.buf:open:104 - Ouput file /home/lab1-student/baldaquindata/plasduino/0309_000098/0309_000098_data.dat closed.
2026-03-12 15:57:12.619 | INFO     | baldaquin.buf:flush:318 - 20300 bytes (800 raw bytes) written to disk.
2026-03-12 15:57:12.619 | DEBUG    | baldaquin.profile:wrap:32 - Running time for flush(): 0.046029 s
2026-03-12 15:57:15.104 | INFO     | baldaquin.buf:flush:309 - 100 packets ready to be written out...
2026-03-12 15:57:15.104 | DEBUG    | baldaquin.buf:open:100 - Opening output file /home/lab1-student/baldaquindata/plasduino/0309_000086/0309_000086_data.txt {'mode': 'at', 'encoding': 'utf-8'}...
2026-03-12 15:57:15.105 | DEBUG    | baldaquin.buf:_write:285 - 1500 bytes written to disk.
2026-03-12 15:57:15.107 | DEBUG    | baldaquin.buf:open:104 - Ouput file /home/lab1-student/baldaquindata/plasduino/0309_000086/0309_000086_data.txt closed.
2026-03-12 15:57:15.107 | DEBUG    | baldaquin.buf:open:100 - Opening output file /home/lab1-student/baldaquindata/plasduino/0309_000087/0309_000087_data.txt {'mode': 'at', 'encoding': 'utf-8'}...
2026-03-12 15:57:15.108 | DEBUG    | baldaquin.buf:_write:285 - 1500 bytes written to disk.
2026-03-12 15:57:15.108 | DEBUG    | baldaquin.buf:open:104 - Ouput file /home/lab1-student/baldaquindata/plasduino/0309_000087/0309_000087_data.txt closed.
2026-03-12 15:57:15.109 | DEBUG    | baldaquin.buf:open:100 - Opening output file /home/lab1-student/baldaquindata/plasduino/0309_000088/0309_000088_data.txt {'mode': 'at', 'encoding': 'utf-8'}...
2026-03-12 15:57:15.109 | DEBUG    | baldaquin.buf:_write:285 - 1500 bytes written to disk.
2026-03-12 15:57:15.109 | DEBUG    | baldaquin.buf:open:104 - Ouput file /home/lab1-student/baldaquindata/plasduino/0309_000088/0309_000088_data.txt closed.
2026-03-12 15:57:15.109 | DEBUG    | baldaquin.buf:open:100 - Opening output file /home/lab1-student/baldaquindata/plasduino/0309_000089/0309_000089_data.txt {'mode': 'at', 'encoding': 'utf-8'}...
2026-03-12 15:57:15.110 | DEBUG    | baldaquin.buf:_write:285 - 1500 bytes written to disk.
2026-03-12 15:57:15.110 | DEBUG    | baldaquin.buf:open:104 - Ouput file /home/lab1-student/baldaquindata/plasduino/0309_000089/0309_000089_data.txt closed.
2026-03-12 15:57:15.110 | DEBUG    | baldaquin.buf:open:100 - Opening output file /home/lab1-student/baldaquindata/plasduino/0309_000090/0309_000090_data.txt {'mode': 'at', 'encoding': 'utf-8'}...
2026-03-12 15:57:15.111 | DEBUG    | baldaquin.buf:_write:285 - 1500 bytes written to disk.
2026-03-12 15:57:15.111 | DEBUG    | baldaquin.buf:open:104 - Ouput file /home/lab1-student/baldaquindata/plasduino/0309_000090/0309_000090_data.txt closed.
2026-03-12 15:57:15.111 | DEBUG    | baldaquin.buf:open:100 - Opening output file /home/lab1-student/baldaquindata/plasduino/0309_000091/0309_000091_data.txt {'mode': 'at', 'encoding': 'utf-8'}...
2026-03-12 15:57:15.111 | DEBUG    | baldaquin.buf:_write:285 - 1500 bytes written to disk.
2026-03-12 15:57:15.111 | DEBUG    | baldaquin.buf:open:104 - Ouput file /home/lab1-student/baldaquindata/plasduino/0309_000091/0309_000091_data.txt closed.
2026-03-12 15:57:15.111 | DEBUG    | baldaquin.buf:open:100 - Opening output file /home/lab1-student/baldaquindata/plasduino/0309_000092/0309_000092_data.txt {'mode': 'at', 'encoding': 'utf-8'}...
2026-03-12 15:57:15.112 | DEBUG    | baldaquin.buf:_write:285 - 1500 bytes written to disk.
2026-03-12 15:57:15.112 | DEBUG    | baldaquin.buf:open:104 - Ouput file /home/lab1-student/baldaquindata/plasduino/0309_000092/0309_000092_data.txt closed.
2026-03-12 15:57:15.112 | DEBUG    | baldaquin.buf:open:100 - Opening output file /home/lab1-student/baldaquindata/plasduino/0309_000093/0309_000093_data.txt {'mode': 'at', 'encoding': 'utf-8'}...
2026-03-12 15:57:15.113 | DEBUG    | baldaquin.buf:_write:285 - 1500 bytes written to disk.
2026-03-12 15:57:15.113 | DEBUG    | baldaquin.buf:open:104 - Ouput file /home/lab1-student/baldaquindata/plasduino/0309_000093/0309_000093_data.txt closed.
2026-03-12 15:57:15.113 | DEBUG    | baldaquin.buf:open:100 - Opening output file /home/lab1-student/baldaquindata/plasduino/0309_000094/0309_000094_data.txt {'mode': 'at', 'encoding': 'utf-8'}...
2026-03-12 15:57:15.113 | DEBUG    | baldaquin.buf:_write:285 - 1500 bytes written to disk.
2026-03-12 15:57:15.113 | DEBUG    | baldaquin.buf:open:104 - Ouput file /home/lab1-student/baldaquindata/plasduino/0309_000094/0309_000094_data.txt closed.
2026-03-12 15:57:15.113 | DEBUG    | baldaquin.buf:open:100 - Opening output file /home/lab1-student/baldaquindata/plasduino/0309_000095/0309_000095_data.txt {'mode': 'at', 'encoding': 'utf-8'}...
2026-03-12 15:57:15.114 | DEBUG    | baldaquin.buf:_write:285 - 1500 bytes written to disk.
2026-03-12 15:57:15.114 | DEBUG    | baldaquin.buf:open:104 - Ouput file /home/lab1-student/baldaquindata/plasduino/0309_000095/0309_000095_data.txt closed.
2026-03-12 15:57:15.114 | DEBUG    | baldaquin.buf:open:100 - Opening output file /home/lab1-student/baldaquindata/plasduino/0309_000096/0309_000096_data.txt {'mode': 'at', 'encoding': 'utf-8'}...
2026-03-12 15:57:15.115 | DEBUG    | baldaquin.buf:_write:285 - 1500 bytes written to disk.
2026-03-12 15:57:15.115 | DEBUG    | baldaquin.buf:open:104 - Ouput file /home/lab1-student/baldaquindata/plasduino/0309_000096/0309_000096_data.txt closed.
2026-03-12 15:57:15.115 | DEBUG    | baldaquin.buf:open:100 - Opening output file /home/lab1-student/baldaquindata/plasduino/0309_000097/0309_000097_data.txt {'mode': 'at', 'encoding': 'utf-8'}...
2026-03-12 15:57:15.115 | DEBUG    | baldaquin.buf:_write:285 - 1500 bytes written to disk.
2026-03-12 15:57:15.115 | DEBUG    | baldaquin.buf:open:104 - Ouput file /home/lab1-student/baldaquindata/plasduino/0309_000097/0309_000097_data.txt closed.
2026-03-12 15:57:15.115 | DEBUG    | baldaquin.buf:open:100 - Opening output file /home/lab1-student/baldaquindata/plasduino/0309_000098/0309_000098_data.txt {'mode': 'at', 'encoding': 'utf-8'}...
2026-03-12 15:57:15.116 | DEBUG    | baldaquin.buf:_write:285 - 1500 bytes written to disk.
2026-03-12 15:57:15.116 | DEBUG    | baldaquin.buf:open:104 - Ouput file /home/lab1-student/baldaquindata/plasduino/0309_000098/0309_000098_data.txt closed.
2026-03-12 15:57:15.116 | DEBUG    | baldaquin.buf:open:100 - Opening output file /home/lab1-student/baldaquindata/plasduino/0309_000098/0309_000098_data.dat {'mode': 'ab'}...
2026-03-12 15:57:15.116 | DEBUG    | baldaquin.buf:_pop_and_write_raw:259 - 800 bytes written to disk.
2026-03-12 15:57:15.116 | DEBUG    | baldaquin.buf:open:104 - Ouput file /home/lab1-student/baldaquindata/plasduino/0309_000098/0309_000098_data.dat closed.
2026-03-12 15:57:15.116 | INFO     | baldaquin.buf:flush:318 - 20300 bytes (800 raw bytes) written to disk.
2026-03-12 15:57:15.117 | DEBUG    | baldaquin.profile:wrap:32 - Running time for flush(): 0.012581 s
2026-03-12 15:57:17.644 | INFO     | baldaquin.buf:flush:309 - 100 packets ready to be written out...
2026-03-12 15:57:17.649 | DEBUG    | baldaquin.buf:open:100 - Opening output file /home/lab1-student/baldaquindata/plasduino/0309_000086/0309_000086_data.txt {'mode': 'at', 'encoding': 'utf-8'}...
2026-03-12 15:57:17.650 | DEBUG    | baldaquin.buf:_write:285 - 1500 bytes written to disk.
2026-03-12 15:57:17.650 | DEBUG    | baldaquin.buf:open:104 - Ouput file /home/lab1-student/baldaquindata/plasduino/0309_000086/0309_000086_data.txt closed.
2026-03-12 15:57:17.650 | DEBUG    | baldaquin.buf:open:100 - Opening output file /home/lab1-student/baldaquindata/plasduino/0309_000087/0309_000087_data.txt {'mode': 'at', 'encoding': 'utf-8'}...
2026-03-12 15:57:17.651 | DEBUG    | baldaquin.buf:_write:285 - 1500 bytes written to disk.
2026-03-12 15:57:17.659 | DEBUG    | baldaquin.buf:open:104 - Ouput file /home/lab1-student/baldaquindata/plasduino/0309_000087/0309_000087_data.txt closed.
2026-03-12 15:57:17.659 | DEBUG    | baldaquin.buf:open:100 - Opening output file /home/lab1-student/baldaquindata/plasduino/0309_000088/0309_000088_data.txt {'mode': 'at', 'encoding': 'utf-8'}...
2026-03-12 15:57:17.662 | DEBUG    | baldaquin.buf:_write:285 - 1500 bytes written to disk.
2026-03-12 15:57:17.665 | DEBUG    | baldaquin.buf:open:104 - Ouput file /home/lab1-student/baldaquindata/plasduino/0309_000088/0309_000088_data.txt closed.
2026-03-12 15:57:17.665 | DEBUG    | baldaquin.buf:open:100 - Opening output file /home/lab1-student/baldaquindata/plasduino/0309_000089/0309_000089_data.txt {'mode': 'at', 'encoding': 'utf-8'}...
2026-03-12 15:57:17.667 | DEBUG    | baldaquin.buf:_write:285 - 1500 bytes written to disk.
2026-03-12 15:57:17.675 | DEBUG    | baldaquin.buf:open:104 - Ouput file /home/lab1-student/baldaquindata/plasduino/0309_000089/0309_000089_data.txt closed.
2026-03-12 15:57:17.675 | DEBUG    | baldaquin.buf:open:100 - Opening output file /home/lab1-student/baldaquindata/plasduino/0309_000090/0309_000090_data.txt {'mode': 'at', 'encoding': 'utf-8'}...
2026-03-12 15:57:17.676 | DEBUG    | baldaquin.buf:_write:285 - 1500 bytes written to disk.
2026-03-12 15:57:17.676 | DEBUG    | baldaquin.buf:open:104 - Ouput file /home/lab1-student/baldaquindata/plasduino/0309_000090/0309_000090_data.txt closed.
2026-03-12 15:57:17.676 | DEBUG    | baldaquin.buf:open:100 - Opening output file /home/lab1-student/baldaquindata/plasduino/0309_000091/0309_000091_data.txt {'mode': 'at', 'encoding': 'utf-8'}...
2026-03-12 15:57:17.688 | DEBUG    | baldaquin.buf:_write:285 - 1500 bytes written to disk.
2026-03-12 15:57:17.694 | DEBUG    | baldaquin.buf:open:104 - Ouput file /home/lab1-student/baldaquindata/plasduino/0309_000091/0309_000091_data.txt closed.
2026-03-12 15:57:17.694 | DEBUG    | baldaquin.buf:open:100 - Opening output file /home/lab1-student/baldaquindata/plasduino/0309_000092/0309_000092_data.txt {'mode': 'at', 'encoding': 'utf-8'}...
2026-03-12 15:57:17.696 | DEBUG    | baldaquin.buf:_write:285 - 1500 bytes written to disk.
2026-03-12 15:57:17.699 | DEBUG    | baldaquin.buf:open:104 - Ouput file /home/lab1-student/baldaquindata/plasduino/0309_000092/0309_000092_data.txt closed.
2026-03-12 15:57:17.699 | DEBUG    | baldaquin.buf:open:100 - Opening output file /home/lab1-student/baldaquindata/plasduino/0309_000093/0309_000093_data.txt {'mode': 'at', 'encoding': 'utf-8'}...
2026-03-12 15:57:17.706 | DEBUG    | baldaquin.buf:_write:285 - 1500 bytes written to disk.
2026-03-12 15:57:17.706 | DEBUG    | baldaquin.buf:open:104 - Ouput file /home/lab1-student/baldaquindata/plasduino/0309_000093/0309_000093_data.txt closed.
2026-03-12 15:57:17.707 | DEBUG    | baldaquin.buf:open:100 - Opening output file /home/lab1-student/baldaquindata/plasduino/0309_000094/0309_000094_data.txt {'mode': 'at', 'encoding': 'utf-8'}...
2026-03-12 15:57:17.715 | DEBUG    | baldaquin.buf:_write:285 - 1500 bytes written to disk.
2026-03-12 15:57:17.722 | DEBUG    | baldaquin.buf:open:104 - Ouput file /home/lab1-student/baldaquindata/plasduino/0309_000094/0309_000094_data.txt closed.
2026-03-12 15:57:17.746 | DEBUG    | baldaquin.buf:open:100 - Opening output file /home/lab1-student/baldaquindata/plasduino/0309_000095/0309_000095_data.txt {'mode': 'at', 'encoding': 'utf-8'}...
2026-03-12 15:57:17.761 | DEBUG    | baldaquin.buf:_write:285 - 1500 bytes written to disk.
2026-03-12 15:57:17.761 | DEBUG    | baldaquin.buf:open:104 - Ouput file /home/lab1-student/baldaquindata/plasduino/0309_000095/0309_000095_data.txt closed.
2026-03-12 15:57:17.761 | DEBUG    | baldaquin.buf:open:100 - Opening output file /home/lab1-student/baldaquindata/plasduino/0309_000096/0309_000096_data.txt {'mode': 'at', 'encoding': 'utf-8'}...
2026-03-12 15:57:17.764 | DEBUG    | baldaquin.buf:_write:285 - 1500 bytes written to disk.
2026-03-12 15:57:17.769 | DEBUG    | baldaquin.buf:open:104 - Ouput file /home/lab1-student/baldaquindata/plasduino/0309_000096/0309_000096_data.txt closed.
2026-03-12 15:57:17.771 | DEBUG    | baldaquin.buf:open:100 - Opening output file /home/lab1-student/baldaquindata/plasduino/0309_000097/0309_000097_data.txt {'mode': 'at', 'encoding': 'utf-8'}...
2026-03-12 15:57:17.779 | DEBUG    | baldaquin.buf:_write:285 - 1500 bytes written to disk.
2026-03-12 15:57:17.779 | DEBUG    | baldaquin.buf:open:104 - Ouput file /home/lab1-student/baldaquindata/plasduino/0309_000097/0309_000097_data.txt closed.
2026-03-12 15:57:17.779 | DEBUG    | baldaquin.buf:open:100 - Opening output file /home/lab1-student/baldaquindata/plasduino/0309_000098/0309_000098_data.txt {'mode': 'at', 'encoding': 'utf-8'}...
2026-03-12 15:57:17.780 | DEBUG    | baldaquin.buf:_write:285 - 1500 bytes written to disk.
2026-03-12 15:57:17.780 | DEBUG    | baldaquin.buf:open:104 - Ouput file /home/lab1-student/baldaquindata/plasduino/0309_000098/0309_000098_data.txt closed.
2026-03-12 15:57:17.780 | DEBUG    | baldaquin.buf:open:100 - Opening output file /home/lab1-student/baldaquindata/plasduino/0309_000098/0309_000098_data.dat {'mode': 'ab'}...
2026-03-12 15:57:17.780 | DEBUG    | baldaquin.buf:_pop_and_write_raw:259 - 800 bytes written to disk.
2026-03-12 15:57:17.795 | DEBUG    | baldaquin.buf:open:104 - Ouput file /home/lab1-student/baldaquindata/plasduino/0309_000098/0309_000098_data.dat closed.
2026-03-12 15:57:17.795 | INFO     | baldaquin.buf:flush:318 - 20300 bytes (800 raw bytes) written to disk.
2026-03-12 15:57:17.797 | DEBUG    | baldaquin.profile:wrap:32 - Running time for flush(): 0.153764 s
2026-03-12 15:57:20.185 | INFO     | baldaquin.buf:flush:309 - 100 packets ready to be written out...
2026-03-12 15:57:20.185 | DEBUG    | baldaquin.buf:open:100 - Opening output file /home/lab1-student/baldaquindata/plasduino/0309_000086/0309_000086_data.txt {'mode': 'at', 'encoding': 'utf-8'}...
2026-03-12 15:57:20.189 | DEBUG    | baldaquin.buf:_write:285 - 1500 bytes written to disk.
2026-03-12 15:57:20.197 | DEBUG    | baldaquin.buf:open:104 - Ouput file /home/lab1-student/baldaquindata/plasduino/0309_000086/0309_000086_data.txt closed.
2026-03-12 15:57:20.197 | DEBUG    | baldaquin.buf:open:100 - Opening output file /home/lab1-student/baldaquindata/plasduino/0309_000087/0309_000087_data.txt {'mode': 'at', 'encoding': 'utf-8'}...
2026-03-12 15:57:20.198 | DEBUG    | baldaquin.buf:_write:285 - 1500 bytes written to disk.
2026-03-12 15:57:20.199 | DEBUG    | baldaquin.buf:open:104 - Ouput file /home/lab1-student/baldaquindata/plasduino/0309_000087/0309_000087_data.txt closed.
2026-03-12 15:57:20.199 | DEBUG    | baldaquin.buf:open:100 - Opening output file /home/lab1-student/baldaquindata/plasduino/0309_000088/0309_000088_data.txt {'mode': 'at', 'encoding': 'utf-8'}...
2026-03-12 15:57:20.207 | DEBUG    | baldaquin.buf:_write:285 - 1500 bytes written to disk.
2026-03-12 15:57:20.208 | DEBUG    | baldaquin.buf:open:104 - Ouput file /home/lab1-student/baldaquindata/plasduino/0309_000088/0309_000088_data.txt closed.
2026-03-12 15:57:20.208 | DEBUG    | baldaquin.buf:open:100 - Opening output file /home/lab1-student/baldaquindata/plasduino/0309_000089/0309_000089_data.txt {'mode': 'at', 'encoding': 'utf-8'}...
2026-03-12 15:57:20.209 | DEBUG    | baldaquin.buf:_write:285 - 1500 bytes written to disk.
2026-03-12 15:57:20.210 | DEBUG    | baldaquin.buf:open:104 - Ouput file /home/lab1-student/baldaquindata/plasduino/0309_000089/0309_000089_data.txt closed.
2026-03-12 15:57:20.210 | DEBUG    | baldaquin.buf:open:100 - Opening output file /home/lab1-student/baldaquindata/plasduino/0309_000090/0309_000090_data.txt {'mode': 'at', 'encoding': 'utf-8'}...
2026-03-12 15:57:20.211 | DEBUG    | baldaquin.buf:_write:285 - 1500 bytes written to disk.
2026-03-12 15:57:20.211 | DEBUG    | baldaquin.buf:open:104 - Ouput file /home/lab1-student/baldaquindata/plasduino/0309_000090/0309_000090_data.txt closed.
2026-03-12 15:57:20.211 | DEBUG    | baldaquin.buf:open:100 - Opening output file /home/lab1-student/baldaquindata/plasduino/0309_000091/0309_000091_data.txt {'mode': 'at', 'encoding': 'utf-8'}...
2026-03-12 15:57:20.212 | DEBUG    | baldaquin.buf:_write:285 - 1500 bytes written to disk.
2026-03-12 15:57:20.216 | DEBUG    | baldaquin.buf:open:104 - Ouput file /home/lab1-student/baldaquindata/plasduino/0309_000091/0309_000091_data.txt closed.
2026-03-12 15:57:20.216 | DEBUG    | baldaquin.buf:open:100 - Opening output file /home/lab1-student/baldaquindata/plasduino/0309_000092/0309_000092_data.txt {'mode': 'at', 'encoding': 'utf-8'}...
2026-03-12 15:57:20.216 | DEBUG    | baldaquin.buf:_write:285 - 1500 bytes written to disk.
2026-03-12 15:57:20.217 | DEBUG    | baldaquin.buf:open:104 - Ouput file /home/lab1-student/baldaquindata/plasduino/0309_000092/0309_000092_data.txt closed.
2026-03-12 15:57:20.217 | DEBUG    | baldaquin.buf:open:100 - Opening output file /home/lab1-student/baldaquindata/plasduino/0309_000093/0309_000093_data.txt {'mode': 'at', 'encoding': 'utf-8'}...
2026-03-12 15:57:20.217 | DEBUG    | baldaquin.buf:_write:285 - 1500 bytes written to disk.
2026-03-12 15:57:20.217 | DEBUG    | baldaquin.buf:open:104 - Ouput file /home/lab1-student/baldaquindata/plasduino/0309_000093/0309_000093_data.txt closed.
2026-03-12 15:57:20.217 | DEBUG    | baldaquin.buf:open:100 - Opening output file /home/lab1-student/baldaquindata/plasduino/0309_000094/0309_000094_data.txt {'mode': 'at', 'encoding': 'utf-8'}...
2026-03-12 15:57:20.218 | DEBUG    | baldaquin.buf:_write:285 - 1500 bytes written to disk.
2026-03-12 15:57:20.218 | DEBUG    | baldaquin.buf:open:104 - Ouput file /home/lab1-student/baldaquindata/plasduino/0309_000094/0309_000094_data.txt closed.
2026-03-12 15:57:20.218 | DEBUG    | baldaquin.buf:open:100 - Opening output file /home/lab1-student/baldaquindata/plasduino/0309_000095/0309_000095_data.txt {'mode': 'at', 'encoding': 'utf-8'}...
2026-03-12 15:57:20.219 | DEBUG    | baldaquin.buf:_write:285 - 1500 bytes written to disk.
2026-03-12 15:57:20.219 | DEBUG    | baldaquin.buf:open:104 - Ouput file /home/lab1-student/baldaquindata/plasduino/0309_000095/0309_000095_data.txt closed.
2026-03-12 15:57:20.219 | DEBUG    | baldaquin.buf:open:100 - Opening output file /home/lab1-student/baldaquindata/plasduino/0309_000096/0309_000096_data.txt {'mode': 'at', 'encoding': 'utf-8'}...
2026-03-12 15:57:20.220 | DEBUG    | baldaquin.buf:_write:285 - 1500 bytes written to disk.
2026-03-12 15:57:20.220 | DEBUG    | baldaquin.buf:open:104 - Ouput file /home/lab1-student/baldaquindata/plasduino/0309_000096/0309_000096_data.txt closed.
2026-03-12 15:57:20.220 | DEBUG    | baldaquin.buf:open:100 - Opening output file /home/lab1-student/baldaquindata/plasduino/0309_000097/0309_000097_data.txt {'mode': 'at', 'encoding': 'utf-8'}...
2026-03-12 15:57:20.221 | DEBUG    | baldaquin.buf:_write:285 - 1500 bytes written to disk.
2026-03-12 15:57:20.221 | DEBUG    | baldaquin.buf:open:104 - Ouput file /home/lab1-student/baldaquindata/plasduino/0309_000097/0309_000097_data.txt closed.
2026-03-12 15:57:20.221 | DEBUG    | baldaquin.buf:open:100 - Opening output file /home/lab1-student/baldaquindata/plasduino/0309_000098/0309_000098_data.txt {'mode': 'at', 'encoding': 'utf-8'}...
2026-03-12 15:57:20.222 | DEBUG    | baldaquin.buf:_write:285 - 1500 bytes written to disk.
2026-03-12 15:57:20.222 | DEBUG    | baldaquin.buf:open:104 - Ouput file /home/lab1-student/baldaquindata/plasduino/0309_000098/0309_000098_data.txt closed.
2026-03-12 15:57:20.222 | DEBUG    | baldaquin.buf:open:100 - Opening output file /home/lab1-student/baldaquindata/plasduino/0309_000098/0309_000098_data.dat {'mode': 'ab'}...
2026-03-12 15:57:20.222 | DEBUG    | baldaquin.buf:_pop_and_write_raw:259 - 800 bytes written to disk.
2026-03-12 15:57:20.222 | DEBUG    | baldaquin.buf:open:104 - Ouput file /home/lab1-student/baldaquindata/plasduino/0309_000098/0309_000098_data.dat closed.
2026-03-12 15:57:20.222 | INFO     | baldaquin.buf:flush:318 - 20300 bytes (800 raw bytes) written to disk.
2026-03-12 15:57:20.222 | DEBUG    | baldaquin.profile:wrap:32 - Running time for flush(): 0.037794 s
2026-03-12 15:57:22.713 | INFO     | baldaquin.buf:flush:309 - 100 packets ready to be written out...
2026-03-12 15:57:22.714 | DEBUG    | baldaquin.buf:open:100 - Opening output file /home/lab1-student/baldaquindata/plasduino/0309_000086/0309_000086_data.txt {'mode': 'at', 'encoding': 'utf-8'}...
2026-03-12 15:57:22.714 | DEBUG    | baldaquin.buf:_write:285 - 1500 bytes written to disk.
2026-03-12 15:57:22.714 | DEBUG    | baldaquin.buf:open:104 - Ouput file /home/lab1-student/baldaquindata/plasduino/0309_000086/0309_000086_data.txt closed.
2026-03-12 15:57:22.715 | DEBUG    | baldaquin.buf:open:100 - Opening output file /home/lab1-student/baldaquindata/plasduino/0309_000087/0309_000087_data.txt {'mode': 'at', 'encoding': 'utf-8'}...
2026-03-12 15:57:22.715 | DEBUG    | baldaquin.buf:_write:285 - 1500 bytes written to disk.
2026-03-12 15:57:22.715 | DEBUG    | baldaquin.buf:open:104 - Ouput file /home/lab1-student/baldaquindata/plasduino/0309_000087/0309_000087_data.txt closed.
2026-03-12 15:57:22.715 | DEBUG    | baldaquin.buf:open:100 - Opening output file /home/lab1-student/baldaquindata/plasduino/0309_000088/0309_000088_data.txt {'mode': 'at', 'encoding': 'utf-8'}...
2026-03-12 15:57:22.716 | DEBUG    | baldaquin.buf:_write:285 - 1500 bytes written to disk.
2026-03-12 15:57:22.716 | DEBUG    | baldaquin.buf:open:104 - Ouput file /home/lab1-student/baldaquindata/plasduino/0309_000088/0309_000088_data.txt closed.
2026-03-12 15:57:22.716 | DEBUG    | baldaquin.buf:open:100 - Opening output file /home/lab1-student/baldaquindata/plasduino/0309_000089/0309_000089_data.txt {'mode': 'at', 'encoding': 'utf-8'}...
2026-03-12 15:57:22.716 | DEBUG    | baldaquin.buf:_write:285 - 1500 bytes written to disk.
2026-03-12 15:57:22.717 | DEBUG    | baldaquin.buf:open:104 - Ouput file /home/lab1-student/baldaquindata/plasduino/0309_000089/0309_000089_data.txt closed.
2026-03-12 15:57:22.717 | DEBUG    | baldaquin.buf:open:100 - Opening output file /home/lab1-student/baldaquindata/plasduino/0309_000090/0309_000090_data.txt {'mode': 'at', 'encoding': 'utf-8'}...
2026-03-12 15:57:22.717 | DEBUG    | baldaquin.buf:_write:285 - 1500 bytes written to disk.
2026-03-12 15:57:22.717 | DEBUG    | baldaquin.buf:open:104 - Ouput file /home/lab1-student/baldaquindata/plasduino/0309_000090/0309_000090_data.txt closed.
2026-03-12 15:57:22.717 | DEBUG    | baldaquin.buf:open:100 - Opening output file /home/lab1-student/baldaquindata/plasduino/0309_000091/0309_000091_data.txt {'mode': 'at', 'encoding': 'utf-8'}...
2026-03-12 15:57:22.718 | DEBUG    | baldaquin.buf:_write:285 - 1500 bytes written to disk.
2026-03-12 15:57:22.718 | DEBUG    | baldaquin.buf:open:104 - Ouput file /home/lab1-student/baldaquindata/plasduino/0309_000091/0309_000091_data.txt closed.
2026-03-12 15:57:22.718 | DEBUG    | baldaquin.buf:open:100 - Opening output file /home/lab1-student/baldaquindata/plasduino/0309_000092/0309_000092_data.txt {'mode': 'at', 'encoding': 'utf-8'}...
2026-03-12 15:57:22.719 | DEBUG    | baldaquin.buf:_write:285 - 1500 bytes written to disk.
2026-03-12 15:57:22.719 | DEBUG    | baldaquin.buf:open:104 - Ouput file /home/lab1-student/baldaquindata/plasduino/0309_000092/0309_000092_data.txt closed.
2026-03-12 15:57:22.719 | DEBUG    | baldaquin.buf:open:100 - Opening output file /home/lab1-student/baldaquindata/plasduino/0309_000093/0309_000093_data.txt {'mode': 'at', 'encoding': 'utf-8'}...
2026-03-12 15:57:22.719 | DEBUG    | baldaquin.buf:_write:285 - 1500 bytes written to disk.
2026-03-12 15:57:22.720 | DEBUG    | baldaquin.buf:open:104 - Ouput file /home/lab1-student/baldaquindata/plasduino/0309_000093/0309_000093_data.txt closed.
2026-03-12 15:57:22.720 | DEBUG    | baldaquin.buf:open:100 - Opening output file /home/lab1-student/baldaquindata/plasduino/0309_000094/0309_000094_data.txt {'mode': 'at', 'encoding': 'utf-8'}...
2026-03-12 15:57:22.720 | DEBUG    | baldaquin.buf:_write:285 - 1500 bytes written to disk.
2026-03-12 15:57:22.720 | DEBUG    | baldaquin.buf:open:104 - Ouput file /home/lab1-student/baldaquindata/plasduino/0309_000094/0309_000094_data.txt closed.
2026-03-12 15:57:22.720 | DEBUG    | baldaquin.buf:open:100 - Opening output file /home/lab1-student/baldaquindata/plasduino/0309_000095/0309_000095_data.txt {'mode': 'at', 'encoding': 'utf-8'}...
2026-03-12 15:57:22.721 | DEBUG    | baldaquin.buf:_write:285 - 1500 bytes written to disk.
2026-03-12 15:57:22.721 | DEBUG    | baldaquin.buf:open:104 - Ouput file /home/lab1-student/baldaquindata/plasduino/0309_000095/0309_000095_data.txt closed.
2026-03-12 15:57:22.721 | DEBUG    | baldaquin.buf:open:100 - Opening output file /home/lab1-student/baldaquindata/plasduino/0309_000096/0309_000096_data.txt {'mode': 'at', 'encoding': 'utf-8'}...
2026-03-12 15:57:22.722 | DEBUG    | baldaquin.buf:_write:285 - 1500 bytes written to disk.
2026-03-12 15:57:22.722 | DEBUG    | baldaquin.buf:open:104 - Ouput file /home/lab1-student/baldaquindata/plasduino/0309_000096/0309_000096_data.txt closed.
2026-03-12 15:57:22.722 | DEBUG    | baldaquin.buf:open:100 - Opening output file /home/lab1-student/baldaquindata/plasduino/0309_000097/0309_000097_data.txt {'mode': 'at', 'encoding': 'utf-8'}...
2026-03-12 15:57:22.723 | DEBUG    | baldaquin.buf:_write:285 - 1500 bytes written to disk.
2026-03-12 15:57:22.723 | DEBUG    | baldaquin.buf:open:104 - Ouput file /home/lab1-student/baldaquindata/plasduino/0309_000097/0309_000097_data.txt closed.
2026-03-12 15:57:22.723 | DEBUG    | baldaquin.buf:open:100 - Opening output file /home/lab1-student/baldaquindata/plasduino/0309_000098/0309_000098_data.txt {'mode': 'at', 'encoding': 'utf-8'}...
2026-03-12 15:57:22.723 | DEBUG    | baldaquin.buf:_write:285 - 1500 bytes written to disk.
2026-03-12 15:57:22.745 | DEBUG    | baldaquin.buf:open:104 - Ouput file /home/lab1-student/baldaquindata/plasduino/0309_000098/0309_000098_data.txt closed.
2026-03-12 15:57:22.751 | DEBUG    | baldaquin.buf:open:100 - Opening output file /home/lab1-student/baldaquindata/plasduino/0309_000098/0309_000098_data.dat {'mode': 'ab'}...
2026-03-12 15:57:22.758 | DEBUG    | baldaquin.buf:_pop_and_write_raw:259 - 800 bytes written to disk.
2026-03-12 15:57:22.759 | DEBUG    | baldaquin.buf:open:104 - Ouput file /home/lab1-student/baldaquindata/plasduino/0309_000098/0309_000098_data.dat closed.
2026-03-12 15:57:22.760 | INFO     | baldaquin.buf:flush:318 - 20300 bytes (800 raw bytes) written to disk.
2026-03-12 15:57:22.777 | DEBUG    | baldaquin.profile:wrap:32 - Running time for flush(): 0.063412 s
2026-03-12 15:57:25.252 | INFO     | baldaquin.buf:flush:309 - 100 packets ready to be written out...
2026-03-12 15:57:25.255 | DEBUG    | baldaquin.buf:open:100 - Opening output file /home/lab1-student/baldaquindata/plasduino/0309_000086/0309_000086_data.txt {'mode': 'at', 'encoding': 'utf-8'}...
2026-03-12 15:57:25.256 | DEBUG    | baldaquin.buf:_write:285 - 1500 bytes written to disk.
2026-03-12 15:57:25.256 | DEBUG    | baldaquin.buf:open:104 - Ouput file /home/lab1-student/baldaquindata/plasduino/0309_000086/0309_000086_data.txt closed.
2026-03-12 15:57:25.256 | DEBUG    | baldaquin.buf:open:100 - Opening output file /home/lab1-student/baldaquindata/plasduino/0309_000087/0309_000087_data.txt {'mode': 'at', 'encoding': 'utf-8'}...
2026-03-12 15:57:25.262 | DEBUG    | baldaquin.buf:_write:285 - 1500 bytes written to disk.
2026-03-12 15:57:25.269 | DEBUG    | baldaquin.buf:open:104 - Ouput file /home/lab1-student/baldaquindata/plasduino/0309_000087/0309_000087_data.txt closed.
2026-03-12 15:57:25.269 | DEBUG    | baldaquin.buf:open:100 - Opening output file /home/lab1-student/baldaquindata/plasduino/0309_000088/0309_000088_data.txt {'mode': 'at', 'encoding': 'utf-8'}...
2026-03-12 15:57:25.270 | DEBUG    | baldaquin.buf:_write:285 - 1500 bytes written to disk.
2026-03-12 15:57:25.289 | DEBUG    | baldaquin.buf:open:104 - Ouput file /home/lab1-student/baldaquindata/plasduino/0309_000088/0309_000088_data.txt closed.
2026-03-12 15:57:25.289 | DEBUG    | baldaquin.buf:open:100 - Opening output file /home/lab1-student/baldaquindata/plasduino/0309_000089/0309_000089_data.txt {'mode': 'at', 'encoding': 'utf-8'}...
2026-03-12 15:57:25.292 | DEBUG    | baldaquin.buf:_write:285 - 1500 bytes written to disk.
2026-03-12 15:57:25.296 | DEBUG    | baldaquin.buf:open:104 - Ouput file /home/lab1-student/baldaquindata/plasduino/0309_000089/0309_000089_data.txt closed.
2026-03-12 15:57:25.296 | DEBUG    | baldaquin.buf:open:100 - Opening output file /home/lab1-student/baldaquindata/plasduino/0309_000090/0309_000090_data.txt {'mode': 'at', 'encoding': 'utf-8'}...
2026-03-12 15:57:25.297 | DEBUG    | baldaquin.buf:_write:285 - 1500 bytes written to disk.
2026-03-12 15:57:25.308 | DEBUG    | baldaquin.buf:open:104 - Ouput file /home/lab1-student/baldaquindata/plasduino/0309_000090/0309_000090_data.txt closed.
2026-03-12 15:57:25.308 | DEBUG    | baldaquin.buf:open:100 - Opening output file /home/lab1-student/baldaquindata/plasduino/0309_000091/0309_000091_data.txt {'mode': 'at', 'encoding': 'utf-8'}...
2026-03-12 15:57:25.310 | DEBUG    | baldaquin.buf:_write:285 - 1500 bytes written to disk.
2026-03-12 15:57:25.311 | DEBUG    | baldaquin.buf:open:104 - Ouput file /home/lab1-student/baldaquindata/plasduino/0309_000091/0309_000091_data.txt closed.
2026-03-12 15:57:25.311 | DEBUG    | baldaquin.buf:open:100 - Opening output file /home/lab1-student/baldaquindata/plasduino/0309_000092/0309_000092_data.txt {'mode': 'at', 'encoding': 'utf-8'}...
2026-03-12 15:57:25.314 | DEBUG    | baldaquin.buf:_write:285 - 1500 bytes written to disk.
2026-03-12 15:57:25.316 | DEBUG    | baldaquin.buf:open:104 - Ouput file /home/lab1-student/baldaquindata/plasduino/0309_000092/0309_000092_data.txt closed.
2026-03-12 15:57:25.319 | DEBUG    | baldaquin.buf:open:100 - Opening output file /home/lab1-student/baldaquindata/plasduino/0309_000093/0309_000093_data.txt {'mode': 'at', 'encoding': 'utf-8'}...
2026-03-12 15:57:25.320 | DEBUG    | baldaquin.buf:_write:285 - 1500 bytes written to disk.
2026-03-12 15:57:25.320 | DEBUG    | baldaquin.buf:open:104 - Ouput file /home/lab1-student/baldaquindata/plasduino/0309_000093/0309_000093_data.txt closed.
2026-03-12 15:57:25.320 | DEBUG    | baldaquin.buf:open:100 - Opening output file /home/lab1-student/baldaquindata/plasduino/0309_000094/0309_000094_data.txt {'mode': 'at', 'encoding': 'utf-8'}...
2026-03-12 15:57:25.321 | DEBUG    | baldaquin.buf:_write:285 - 1500 bytes written to disk.
2026-03-12 15:57:25.321 | DEBUG    | baldaquin.buf:open:104 - Ouput file /home/lab1-student/baldaquindata/plasduino/0309_000094/0309_000094_data.txt closed.
2026-03-12 15:57:25.321 | DEBUG    | baldaquin.buf:open:100 - Opening output file /home/lab1-student/baldaquindata/plasduino/0309_000095/0309_000095_data.txt {'mode': 'at', 'encoding': 'utf-8'}...
2026-03-12 15:57:25.322 | DEBUG    | baldaquin.buf:_write:285 - 1500 bytes written to disk.
2026-03-12 15:57:25.322 | DEBUG    | baldaquin.buf:open:104 - Ouput file /home/lab1-student/baldaquindata/plasduino/0309_000095/0309_000095_data.txt closed.
2026-03-12 15:57:25.322 | DEBUG    | baldaquin.buf:open:100 - Opening output file /home/lab1-student/baldaquindata/plasduino/0309_000096/0309_000096_data.txt {'mode': 'at', 'encoding': 'utf-8'}...
2026-03-12 15:57:25.323 | DEBUG    | baldaquin.buf:_write:285 - 1500 bytes written to disk.
2026-03-12 15:57:25.323 | DEBUG    | baldaquin.buf:open:104 - Ouput file /home/lab1-student/baldaquindata/plasduino/0309_000096/0309_000096_data.txt closed.
2026-03-12 15:57:25.323 | DEBUG    | baldaquin.buf:open:100 - Opening output file /home/lab1-student/baldaquindata/plasduino/0309_000097/0309_000097_data.txt {'mode': 'at', 'encoding': 'utf-8'}...
2026-03-12 15:57:25.324 | DEBUG    | baldaquin.buf:_write:285 - 1500 bytes written to disk.
2026-03-12 15:57:25.329 | DEBUG    | baldaquin.buf:open:104 - Ouput file /home/lab1-student/baldaquindata/plasduino/0309_000097/0309_000097_data.txt closed.
2026-03-12 15:57:25.344 | DEBUG    | baldaquin.buf:open:100 - Opening output file /home/lab1-student/baldaquindata/plasduino/0309_000098/0309_000098_data.txt {'mode': 'at', 'encoding': 'utf-8'}...
2026-03-12 15:57:25.350 | DEBUG    | baldaquin.buf:_write:285 - 1500 bytes written to disk.
2026-03-12 15:57:25.351 | DEBUG    | baldaquin.buf:open:104 - Ouput file /home/lab1-student/baldaquindata/plasduino/0309_000098/0309_000098_data.txt closed.
2026-03-12 15:57:25.351 | DEBUG    | baldaquin.buf:open:100 - Opening output file /home/lab1-student/baldaquindata/plasduino/0309_000098/0309_000098_data.dat {'mode': 'ab'}...
2026-03-12 15:57:25.351 | DEBUG    | baldaquin.buf:_pop_and_write_raw:259 - 800 bytes written to disk.
2026-03-12 15:57:25.351 | DEBUG    | baldaquin.buf:open:104 - Ouput file /home/lab1-student/baldaquindata/plasduino/0309_000098/0309_000098_data.dat closed.
2026-03-12 15:57:25.357 | INFO     | baldaquin.buf:flush:318 - 20300 bytes (800 raw bytes) written to disk.
2026-03-12 15:57:25.359 | DEBUG    | baldaquin.profile:wrap:32 - Running time for flush(): 0.107025 s
2026-03-12 15:57:27.791 | INFO     | baldaquin.buf:flush:309 - 100 packets ready to be written out...
2026-03-12 15:57:27.793 | DEBUG    | baldaquin.buf:open:100 - Opening output file /home/lab1-student/baldaquindata/plasduino/0309_000086/0309_000086_data.txt {'mode': 'at', 'encoding': 'utf-8'}...
2026-03-12 15:57:27.800 | DEBUG    | baldaquin.buf:_write:285 - 1500 bytes written to disk.
2026-03-12 15:57:27.800 | DEBUG    | baldaquin.buf:open:104 - Ouput file /home/lab1-student/baldaquindata/plasduino/0309_000086/0309_000086_data.txt closed.
2026-03-12 15:57:27.801 | DEBUG    | baldaquin.buf:open:100 - Opening output file /home/lab1-student/baldaquindata/plasduino/0309_000087/0309_000087_data.txt {'mode': 'at', 'encoding': 'utf-8'}...
2026-03-12 15:57:27.801 | DEBUG    | baldaquin.buf:_write:285 - 1500 bytes written to disk.
2026-03-12 15:57:27.802 | DEBUG    | baldaquin.buf:open:104 - Ouput file /home/lab1-student/baldaquindata/plasduino/0309_000087/0309_000087_data.txt closed.
2026-03-12 15:57:27.802 | DEBUG    | baldaquin.buf:open:100 - Opening output file /home/lab1-student/baldaquindata/plasduino/0309_000088/0309_000088_data.txt {'mode': 'at', 'encoding': 'utf-8'}...
2026-03-12 15:57:27.802 | DEBUG    | baldaquin.buf:_write:285 - 1500 bytes written to disk.
2026-03-12 15:57:27.802 | DEBUG    | baldaquin.buf:open:104 - Ouput file /home/lab1-student/baldaquindata/plasduino/0309_000088/0309_000088_data.txt closed.
2026-03-12 15:57:27.802 | DEBUG    | baldaquin.buf:open:100 - Opening output file /home/lab1-student/baldaquindata/plasduino/0309_000089/0309_000089_data.txt {'mode': 'at', 'encoding': 'utf-8'}...
2026-03-12 15:57:27.803 | DEBUG    | baldaquin.buf:_write:285 - 1500 bytes written to disk.
2026-03-12 15:57:27.803 | DEBUG    | baldaquin.buf:open:104 - Ouput file /home/lab1-student/baldaquindata/plasduino/0309_000089/0309_000089_data.txt closed.
2026-03-12 15:57:27.803 | DEBUG    | baldaquin.buf:open:100 - Opening output file /home/lab1-student/baldaquindata/plasduino/0309_000090/0309_000090_data.txt {'mode': 'at', 'encoding': 'utf-8'}...
2026-03-12 15:57:27.804 | DEBUG    | baldaquin.buf:_write:285 - 1500 bytes written to disk.
2026-03-12 15:57:27.804 | DEBUG    | baldaquin.buf:open:104 - Ouput file /home/lab1-student/baldaquindata/plasduino/0309_000090/0309_000090_data.txt closed.
2026-03-12 15:57:27.804 | DEBUG    | baldaquin.buf:open:100 - Opening output file /home/lab1-student/baldaquindata/plasduino/0309_000091/0309_000091_data.txt {'mode': 'at', 'encoding': 'utf-8'}...
2026-03-12 15:57:27.804 | DEBUG    | baldaquin.buf:_write:285 - 1500 bytes written to disk.
2026-03-12 15:57:27.805 | DEBUG    | baldaquin.buf:open:104 - Ouput file /home/lab1-student/baldaquindata/plasduino/0309_000091/0309_000091_data.txt closed.
2026-03-12 15:57:27.805 | DEBUG    | baldaquin.buf:open:100 - Opening output file /home/lab1-student/baldaquindata/plasduino/0309_000092/0309_000092_data.txt {'mode': 'at', 'encoding': 'utf-8'}...
2026-03-12 15:57:27.805 | DEBUG    | baldaquin.buf:_write:285 - 1500 bytes written to disk.
2026-03-12 15:57:27.805 | DEBUG    | baldaquin.buf:open:104 - Ouput file /home/lab1-student/baldaquindata/plasduino/0309_000092/0309_000092_data.txt closed.
2026-03-12 15:57:27.805 | DEBUG    | baldaquin.buf:open:100 - Opening output file /home/lab1-student/baldaquindata/plasduino/0309_000093/0309_000093_data.txt {'mode': 'at', 'encoding': 'utf-8'}...
2026-03-12 15:57:27.806 | DEBUG    | baldaquin.buf:_write:285 - 1500 bytes written to disk.
2026-03-12 15:57:27.806 | DEBUG    | baldaquin.buf:open:104 - Ouput file /home/lab1-student/baldaquindata/plasduino/0309_000093/0309_000093_data.txt closed.
2026-03-12 15:57:27.806 | DEBUG    | baldaquin.buf:open:100 - Opening output file /home/lab1-student/baldaquindata/plasduino/0309_000094/0309_000094_data.txt {'mode': 'at', 'encoding': 'utf-8'}...
2026-03-12 15:57:27.806 | DEBUG    | baldaquin.buf:_write:285 - 1500 bytes written to disk.
2026-03-12 15:57:27.807 | DEBUG    | baldaquin.buf:open:104 - Ouput file /home/lab1-student/baldaquindata/plasduino/0309_000094/0309_000094_data.txt closed.
2026-03-12 15:57:27.807 | DEBUG    | baldaquin.buf:open:100 - Opening output file /home/lab1-student/baldaquindata/plasduino/0309_000095/0309_000095_data.txt {'mode': 'at', 'encoding': 'utf-8'}...
2026-03-12 15:57:27.807 | DEBUG    | baldaquin.buf:_write:285 - 1500 bytes written to disk.
2026-03-12 15:57:27.807 | DEBUG    | baldaquin.buf:open:104 - Ouput file /home/lab1-student/baldaquindata/plasduino/0309_000095/0309_000095_data.txt closed.
2026-03-12 15:57:27.807 | DEBUG    | baldaquin.buf:open:100 - Opening output file /home/lab1-student/baldaquindata/plasduino/0309_000096/0309_000096_data.txt {'mode': 'at', 'encoding': 'utf-8'}...
2026-03-12 15:57:27.808 | DEBUG    | baldaquin.buf:_write:285 - 1500 bytes written to disk.
2026-03-12 15:57:27.808 | DEBUG    | baldaquin.buf:open:104 - Ouput file /home/lab1-student/baldaquindata/plasduino/0309_000096/0309_000096_data.txt closed.
2026-03-12 15:57:27.808 | DEBUG    | baldaquin.buf:open:100 - Opening output file /home/lab1-student/baldaquindata/plasduino/0309_000097/0309_000097_data.txt {'mode': 'at', 'encoding': 'utf-8'}...
2026-03-12 15:57:27.808 | DEBUG    | baldaquin.buf:_write:285 - 1500 bytes written to disk.
2026-03-12 15:57:27.809 | DEBUG    | baldaquin.buf:open:104 - Ouput file /home/lab1-student/baldaquindata/plasduino/0309_000097/0309_000097_data.txt closed.
2026-03-12 15:57:27.809 | DEBUG    | baldaquin.buf:open:100 - Opening output file /home/lab1-student/baldaquindata/plasduino/0309_000098/0309_000098_data.txt {'mode': 'at', 'encoding': 'utf-8'}...
2026-03-12 15:57:27.809 | DEBUG    | baldaquin.buf:_write:285 - 1500 bytes written to disk.
2026-03-12 15:57:27.809 | DEBUG    | baldaquin.buf:open:104 - Ouput file /home/lab1-student/baldaquindata/plasduino/0309_000098/0309_000098_data.txt closed.
2026-03-12 15:57:27.809 | DEBUG    | baldaquin.buf:open:100 - Opening output file /home/lab1-student/baldaquindata/plasduino/0309_000098/0309_000098_data.dat {'mode': 'ab'}...
2026-03-12 15:57:27.809 | DEBUG    | baldaquin.buf:_pop_and_write_raw:259 - 800 bytes written to disk.
2026-03-12 15:57:27.810 | DEBUG    | baldaquin.buf:open:104 - Ouput file /home/lab1-student/baldaquindata/plasduino/0309_000098/0309_000098_data.dat closed.
2026-03-12 15:57:27.810 | INFO     | baldaquin.buf:flush:318 - 20300 bytes (800 raw bytes) written to disk.
2026-03-12 15:57:27.810 | DEBUG    | baldaquin.profile:wrap:32 - Running time for flush(): 0.018695 s
2026-03-12 15:57:30.323 | INFO     | baldaquin.buf:flush:309 - 100 packets ready to be written out...
2026-03-12 15:57:30.329 | DEBUG    | baldaquin.buf:open:100 - Opening output file /home/lab1-student/baldaquindata/plasduino/0309_000086/0309_000086_data.txt {'mode': 'at', 'encoding': 'utf-8'}...
2026-03-12 15:57:30.351 | DEBUG    | baldaquin.buf:_write:285 - 1500 bytes written to disk.
2026-03-12 15:57:30.357 | DEBUG    | baldaquin.buf:open:104 - Ouput file /home/lab1-student/baldaquindata/plasduino/0309_000086/0309_000086_data.txt closed.
2026-03-12 15:57:30.358 | DEBUG    | baldaquin.buf:open:100 - Opening output file /home/lab1-student/baldaquindata/plasduino/0309_000087/0309_000087_data.txt {'mode': 'at', 'encoding': 'utf-8'}...
2026-03-12 15:57:30.362 | DEBUG    | baldaquin.buf:_write:285 - 1500 bytes written to disk.
2026-03-12 15:57:30.365 | DEBUG    | baldaquin.buf:open:104 - Ouput file /home/lab1-student/baldaquindata/plasduino/0309_000087/0309_000087_data.txt closed.
2026-03-12 15:57:30.369 | DEBUG    | baldaquin.buf:open:100 - Opening output file /home/lab1-student/baldaquindata/plasduino/0309_000088/0309_000088_data.txt {'mode': 'at', 'encoding': 'utf-8'}...
2026-03-12 15:57:30.370 | DEBUG    | baldaquin.buf:_write:285 - 1500 bytes written to disk.
2026-03-12 15:57:30.387 | DEBUG    | baldaquin.buf:open:104 - Ouput file /home/lab1-student/baldaquindata/plasduino/0309_000088/0309_000088_data.txt closed.
2026-03-12 15:57:30.387 | DEBUG    | baldaquin.buf:open:100 - Opening output file /home/lab1-student/baldaquindata/plasduino/0309_000089/0309_000089_data.txt {'mode': 'at', 'encoding': 'utf-8'}...
2026-03-12 15:57:30.390 | DEBUG    | baldaquin.buf:_write:285 - 1500 bytes written to disk.
2026-03-12 15:57:30.392 | DEBUG    | baldaquin.buf:open:104 - Ouput file /home/lab1-student/baldaquindata/plasduino/0309_000089/0309_000089_data.txt closed.
2026-03-12 15:57:30.392 | DEBUG    | baldaquin.buf:open:100 - Opening output file /home/lab1-student/baldaquindata/plasduino/0309_000090/0309_000090_data.txt {'mode': 'at', 'encoding': 'utf-8'}...
2026-03-12 15:57:30.392 | DEBUG    | baldaquin.buf:_write:285 - 1500 bytes written to disk.
2026-03-12 15:57:30.399 | DEBUG    | baldaquin.buf:open:104 - Ouput file /home/lab1-student/baldaquindata/plasduino/0309_000090/0309_000090_data.txt closed.
2026-03-12 15:57:30.400 | DEBUG    | baldaquin.buf:open:100 - Opening output file /home/lab1-student/baldaquindata/plasduino/0309_000091/0309_000091_data.txt {'mode': 'at', 'encoding': 'utf-8'}...
2026-03-12 15:57:30.411 | DEBUG    | baldaquin.buf:_write:285 - 1500 bytes written to disk.
2026-03-12 15:57:30.411 | DEBUG    | baldaquin.buf:open:104 - Ouput file /home/lab1-student/baldaquindata/plasduino/0309_000091/0309_000091_data.txt closed.
2026-03-12 15:57:30.411 | DEBUG    | baldaquin.buf:open:100 - Opening output file /home/lab1-student/baldaquindata/plasduino/0309_000092/0309_000092_data.txt {'mode': 'at', 'encoding': 'utf-8'}...
2026-03-12 15:57:30.419 | DEBUG    | baldaquin.buf:_write:285 - 1500 bytes written to disk.
2026-03-12 15:57:30.420 | DEBUG    | baldaquin.buf:open:104 - Ouput file /home/lab1-student/baldaquindata/plasduino/0309_000092/0309_000092_data.txt closed.
2026-03-12 15:57:30.421 | DEBUG    | baldaquin.buf:open:100 - Opening output file /home/lab1-student/baldaquindata/plasduino/0309_000093/0309_000093_data.txt {'mode': 'at', 'encoding': 'utf-8'}...
2026-03-12 15:57:30.421 | DEBUG    | baldaquin.buf:_write:285 - 1500 bytes written to disk.
2026-03-12 15:57:30.421 | DEBUG    | baldaquin.buf:open:104 - Ouput file /home/lab1-student/baldaquindata/plasduino/0309_000093/0309_000093_data.txt closed.
2026-03-12 15:57:30.421 | DEBUG    | baldaquin.buf:open:100 - Opening output file /home/lab1-student/baldaquindata/plasduino/0309_000094/0309_000094_data.txt {'mode': 'at', 'encoding': 'utf-8'}...
2026-03-12 15:57:30.422 | DEBUG    | baldaquin.buf:_write:285 - 1500 bytes written to disk.
2026-03-12 15:57:30.422 | DEBUG    | baldaquin.buf:open:104 - Ouput file /home/lab1-student/baldaquindata/plasduino/0309_000094/0309_000094_data.txt closed.
2026-03-12 15:57:30.422 | DEBUG    | baldaquin.buf:open:100 - Opening output file /home/lab1-student/baldaquindata/plasduino/0309_000095/0309_000095_data.txt {'mode': 'at', 'encoding': 'utf-8'}...
2026-03-12 15:57:30.423 | DEBUG    | baldaquin.buf:_write:285 - 1500 bytes written to disk.
2026-03-12 15:57:30.428 | DEBUG    | baldaquin.buf:open:104 - Ouput file /home/lab1-student/baldaquindata/plasduino/0309_000095/0309_000095_data.txt closed.
2026-03-12 15:57:30.435 | DEBUG    | baldaquin.buf:open:100 - Opening output file /home/lab1-student/baldaquindata/plasduino/0309_000096/0309_000096_data.txt {'mode': 'at', 'encoding': 'utf-8'}...
2026-03-12 15:57:30.447 | DEBUG    | baldaquin.buf:_write:285 - 1500 bytes written to disk.
2026-03-12 15:57:30.458 | DEBUG    | baldaquin.buf:open:104 - Ouput file /home/lab1-student/baldaquindata/plasduino/0309_000096/0309_000096_data.txt closed.
2026-03-12 15:57:30.468 | DEBUG    | baldaquin.buf:open:100 - Opening output file /home/lab1-student/baldaquindata/plasduino/0309_000097/0309_000097_data.txt {'mode': 'at', 'encoding': 'utf-8'}...
2026-03-12 15:57:30.481 | DEBUG    | baldaquin.buf:_write:285 - 1500 bytes written to disk.
2026-03-12 15:57:30.482 | DEBUG    | baldaquin.buf:open:104 - Ouput file /home/lab1-student/baldaquindata/plasduino/0309_000097/0309_000097_data.txt closed.
2026-03-12 15:57:30.482 | DEBUG    | baldaquin.buf:open:100 - Opening output file /home/lab1-student/baldaquindata/plasduino/0309_000098/0309_000098_data.txt {'mode': 'at', 'encoding': 'utf-8'}...
2026-03-12 15:57:30.483 | DEBUG    | baldaquin.buf:_write:285 - 1500 bytes written to disk.
2026-03-12 15:57:30.496 | DEBUG    | baldaquin.buf:open:104 - Ouput file /home/lab1-student/baldaquindata/plasduino/0309_000098/0309_000098_data.txt closed.
2026-03-12 15:57:30.496 | DEBUG    | baldaquin.buf:open:100 - Opening output file /home/lab1-student/baldaquindata/plasduino/0309_000098/0309_000098_data.dat {'mode': 'ab'}...
2026-03-12 15:57:30.508 | DEBUG    | baldaquin.buf:_pop_and_write_raw:259 - 800 bytes written to disk.
2026-03-12 15:57:30.508 | DEBUG    | baldaquin.buf:open:104 - Ouput file /home/lab1-student/baldaquindata/plasduino/0309_000098/0309_000098_data.dat closed.
2026-03-12 15:57:30.509 | INFO     | baldaquin.buf:flush:318 - 20300 bytes (800 raw bytes) written to disk.
2026-03-12 15:57:30.510 | DEBUG    | baldaquin.profile:wrap:32 - Running time for flush(): 0.186400 s
2026-03-12 15:57:32.859 | INFO     | baldaquin.buf:flush:309 - 100 packets ready to be written out...
2026-03-12 15:57:32.859 | DEBUG    | baldaquin.buf:open:100 - Opening output file /home/lab1-student/baldaquindata/plasduino/0309_000086/0309_000086_data.txt {'mode': 'at', 'encoding': 'utf-8'}...
2026-03-12 15:57:32.872 | DEBUG    | baldaquin.buf:_write:285 - 1500 bytes written to disk.
2026-03-12 15:57:32.877 | DEBUG    | baldaquin.buf:open:104 - Ouput file /home/lab1-student/baldaquindata/plasduino/0309_000086/0309_000086_data.txt closed.
2026-03-12 15:57:32.878 | DEBUG    | baldaquin.buf:open:100 - Opening output file /home/lab1-student/baldaquindata/plasduino/0309_000087/0309_000087_data.txt {'mode': 'at', 'encoding': 'utf-8'}...
2026-03-12 15:57:32.879 | DEBUG    | baldaquin.buf:_write:285 - 1500 bytes written to disk.
2026-03-12 15:57:32.882 | DEBUG    | baldaquin.buf:open:104 - Ouput file /home/lab1-student/baldaquindata/plasduino/0309_000087/0309_000087_data.txt closed.
2026-03-12 15:57:32.882 | DEBUG    | baldaquin.buf:open:100 - Opening output file /home/lab1-student/baldaquindata/plasduino/0309_000088/0309_000088_data.txt {'mode': 'at', 'encoding': 'utf-8'}...
2026-03-12 15:57:32.884 | DEBUG    | baldaquin.buf:_write:285 - 1500 bytes written to disk.
2026-03-12 15:57:32.885 | DEBUG    | baldaquin.buf:open:104 - Ouput file /home/lab1-student/baldaquindata/plasduino/0309_000088/0309_000088_data.txt closed.
2026-03-12 15:57:32.890 | DEBUG    | baldaquin.buf:open:100 - Opening output file /home/lab1-student/baldaquindata/plasduino/0309_000089/0309_000089_data.txt {'mode': 'at', 'encoding': 'utf-8'}...
2026-03-12 15:57:32.891 | DEBUG    | baldaquin.buf:_write:285 - 1500 bytes written to disk.
2026-03-12 15:57:32.891 | DEBUG    | baldaquin.buf:open:104 - Ouput file /home/lab1-student/baldaquindata/plasduino/0309_000089/0309_000089_data.txt closed.
2026-03-12 15:57:32.891 | DEBUG    | baldaquin.buf:open:100 - Opening output file /home/lab1-student/baldaquindata/plasduino/0309_000090/0309_000090_data.txt {'mode': 'at', 'encoding': 'utf-8'}...
2026-03-12 15:57:32.892 | DEBUG    | baldaquin.buf:_write:285 - 1500 bytes written to disk.
2026-03-12 15:57:32.892 | DEBUG    | baldaquin.buf:open:104 - Ouput file /home/lab1-student/baldaquindata/plasduino/0309_000090/0309_000090_data.txt closed.
2026-03-12 15:57:32.892 | DEBUG    | baldaquin.buf:open:100 - Opening output file /home/lab1-student/baldaquindata/plasduino/0309_000091/0309_000091_data.txt {'mode': 'at', 'encoding': 'utf-8'}...
2026-03-12 15:57:32.893 | DEBUG    | baldaquin.buf:_write:285 - 1500 bytes written to disk.
2026-03-12 15:57:32.893 | DEBUG    | baldaquin.buf:open:104 - Ouput file /home/lab1-student/baldaquindata/plasduino/0309_000091/0309_000091_data.txt closed.
2026-03-12 15:57:32.902 | DEBUG    | baldaquin.buf:open:100 - Opening output file /home/lab1-student/baldaquindata/plasduino/0309_000092/0309_000092_data.txt {'mode': 'at', 'encoding': 'utf-8'}...
2026-03-12 15:57:32.905 | DEBUG    | baldaquin.buf:_write:285 - 1500 bytes written to disk.
2026-03-12 15:57:32.907 | DEBUG    | baldaquin.buf:open:104 - Ouput file /home/lab1-student/baldaquindata/plasduino/0309_000092/0309_000092_data.txt closed.
2026-03-12 15:57:32.907 | DEBUG    | baldaquin.buf:open:100 - Opening output file /home/lab1-student/baldaquindata/plasduino/0309_000093/0309_000093_data.txt {'mode': 'at', 'encoding': 'utf-8'}...
2026-03-12 15:57:32.908 | DEBUG    | baldaquin.buf:_write:285 - 1500 bytes written to disk.
2026-03-12 15:57:32.908 | DEBUG    | baldaquin.buf:open:104 - Ouput file /home/lab1-student/baldaquindata/plasduino/0309_000093/0309_000093_data.txt closed.
2026-03-12 15:57:32.908 | DEBUG    | baldaquin.buf:open:100 - Opening output file /home/lab1-student/baldaquindata/plasduino/0309_000094/0309_000094_data.txt {'mode': 'at', 'encoding': 'utf-8'}...
2026-03-12 15:57:32.909 | DEBUG    | baldaquin.buf:_write:285 - 1500 bytes written to disk.
2026-03-12 15:57:32.914 | DEBUG    | baldaquin.buf:open:104 - Ouput file /home/lab1-student/baldaquindata/plasduino/0309_000094/0309_000094_data.txt closed.
2026-03-12 15:57:32.914 | DEBUG    | baldaquin.buf:open:100 - Opening output file /home/lab1-student/baldaquindata/plasduino/0309_000095/0309_000095_data.txt {'mode': 'at', 'encoding': 'utf-8'}...
2026-03-12 15:57:32.915 | DEBUG    | baldaquin.buf:_write:285 - 1500 bytes written to disk.
2026-03-12 15:57:32.917 | DEBUG    | baldaquin.buf:open:104 - Ouput file /home/lab1-student/baldaquindata/plasduino/0309_000095/0309_000095_data.txt closed.
2026-03-12 15:57:32.917 | DEBUG    | baldaquin.buf:open:100 - Opening output file /home/lab1-student/baldaquindata/plasduino/0309_000096/0309_000096_data.txt {'mode': 'at', 'encoding': 'utf-8'}...
2026-03-12 15:57:32.918 | DEBUG    | baldaquin.buf:_write:285 - 1500 bytes written to disk.
2026-03-12 15:57:32.919 | DEBUG    | baldaquin.buf:open:104 - Ouput file /home/lab1-student/baldaquindata/plasduino/0309_000096/0309_000096_data.txt closed.
2026-03-12 15:57:32.919 | DEBUG    | baldaquin.buf:open:100 - Opening output file /home/lab1-student/baldaquindata/plasduino/0309_000097/0309_000097_data.txt {'mode': 'at', 'encoding': 'utf-8'}...
2026-03-12 15:57:32.922 | DEBUG    | baldaquin.buf:_write:285 - 1500 bytes written to disk.
2026-03-12 15:57:32.922 | DEBUG    | baldaquin.buf:open:104 - Ouput file /home/lab1-student/baldaquindata/plasduino/0309_000097/0309_000097_data.txt closed.
2026-03-12 15:57:32.922 | DEBUG    | baldaquin.buf:open:100 - Opening output file /home/lab1-student/baldaquindata/plasduino/0309_000098/0309_000098_data.txt {'mode': 'at', 'encoding': 'utf-8'}...
2026-03-12 15:57:32.923 | DEBUG    | baldaquin.buf:_write:285 - 1500 bytes written to disk.
2026-03-12 15:57:32.934 | DEBUG    | baldaquin.buf:open:104 - Ouput file /home/lab1-student/baldaquindata/plasduino/0309_000098/0309_000098_data.txt closed.
2026-03-12 15:57:32.949 | DEBUG    | baldaquin.buf:open:100 - Opening output file /home/lab1-student/baldaquindata/plasduino/0309_000098/0309_000098_data.dat {'mode': 'ab'}...
2026-03-12 15:57:32.949 | DEBUG    | baldaquin.buf:_pop_and_write_raw:259 - 800 bytes written to disk.
2026-03-12 15:57:32.950 | DEBUG    | baldaquin.buf:open:104 - Ouput file /home/lab1-student/baldaquindata/plasduino/0309_000098/0309_000098_data.dat closed.
2026-03-12 15:57:32.966 | INFO     | baldaquin.buf:flush:318 - 20300 bytes (800 raw bytes) written to disk.
2026-03-12 15:57:32.966 | DEBUG    | baldaquin.profile:wrap:32 - Running time for flush(): 0.107362 s
2026-03-12 15:57:35.394 | INFO     | baldaquin.buf:flush:309 - 100 packets ready to be written out...
2026-03-12 15:57:35.395 | DEBUG    | baldaquin.buf:open:100 - Opening output file /home/lab1-student/baldaquindata/plasduino/0309_000086/0309_000086_data.txt {'mode': 'at', 'encoding': 'utf-8'}...
2026-03-12 15:57:35.395 | DEBUG    | baldaquin.buf:_write:285 - 1500 bytes written to disk.
2026-03-12 15:57:35.395 | DEBUG    | baldaquin.buf:open:104 - Ouput file /home/lab1-student/baldaquindata/plasduino/0309_000086/0309_000086_data.txt closed.
2026-03-12 15:57:35.395 | DEBUG    | baldaquin.buf:open:100 - Opening output file /home/lab1-student/baldaquindata/plasduino/0309_000087/0309_000087_data.txt {'mode': 'at', 'encoding': 'utf-8'}...
2026-03-12 15:57:35.396 | DEBUG    | baldaquin.buf:_write:285 - 1500 bytes written to disk.
2026-03-12 15:57:35.396 | DEBUG    | baldaquin.buf:open:104 - Ouput file /home/lab1-student/baldaquindata/plasduino/0309_000087/0309_000087_data.txt closed.
2026-03-12 15:57:35.396 | DEBUG    | baldaquin.buf:open:100 - Opening output file /home/lab1-student/baldaquindata/plasduino/0309_000088/0309_000088_data.txt {'mode': 'at', 'encoding': 'utf-8'}...
2026-03-12 15:57:35.400 | DEBUG    | baldaquin.buf:_write:285 - 1500 bytes written to disk.
2026-03-12 15:57:35.400 | DEBUG    | baldaquin.buf:open:104 - Ouput file /home/lab1-student/baldaquindata/plasduino/0309_000088/0309_000088_data.txt closed.
2026-03-12 15:57:35.400 | DEBUG    | baldaquin.buf:open:100 - Opening output file /home/lab1-student/baldaquindata/plasduino/0309_000089/0309_000089_data.txt {'mode': 'at', 'encoding': 'utf-8'}...
2026-03-12 15:57:35.401 | DEBUG    | baldaquin.buf:_write:285 - 1500 bytes written to disk.
2026-03-12 15:57:35.401 | DEBUG    | baldaquin.buf:open:104 - Ouput file /home/lab1-student/baldaquindata/plasduino/0309_000089/0309_000089_data.txt closed.
2026-03-12 15:57:35.401 | DEBUG    | baldaquin.buf:open:100 - Opening output file /home/lab1-student/baldaquindata/plasduino/0309_000090/0309_000090_data.txt {'mode': 'at', 'encoding': 'utf-8'}...
2026-03-12 15:57:35.402 | DEBUG    | baldaquin.buf:_write:285 - 1500 bytes written to disk.
2026-03-12 15:57:35.402 | DEBUG    | baldaquin.buf:open:104 - Ouput file /home/lab1-student/baldaquindata/plasduino/0309_000090/0309_000090_data.txt closed.
2026-03-12 15:57:35.402 | DEBUG    | baldaquin.buf:open:100 - Opening output file /home/lab1-student/baldaquindata/plasduino/0309_000091/0309_000091_data.txt {'mode': 'at', 'encoding': 'utf-8'}...
2026-03-12 15:57:35.403 | DEBUG    | baldaquin.buf:_write:285 - 1500 bytes written to disk.
2026-03-12 15:57:35.403 | DEBUG    | baldaquin.buf:open:104 - Ouput file /home/lab1-student/baldaquindata/plasduino/0309_000091/0309_000091_data.txt closed.
2026-03-12 15:57:35.403 | DEBUG    | baldaquin.buf:open:100 - Opening output file /home/lab1-student/baldaquindata/plasduino/0309_000092/0309_000092_data.txt {'mode': 'at', 'encoding': 'utf-8'}...
2026-03-12 15:57:35.404 | DEBUG    | baldaquin.buf:_write:285 - 1500 bytes written to disk.
2026-03-12 15:57:35.404 | DEBUG    | baldaquin.buf:open:104 - Ouput file /home/lab1-student/baldaquindata/plasduino/0309_000092/0309_000092_data.txt closed.
2026-03-12 15:57:35.404 | DEBUG    | baldaquin.buf:open:100 - Opening output file /home/lab1-student/baldaquindata/plasduino/0309_000093/0309_000093_data.txt {'mode': 'at', 'encoding': 'utf-8'}...
2026-03-12 15:57:35.404 | DEBUG    | baldaquin.buf:_write:285 - 1500 bytes written to disk.
2026-03-12 15:57:35.404 | DEBUG    | baldaquin.buf:open:104 - Ouput file /home/lab1-student/baldaquindata/plasduino/0309_000093/0309_000093_data.txt closed.
2026-03-12 15:57:35.404 | DEBUG    | baldaquin.buf:open:100 - Opening output file /home/lab1-student/baldaquindata/plasduino/0309_000094/0309_000094_data.txt {'mode': 'at', 'encoding': 'utf-8'}...
2026-03-12 15:57:35.405 | DEBUG    | baldaquin.buf:_write:285 - 1500 bytes written to disk.
2026-03-12 15:57:35.405 | DEBUG    | baldaquin.buf:open:104 - Ouput file /home/lab1-student/baldaquindata/plasduino/0309_000094/0309_000094_data.txt closed.
2026-03-12 15:57:35.405 | DEBUG    | baldaquin.buf:open:100 - Opening output file /home/lab1-student/baldaquindata/plasduino/0309_000095/0309_000095_data.txt {'mode': 'at', 'encoding': 'utf-8'}...
2026-03-12 15:57:35.406 | DEBUG    | baldaquin.buf:_write:285 - 1500 bytes written to disk.
2026-03-12 15:57:35.406 | DEBUG    | baldaquin.buf:open:104 - Ouput file /home/lab1-student/baldaquindata/plasduino/0309_000095/0309_000095_data.txt closed.
2026-03-12 15:57:35.406 | DEBUG    | baldaquin.buf:open:100 - Opening output file /home/lab1-student/baldaquindata/plasduino/0309_000096/0309_000096_data.txt {'mode': 'at', 'encoding': 'utf-8'}...
2026-03-12 15:57:35.406 | DEBUG    | baldaquin.buf:_write:285 - 1500 bytes written to disk.
2026-03-12 15:57:35.406 | DEBUG    | baldaquin.buf:open:104 - Ouput file /home/lab1-student/baldaquindata/plasduino/0309_000096/0309_000096_data.txt closed.
2026-03-12 15:57:35.407 | DEBUG    | baldaquin.buf:open:100 - Opening output file /home/lab1-student/baldaquindata/plasduino/0309_000097/0309_000097_data.txt {'mode': 'at', 'encoding': 'utf-8'}...
2026-03-12 15:57:35.407 | DEBUG    | baldaquin.buf:_write:285 - 1500 bytes written to disk.
2026-03-12 15:57:35.407 | DEBUG    | baldaquin.buf:open:104 - Ouput file /home/lab1-student/baldaquindata/plasduino/0309_000097/0309_000097_data.txt closed.
2026-03-12 15:57:35.407 | DEBUG    | baldaquin.buf:open:100 - Opening output file /home/lab1-student/baldaquindata/plasduino/0309_000098/0309_000098_data.txt {'mode': 'at', 'encoding': 'utf-8'}...
2026-03-12 15:57:35.408 | DEBUG    | baldaquin.buf:_write:285 - 1500 bytes written to disk.
2026-03-12 15:57:35.408 | DEBUG    | baldaquin.buf:open:104 - Ouput file /home/lab1-student/baldaquindata/plasduino/0309_000098/0309_000098_data.txt closed.
2026-03-12 15:57:35.408 | DEBUG    | baldaquin.buf:open:100 - Opening output file /home/lab1-student/baldaquindata/plasduino/0309_000098/0309_000098_data.dat {'mode': 'ab'}...
2026-03-12 15:57:35.408 | DEBUG    | baldaquin.buf:_pop_and_write_raw:259 - 800 bytes written to disk.
2026-03-12 15:57:35.408 | DEBUG    | baldaquin.buf:open:104 - Ouput file /home/lab1-student/baldaquindata/plasduino/0309_000098/0309_000098_data.dat closed.
2026-03-12 15:57:35.408 | INFO     | baldaquin.buf:flush:318 - 20300 bytes (800 raw bytes) written to disk.
2026-03-12 15:57:35.408 | DEBUG    | baldaquin.profile:wrap:32 - Running time for flush(): 0.014213 s
2026-03-12 15:57:37.947 | INFO     | baldaquin.buf:flush:309 - 100 packets ready to be written out...
2026-03-12 15:57:37.951 | DEBUG    | baldaquin.buf:open:100 - Opening output file /home/lab1-student/baldaquindata/plasduino/0309_000086/0309_000086_data.txt {'mode': 'at', 'encoding': 'utf-8'}...
2026-03-12 15:57:37.957 | DEBUG    | baldaquin.buf:_write:285 - 1500 bytes written to disk.
2026-03-12 15:57:37.957 | DEBUG    | baldaquin.buf:open:104 - Ouput file /home/lab1-student/baldaquindata/plasduino/0309_000086/0309_000086_data.txt closed.
2026-03-12 15:57:37.958 | DEBUG    | baldaquin.buf:open:100 - Opening output file /home/lab1-student/baldaquindata/plasduino/0309_000087/0309_000087_data.txt {'mode': 'at', 'encoding': 'utf-8'}...
2026-03-12 15:57:37.958 | DEBUG    | baldaquin.buf:_write:285 - 1500 bytes written to disk.
2026-03-12 15:57:37.958 | DEBUG    | baldaquin.buf:open:104 - Ouput file /home/lab1-student/baldaquindata/plasduino/0309_000087/0309_000087_data.txt closed.
2026-03-12 15:57:37.959 | DEBUG    | baldaquin.buf:open:100 - Opening output file /home/lab1-student/baldaquindata/plasduino/0309_000088/0309_000088_data.txt {'mode': 'at', 'encoding': 'utf-8'}...
2026-03-12 15:57:37.962 | DEBUG    | baldaquin.buf:_write:285 - 1500 bytes written to disk.
2026-03-12 15:57:37.968 | DEBUG    | baldaquin.buf:open:104 - Ouput file /home/lab1-student/baldaquindata/plasduino/0309_000088/0309_000088_data.txt closed.
2026-03-12 15:57:37.969 | DEBUG    | baldaquin.buf:open:100 - Opening output file /home/lab1-student/baldaquindata/plasduino/0309_000089/0309_000089_data.txt {'mode': 'at', 'encoding': 'utf-8'}...
2026-03-12 15:57:37.969 | DEBUG    | baldaquin.buf:_write:285 - 1500 bytes written to disk.
2026-03-12 15:57:37.970 | DEBUG    | baldaquin.buf:open:104 - Ouput file /home/lab1-student/baldaquindata/plasduino/0309_000089/0309_000089_data.txt closed.
2026-03-12 15:57:37.981 | DEBUG    | baldaquin.buf:open:100 - Opening output file /home/lab1-student/baldaquindata/plasduino/0309_000090/0309_000090_data.txt {'mode': 'at', 'encoding': 'utf-8'}...
2026-03-12 15:57:37.985 | DEBUG    | baldaquin.buf:_write:285 - 1500 bytes written to disk.
2026-03-12 15:57:37.996 | DEBUG    | baldaquin.buf:open:104 - Ouput file /home/lab1-student/baldaquindata/plasduino/0309_000090/0309_000090_data.txt closed.
2026-03-12 15:57:37.996 | DEBUG    | baldaquin.buf:open:100 - Opening output file /home/lab1-student/baldaquindata/plasduino/0309_000091/0309_000091_data.txt {'mode': 'at', 'encoding': 'utf-8'}...
2026-03-12 15:57:37.997 | DEBUG    | baldaquin.buf:_write:285 - 1500 bytes written to disk.
2026-03-12 15:57:37.997 | DEBUG    | baldaquin.buf:open:104 - Ouput file /home/lab1-student/baldaquindata/plasduino/0309_000091/0309_000091_data.txt closed.
2026-03-12 15:57:37.997 | DEBUG    | baldaquin.buf:open:100 - Opening output file /home/lab1-student/baldaquindata/plasduino/0309_000092/0309_000092_data.txt {'mode': 'at', 'encoding': 'utf-8'}...
2026-03-12 15:57:37.998 | DEBUG    | baldaquin.buf:_write:285 - 1500 bytes written to disk.
2026-03-12 15:57:37.998 | DEBUG    | baldaquin.buf:open:104 - Ouput file /home/lab1-student/baldaquindata/plasduino/0309_000092/0309_000092_data.txt closed.
2026-03-12 15:57:37.998 | DEBUG    | baldaquin.buf:open:100 - Opening output file /home/lab1-student/baldaquindata/plasduino/0309_000093/0309_000093_data.txt {'mode': 'at', 'encoding': 'utf-8'}...
2026-03-12 15:57:37.999 | DEBUG    | baldaquin.buf:_write:285 - 1500 bytes written to disk.
2026-03-12 15:57:37.999 | DEBUG    | baldaquin.buf:open:104 - Ouput file /home/lab1-student/baldaquindata/plasduino/0309_000093/0309_000093_data.txt closed.
2026-03-12 15:57:37.999 | DEBUG    | baldaquin.buf:open:100 - Opening output file /home/lab1-student/baldaquindata/plasduino/0309_000094/0309_000094_data.txt {'mode': 'at', 'encoding': 'utf-8'}...
2026-03-12 15:57:38.018 | DEBUG    | baldaquin.buf:_write:285 - 1500 bytes written to disk.
2026-03-12 15:57:38.018 | DEBUG    | baldaquin.buf:open:104 - Ouput file /home/lab1-student/baldaquindata/plasduino/0309_000094/0309_000094_data.txt closed.
2026-03-12 15:57:38.018 | DEBUG    | baldaquin.buf:open:100 - Opening output file /home/lab1-student/baldaquindata/plasduino/0309_000095/0309_000095_data.txt {'mode': 'at', 'encoding': 'utf-8'}...
2026-03-12 15:57:38.019 | DEBUG    | baldaquin.buf:_write:285 - 1500 bytes written to disk.
2026-03-12 15:57:38.019 | DEBUG    | baldaquin.buf:open:104 - Ouput file /home/lab1-student/baldaquindata/plasduino/0309_000095/0309_000095_data.txt closed.
2026-03-12 15:57:38.019 | DEBUG    | baldaquin.buf:open:100 - Opening output file /home/lab1-student/baldaquindata/plasduino/0309_000096/0309_000096_data.txt {'mode': 'at', 'encoding': 'utf-8'}...
2026-03-12 15:57:38.019 | DEBUG    | baldaquin.buf:_write:285 - 1500 bytes written to disk.
2026-03-12 15:57:38.019 | DEBUG    | baldaquin.buf:open:104 - Ouput file /home/lab1-student/baldaquindata/plasduino/0309_000096/0309_000096_data.txt closed.
2026-03-12 15:57:38.019 | DEBUG    | baldaquin.buf:open:100 - Opening output file /home/lab1-student/baldaquindata/plasduino/0309_000097/0309_000097_data.txt {'mode': 'at', 'encoding': 'utf-8'}...
2026-03-12 15:57:38.020 | DEBUG    | baldaquin.buf:_write:285 - 1500 bytes written to disk.
2026-03-12 15:57:38.020 | DEBUG    | baldaquin.buf:open:104 - Ouput file /home/lab1-student/baldaquindata/plasduino/0309_000097/0309_000097_data.txt closed.
2026-03-12 15:57:38.020 | DEBUG    | baldaquin.buf:open:100 - Opening output file /home/lab1-student/baldaquindata/plasduino/0309_000098/0309_000098_data.txt {'mode': 'at', 'encoding': 'utf-8'}...
2026-03-12 15:57:38.021 | DEBUG    | baldaquin.buf:_write:285 - 1500 bytes written to disk.
2026-03-12 15:57:38.021 | DEBUG    | baldaquin.buf:open:104 - Ouput file /home/lab1-student/baldaquindata/plasduino/0309_000098/0309_000098_data.txt closed.
2026-03-12 15:57:38.021 | DEBUG    | baldaquin.buf:open:100 - Opening output file /home/lab1-student/baldaquindata/plasduino/0309_000098/0309_000098_data.dat {'mode': 'ab'}...
2026-03-12 15:57:38.021 | DEBUG    | baldaquin.buf:_pop_and_write_raw:259 - 800 bytes written to disk.
2026-03-12 15:57:38.021 | DEBUG    | baldaquin.buf:open:104 - Ouput file /home/lab1-student/baldaquindata/plasduino/0309_000098/0309_000098_data.dat closed.
2026-03-12 15:57:38.021 | INFO     | baldaquin.buf:flush:318 - 20300 bytes (800 raw bytes) written to disk.
2026-03-12 15:57:38.022 | DEBUG    | baldaquin.profile:wrap:32 - Running time for flush(): 0.074788 s
2026-03-12 15:57:38.466 | INFO     | baldaquin.app:stop_run:90 - Stopping Pendulum View user application...
2026-03-12 15:57:38.491 | INFO     | baldaquin.buf:flush:309 - 22 packets ready to be written out...
2026-03-12 15:57:38.491 | DEBUG    | baldaquin.buf:open:100 - Opening output file /home/lab1-student/baldaquindata/plasduino/0309_000086/0309_000086_data.txt {'mode': 'at', 'encoding': 'utf-8'}...
2026-03-12 15:57:38.491 | DEBUG    | baldaquin.buf:_write:285 - 330 bytes written to disk.
2026-03-12 15:57:38.492 | DEBUG    | baldaquin.buf:open:104 - Ouput file /home/lab1-student/baldaquindata/plasduino/0309_000086/0309_000086_data.txt closed.
2026-03-12 15:57:38.492 | DEBUG    | baldaquin.buf:open:100 - Opening output file /home/lab1-student/baldaquindata/plasduino/0309_000087/0309_000087_data.txt {'mode': 'at', 'encoding': 'utf-8'}...
2026-03-12 15:57:38.492 | DEBUG    | baldaquin.buf:_write:285 - 330 bytes written to disk.
2026-03-12 15:57:38.492 | DEBUG    | baldaquin.buf:open:104 - Ouput file /home/lab1-student/baldaquindata/plasduino/0309_000087/0309_000087_data.txt closed.
2026-03-12 15:57:38.492 | DEBUG    | baldaquin.buf:open:100 - Opening output file /home/lab1-student/baldaquindata/plasduino/0309_000088/0309_000088_data.txt {'mode': 'at', 'encoding': 'utf-8'}...
2026-03-12 15:57:38.492 | DEBUG    | baldaquin.buf:_write:285 - 330 bytes written to disk.
2026-03-12 15:57:38.492 | DEBUG    | baldaquin.buf:open:104 - Ouput file /home/lab1-student/baldaquindata/plasduino/0309_000088/0309_000088_data.txt closed.
2026-03-12 15:57:38.493 | DEBUG    | baldaquin.buf:open:100 - Opening output file /home/lab1-student/baldaquindata/plasduino/0309_000089/0309_000089_data.txt {'mode': 'at', 'encoding': 'utf-8'}...
2026-03-12 15:57:38.493 | DEBUG    | baldaquin.buf:_write:285 - 330 bytes written to disk.
2026-03-12 15:57:38.493 | DEBUG    | baldaquin.buf:open:104 - Ouput file /home/lab1-student/baldaquindata/plasduino/0309_000089/0309_000089_data.txt closed.
2026-03-12 15:57:38.493 | DEBUG    | baldaquin.buf:open:100 - Opening output file /home/lab1-student/baldaquindata/plasduino/0309_000090/0309_000090_data.txt {'mode': 'at', 'encoding': 'utf-8'}...
2026-03-12 15:57:38.493 | DEBUG    | baldaquin.buf:_write:285 - 330 bytes written to disk.
2026-03-12 15:57:38.493 | DEBUG    | baldaquin.buf:open:104 - Ouput file /home/lab1-student/baldaquindata/plasduino/0309_000090/0309_000090_data.txt closed.
2026-03-12 15:57:38.493 | DEBUG    | baldaquin.buf:open:100 - Opening output file /home/lab1-student/baldaquindata/plasduino/0309_000091/0309_000091_data.txt {'mode': 'at', 'encoding': 'utf-8'}...
2026-03-12 15:57:38.494 | DEBUG    | baldaquin.buf:_write:285 - 330 bytes written to disk.
2026-03-12 15:57:38.494 | DEBUG    | baldaquin.buf:open:104 - Ouput file /home/lab1-student/baldaquindata/plasduino/0309_000091/0309_000091_data.txt closed.
2026-03-12 15:57:38.494 | DEBUG    | baldaquin.buf:open:100 - Opening output file /home/lab1-student/baldaquindata/plasduino/0309_000092/0309_000092_data.txt {'mode': 'at', 'encoding': 'utf-8'}...
2026-03-12 15:57:38.494 | DEBUG    | baldaquin.buf:_write:285 - 330 bytes written to disk.
2026-03-12 15:57:38.494 | DEBUG    | baldaquin.buf:open:104 - Ouput file /home/lab1-student/baldaquindata/plasduino/0309_000092/0309_000092_data.txt closed.
2026-03-12 15:57:38.494 | DEBUG    | baldaquin.buf:open:100 - Opening output file /home/lab1-student/baldaquindata/plasduino/0309_000093/0309_000093_data.txt {'mode': 'at', 'encoding': 'utf-8'}...
2026-03-12 15:57:38.494 | DEBUG    | baldaquin.buf:_write:285 - 330 bytes written to disk.
2026-03-12 15:57:38.494 | DEBUG    | baldaquin.buf:open:104 - Ouput file /home/lab1-student/baldaquindata/plasduino/0309_000093/0309_000093_data.txt closed.
2026-03-12 15:57:38.494 | DEBUG    | baldaquin.buf:open:100 - Opening output file /home/lab1-student/baldaquindata/plasduino/0309_000094/0309_000094_data.txt {'mode': 'at', 'encoding': 'utf-8'}...
2026-03-12 15:57:38.495 | DEBUG    | baldaquin.buf:_write:285 - 330 bytes written to disk.
2026-03-12 15:57:38.495 | DEBUG    | baldaquin.buf:open:104 - Ouput file /home/lab1-student/baldaquindata/plasduino/0309_000094/0309_000094_data.txt closed.
2026-03-12 15:57:38.495 | DEBUG    | baldaquin.buf:open:100 - Opening output file /home/lab1-student/baldaquindata/plasduino/0309_000095/0309_000095_data.txt {'mode': 'at', 'encoding': 'utf-8'}...
2026-03-12 15:57:38.495 | DEBUG    | baldaquin.buf:_write:285 - 330 bytes written to disk.
2026-03-12 15:57:38.495 | DEBUG    | baldaquin.buf:open:104 - Ouput file /home/lab1-student/baldaquindata/plasduino/0309_000095/0309_000095_data.txt closed.
2026-03-12 15:57:38.495 | DEBUG    | baldaquin.buf:open:100 - Opening output file /home/lab1-student/baldaquindata/plasduino/0309_000096/0309_000096_data.txt {'mode': 'at', 'encoding': 'utf-8'}...
2026-03-12 15:57:38.496 | DEBUG    | baldaquin.buf:_write:285 - 330 bytes written to disk.
2026-03-12 15:57:38.496 | DEBUG    | baldaquin.buf:open:104 - Ouput file /home/lab1-student/baldaquindata/plasduino/0309_000096/0309_000096_data.txt closed.
2026-03-12 15:57:38.496 | DEBUG    | baldaquin.buf:open:100 - Opening output file /home/lab1-student/baldaquindata/plasduino/0309_000097/0309_000097_data.txt {'mode': 'at', 'encoding': 'utf-8'}...
2026-03-12 15:57:38.496 | DEBUG    | baldaquin.buf:_write:285 - 330 bytes written to disk.
2026-03-12 15:57:38.496 | DEBUG    | baldaquin.buf:open:104 - Ouput file /home/lab1-student/baldaquindata/plasduino/0309_000097/0309_000097_data.txt closed.
2026-03-12 15:57:38.496 | DEBUG    | baldaquin.buf:open:100 - Opening output file /home/lab1-student/baldaquindata/plasduino/0309_000098/0309_000098_data.txt {'mode': 'at', 'encoding': 'utf-8'}...
2026-03-12 15:57:38.496 | DEBUG    | baldaquin.buf:_write:285 - 330 bytes written to disk.
2026-03-12 15:57:38.496 | DEBUG    | baldaquin.buf:open:104 - Ouput file /home/lab1-student/baldaquindata/plasduino/0309_000098/0309_000098_data.txt closed.
2026-03-12 15:57:38.496 | DEBUG    | baldaquin.buf:open:100 - Opening output file /home/lab1-student/baldaquindata/plasduino/0309_000098/0309_000098_data.dat {'mode': 'ab'}...
2026-03-12 15:57:38.497 | DEBUG    | baldaquin.buf:_pop_and_write_raw:259 - 176 bytes written to disk.
2026-03-12 15:57:38.497 | DEBUG    | baldaquin.buf:open:104 - Ouput file /home/lab1-student/baldaquindata/plasduino/0309_000098/0309_000098_data.dat closed.
2026-03-12 15:57:38.497 | INFO     | baldaquin.buf:flush:318 - 4466 bytes (176 raw bytes) written to disk.
2026-03-12 15:57:38.497 | DEBUG    | baldaquin.profile:wrap:32 - Running time for flush(): 0.005944 s
2026-03-12 15:57:38.497 | DEBUG    | baldaquin.plasduino.common:write_opcode:132 - Writing 2 to the serial port...
2026-03-12 15:57:38.497 | INFO     | baldaquin.plasduino.common:wait_pending_packets:321 - Waiting 250 ms for pending packet(s)...
2026-03-12 15:57:38.747 | INFO     | baldaquin.plasduino.common:wait_pending_packets:332 - Reading the last 1 packet(s) from the serial port...
2026-03-12 15:57:38.748 | INFO     | baldaquin.buf:flush:309 - 1 packets ready to be written out...
2026-03-12 15:57:38.748 | DEBUG    | baldaquin.buf:open:100 - Opening output file /home/lab1-student/baldaquindata/plasduino/0309_000086/0309_000086_data.txt {'mode': 'at', 'encoding': 'utf-8'}...
2026-03-12 15:57:38.748 | DEBUG    | baldaquin.buf:_write:285 - 15 bytes written to disk.
2026-03-12 15:57:38.748 | DEBUG    | baldaquin.buf:open:104 - Ouput file /home/lab1-student/baldaquindata/plasduino/0309_000086/0309_000086_data.txt closed.
2026-03-12 15:57:38.748 | DEBUG    | baldaquin.buf:open:100 - Opening output file /home/lab1-student/baldaquindata/plasduino/0309_000087/0309_000087_data.txt {'mode': 'at', 'encoding': 'utf-8'}...
2026-03-12 15:57:38.748 | DEBUG    | baldaquin.buf:_write:285 - 15 bytes written to disk.
2026-03-12 15:57:38.748 | DEBUG    | baldaquin.buf:open:104 - Ouput file /home/lab1-student/baldaquindata/plasduino/0309_000087/0309_000087_data.txt closed.
2026-03-12 15:57:38.749 | DEBUG    | baldaquin.buf:open:100 - Opening output file /home/lab1-student/baldaquindata/plasduino/0309_000088/0309_000088_data.txt {'mode': 'at', 'encoding': 'utf-8'}...
2026-03-12 15:57:38.749 | DEBUG    | baldaquin.buf:_write:285 - 15 bytes written to disk.
2026-03-12 15:57:38.749 | DEBUG    | baldaquin.buf:open:104 - Ouput file /home/lab1-student/baldaquindata/plasduino/0309_000088/0309_000088_data.txt closed.
2026-03-12 15:57:38.749 | DEBUG    | baldaquin.buf:open:100 - Opening output file /home/lab1-student/baldaquindata/plasduino/0309_000089/0309_000089_data.txt {'mode': 'at', 'encoding': 'utf-8'}...
2026-03-12 15:57:38.749 | DEBUG    | baldaquin.buf:_write:285 - 15 bytes written to disk.
2026-03-12 15:57:38.749 | DEBUG    | baldaquin.buf:open:104 - Ouput file /home/lab1-student/baldaquindata/plasduino/0309_000089/0309_000089_data.txt closed.
2026-03-12 15:57:38.749 | DEBUG    | baldaquin.buf:open:100 - Opening output file /home/lab1-student/baldaquindata/plasduino/0309_000090/0309_000090_data.txt {'mode': 'at', 'encoding': 'utf-8'}...
2026-03-12 15:57:38.749 | DEBUG    | baldaquin.buf:_write:285 - 15 bytes written to disk.
2026-03-12 15:57:38.749 | DEBUG    | baldaquin.buf:open:104 - Ouput file /home/lab1-student/baldaquindata/plasduino/0309_000090/0309_000090_data.txt closed.
2026-03-12 15:57:38.749 | DEBUG    | baldaquin.buf:open:100 - Opening output file /home/lab1-student/baldaquindata/plasduino/0309_000091/0309_000091_data.txt {'mode': 'at', 'encoding': 'utf-8'}...
2026-03-12 15:57:38.750 | DEBUG    | baldaquin.buf:_write:285 - 15 bytes written to disk.
2026-03-12 15:57:38.750 | DEBUG    | baldaquin.buf:open:104 - Ouput file /home/lab1-student/baldaquindata/plasduino/0309_000091/0309_000091_data.txt closed.
2026-03-12 15:57:38.750 | DEBUG    | baldaquin.buf:open:100 - Opening output file /home/lab1-student/baldaquindata/plasduino/0309_000092/0309_000092_data.txt {'mode': 'at', 'encoding': 'utf-8'}...
2026-03-12 15:57:38.750 | DEBUG    | baldaquin.buf:_write:285 - 15 bytes written to disk.
2026-03-12 15:57:38.750 | DEBUG    | baldaquin.buf:open:104 - Ouput file /home/lab1-student/baldaquindata/plasduino/0309_000092/0309_000092_data.txt closed.
2026-03-12 15:57:38.750 | DEBUG    | baldaquin.buf:open:100 - Opening output file /home/lab1-student/baldaquindata/plasduino/0309_000093/0309_000093_data.txt {'mode': 'at', 'encoding': 'utf-8'}...
2026-03-12 15:57:38.750 | DEBUG    | baldaquin.buf:_write:285 - 15 bytes written to disk.
2026-03-12 15:57:38.750 | DEBUG    | baldaquin.buf:open:104 - Ouput file /home/lab1-student/baldaquindata/plasduino/0309_000093/0309_000093_data.txt closed.
2026-03-12 15:57:38.750 | DEBUG    | baldaquin.buf:open:100 - Opening output file /home/lab1-student/baldaquindata/plasduino/0309_000094/0309_000094_data.txt {'mode': 'at', 'encoding': 'utf-8'}...
2026-03-12 15:57:38.750 | DEBUG    | baldaquin.buf:_write:285 - 15 bytes written to disk.
2026-03-12 15:57:38.750 | DEBUG    | baldaquin.buf:open:104 - Ouput file /home/lab1-student/baldaquindata/plasduino/0309_000094/0309_000094_data.txt closed.
2026-03-12 15:57:38.751 | DEBUG    | baldaquin.buf:open:100 - Opening output file /home/lab1-student/baldaquindata/plasduino/0309_000095/0309_000095_data.txt {'mode': 'at', 'encoding': 'utf-8'}...
2026-03-12 15:57:38.751 | DEBUG    | baldaquin.buf:_write:285 - 15 bytes written to disk.
2026-03-12 15:57:38.751 | DEBUG    | baldaquin.buf:open:104 - Ouput file /home/lab1-student/baldaquindata/plasduino/0309_000095/0309_000095_data.txt closed.
2026-03-12 15:57:38.751 | DEBUG    | baldaquin.buf:open:100 - Opening output file /home/lab1-student/baldaquindata/plasduino/0309_000096/0309_000096_data.txt {'mode': 'at', 'encoding': 'utf-8'}...
2026-03-12 15:57:38.751 | DEBUG    | baldaquin.buf:_write:285 - 15 bytes written to disk.
2026-03-12 15:57:38.751 | DEBUG    | baldaquin.buf:open:104 - Ouput file /home/lab1-student/baldaquindata/plasduino/0309_000096/0309_000096_data.txt closed.
2026-03-12 15:57:38.751 | DEBUG    | baldaquin.buf:open:100 - Opening output file /home/lab1-student/baldaquindata/plasduino/0309_000097/0309_000097_data.txt {'mode': 'at', 'encoding': 'utf-8'}...
2026-03-12 15:57:38.751 | DEBUG    | baldaquin.buf:_write:285 - 15 bytes written to disk.
2026-03-12 15:57:38.751 | DEBUG    | baldaquin.buf:open:104 - Ouput file /home/lab1-student/baldaquindata/plasduino/0309_000097/0309_000097_data.txt closed.
2026-03-12 15:57:38.751 | DEBUG    | baldaquin.buf:open:100 - Opening output file /home/lab1-student/baldaquindata/plasduino/0309_000098/0309_000098_data.txt {'mode': 'at', 'encoding': 'utf-8'}...
2026-03-12 15:57:38.751 | DEBUG    | baldaquin.buf:_write:285 - 15 bytes written to disk.
2026-03-12 15:57:38.752 | DEBUG    | baldaquin.buf:open:104 - Ouput file /home/lab1-student/baldaquindata/plasduino/0309_000098/0309_000098_data.txt closed.
2026-03-12 15:57:38.752 | DEBUG    | baldaquin.buf:open:100 - Opening output file /home/lab1-student/baldaquindata/plasduino/0309_000098/0309_000098_data.dat {'mode': 'ab'}...
2026-03-12 15:57:38.752 | DEBUG    | baldaquin.buf:_pop_and_write_raw:259 - 8 bytes written to disk.
2026-03-12 15:57:38.752 | DEBUG    | baldaquin.buf:open:104 - Ouput file /home/lab1-student/baldaquindata/plasduino/0309_000098/0309_000098_data.dat closed.
2026-03-12 15:57:38.752 | INFO     | baldaquin.buf:flush:318 - 203 bytes (8 raw bytes) written to disk.
2026-03-12 15:57:38.752 | DEBUG    | baldaquin.profile:wrap:32 - Running time for flush(): 0.004225 s
2026-03-12 15:57:38.752 | INFO     | baldaquin.plasduino.common:read_run_end_marker:90 - Waiting for the run end marker...
2026-03-12 15:57:38.752 | INFO     | baldaquin.plasduino.common:read_run_end_marker:95 - Run end marker correctly read.
2026-03-12 15:57:38.752 | DEBUG    | __main__:post_stop:90 - Clearing strip charts...
2026-03-12 15:57:38.752 | DEBUG    | __main__:post_stop:99 - Re-reading all run data from disk...
2026-03-12 15:57:38.753 | DEBUG    | baldaquin.pkt:open:393 - Opening input packet file /home/lab1-student/baldaquindata/plasduino/0309_000098/0309_000098_data.dat...
2026-03-12 15:57:38.763 | DEBUG    | baldaquin.pkt:open:398 - Input file /home/lab1-student/baldaquindata/plasduino/0309_000098/0309_000098_data.dat closed.
2026-03-12 15:57:38.763 | DEBUG    | baldaquin.plasduino.common:activate_cursors:446 - Activating vertical cursor on strip charts...
2026-03-12 15:57:38.841 | INFO     | baldaquin.runctrl:stop_run:658 - Run Control stopped on 2026-03-12 15:57:38.840923+01:00 (1773327458.840923 s)
2026-03-12 15:57:38.841 | INFO     | baldaquin.runctrl:stop_run:659 - Total elapsed time: 38.984213 s.
