# Created on 2026-03-12 15:56:59.857791+01:00 (1773327419.857791 s)
# baldaquin version: 0.10.0
# Creator: Pendulum View
# Pin number, Time [s], Position [a. u.]
4, 0.025, 373
5, 0.051, 490
4, 0.075, 373
5, 0.101, 490
4, 0.127, 373
5, 0.152, 491
4, 0.177, 373
5, 0.202, 491
4, 0.228, 373
5, 0.254, 491
4, 0.278, 373
5, 0.304, 490
4, 0.329, 374
5, 0.355, 490
4, 0.381, 373
5, 0.405, 491
4, 0.431, 373
5, 0.456, 492
4, 0.482, 373
5, 0.507, 491
4, 0.532, 373
5, 0.558, 491
4, 0.583, 374
5, 0.608, 491
4, 0.634, 373
5, 0.659, 491
4, 0.685, 373
5, 0.709, 491
4, 0.735, 373
5, 0.761, 491
4, 0.786, 373
5, 0.811, 491
4, 0.836, 373
5, 0.862, 492
4, 0.888, 373
5, 0.912, 491
4, 0.938, 373
5, 0.963, 491
4, 0.989, 373
5, 1.013, 491
4, 1.039, 373
5, 1.065, 491
4, 1.090, 373
5, 1.115, 491
4, 1.140, 374
5, 1.166, 491
4, 1.192, 373
5, 1.216, 491
4, 1.242, 373
5, 1.267, 491
4, 1.293, 374
5, 1.318, 491
4, 1.343, 374
5, 1.369, 491
4, 1.394, 374
5, 1.419, 490
4, 1.445, 374
5, 1.470, 491
4, 1.496, 374
5, 1.520, 490
4, 1.546, 373
5, 1.572, 491
4, 1.597, 374
5, 1.622, 491
4, 1.647, 374
5, 1.673, 491
4, 1.699, 374
5, 1.723, 491
4, 1.749, 374
5, 1.774, 491
4, 1.800, 374
5, 1.824, 491
4, 1.850, 374
5, 1.876, 491
4, 1.901, 374
5, 1.926, 490
4, 1.951, 374
5, 1.977, 490
4, 2.003, 374
5, 2.027, 491
4, 2.053, 374
5, 2.078, 490
4, 2.104, 374
5, 2.129, 491
4, 2.154, 374
5, 2.180, 491
4, 2.205, 374
5, 2.230, 491
4, 2.256, 374
5, 2.281, 491
4, 2.307, 374
5, 2.331, 491
4, 2.357, 374
5, 2.383, 491
4, 2.408, 374
5, 2.433, 491
4, 2.458, 374
5, 2.484, 491
4, 2.510, 374
5, 2.534, 492
4, 2.560, 373
5, 2.585, 491
4, 2.611, 374
5, 2.635, 491
4, 2.661, 374
5, 2.687, 491
4, 2.712, 374
5, 2.737, 491
4, 2.762, 374
5, 2.788, 491
4, 2.814, 374
5, 2.838, 491
4, 2.864, 374
5, 2.889, 491
4, 2.915, 374
5, 2.940, 491
4, 2.965, 374
5, 2.991, 491
4, 3.016, 375
5, 3.041, 490
4, 3.067, 375
5, 3.092, 491
4, 3.118, 375
5, 3.142, 491
4, 3.168, 374
5, 3.194, 491
4, 3.219, 374
5, 3.244, 490
4, 3.269, 374
5, 3.295, 491
4, 3.321, 374
5, 3.345, 490
4, 3.371, 374
5, 3.396, 490
4, 3.422, 375
5, 3.446, 490
4, 3.472, 375
5, 3.498, 490
4, 3.523, 374
5, 3.549, 491
4, 3.573, 375
5, 3.599, 491
4, 3.625, 375
5, 3.650, 492
4, 3.675, 377
5, 3.700, 496
4, 3.726, 381
5, 3.752, 503
4, 3.776, 388
5, 3.802, 513
4, 3.827, 396
5, 3.853, 523
4, 3.878, 407
5, 3.903, 535
4, 3.929, 418
5, 3.954, 549
4, 3.979, 431
5, 4.005, 562
4, 4.030, 442
5, 4.056, 575
4, 4.080, 455
5, 4.106, 585
4, 4.132, 464
5, 4.157, 595
4, 4.182, 473
5, 4.207, 602
4, 4.233, 479
5, 4.259, 607
4, 4.283, 483
5, 4.309, 608
4, 4.334, 484
5, 4.360, 606
4, 4.384, 483
5, 4.410, 602
4, 4.436, 479
5, 4.461, 596
4, 4.486, 472
5, 4.511, 586
4, 4.537, 463
5, 4.563, 575
4, 4.587, 453
5, 4.613, 563
4, 4.638, 441
5, 4.664, 550
4, 4.689, 430
5, 4.714, 537
4, 4.740, 417
5, 4.765, 525
4, 4.790, 407
5, 4.816, 514
4, 4.841, 396
5, 4.867, 505
4, 4.891, 388
5, 4.917, 498
4, 4.943, 381
5, 4.968, 494
4, 4.993, 378
5, 5.018, 493
4, 5.044, 377
5, 5.070, 494
4, 5.094, 379
5, 5.120, 499
4, 5.145, 383
5, 5.171, 506
4, 5.195, 389
5, 5.221, 516
4, 5.247, 399
5, 5.272, 527
4, 5.297, 409
5, 5.322, 539
4, 5.348, 420
5, 5.374, 552
4, 5.398, 432
5, 5.424, 565
4, 5.449, 444
5, 5.475, 576
4, 5.500, 455
5, 5.525, 586
4, 5.551, 465
5, 5.576, 596
4, 5.601, 473
5, 5.627, 602
4, 5.652, 480
5, 5.678, 605
4, 5.702, 483
5, 5.728, 606
4, 5.754, 485
5, 5.779, 605
4, 5.804, 482
5, 5.829, 599
4, 5.855, 479
5, 5.881, 592
4, 5.905, 472
5, 5.931, 583
4, 5.956, 464
5, 5.982, 572
4, 6.006, 453
5, 6.032, 560
4, 6.058, 441
5, 6.083, 547
4, 6.108, 430
5, 6.133, 535
4, 6.159, 418
5, 6.185, 524
4, 6.209, 406
5, 6.235, 514
4, 6.260, 397
5, 6.286, 505
4, 6.311, 388
5, 6.336, 499
4, 6.362, 383
5, 6.387, 496
4, 6.412, 380
5, 6.438, 496
4, 6.463, 378
5, 6.489, 497
4, 6.513, 380
5, 6.539, 502
4, 6.565, 385
5, 6.590, 510
4, 6.615, 391
5, 6.640, 519
4, 6.666, 400
5, 6.692, 529
4, 6.716, 411
5, 6.742, 542
4, 6.767, 422
5, 6.793, 554
4, 6.818, 434
5, 6.843, 566
4, 6.869, 446
5, 6.894, 577
4, 6.919, 457
5, 6.944, 587
4, 6.970, 467
5, 6.996, 595
4, 7.020, 475
5, 7.046, 600
4, 7.071, 481
5, 7.097, 603
4, 7.122, 484
5, 7.147, 604
4, 7.173, 484
5, 7.198, 602
4, 7.223, 482
5, 7.249, 597
4, 7.274, 478
5, 7.300, 589
4, 7.324, 472
5, 7.350, 580
4, 7.376, 463
5, 7.401, 569
4, 7.426, 452
5, 7.451, 558
4, 7.477, 441
5, 7.503, 546
4, 7.527, 429
5, 7.553, 535
4, 7.578, 417
5, 7.604, 523
4, 7.629, 405
5, 7.654, 514
4, 7.680, 397
5, 7.705, 506
4, 7.730, 388
5, 7.755, 501
4, 7.781, 382
5, 7.807, 498
4, 7.831, 379
5, 7.857, 498
4, 7.882, 378
5, 7.908, 501
4, 7.933, 381
5, 7.958, 505
4, 7.984, 385
5, 8.009, 513
4, 8.035, 393
5, 8.060, 522
4, 8.085, 402
5, 8.111, 533
4, 8.136, 412
5, 8.161, 544
4, 8.187, 423
5, 8.212, 556
4, 8.238, 436
5, 8.262, 567
4, 8.288, 448
5, 8.314, 578
4, 8.339, 458
5, 8.364, 587
4, 8.389, 468
5, 8.415, 594
4, 8.441, 476
5, 8.465, 599
4, 8.491, 481
5, 8.516, 602
4, 8.542, 485
5, 8.566, 602
4, 8.592, 486
5, 8.618, 599
4, 8.643, 483
5, 8.668, 594
4, 8.693, 477
5, 8.719, 586
4, 8.745, 471
5, 8.769, 577
4, 8.795, 462
5, 8.820, 567
4, 8.846, 452
5, 8.871, 556
4, 8.896, 440
5, 8.922, 544
4, 8.947, 428
5, 8.972, 534
4, 8.998, 416
5, 9.023, 523
4, 9.049, 405
5, 9.073, 513
4, 9.099, 396
5, 9.125, 507
4, 9.150, 388
5, 9.175, 502
4, 9.200, 383
5, 9.226, 500
4, 9.252, 380
5, 9.276, 500
4, 9.302, 380
5, 9.327, 503
4, 9.353, 382
5, 9.378, 509
4, 9.403, 387
5, 9.429, 515
4, 9.454, 394
5, 9.479, 525
4, 9.504, 404
5, 9.530, 535
4, 9.556, 415
5, 9.580, 546
4, 9.606, 426
5, 9.631, 557
4, 9.657, 438
5, 9.682, 568
4, 9.707, 449
5, 9.733, 577
4, 9.758, 460
5, 9.783, 586
4, 9.809, 471
5, 9.834, 594
4, 9.860, 478
5, 9.884, 598
4, 9.910, 482
5, 9.936, 600
4, 9.961, 485
5, 9.986, 599
4, 10.011, 485
5, 10.037, 597
4, 10.063, 482
5, 10.087, 591
4, 10.113, 478
5, 10.138, 584
4, 10.164, 470
5, 10.189, 575
4, 10.214, 461
5, 10.240, 565
4, 10.265, 450
5, 10.290, 555
4, 10.315, 438
5, 10.341, 544
4, 10.367, 426
5, 10.391, 533
4, 10.417, 414
5, 10.442, 523
4, 10.468, 405
5, 10.493, 515
4, 10.518, 395
5, 10.544, 508
4, 10.569, 388
5, 10.594, 504
4, 10.620, 382
5, 10.645, 503
4, 10.671, 380
5, 10.695, 503
4, 10.721, 380
5, 10.747, 506
4, 10.772, 383
5, 10.797, 511
4, 10.822, 389
5, 10.848, 519
4, 10.874, 396
5, 10.898, 528
4, 10.924, 406
5, 10.949, 538
4, 10.975, 417
5, 11.000, 548
4, 11.025, 428
5, 11.051, 559
4, 11.076, 440
5, 11.102, 568
4, 11.126, 451
5, 11.152, 578
4, 11.178, 463
5, 11.203, 586
4, 11.228, 472
5, 11.253, 592
4, 11.279, 479
5, 11.305, 596
4, 11.329, 484
5, 11.355, 597
4, 11.380, 486
5, 11.406, 597
4, 11.431, 485
5, 11.456, 594
4, 11.482, 482
5, 11.507, 589
4, 11.532, 477
5, 11.558, 582
4, 11.583, 469
5, 11.609, 573
4, 11.633, 460
5, 11.659, 563
4, 11.685, 448
5, 11.710, 553
4, 11.735, 436
5, 11.760, 542
4, 11.786, 425
5, 11.812, 533
4, 11.836, 413
5, 11.862, 523
4, 11.887, 403
5, 11.913, 515
4, 11.938, 394
5, 11.963, 510
4, 11.989, 387
5, 12.014, 506
4, 12.039, 383
5, 12.064, 504
4, 12.090, 381
5, 12.116, 505
4, 12.140, 382
5, 12.166, 508
4, 12.191, 385
5, 12.217, 513
4, 12.242, 391
5, 12.267, 520
4, 12.293, 399
5, 12.318, 528
4, 12.343, 408
5, 12.369, 538
4, 12.394, 420
5, 12.420, 548
4, 12.444, 431
5, 12.470, 559
4, 12.496, 443
5, 12.521, 568
4, 12.546, 455
5, 12.571, 577
4, 12.597, 465
5, 12.623, 584
4, 12.647, 473
5, 12.673, 590
4, 12.698, 480
5, 12.724, 594
4, 12.749, 484
5, 12.774, 596
4, 12.800, 485
5, 12.825, 594
4, 12.850, 485
5, 12.875, 591
4, 12.901, 481
5, 12.927, 586
4, 12.951, 475
5, 12.977, 580
4, 13.002, 467
5, 13.028, 572
4, 13.053, 457
5, 13.078, 563
4, 13.104, 446
5, 13.129, 552
4, 13.154, 434
5, 13.180, 543
4, 13.205, 422
5, 13.231, 533
4, 13.255, 412
5, 13.281, 524
4, 13.307, 401
5, 13.332, 517
4, 13.357, 393
5, 13.382, 512
4, 13.408, 386
5, 13.434, 508
4, 13.458, 382
5, 13.484, 507
4, 13.509, 381
5, 13.535, 507
4, 13.560, 383
5, 13.585, 510
4, 13.611, 387
5, 13.636, 515
4, 13.661, 393
5, 13.686, 522
4, 13.712, 401
5, 13.738, 531
4, 13.762, 411
5, 13.788, 540
4, 13.813, 422
5, 13.839, 549
4, 13.864, 434
5, 13.889, 559
4, 13.915, 447
5, 13.940, 568
4, 13.965, 457
5, 13.991, 576
4, 14.016, 467
5, 14.042, 584
4, 14.066, 475
5, 14.092, 589
4, 14.118, 481
5, 14.143, 593
4, 14.168, 485
5, 14.193, 594
4, 14.219, 487
5, 14.245, 593
4, 14.269, 485
5, 14.295, 589
4, 14.320, 481
5, 14.346, 585
4, 14.371, 474
5, 14.396, 578
4, 14.422, 465
5, 14.447, 570
4, 14.472, 456
5, 14.498, 561
4, 14.523, 444
5, 14.549, 552
4, 14.573, 433
5, 14.599, 542
4, 14.624, 421
5, 14.650, 533
4, 14.675, 410
5, 14.700, 525
4, 14.726, 400
5, 14.751, 517
4, 14.777, 392
5, 14.802, 512
4, 14.827, 387
5, 14.853, 509
4, 14.878, 383
5, 14.903, 508
4, 14.929, 383
5, 14.954, 509
4, 14.980, 385
5, 15.004, 512
4, 15.030, 389
5, 15.056, 516
4, 15.081, 396
5, 15.106, 523
4, 15.131, 405
5, 15.157, 531
4, 15.183, 415
5, 15.207, 540
4, 15.233, 425
5, 15.258, 550
4, 15.284, 437
5, 15.309, 559
4, 15.334, 448
5, 15.360, 568
4, 15.385, 459
5, 15.410, 576
4, 15.435, 469
5, 15.461, 583
4, 15.487, 477
5, 15.511, 589
4, 15.537, 481
5, 15.562, 591
4, 15.588, 485
5, 15.613, 592
4, 15.638, 486
5, 15.664, 591
4, 15.689, 483
5, 15.714, 588
4, 15.740, 479
5, 15.765, 584
4, 15.791, 472
5, 15.815, 578
4, 15.841, 463
5, 15.867, 569
4, 15.892, 453
5, 15.917, 561
4, 15.942, 441
5, 15.968, 552
4, 15.994, 430
5, 16.018, 542
4, 16.044, 418
5, 16.069, 534
4, 16.095, 408
5, 16.120, 526
4, 16.145, 399
5, 16.171, 519
4, 16.196, 392
5, 16.221, 513
4, 16.246, 386
5, 16.272, 511
4, 16.298, 384
5, 16.322, 510
4, 16.348, 384
5, 16.373, 510
4, 16.399, 386
5, 16.424, 513
4, 16.449, 392
5, 16.475, 518
4, 16.500, 398
5, 16.525, 525
4, 16.551, 407
5, 16.576, 532
4, 16.602, 417
5, 16.626, 540
4, 16.652, 429
5, 16.678, 550
4, 16.703, 440
5, 16.728, 559
4, 16.753, 451
5, 16.779, 568
4, 16.805, 461
5, 16.829, 575
4, 16.855, 470
5, 16.880, 582
4, 16.906, 477
5, 16.931, 587
4, 16.956, 482
5, 16.982, 590
4, 17.007, 485
5, 17.032, 591
4, 17.058, 485
5, 17.083, 590
4, 17.109, 482
5, 17.133, 588
4, 17.159, 476
5, 17.184, 583
4, 17.210, 469
5, 17.235, 577
4, 17.260, 461
5, 17.286, 569
4, 17.311, 450
5, 17.336, 560
4, 17.362, 439
5, 17.387, 552
4, 17.413, 428
5, 17.437, 542
4, 17.463, 417
5, 17.489, 534
4, 17.514, 407
5, 17.539, 526
4, 17.564, 399
5, 17.590, 519
4, 17.616, 392
5, 17.640, 514
4, 17.666, 387
5, 17.691, 511
4, 17.717, 386
5, 17.742, 510
4, 17.767, 386
5, 17.793, 511
4, 17.818, 389
5, 17.844, 514
4, 17.869, 394
5, 17.894, 518
4, 17.920, 402
5, 17.945, 525
4, 17.970, 411
5, 17.995, 533
4, 18.021, 422
5, 18.047, 541
4, 18.071, 432
5, 18.097, 550
4, 18.122, 443
5, 18.148, 559
4, 18.173, 454
5, 18.198, 567
4, 18.224, 464
5, 18.249, 576
4, 18.274, 472
5, 18.300, 581
4, 18.325, 478
5, 18.351, 586
4, 18.375, 482
5, 18.401, 590
4, 18.427, 484
5, 18.452, 591
4, 18.477, 483
5, 18.502, 589
4, 18.528, 480
5, 18.554, 587
4, 18.578, 474
5, 18.604, 582
4, 18.629, 467
5, 18.655, 576
4, 18.680, 457
5, 18.705, 568
4, 18.731, 448
5, 18.756, 560
4, 18.781, 437
5, 18.806, 551
4, 18.832, 426
5, 18.858, 542
4, 18.882, 415
5, 18.908, 534
4, 18.933, 406
5, 18.959, 526
4, 18.984, 398
5, 19.009, 520
4, 19.035, 392
5, 19.060, 515
4, 19.085, 389
5, 19.111, 512
4, 19.136, 387
5, 19.162, 511
4, 19.186, 388
5, 19.212, 512
4, 19.238, 391
5, 19.263, 515
4, 19.288, 397
5, 19.313, 520
4, 19.339, 405
5, 19.365, 526
4, 19.389, 414
5, 19.415, 533
4, 19.440, 424
5, 19.466, 541
4, 19.491, 435
5, 19.516, 551
4, 19.542, 445
5, 19.567, 559
4, 19.592, 455
5, 19.618, 568
4, 19.643, 465
5, 19.669, 575
4, 19.693, 473
5, 19.719, 581
4, 19.744, 478
5, 19.770, 587
4, 19.795, 481
5, 19.820, 589
4, 19.846, 483
5, 19.871, 590
4, 19.896, 481
5, 19.922, 589
4, 19.947, 478
5, 19.973, 586
4, 19.997, 472
5, 20.023, 582
4, 20.049, 464
5, 20.074, 575
4, 20.099, 455
5, 20.124, 568
4, 20.150, 445
5, 20.176, 559
4, 20.200, 434
5, 20.226, 551
4, 20.251, 424
5, 20.277, 541
4, 20.302, 415
5, 20.327, 533
4, 20.353, 406
5, 20.378, 526
4, 20.403, 398
5, 20.429, 520
4, 20.454, 393
5, 20.480, 515
4, 20.504, 389
5, 20.530, 512
4, 20.555, 389
5, 20.581, 511
4, 20.606, 391
5, 20.631, 512
4, 20.657, 394
5, 20.682, 515
4, 20.707, 400
5, 20.733, 520
4, 20.758, 408
5, 20.784, 526
4, 20.808, 417
5, 20.834, 534
4, 20.860, 427
5, 20.885, 542
4, 20.910, 437
5, 20.935, 551
4, 20.961, 447
5, 20.987, 560
4, 21.011, 457
5, 21.037, 568
4, 21.062, 465
5, 21.088, 576
4, 21.113, 472
5, 21.138, 581
4, 21.164, 477
5, 21.189, 587
4, 21.214, 480
5, 21.240, 589
4, 21.265, 481
5, 21.291, 590
4, 21.315, 479
5, 21.341, 589
4, 21.366, 475
5, 21.392, 585
4, 21.417, 470
5, 21.442, 581
4, 21.468, 462
5, 21.493, 575
4, 21.518, 453
5, 21.544, 568
4, 21.569, 443
5, 21.595, 558
4, 21.619, 433
5, 21.645, 550
4, 21.671, 423
5, 21.696, 542
4, 21.721, 413
5, 21.746, 533
4, 21.772, 405
5, 21.798, 526
4, 21.822, 400
5, 21.848, 519
4, 21.873, 394
5, 21.899, 515
4, 21.924, 392
5, 21.949, 512
4, 21.975, 391
5, 22.000, 511
4, 22.025, 393
5, 22.051, 512
4, 22.076, 397
5, 22.102, 516
4, 22.126, 404
5, 22.152, 521
4, 22.178, 411
5, 22.203, 527
4, 22.228, 420
5, 22.253, 535
4, 22.279, 429
5, 22.304, 543
4, 22.329, 439
5, 22.355, 552
4, 22.380, 448
5, 22.406, 561
4, 22.430, 458
5, 22.456, 570
4, 22.482, 466
5, 22.507, 576
4, 22.532, 472
5, 22.557, 582
4, 22.583, 476
5, 22.609, 587
4, 22.633, 479
5, 22.659, 589
4, 22.684, 479
5, 22.710, 590
4, 22.735, 476
5, 22.760, 588
4, 22.786, 473
5, 22.811, 586
4, 22.836, 467
5, 22.862, 580
4, 22.887, 460
5, 22.913, 574
4, 22.937, 451
5, 22.963, 566
4, 22.989, 441
5, 23.014, 558
4, 23.039, 431
5, 23.064, 549
4, 23.090, 422
5, 23.115, 540
4, 23.140, 414
5, 23.166, 532
4, 23.191, 406
5, 23.217, 525
4, 23.241, 401
5, 23.267, 519
4, 23.293, 396
5, 23.318, 515
4, 23.343, 394
5, 23.368, 512
4, 23.394, 394
5, 23.420, 512
4, 23.444, 396
5, 23.470, 513
4, 23.495, 400
5, 23.521, 516
4, 23.546, 406
5, 23.571, 521
4, 23.597, 414
5, 23.622, 528
4, 23.647, 422
5, 23.673, 536
4, 23.698, 431
5, 23.724, 545
4, 23.748, 441
5, 23.774, 553
4, 23.800, 450
5, 23.825, 561
4, 23.850, 459
5, 23.875, 570
4, 23.901, 466
5, 23.926, 577
4, 23.951, 472
5, 23.977, 583
4, 24.002, 475
5, 24.028, 587
4, 24.052, 478
5, 24.078, 590
4, 24.104, 477
5, 24.129, 590
4, 24.154, 475
5, 24.179, 588
4, 24.205, 471
5, 24.231, 584
4, 24.255, 465
5, 24.281, 580
4, 24.306, 457
5, 24.332, 573
4, 24.357, 448
5, 24.382, 565
4, 24.408, 440
5, 24.433, 557
4, 24.458, 431
5, 24.484, 548
4, 24.509, 422
5, 24.535, 539
4, 24.559, 414
5, 24.585, 531
4, 24.611, 407
5, 24.636, 524
4, 24.661, 401
5, 24.686, 517
4, 24.712, 398
5, 24.738, 514
4, 24.762, 396
5, 24.788, 512
4, 24.813, 396
5, 24.839, 512
4, 24.863, 399
5, 24.889, 513
4, 24.915, 403
5, 24.940, 517
4, 24.965, 409
5, 24.990, 523
4, 25.016, 416
5, 25.042, 529
4, 25.066, 424
5, 25.092, 537
4, 25.117, 433
5, 25.143, 545
4, 25.168, 442
5, 25.193, 555
4, 25.219, 451
5, 25.244, 563
4, 25.269, 459
5, 25.295, 571
4, 25.320, 465
5, 25.346, 578
4, 25.370, 470
5, 25.396, 584
4, 25.422, 474
5, 25.447, 587
4, 25.472, 476
5, 25.497, 590
4, 25.523, 475
5, 25.549, 590
4, 25.573, 472
5, 25.599, 588
4, 25.624, 468
5, 25.650, 584
4, 25.674, 463
5, 25.700, 578
4, 25.726, 455
5, 25.751, 572
4, 25.776, 447
5, 25.801, 563
4, 25.827, 439
5, 25.853, 555
4, 25.877, 431
5, 25.903, 546
4, 25.928, 422
5, 25.954, 537
4, 25.979, 415
5, 26.004, 529
4, 26.030, 409
5, 26.055, 522
4, 26.080, 403
5, 26.106, 517
4, 26.131, 400
5, 26.157, 514
4, 26.181, 399
5, 26.207, 511
4, 26.233, 399
5, 26.258, 512
4, 26.283, 402
5, 26.308, 513
4, 26.334, 406
5, 26.360, 518
4, 26.384, 411
5, 26.410, 524
4, 26.435, 419
5, 26.461, 530
4, 26.485, 426
5, 26.511, 538
4, 26.537, 435
5, 26.562, 547
4, 26.587, 443
5, 26.612, 556
4, 26.638, 451
5, 26.664, 565
4, 26.688, 458
5, 26.714, 572
4, 26.739, 465
5, 26.765, 579
4, 26.790, 469
5, 26.815, 585
4, 26.841, 472
5, 26.866, 588
4, 26.891, 474
5, 26.917, 589
4, 26.942, 473
5, 26.968, 589
4, 26.992, 470
5, 27.018, 586
4, 27.044, 467
5, 27.069, 582
4, 27.094, 461
5, 27.119, 577
4, 27.145, 454
5, 27.171, 570
4, 27.195, 446
5, 27.221, 562
4, 27.246, 438
5, 27.272, 553
4, 27.296, 430
5, 27.322, 545
4, 27.348, 422
5, 27.373, 536
4, 27.399, 415
5, 27.423, 529
4, 27.449, 409
5, 27.475, 522
4, 27.500, 404
5, 27.525, 516
4, 27.550, 402
5, 27.576, 513
4, 27.602, 400
5, 27.626, 512
4, 27.652, 401
5, 27.677, 513
4, 27.703, 403
5, 27.728, 515
4, 27.753, 407
5, 27.779, 520
4, 27.804, 413
5, 27.829, 525
4, 27.855, 420
5, 27.880, 533
4, 27.906, 427
5, 27.930, 541
4, 27.956, 436
5, 27.982, 549
4, 28.007, 443
5, 28.032, 558
4, 28.057, 451
5, 28.083, 567
4, 28.109, 458
5, 28.133, 574
4, 28.159, 463
5, 28.184, 581
4, 28.210, 469
5, 28.234, 585
4, 28.260, 471
5, 28.286, 588
4, 28.311, 472
5, 28.336, 590
4, 28.361, 471
5, 28.387, 589
4, 28.413, 469
5, 28.437, 586
4, 28.463, 466
5, 28.488, 581
4, 28.514, 460
5, 28.539, 575
4, 28.564, 453
5, 28.590, 568
4, 28.615, 446
5, 28.640, 559
4, 28.666, 438
5, 28.691, 551
4, 28.717, 430
5, 28.741, 545
4, 28.767, 423
5, 28.793, 533
4, 28.818, 416
5, 28.843, 527
4, 28.868, 411
5, 28.894, 520
4, 28.920, 406
5, 28.944, 515
4, 28.970, 403
5, 28.995, 513
4, 29.021, 403
5, 29.045, 512
4, 29.071, 403
5, 29.097, 514
4, 29.122, 405
5, 29.147, 516
4, 29.172, 409
5, 29.198, 521
4, 29.224, 415
5, 29.248, 527
4, 29.274, 422
5, 29.299, 534
4, 29.325, 429
5, 29.350, 543
4, 29.375, 436
5, 29.401, 551
4, 29.426, 444
5, 29.451, 560
4, 29.477, 451
5, 29.502, 568
4, 29.528, 458
5, 29.552, 575
4, 29.578, 464
5, 29.604, 581
4, 29.629, 468
5, 29.654, 585
4, 29.679, 469
5, 29.705, 588
4, 29.731, 471
5, 29.755, 589
4, 29.781, 470
5, 29.806, 588
4, 29.832, 468
5, 29.856, 584
4, 29.882, 464
5, 29.908, 579
4, 29.933, 459
5, 29.958, 573
4, 29.983, 452
5, 30.009, 566
4, 30.035, 445
5, 30.059, 558
4, 30.085, 438
5, 30.110, 549
4, 30.136, 430
5, 30.161, 540
4, 30.186, 424
5, 30.212, 533
4, 30.237, 417
5, 30.262, 526
4, 30.288, 411
5, 30.313, 521
4, 30.339, 407
5, 30.364, 516
4, 30.389, 404
5, 30.415, 513
4, 30.440, 404
5, 30.466, 513
4, 30.490, 405
5, 30.516, 515
4, 30.542, 407
5, 30.567, 518
4, 30.592, 410
5, 30.617, 523
4, 30.643, 416
5, 30.669, 530
4, 30.693, 422
5, 30.719, 537
4, 30.744, 429
5, 30.770, 545
4, 30.794, 437
5, 30.820, 553
4, 30.846, 444
5, 30.871, 562
4, 30.896, 451
5, 30.921, 570
4, 30.947, 457
5, 30.973, 576
4, 30.997, 462
5, 31.023, 582
4, 31.048, 467
5, 31.074, 586
4, 31.099, 469
5, 31.124, 588
4, 31.150, 470
5, 31.175, 588
4, 31.200, 469
5, 31.226, 585
4, 31.251, 467
5, 31.277, 582
4, 31.301, 463
5, 31.327, 577
4, 31.353, 458
5, 31.378, 571
4, 31.403, 452
5, 31.428, 563
4, 31.454, 446
5, 31.480, 555
4, 31.504, 438
5, 31.530, 546
4, 31.555, 431
5, 31.581, 538
4, 31.605, 424
5, 31.631, 531
4, 31.657, 418
5, 31.682, 525
4, 31.707, 413
5, 31.732, 520
4, 31.758, 408
5, 31.784, 515
4, 31.808, 406
5, 31.834, 515
4, 31.859, 405
5, 31.885, 513
4, 31.910, 406
5, 31.935, 516
4, 31.961, 408
5, 31.986, 520
4, 32.011, 412
5, 32.037, 526
4, 32.062, 417
5, 32.088, 532
4, 32.112, 423
5, 32.138, 540
4, 32.164, 430
5, 32.189, 547
4, 32.214, 437
5, 32.239, 556
4, 32.265, 444
5, 32.291, 564
4, 32.315, 451
5, 32.341, 571
4, 32.366, 457
5, 32.392, 577
4, 32.416, 462
5, 32.442, 581
4, 32.468, 466
5, 32.493, 585
4, 32.518, 468
5, 32.543, 587
4, 32.569, 469
5, 32.595, 587
4, 32.619, 470
5, 32.645, 585
4, 32.670, 466
5, 32.696, 581
4, 32.721, 462
5, 32.746, 575
4, 32.772, 458
5, 32.797, 568
4, 32.822, 451
5, 32.848, 561
4, 32.873, 445
5, 32.899, 554
4, 32.923, 438
5, 32.949, 546
4, 32.975, 431
5, 33.000, 537
4, 33.025, 423
5, 33.050, 530
4, 33.076, 418
5, 33.102, 524
4, 33.126, 413
5, 33.152, 520
4, 33.177, 409
5, 33.203, 517
4, 33.227, 407
5, 33.253, 515
4, 33.279, 406
5, 33.304, 516
4, 33.329, 407
5, 33.354, 518
4, 33.380, 409
5, 33.406, 522
4, 33.430, 413
5, 33.456, 528
4, 33.481, 418
5, 33.507, 534
4, 33.532, 424
5, 33.557, 542
4, 33.583, 430
5, 33.608, 550
4, 33.634, 437
5, 33.659, 557
4, 33.684, 444
5, 33.710, 565
4, 33.735, 452
5, 33.760, 571
4, 33.786, 457
5, 33.811, 578
4, 33.837, 462
5, 33.861, 582
4, 33.887, 466
5, 33.913, 585
4, 33.938, 469
5, 33.963, 585
4, 33.988, 470
5, 34.014, 584
4, 34.040, 469
5, 34.064, 582
4, 34.090, 466
5, 34.115, 578
4, 34.141, 462
5, 34.165, 572
4, 34.191, 457
5, 34.217, 566
4, 34.242, 451
5, 34.267, 558
4, 34.292, 445
5, 34.318, 551
4, 34.344, 438
5, 34.368, 543
4, 34.394, 431
5, 34.419, 536
4, 34.445, 424
5, 34.470, 530
4, 34.495, 419
5, 34.521, 524
4, 34.546, 414
5, 34.571, 520
4, 34.597, 410
5, 34.622, 518
4, 34.648, 408
5, 34.672, 517
4, 34.698, 407
5, 34.724, 518
4, 34.749, 408
5, 34.774, 520
4, 34.799, 410
5, 34.825, 525
4, 34.851, 414
5, 34.875, 530
4, 34.901, 418
5, 34.926, 536
4, 34.952, 424
5, 34.976, 543
4, 35.002, 431
5, 35.028, 551
4, 35.053, 438
5, 35.078, 559
4, 35.103, 444
5, 35.129, 566
4, 35.155, 451
5, 35.179, 573
4, 35.205, 457
5, 35.230, 578
4, 35.256, 462
5, 35.281, 581
4, 35.306, 466
5, 35.332, 584
4, 35.357, 468
5, 35.382, 584
4, 35.408, 469
5, 35.433, 583
4, 35.459, 468
5, 35.483, 580
4, 35.509, 466
5, 35.535, 576
4, 35.560, 462
5, 35.585, 571
4, 35.610, 457
5, 35.636, 564
4, 35.662, 451
5, 35.686, 557
4, 35.712, 444
5, 35.737, 550
4, 35.763, 437
5, 35.787, 542
4, 35.813, 430
5, 35.839, 536
4, 35.864, 424
5, 35.889, 530
4, 35.914, 418
5, 35.940, 525
4, 35.966, 414
5, 35.990, 521
4, 36.016, 410
5, 36.041, 519
4, 36.067, 407
5, 36.092, 519
4, 36.117, 407
5, 36.143, 520
4, 36.168, 408
5, 36.193, 523
4, 36.219, 410
5, 36.244, 527
4, 36.270, 414
5, 36.294, 533
4, 36.320, 419
5, 36.346, 539
4, 36.371, 425
5, 36.396, 546
4, 36.421, 432
5, 36.447, 553
4, 36.473, 439
5, 36.497, 560
4, 36.523, 445
5, 36.548, 567
4, 36.574, 452
5, 36.598, 572
4, 36.624, 458
5, 36.650, 577
4, 36.675, 462
5, 36.701, 581
4, 36.725, 466
5, 36.751, 582
4, 36.777, 468
5, 36.802, 582
4, 36.827, 469
5, 36.852, 581
4, 36.878, 468
5, 36.904, 577
4, 36.928, 465
5, 36.954, 574
4, 36.979, 461
5, 37.005, 568
4, 37.030, 457
5, 37.055, 561
4, 37.081, 450
5, 37.106, 554
4, 37.131, 444
5, 37.157, 548
4, 37.182, 437
5, 37.208, 541
4, 37.232, 430
5, 37.258, 535
4, 37.284, 424
5, 37.309, 529
4, 37.334, 418
5, 37.359, 525
4, 37.385, 414
5, 37.411, 522
4, 37.435, 410
5, 37.461, 520
4, 37.486, 408
5, 37.512, 520
4, 37.536, 408
5, 37.562, 521
4, 37.588, 409
5, 37.613, 525
4, 37.638, 411
5, 37.663, 529
4, 37.689, 415
5, 37.715, 535
4, 37.739, 420
5, 37.765, 540
4, 37.790, 427
5, 37.816, 547
4, 37.841, 433
5, 37.866, 554
4, 37.892, 440
5, 37.917, 561
4, 37.942, 447
5, 37.968, 567
4, 37.993, 453
5, 38.019, 572
4, 38.043, 459
5, 38.069, 576
4, 38.095, 464
5, 38.120, 579
4, 38.145, 467
5, 38.170, 581
4, 38.196, 468
5, 38.222, 581
4, 38.246, 469
5, 38.272, 579
4, 38.297, 467
5, 38.323, 576
4, 38.347, 464
5, 38.373, 572
4, 38.399, 461
5, 38.424, 566
4, 38.449, 455
5, 38.474, 560
4, 38.500, 450
5, 38.526, 554
4, 38.550, 443
5, 38.576, 547
4, 38.601, 437
5, 38.627, 541
4, 0.026, 531
5, 0.051, 460
4, 0.077, 531
5, 0.101, 460
4, 0.127, 531
5, 0.153, 460
4, 0.178, 531
5, 0.203, 460
4, 0.228, 531
5, 0.254, 460
4, 0.280, 531
5, 0.304, 459
4, 0.330, 530
5, 0.355, 460
4, 0.381, 530
5, 0.405, 460
4, 0.431, 531
5, 0.457, 460
4, 0.482, 531
5, 0.507, 459
4, 0.532, 532
5, 0.558, 460
4, 0.584, 533
5, 0.608, 460
4, 0.634, 534
5, 0.659, 460
4, 0.685, 535
5, 0.710, 460
4, 0.735, 535
5, 0.761, 459
4, 0.786, 536
5, 0.811, 460
4, 0.837, 535
5, 0.862, 460
4, 0.888, 536
5, 0.912, 460
4, 0.938, 535
5, 0.964, 459
4, 0.989, 536
5, 1.014, 459
4, 1.039, 536
5, 1.065, 459
4, 1.091, 536
5, 1.115, 460
4, 1.141, 535
5, 1.166, 460
4, 1.192, 535
5, 1.216, 459
4, 1.242, 536
5, 1.268, 460
4, 1.293, 536
5, 1.318, 459
4, 1.343, 536
5, 1.369, 460
4, 1.395, 536
5, 1.419, 460
4, 1.445, 536
5, 1.470, 460
4, 1.496, 536
5, 1.521, 460
4, 1.546, 535
5, 1.572, 460
4, 1.597, 536
5, 1.622, 460
4, 1.648, 535
5, 1.673, 460
4, 1.699, 535
5, 1.723, 460
4, 1.749, 535
5, 1.775, 460
4, 1.800, 535
5, 1.825, 460
4, 1.850, 535
5, 1.876, 460
4, 1.902, 535
5, 1.926, 460
4, 1.952, 535
5, 1.977, 460
4, 2.003, 535
5, 2.028, 460
4, 2.053, 535
5, 2.079, 461
4, 2.104, 535
5, 2.129, 460
4, 2.154, 535
5, 2.180, 461
4, 2.206, 535
5, 2.230, 460
4, 2.256, 535
5, 2.281, 460
4, 2.307, 534
5, 2.332, 460
4, 2.357, 534
5, 2.383, 460
4, 2.408, 535
5, 2.433, 460
4, 2.459, 534
5, 2.484, 461
4, 2.510, 535
5, 2.534, 460
4, 2.560, 535
5, 2.586, 460
4, 2.611, 535
5, 2.636, 460
4, 2.661, 534
5, 2.687, 460
4, 2.713, 534
5, 2.737, 460
4, 2.763, 535
5, 2.788, 460
4, 2.814, 534
5, 2.839, 462
4, 2.864, 531
5, 2.890, 466
4, 2.915, 523
5, 2.941, 475
4, 2.965, 511
5, 2.991, 489
4, 3.017, 495
5, 3.042, 505
4, 3.067, 476
5, 3.092, 524
4, 3.118, 456
5, 3.144, 545
4, 3.168, 434
5, 3.194, 565
4, 3.219, 413
5, 3.245, 584
4, 3.270, 394
5, 3.295, 601
4, 3.321, 377
5, 3.346, 615
4, 3.371, 366
5, 3.397, 626
4, 3.422, 356
5, 3.448, 632
4, 3.472, 352
5, 3.498, 633
4, 3.524, 353
5, 3.549, 630
4, 3.574, 361
5, 3.599, 622
4, 3.625, 372
5, 3.651, 610
4, 3.675, 386
5, 3.701, 595
4, 3.726, 403
5, 3.752, 576
4, 3.776, 424
5, 3.802, 556
4, 3.828, 445
5, 3.853, 536
4, 3.878, 466
5, 3.903, 516
4, 3.929, 486
5, 3.955, 498
4, 3.979, 503
5, 4.005, 484
4, 4.030, 517
5, 4.056, 472
4, 4.081, 527
5, 4.106, 465
4, 4.132, 532
5, 4.157, 462
4, 4.182, 532
5, 4.208, 464
4, 4.233, 527
5, 4.259, 471
4, 4.283, 518
5, 4.309, 482
4, 4.335, 504
5, 4.360, 496
4, 4.385, 487
5, 4.410, 514
4, 4.436, 467
5, 4.462, 534
4, 4.486, 448
5, 4.512, 553
4, 4.537, 426
5, 4.563, 573
4, 4.588, 406
5, 4.613, 592
4, 4.639, 388
5, 4.664, 607
4, 4.689, 373
5, 4.714, 619
4, 4.740, 363
5, 4.766, 628
4, 4.790, 356
5, 4.816, 632
4, 4.841, 354
5, 4.867, 632
4, 4.892, 357
5, 4.917, 626
4, 4.943, 365
5, 4.968, 617
4, 4.993, 378
5, 5.019, 603
4, 5.044, 393
5, 5.070, 587
4, 5.094, 412
5, 5.120, 568
4, 5.146, 432
5, 5.171, 549
4, 5.196, 452
5, 5.221, 529
4, 5.247, 472
5, 5.273, 510
4, 5.297, 491
5, 5.323, 494
4, 5.348, 507
5, 5.374, 480
4, 5.399, 519
5, 5.424, 471
4, 5.450, 527
5, 5.475, 465
4, 5.500, 530
5, 5.525, 464
4, 5.551, 529
5, 5.577, 468
4, 5.601, 523
5, 5.627, 477
4, 5.652, 512
5, 5.678, 489
4, 5.703, 498
5, 5.728, 504
4, 5.754, 480
5, 5.779, 523
4, 5.805, 460
5, 5.830, 541
4, 5.855, 439
5, 5.881, 561
4, 5.906, 418
5, 5.931, 580
4, 5.957, 400
5, 5.982, 597
4, 6.008, 383
5, 6.032, 612
4, 6.058, 370
5, 6.084, 623
4, 6.109, 360
5, 6.134, 629
4, 6.159, 356
5, 6.185, 632
4, 6.211, 357
5, 6.235, 629
4, 6.261, 361
5, 6.286, 622
4, 6.312, 370
5, 6.336, 611
4, 6.362, 384
5, 6.388, 596
4, 6.413, 400
5, 6.438, 579
4, 6.463, 421
5, 6.489, 560
4, 6.515, 440
5, 6.539, 541
4, 6.565, 460
5, 6.590, 521
4, 6.616, 480
5, 6.641, 503
4, 6.666, 497
5, 6.692, 488
4, 6.717, 512
5, 6.742, 476
4, 6.768, 522
5, 6.793, 468
4, 6.819, 528
5, 6.843, 465
4, 6.869, 530
5, 6.895, 466
4, 6.920, 526
5, 6.945, 471
4, 6.970, 519
5, 6.996, 481
4, 7.022, 506
5, 7.046, 495
4, 7.072, 490
5, 7.097, 512
4, 7.123, 471
5, 7.148, 530
4, 7.173, 452
5, 7.199, 549
4, 7.224, 432
5, 7.249, 569
4, 7.274, 412
5, 7.300, 587
4, 7.326, 394
5, 7.350, 603
4, 7.376, 379
5, 7.401, 616
4, 7.427, 368
5, 7.452, 624
4, 7.477, 360
5, 7.503, 630
4, 7.528, 357
5, 7.553, 630
4, 7.579, 359
5, 7.604, 626
4, 7.630, 366
5, 7.654, 617
4, 7.680, 376
5, 7.706, 605
4, 7.731, 391
5, 7.756, 590
4, 7.781, 409
5, 7.807, 571
4, 7.833, 428
5, 7.857, 553
4, 7.883, 447
5, 7.908, 533
4, 7.934, 468
5, 7.959, 515
4, 7.984, 486
5, 8.010, 498
4, 8.035, 502
5, 8.060, 485
4, 8.085, 514
5, 8.111, 474
4, 8.137, 524
5, 8.161, 468
4, 8.187, 528
5, 8.212, 467
4, 8.238, 527
5, 8.263, 470
4, 8.288, 522
5, 8.314, 477
4, 8.339, 512
5, 8.364, 488
4, 8.390, 498
5, 8.415, 502
4, 8.441, 482
5, 8.465, 520
4, 8.491, 464
5, 8.517, 539
4, 8.542, 444
5, 8.567, 557
4, 8.592, 424
5, 8.618, 576
4, 8.644, 405
5, 8.668, 593
4, 8.694, 388
5, 8.719, 608
4, 8.745, 375
5, 8.770, 620
4, 8.795, 365
5, 8.821, 627
4, 8.846, 360
5, 8.872, 629
4, 8.896, 359
5, 8.922, 629
4, 8.948, 363
5, 8.973, 622
4, 8.998, 371
5, 9.023, 613
4, 9.049, 383
5, 9.075, 599
4, 9.099, 399
5, 9.125, 582
4, 9.150, 416
5, 9.176, 564
4, 9.201, 436
5, 9.226, 545
4, 9.252, 456
5, 9.277, 526
4, 9.302, 475
5, 9.328, 509
4, 9.353, 492
5, 9.379, 493
4, 9.403, 507
5, 9.429, 481
4, 9.455, 518
5, 9.480, 472
4, 9.505, 525
5, 9.530, 468
4, 9.556, 527
5, 9.582, 468
4, 9.606, 525
5, 9.632, 473
4, 9.657, 518
5, 9.683, 481
4, 9.708, 507
5, 9.733, 494
4, 9.759, 492
5, 9.784, 509
4, 9.809, 475
5, 9.834, 528
4, 9.860, 456
5, 9.886, 546
4, 9.910, 437
5, 9.936, 565
4, 9.961, 418
5, 9.987, 583
4, 10.012, 400
5, 10.037, 599
4, 10.063, 384
5, 10.088, 613
4, 10.113, 372
5, 10.139, 622
4, 10.164, 365
5, 10.190, 627
4, 10.214, 361
5, 10.240, 629
4, 10.266, 362
5, 10.291, 625
4, 10.316, 368
5, 10.341, 618
4, 10.367, 377
5, 10.393, 607
4, 10.417, 390
5, 10.443, 591
4, 10.468, 406
5, 10.494, 575
4, 10.519, 425
5, 10.544, 557
4, 10.570, 444
5, 10.595, 538
4, 10.620, 463
5, 10.645, 519
4, 10.671, 481
5, 10.697, 503
4, 10.721, 497
5, 10.747, 489
4, 10.772, 510
5, 10.798, 478
4, 10.823, 519
5, 10.848, 472
4, 10.874, 525
5, 10.899, 468
4, 10.924, 526
5, 10.950, 471
4, 10.975, 521
5, 11.001, 477
4, 11.025, 513
5, 11.051, 487
4, 11.077, 500
5, 11.102, 500
4, 11.127, 485
5, 11.152, 517
4, 11.178, 468
5, 11.204, 535
4, 11.228, 449
5, 11.254, 554
4, 11.279, 429
5, 11.305, 572
4, 11.330, 411
5, 11.355, 589
4, 11.381, 395
5, 11.406, 604
4, 11.431, 381
5, 11.456, 614
4, 11.482, 371
5, 11.508, 623
4, 11.532, 364
5, 11.558, 627
4, 11.583, 363
5, 11.609, 627
4, 11.634, 365
5, 11.659, 622
4, 11.685, 372
5, 11.710, 613
4, 11.735, 383
5, 11.761, 600
4, 11.786, 398
5, 11.812, 585
4, 11.836, 415
5, 11.862, 567
4, 11.888, 433
5, 11.913, 548
4, 11.938, 452
5, 11.963, 531
4, 11.989, 471
5, 12.015, 513
4, 12.039, 488
5, 12.065, 497
4, 12.090, 502
5, 12.116, 484
4, 12.141, 513
5, 12.166, 475
4, 12.192, 521
5, 12.217, 471
4, 12.242, 524
5, 12.268, 470
4, 12.293, 523
5, 12.319, 474
4, 12.343, 517
5, 12.369, 481
4, 12.394, 507
5, 12.420, 492
4, 12.445, 494
5, 12.470, 507
4, 12.496, 478
5, 12.521, 525
4, 12.547, 459
5, 12.572, 543
4, 12.597, 440
5, 12.623, 561
4, 12.648, 423
5, 12.673, 579
4, 12.699, 405
5, 12.724, 595
4, 12.750, 390
5, 12.774, 608
4, 12.800, 377
5, 12.826, 619
4, 12.851, 368
5, 12.876, 624
4, 12.901, 364
5, 12.927, 627
4, 12.953, 365
5, 12.977, 625
4, 13.003, 369
5, 13.028, 619
4, 13.054, 377
5, 13.079, 608
4, 13.104, 389
5, 13.130, 594
4, 13.155, 404
5, 13.180, 578
4, 13.205, 422
5, 13.231, 561
4, 13.257, 440
5, 13.281, 542
4, 13.307, 459
5, 13.332, 524
4, 13.358, 476
5, 13.383, 507
4, 13.408, 492
5, 13.434, 493
4, 13.459, 506
5, 13.484, 482
4, 13.510, 515
5, 13.535, 475
4, 13.561, 521
5, 13.585, 471
4, 13.611, 522
5, 13.637, 472
4, 13.662, 519
5, 13.687, 476
4, 13.712, 513
5, 13.738, 486
4, 13.764, 502
5, 13.788, 499
4, 13.814, 486
5, 13.839, 515
4, 13.865, 470
5, 13.890, 532
4, 13.915, 452
5, 13.941, 550
4, 13.966, 434
5, 13.991, 568
4, 14.016, 416
5, 14.042, 585
4, 14.068, 400
5, 14.092, 600
4, 14.118, 385
5, 14.143, 612
4, 14.169, 374
5, 14.194, 621
4, 14.219, 368
5, 14.245, 625
4, 14.270, 366
5, 14.295, 625
4, 14.321, 368
5, 14.346, 621
4, 14.372, 373
5, 14.396, 614
4, 14.422, 384
5, 14.448, 601
4, 14.473, 397
5, 14.498, 587
4, 14.523, 412
5, 14.549, 571
4, 14.575, 430
5, 14.599, 553
4, 14.625, 448
5, 14.650, 535
4, 14.676, 466
5, 14.701, 517
4, 14.726, 483
5, 14.752, 502
4, 14.777, 498
5, 14.802, 489
4, 14.828, 509
5, 14.853, 479
4, 14.879, 517
5, 14.903, 473
4, 14.929, 521
5, 14.954, 471
4, 14.980, 520
5, 15.005, 475
4, 15.030, 515
5, 15.056, 481
4, 15.081, 507
5, 15.106, 491
4, 15.132, 495
5, 15.157, 505
4, 15.183, 480
5, 15.207, 521
4, 15.233, 462
5, 15.259, 539
4, 15.284, 445
5, 15.309, 557
4, 15.334, 427
5, 15.360, 575
4, 15.386, 409
5, 15.410, 590
4, 15.436, 394
5, 15.461, 604
4, 15.487, 382
5, 15.512, 615
4, 15.537, 373
5, 15.563, 622
4, 15.588, 368
5, 15.614, 626
4, 15.639, 367
5, 15.664, 624
4, 15.690, 370
5, 15.715, 618
4, 15.740, 378
5, 15.765, 609
4, 15.791, 389
5, 15.817, 596
4, 15.841, 403
5, 15.867, 581
4, 15.892, 419
5, 15.918, 564
4, 15.943, 437
5, 15.968, 546
4, 15.994, 455
5, 16.019, 528
4, 16.044, 473
5, 16.070, 512
4, 16.095, 488
5, 16.121, 498
4, 16.145, 501
5, 16.171, 486
4, 16.197, 511
5, 16.222, 478
4, 16.247, 518
5, 16.272, 474
4, 16.298, 520
5, 16.324, 474
4, 16.348, 518
5, 16.374, 479
4, 16.399, 511
5, 16.425, 486
4, 16.450, 501
5, 16.475, 497
4, 16.501, 488
5, 16.526, 512
4, 16.551, 473
5, 16.576, 529
4, 16.602, 455
5, 16.628, 547
4, 16.652, 437
5, 16.678, 564
4, 16.703, 419
5, 16.729, 580
4, 16.754, 403
5, 16.779, 595
4, 16.805, 390
5, 16.830, 608
4, 16.855, 379
5, 16.881, 617
4, 16.906, 371
5, 16.932, 623
4, 16.956, 368
5, 16.982, 624
4, 17.008, 369
5, 17.033, 621
4, 17.058, 375
5, 17.083, 614
4, 17.109, 383
5, 17.135, 603
4, 17.159, 396
5, 17.185, 590
4, 17.210, 411
5, 17.236, 574
4, 17.261, 428
5, 17.286, 557
4, 17.312, 445
5, 17.337, 539
4, 17.362, 462
5, 17.388, 523
4, 17.413, 479
5, 17.439, 506
4, 17.463, 494
5, 17.489, 493
4, 17.514, 506
5, 17.540, 484
4, 17.565, 513
5, 17.590, 477
4, 17.616, 518
5, 17.641, 475
4, 17.666, 519
5, 17.692, 476
4, 17.717, 515
5, 17.743, 482
4, 17.767, 507
5, 17.793, 491
4, 17.819, 495
5, 17.844, 504
4, 17.869, 481
5, 17.894, 519
4, 17.920, 465
5, 17.946, 536
4, 17.970, 448
5, 17.996, 553
4, 18.021, 430
5, 18.047, 570
4, 18.072, 414
5, 18.097, 586
4, 18.123, 399
5, 18.148, 600
4, 18.173, 386
5, 18.199, 612
4, 18.224, 376
5, 18.250, 619
4, 18.274, 371
5, 18.300, 622
4, 18.325, 370
5, 18.351, 622
4, 18.376, 373
5, 18.401, 618
4, 18.427, 379
5, 18.452, 609
4, 18.477, 389
5, 18.503, 598
4, 18.528, 402
5, 18.554, 583
4, 18.578, 418
5, 18.604, 568
4, 18.630, 434
5, 18.655, 550
4, 18.680, 452
5, 18.705, 533
4, 18.731, 469
5, 18.757, 517
4, 18.781, 484
5, 18.807, 502
4, 18.832, 498
5, 18.858, 490
4, 18.883, 508
5, 18.908, 482
4, 18.934, 515
5, 18.959, 477
4, 18.984, 517
5, 19.010, 476
4, 19.035, 517
5, 19.061, 479
4, 19.085, 511
5, 19.111, 486
4, 19.136, 501
5, 19.162, 497
4, 19.187, 489
5, 19.212, 510
4, 19.238, 474
5, 19.263, 526
4, 19.288, 457
5, 19.314, 543
4, 19.339, 441
5, 19.365, 560
4, 19.389, 424
5, 19.415, 576
4, 19.441, 408
5, 19.466, 592
4, 19.491, 394
5, 19.516, 604
4, 19.542, 382
5, 19.568, 614
4, 19.592, 376
5, 19.618, 620
4, 19.643, 372
5, 19.669, 622
4, 19.694, 371
5, 19.719, 620
4, 19.745, 375
5, 19.770, 614
4, 19.795, 384
5, 19.821, 604
4, 19.846, 395
5, 19.872, 592
4, 19.896, 409
5, 19.922, 578
4, 19.948, 425
5, 19.973, 561
4, 19.998, 442
5, 20.023, 544
4, 20.049, 460
5, 20.074, 527
4, 20.099, 475
5, 20.125, 512
4, 20.150, 489
5, 20.176, 499
4, 20.200, 501
5, 20.226, 488
4, 20.252, 510
5, 20.277, 480
4, 20.302, 515
5, 20.327, 478
4, 20.353, 516
5, 20.379, 478
4, 20.403, 513
5, 20.429, 482
4, 20.454, 507
5, 20.480, 491
4, 20.505, 496
5, 20.530, 502
4, 20.556, 483
5, 20.581, 516
4, 20.606, 468
5, 20.632, 533
4, 20.657, 451
5, 20.683, 549
4, 20.707, 433
5, 20.733, 566
4, 20.759, 417
5, 20.784, 582
4, 20.809, 402
5, 20.834, 595
4, 20.860, 389
5, 20.885, 607
4, 20.910, 380
5, 20.936, 615
4, 20.961, 374
5, 20.987, 619
4, 21.011, 371
5, 21.037, 620
4, 21.063, 374
5, 21.088, 617
4, 21.113, 379
5, 21.138, 609
4, 21.164, 389
5, 21.190, 599
4, 21.214, 400
5, 21.240, 586
4, 21.265, 416
5, 21.291, 570
4, 21.316, 432
5, 21.341, 554
4, 21.367, 449
5, 21.392, 538
4, 21.417, 465
5, 21.443, 522
4, 21.468, 480
5, 21.494, 507
4, 21.518, 494
5, 21.544, 495
4, 21.570, 504
5, 21.595, 485
4, 21.620, 512
5, 21.645, 480
4, 21.671, 515
5, 21.696, 479
4, 21.721, 515
5, 21.747, 480
4, 21.772, 510
5, 21.798, 487
4, 21.822, 502
5, 21.848, 496
4, 21.874, 490
5, 21.899, 508
4, 21.924, 477
5, 21.949, 523
4, 21.975, 461
5, 22.001, 539
4, 22.025, 444
5, 22.051, 556
4, 22.076, 427
5, 22.102, 572
4, 22.127, 412
5, 22.152, 587
4, 22.178, 398
5, 22.203, 600
4, 22.228, 386
5, 22.254, 609
4, 22.279, 378
5, 22.305, 617
4, 22.329, 373
5, 22.355, 618
4, 22.381, 373
5, 22.406, 618
4, 22.431, 376
5, 22.456, 613
4, 22.482, 384
5, 22.508, 604
4, 22.532, 394
5, 22.558, 593
4, 22.583, 407
5, 22.609, 580
4, 22.633, 423
5, 22.659, 564
4, 22.685, 439
5, 22.710, 547
4, 22.735, 455
5, 22.760, 531
4, 22.786, 471
5, 22.812, 516
4, 22.836, 486
5, 22.862, 503
4, 22.887, 498
5, 22.913, 492
4, 22.938, 507
5, 22.963, 484
4, 22.989, 513
5, 23.014, 480
4, 23.039, 515
5, 23.065, 480
4, 23.090, 512
5, 23.116, 484
4, 23.140, 506
5, 23.166, 491
4, 23.192, 498
5, 23.217, 502
4, 23.242, 484
5, 23.267, 515
4, 23.293, 468
5, 23.319, 530
4, 23.343, 454
5, 23.369, 546
4, 23.394, 437
5, 23.420, 561
4, 23.444, 421
5, 23.470, 577
4, 23.496, 406
5, 23.521, 592
4, 23.546, 393
5, 23.571, 603
4, 23.597, 383
5, 23.623, 612
4, 23.647, 377
5, 23.673, 617
4, 23.698, 374
5, 23.724, 618
4, 23.749, 374
5, 23.774, 616
4, 23.800, 379
5, 23.825, 609
4, 23.850, 388
5, 23.876, 600
4, 23.901, 399
5, 23.927, 588
4, 23.951, 413
5, 23.977, 573
4, 24.003, 429
5, 24.028, 557
4, 24.053, 445
5, 24.078, 542
4, 24.104, 462
5, 24.130, 526
4, 24.154, 477
5, 24.180, 511
4, 24.205, 491
5, 24.231, 499
4, 24.255, 502
5, 24.281, 489
4, 24.307, 509
5, 24.332, 483
4, 24.357, 513
5, 24.382, 481
4, 24.408, 513
5, 24.434, 482
4, 24.458, 510
5, 24.484, 487
4, 24.509, 502
5, 24.535, 496
4, 24.560, 492
5, 24.585, 507
4, 24.611, 479
5, 24.636, 521
4, 24.661, 464
5, 24.687, 537
4, 24.712, 447
5, 24.738, 552
4, 24.762, 431
5, 24.788, 568
4, 24.814, 416
5, 24.839, 582
4, 24.864, 402
5, 24.889, 596
4, 24.915, 390
5, 24.941, 606
4, 24.965, 381
5, 24.991, 613
4, 25.016, 376
5, 25.042, 616
4, 25.066, 375
5, 25.092, 616
4, 25.118, 377
5, 25.143, 612
4, 25.169, 383
5, 25.193, 605
4, 25.219, 393
5, 25.245, 594
4, 25.270, 405
5, 25.295, 581
4, 25.320, 420
5, 25.346, 567
4, 25.372, 436
5, 25.396, 551
4, 25.422, 451
5, 25.447, 536
4, 25.473, 468
5, 25.498, 521
4, 25.523, 482
5, 25.549, 507
4, 25.574, 495
5, 25.599, 495
4, 25.625, 504
5, 25.650, 488
4, 25.676, 511
5, 25.700, 483
4, 25.726, 514
5, 25.752, 482
4, 25.777, 511
5, 25.802, 486
4, 25.827, 506
5, 25.853, 492
4, 25.879, 497
5, 25.903, 501
4, 25.929, 486
5, 25.954, 514
4, 25.980, 472
5, 26.004, 528
4, 26.030, 457
5, 26.056, 543
4, 26.081, 441
5, 26.106, 559
4, 26.131, 424
5, 26.157, 574
4, 26.183, 409
5, 26.207, 587
4, 26.233, 397
5, 26.258, 599
4, 26.284, 386
5, 26.309, 608
4, 26.334, 380
5, 26.360, 613
4, 26.385, 376
5, 26.410, 615
4, 26.436, 377
5, 26.461, 614
4, 26.487, 380
5, 26.511, 608
4, 26.537, 388
5, 26.563, 600
4, 26.588, 398
5, 26.613, 588
4, 26.638, 412
5, 26.664, 575
4, 26.690, 427
5, 26.714, 560
4, 26.740, 443
5, 26.765, 545
4, 26.791, 459
5, 26.815, 529
4, 26.841, 474
5, 26.867, 516
4, 26.892, 487
5, 26.917, 503
4, 26.942, 498
5, 26.968, 494
4, 26.994, 506
5, 27.018, 487
4, 27.044, 511
5, 27.069, 483
4, 27.095, 513
5, 27.120, 484
4, 27.145, 509
5, 27.171, 488
4, 27.196, 502
5, 27.221, 495
4, 27.247, 493
5, 27.272, 506
4, 27.298, 480
5, 27.322, 519
4, 27.348, 467
5, 27.374, 534
4, 27.399, 450
5, 27.424, 549
4, 27.449, 435
5, 27.475, 565
4, 27.501, 419
5, 27.525, 578
4, 27.551, 406
5, 27.576, 591
4, 27.602, 394
5, 27.626, 602
4, 27.652, 385
5, 27.678, 609
4, 27.703, 379
5, 27.728, 613
4, 27.753, 377
5, 27.779, 614
4, 27.805, 379
5, 27.829, 611
4, 27.855, 384
5, 27.880, 604
4, 27.906, 392
5, 27.931, 595
4, 27.956, 404
5, 27.982, 583
4, 28.007, 418
5, 28.032, 569
4, 28.058, 434
5, 28.083, 554
4, 28.109, 449
5, 28.134, 539
4, 28.159, 465
5, 28.185, 524
4, 28.210, 479
5, 28.236, 511
4, 28.260, 491
5, 28.286, 500
4, 28.312, 501
5, 28.337, 492
4, 28.362, 508
5, 28.387, 486
4, 28.413, 511
5, 28.439, 485
4, 28.463, 510
5, 28.489, 487
4, 28.514, 507
5, 28.540, 492
4, 28.564, 498
5, 28.590, 501
4, 28.616, 487
5, 28.641, 513
4, 28.666, 474
5, 28.691, 526
4, 28.717, 460
5, 28.743, 540
4, 28.767, 444
5, 28.793, 556
4, 28.818, 429
5, 28.844, 571
4, 28.869, 413
5, 28.894, 584
4, 28.920, 401
5, 28.945, 595
4, 28.970, 390
5, 28.996, 605
4, 29.021, 383
5, 29.047, 610
4, 29.071, 379
5, 29.097, 613
4, 29.123, 379
5, 29.148, 612
4, 29.173, 381
5, 29.198, 607
4, 29.224, 388
5, 29.250, 600
4, 29.274, 397
5, 29.300, 590
4, 29.325, 410
5, 29.351, 577
4, 29.375, 424
5, 29.401, 562
4, 29.427, 440
5, 29.452, 547
4, 29.477, 455
5, 29.502, 533
4, 29.528, 470
5, 29.554, 519
4, 29.578, 484
5, 29.604, 507
4, 29.629, 495
5, 29.655, 497
4, 29.680, 503
5, 29.705, 490
4, 29.731, 508
5, 29.756, 487
4, 29.781, 511
5, 29.807, 487
4, 29.832, 509
5, 29.858, 490
4, 29.882, 503
5, 29.908, 497
4, 29.934, 494
5, 29.959, 507
4, 29.984, 482
5, 30.009, 519
4, 30.035, 469
5, 30.061, 532
4, 30.085, 454
5, 30.111, 547
4, 30.136, 438
5, 30.162, 562
4, 30.186, 423
5, 30.212, 576
4, 30.238, 409
5, 30.263, 588
4, 30.288, 397
5, 30.313, 599
4, 30.339, 387
5, 30.365, 606
4, 30.389, 381
5, 30.415, 611
4, 30.440, 378
5, 30.466, 612
4, 30.491, 379
5, 30.516, 610
4, 30.542, 384
5, 30.567, 604
4, 30.592, 392
5, 30.618, 595
4, 30.643, 402
5, 30.669, 584
4, 30.693, 415
5, 30.719, 571
4, 30.745, 430
5, 30.770, 557
4, 30.795, 446
5, 30.820, 542
4, 30.846, 461
5, 30.872, 528
4, 30.896, 475
5, 30.922, 515
4, 30.947, 487
5, 30.973, 504
4, 30.997, 498
5, 31.023, 495
4, 31.049, 505
5, 31.074, 490
4, 31.099, 509
5, 31.124, 488
4, 31.150, 509
5, 31.176, 488
4, 31.200, 506
5, 31.226, 494
4, 31.251, 498
5, 31.277, 502
4, 31.302, 489
5, 31.327, 512
4, 31.353, 477
5, 31.378, 525
4, 31.404, 463
5, 31.429, 539
4, 31.454, 448
5, 31.480, 553
4, 31.505, 432
5, 31.530, 568
4, 31.556, 418
5, 31.581, 581
4, 31.607, 405
5, 31.631, 592
4, 31.657, 394
5, 31.683, 601
4, 31.708, 387
5, 31.733, 608
4, 31.758, 381
5, 31.784, 610
4, 31.810, 380
5, 31.834, 610
4, 31.860, 383
5, 31.885, 606
4, 31.911, 388
5, 31.935, 600
4, 31.961, 398
5, 31.987, 589
4, 32.012, 408
5, 32.037, 578
4, 32.062, 422
5, 32.088, 565
4, 32.114, 437
5, 32.138, 550
4, 32.164, 452
5, 32.189, 536
4, 32.215, 466
5, 32.240, 523
4, 32.265, 480
5, 32.291, 511
4, 32.316, 492
5, 32.341, 500
4, 32.367, 500
5, 32.392, 493
4, 32.418, 506
5, 32.442, 489
4, 32.468, 508
5, 32.494, 488
4, 32.519, 507
5, 32.544, 492
4, 32.569, 502
5, 32.595, 497
4, 32.621, 494
5, 32.645, 506
4, 32.671, 484
5, 32.696, 518
4, 32.722, 471
5, 32.746, 531
4, 32.772, 457
5, 32.798, 545
4, 32.823, 442
5, 32.848, 559
4, 32.873, 427
5, 32.899, 572
4, 32.925, 413
5, 32.949, 585
4, 32.975, 401
5, 33.000, 595
4, 33.026, 392
5, 33.051, 604
4, 33.076, 384
5, 33.102, 609
4, 33.127, 381
5, 33.152, 610
4, 33.178, 381
5, 33.203, 608
4, 33.229, 385
5, 33.253, 604
4, 33.279, 392
5, 33.305, 595
4, 33.330, 402
5, 33.355, 585
4, 33.380, 414
5, 33.406, 572
4, 33.432, 428
5, 33.456, 559
4, 33.482, 442
5, 33.507, 545
4, 33.533, 457
5, 33.557, 531
4, 33.583, 471
5, 33.609, 518
4, 33.634, 483
5, 33.659, 507
4, 33.684, 494
5, 33.710, 498
4, 33.736, 502
5, 33.760, 492
4, 33.786, 506
5, 33.811, 489
4, 33.837, 508
5, 33.862, 491
4, 33.887, 504
5, 33.913, 495
4, 33.938, 499
5, 33.963, 502
4, 33.989, 490
5, 34.014, 512
4, 34.040, 478
5, 34.064, 523
4, 34.090, 466
5, 34.116, 536
4, 34.141, 452
5, 34.166, 551
4, 34.191, 436
5, 34.217, 565
4, 34.243, 422
5, 34.267, 578
4, 34.293, 409
5, 34.318, 589
4, 34.344, 398
5, 34.368, 599
4, 34.394, 389
5, 34.420, 605
4, 34.445, 384
5, 34.471, 608
4, 34.495, 383
5, 34.521, 609
4, 34.547, 383
5, 34.572, 605
4, 34.597, 389
5, 34.622, 599
4, 34.648, 396
5, 34.674, 591
4, 34.698, 408
5, 34.724, 579
4, 34.749, 420
5, 34.775, 566
4, 34.800, 434
5, 34.825, 553
4, 34.851, 448
5, 34.876, 539
4, 34.901, 463
5, 34.927, 525
4, 34.952, 476
5, 34.978, 513
4, 35.002, 487
5, 35.028, 504
4, 35.054, 497
5, 35.079, 496
4, 35.104, 503
5, 35.129, 491
4, 35.155, 506
5, 35.181, 490
4, 35.205, 505
5, 35.231, 493
4, 35.256, 502
5, 35.282, 498
4, 35.306, 495
5, 35.332, 506
4, 35.358, 485
5, 35.383, 516
4, 35.408, 473
5, 35.433, 529
4, 35.459, 460
5, 35.485, 542
4, 35.509, 445
5, 35.535, 557
4, 35.560, 431
5, 35.586, 570
4, 35.611, 417
5, 35.636, 582
4, 35.662, 406
5, 35.687, 592
4, 35.712, 395
5, 35.738, 601
4, 35.763, 388
5, 35.789, 606
4, 35.813, 384
5, 35.839, 608
4, 35.865, 384
5, 35.890, 607
4, 35.915, 386
5, 35.940, 603
4, 35.966, 392
5, 35.992, 595
4, 36.016, 401
5, 36.042, 585
4, 36.067, 413
5, 36.093, 573
4, 36.117, 426
5, 36.143, 561
4, 36.169, 439
5, 36.194, 547
4, 36.219, 453
5, 36.244, 533
4, 36.270, 468
5, 36.296, 521
4, 36.320, 481
5, 36.346, 509
4, 36.371, 491
5, 36.397, 500
4, 36.422, 499
5, 36.447, 495
4, 36.473, 503
5, 36.498, 491
4, 36.523, 505
5, 36.549, 492
4, 36.574, 503
5, 36.600, 495
4, 36.624, 498
5, 36.650, 502
4, 36.676, 491
5, 36.701, 511
4, 36.726, 480
5, 36.751, 522
4, 36.777, 467
5, 36.803, 535
4, 36.827, 454
5, 36.853, 549
4, 36.878, 440
5, 36.904, 562
4, 36.928, 426
5, 36.954, 575
4, 36.980, 412
5, 37.005, 586
4, 37.030, 402
5, 37.055, 596
4, 37.081, 393
5, 37.107, 602
4, 37.131, 387
5, 37.157, 606
4, 37.182, 385
5, 37.208, 607
4, 37.233, 386
5, 37.258, 605
4, 37.284, 389
5, 37.309, 600
4, 37.334, 396
5, 37.360, 591
4, 37.385, 406
5, 37.411, 580
4, 37.435, 418
5, 37.461, 568
4, 37.487, 432
5, 37.512, 555
4, 37.537, 445
5, 37.562, 542
4, 37.588, 459
5, 37.614, 528
4, 37.638, 472
5, 37.664, 517
4, 37.689, 484
5, 37.715, 506
4, 37.740, 494
5, 37.765, 499
4, 37.791, 500
5, 37.816, 494
4, 37.841, 504
5, 37.866, 493
4, 37.892, 503
5, 37.918, 494
4, 37.942, 500
5, 37.968, 499
4, 37.993, 495
5, 38.019, 506
4, 38.044, 486
5, 38.069, 516
4, 38.095, 474
5, 38.120, 527
4, 38.145, 462
5, 38.171, 540
4, 38.196, 448
5, 38.222, 555
4, 38.246, 435
5, 38.272, 567
4, 38.298, 420
5, 38.323, 580
4, 38.348, 410
5, 38.373, 589
4, 38.399, 400
5, 38.425, 598
4, 38.449, 392
5, 38.475, 603
4, 38.500, 388
5, 38.526, 606
4, 38.551, 386
5, 38.576, 606
4, 38.602, 389
5, 38.627, 602
4, 38.652, 394
5, 38.677, 595
4, 38.703, 402
5, 38.729, 586
4, 38.753, 412
5, 38.779, 575
4, 38.804, 424
5, 38.830, 563
4, 38.855, 437
5, 38.880, 550
4, 38.906, 451
5, 38.931, 536
4, 38.957, 465
5, 38.982, 524
4, 39.007, 476
5, 39.033, 513
4, 39.058, 487
5, 39.083, 503
4, 39.109, 495
5, 39.134, 497
4, 39.160, 500
5, 39.184, 494
4, 39.210, 503
5, 39.236, 493
4, 39.261, 501
5, 39.286, 496
4, 39.311, 497
5, 39.337, 502
4, 39.363, 490
5, 39.387, 511
4, 39.413, 481
5, 39.438, 522
4, 39.464, 469
5, 39.488, 533
4, 39.514, 456
5, 39.540, 546
4, 39.565, 443
5, 39.590, 559
4, 39.615, 430
5, 39.641, 572
4, 39.667, 416
5, 39.691, 584
4, 39.717, 405
5, 39.742, 593
4, 39.768, 397
5, 39.793, 599
4, 39.818, 391
5, 39.844, 604
4, 39.869, 388
5, 39.894, 606
4, 39.920, 388
5, 39.945, 604
4, 39.971, 390
5, 39.995, 599
4, 40.021, 397
5, 40.047, 592
4, 40.072, 406
5, 40.097, 582
4, 40.122, 416
5, 40.148, 570
4, 40.174, 429
5, 40.198, 557
4, 40.224, 442
5, 40.249, 545
4, 40.275, 456
5, 40.300, 532
4, 40.325, 469
5, 40.351, 520
4, 40.376, 480
5, 40.401, 510
4, 40.426, 490
5, 40.452, 502
4, 40.478, 496
5, 40.502, 497
4, 40.528, 500
5, 40.553, 494
4, 40.579, 501
5, 40.604, 495
4, 40.629, 499
5, 40.655, 499
4, 40.680, 493
5, 40.705, 506
4, 40.731, 486
5, 40.756, 515
4, 40.782, 476
5, 40.806, 526
4, 40.832, 464
5, 40.858, 538
4, 40.883, 451
5, 40.908, 551
4, 40.933, 437
5, 40.959, 564
4, 40.985, 425
5, 41.009, 576
4, 41.035, 413
5, 41.060, 587
4, 41.086, 404
5, 41.111, 595
4, 41.136, 396
5, 41.162, 601
4, 41.187, 391
5, 41.212, 605
4, 41.237, 389
5, 41.263, 605
4, 41.289, 390
5, 41.313, 601
4, 41.339, 395
5, 41.364, 596
4, 41.390, 402
5, 41.415, 586
4, 41.440, 412
5, 41.466, 577
4, 41.491, 423
5, 41.516, 565
4, 41.542, 436
5, 41.567, 552
4, 41.593, 448
5, 41.617, 539
4, 41.643, 462
5, 41.669, 526
4, 41.694, 473
5, 41.719, 517
4, 41.744, 483
5, 41.770, 507
4, 41.796, 492
5, 41.820, 500
4, 41.846, 498
5, 41.871, 496
4, 41.897, 500
5, 41.922, 495
4, 41.947, 500
5, 41.973, 497
4, 41.998, 496
5, 42.024, 502
4, 42.048, 490
5, 42.074, 511
4, 42.100, 482
5, 42.125, 519
4, 42.150, 471
5, 42.175, 531
4, 42.201, 459
5, 42.227, 543
4, 42.251, 446
5, 42.277, 556
4, 42.302, 433
5, 42.328, 569
4, 42.353, 420
5, 42.378, 580
4, 42.404, 409
5, 42.429, 590
4, 42.454, 400
5, 42.480, 598
4, 42.505, 394
5, 42.531, 603
4, 42.555, 391
5, 42.581, 604
4, 42.607, 390
5, 42.632, 603
4, 42.657, 392
5, 42.682, 599
4, 42.708, 398
5, 42.734, 592
4, 42.758, 406
5, 42.784, 583
4, 42.809, 416
5, 42.835, 572
4, 42.860, 428
5, 42.885, 560
4, 0.026, 559
5, 0.050, 429
4, 0.076, 559
5, 0.102, 428
4, 0.127, 559
5, 0.153, 429
4, 0.177, 559
5, 0.203, 429
4, 0.229, 559
5, 0.254, 429
4, 0.279, 559
5, 0.304, 429
4, 0.330, 559
5, 0.356, 428
4, 0.380, 559
5, 0.406, 428
4, 0.431, 559
5, 0.457, 428
4, 0.482, 559
5, 0.507, 428
4, 0.533, 559
5, 0.558, 428
4, 0.583, 559
5, 0.609, 428
4, 0.634, 559
5, 0.660, 428
4, 0.684, 559
5, 0.710, 429
4, 0.736, 559
5, 0.761, 429
4, 0.786, 559
5, 0.811, 428
4, 0.837, 559
5, 0.862, 428
4, 0.887, 560
5, 0.913, 429
4, 0.938, 560
5, 0.964, 429
4, 0.988, 561
5, 1.014, 430
4, 1.040, 560
5, 1.065, 429
4, 1.090, 561
5, 1.115, 428
4, 1.141, 561
5, 1.167, 429
4, 1.191, 561
5, 1.217, 429
4, 1.242, 561
5, 1.268, 429
4, 1.293, 560
5, 1.318, 429
4, 1.344, 561
5, 1.369, 429
4, 1.394, 562
5, 1.420, 429
4, 1.445, 560
5, 1.471, 429
4, 1.495, 560
5, 1.521, 429
4, 1.547, 560
5, 1.572, 429
4, 1.597, 561
5, 1.622, 429
4, 1.648, 561
5, 1.673, 429
4, 1.698, 560
5, 1.724, 428
4, 1.749, 560
5, 1.775, 428
4, 1.799, 561
5, 1.825, 428
4, 1.851, 561
5, 1.876, 429
4, 1.901, 561
5, 1.926, 429
4, 1.952, 559
5, 1.978, 431
4, 2.002, 550
5, 2.028, 439
4, 2.053, 536
5, 2.079, 455
4, 2.104, 517
5, 2.129, 474
4, 2.155, 494
5, 2.180, 498
4, 2.205, 468
5, 2.231, 525
4, 2.256, 441
5, 2.282, 553
4, 2.306, 414
5, 2.332, 581
4, 2.358, 388
5, 2.383, 607
4, 2.408, 367
5, 2.433, 630
4, 2.459, 348
5, 2.484, 648
4, 2.509, 337
5, 2.535, 661
4, 2.560, 331
5, 2.586, 668
4, 2.610, 331
5, 2.636, 668
4, 2.662, 338
5, 2.687, 662
4, 2.712, 351
5, 2.737, 649
4, 2.763, 369
5, 2.789, 632
4, 2.813, 390
5, 2.839, 609
4, 2.864, 416
5, 2.890, 584
4, 2.915, 443
5, 2.940, 556
4, 2.966, 470
5, 2.991, 528
4, 3.016, 496
5, 3.042, 502
4, 3.067, 519
5, 3.093, 478
4, 3.117, 539
5, 3.143, 458
4, 3.169, 552
5, 3.194, 445
4, 3.219, 559
5, 3.244, 436
4, 3.270, 561
5, 3.296, 433
4, 3.320, 556
5, 3.346, 437
4, 3.371, 545
5, 3.397, 447
4, 3.421, 529
5, 3.447, 464
4, 3.473, 507
5, 3.498, 485
4, 3.523, 483
5, 3.548, 509
4, 3.574, 456
5, 3.600, 535
4, 3.624, 429
5, 3.650, 563
4, 3.675, 402
5, 3.701, 589
4, 3.726, 379
5, 3.751, 614
4, 3.777, 359
5, 3.802, 634
4, 3.827, 343
5, 3.853, 651
4, 3.878, 334
5, 3.904, 660
4, 3.928, 330
5, 3.954, 665
4, 3.980, 334
5, 4.005, 663
4, 4.030, 343
5, 4.055, 654
4, 4.081, 358
5, 4.107, 640
4, 4.131, 377
5, 4.157, 621
4, 4.182, 401
5, 4.208, 599
4, 4.232, 426
5, 4.258, 573
4, 4.284, 454
5, 4.309, 546
4, 4.334, 481
5, 4.359, 519
4, 4.385, 505
5, 4.411, 495
4, 4.435, 528
5, 4.461, 474
4, 4.486, 544
5, 4.512, 456
4, 4.537, 555
5, 4.562, 445
4, 4.588, 561
5, 4.613, 439
4, 4.638, 560
5, 4.664, 438
4, 4.689, 553
5, 4.715, 445
4, 4.739, 540
5, 4.765, 457
4, 4.791, 521
5, 4.816, 474
4, 4.841, 498
5, 4.866, 495
4, 4.892, 473
5, 4.918, 519
4, 4.942, 446
5, 4.968, 546
4, 4.993, 418
5, 5.019, 572
4, 5.043, 393
5, 5.069, 598
4, 5.095, 370
5, 5.120, 620
4, 5.145, 351
5, 5.170, 639
4, 5.196, 338
5, 5.222, 651
4, 5.246, 331
5, 5.272, 659
4, 5.297, 330
5, 5.323, 662
4, 5.348, 336
5, 5.373, 657
4, 5.399, 347
5, 5.424, 646
4, 5.449, 364
5, 5.475, 631
4, 5.500, 386
5, 5.526, 611
4, 5.550, 410
5, 5.576, 588
4, 5.602, 437
5, 5.627, 562
4, 5.652, 465
5, 5.677, 536
4, 5.703, 492
5, 5.729, 511
4, 5.753, 515
5, 5.779, 487
4, 5.804, 535
5, 5.830, 468
4, 5.854, 551
5, 5.880, 454
4, 5.906, 559
5, 5.931, 444
4, 5.957, 563
5, 5.981, 440
4, 6.007, 560
5, 6.033, 443
4, 6.058, 550
5, 6.083, 451
4, 6.108, 534
5, 6.134, 465
4, 6.160, 514
5, 6.184, 483
4, 6.210, 490
5, 6.235, 506
4, 6.261, 463
5, 6.286, 531
4, 6.311, 436
5, 6.337, 556
4, 6.362, 409
5, 6.387, 581
4, 6.413, 384
5, 6.438, 605
4, 6.464, 362
5, 6.488, 625
4, 6.514, 346
5, 6.540, 641
4, 6.565, 334
5, 6.590, 651
4, 6.615, 330
5, 6.641, 657
4, 6.667, 331
5, 6.691, 656
4, 6.717, 338
5, 6.742, 650
4, 6.768, 353
5, 6.792, 638
4, 6.818, 371
5, 6.844, 621
4, 6.869, 394
5, 6.894, 600
4, 6.919, 420
5, 6.945, 576
4, 6.971, 447
5, 6.995, 552
4, 7.021, 474
5, 7.046, 527
4, 7.072, 500
5, 7.097, 503
4, 7.122, 523
5, 7.148, 482
4, 7.173, 541
5, 7.198, 466
4, 7.224, 554
5, 7.249, 453
4, 7.275, 561
5, 7.299, 446
4, 7.325, 562
5, 7.351, 444
4, 7.376, 557
5, 7.401, 450
4, 7.426, 545
5, 7.452, 460
4, 7.478, 527
5, 7.502, 476
4, 7.528, 506
5, 7.553, 495
4, 7.579, 481
5, 7.603, 517
4, 7.629, 454
5, 7.655, 542
4, 7.680, 427
5, 7.705, 566
4, 7.730, 400
5, 7.756, 590
4, 7.782, 376
5, 7.806, 612
4, 7.832, 356
5, 7.857, 630
4, 7.883, 341
5, 7.908, 643
4, 7.933, 332
5, 7.959, 651
4, 7.984, 330
5, 8.009, 655
4, 8.035, 332
5, 8.060, 651
4, 8.086, 342
5, 8.110, 643
4, 8.136, 357
5, 8.162, 629
4, 8.187, 378
5, 8.212, 610
4, 8.237, 402
5, 8.263, 589
4, 8.289, 429
5, 8.313, 566
4, 8.339, 456
5, 8.364, 541
4, 8.390, 483
5, 8.414, 517
4, 8.440, 508
5, 8.466, 495
4, 8.491, 530
5, 8.516, 476
4, 8.541, 547
5, 8.567, 462
4, 8.593, 558
5, 8.617, 453
4, 8.643, 563
5, 8.668, 446
4, 8.694, 562
5, 8.719, 449
4, 8.744, 554
5, 8.770, 456
4, 8.795, 541
5, 8.820, 468
4, 8.846, 521
5, 8.871, 485
4, 8.897, 498
5, 8.922, 506
4, 8.947, 473
5, 8.973, 529
4, 8.998, 445
5, 9.024, 552
4, 9.048, 417
5, 9.074, 576
4, 9.100, 392
5, 9.125, 599
4, 9.150, 369
5, 9.175, 618
4, 9.201, 351
5, 9.227, 634
4, 9.251, 338
5, 9.277, 644
4, 9.302, 331
5, 9.328, 651
4, 9.352, 331
5, 9.378, 650
4, 9.404, 336
5, 9.429, 645
4, 9.454, 348
5, 9.479, 634
4, 9.505, 364
5, 9.531, 619
4, 9.555, 385
5, 9.581, 599
4, 9.606, 411
5, 9.632, 577
4, 9.657, 437
5, 9.682, 554
4, 9.708, 465
5, 9.733, 530
4, 9.758, 491
5, 9.784, 508
4, 9.809, 515
5, 9.835, 487
4, 9.859, 535
5, 9.885, 471
4, 9.911, 550
5, 9.936, 460
4, 9.961, 559
5, 9.986, 453
4, 10.012, 562
5, 10.038, 451
4, 10.062, 559
5, 10.088, 454
4, 10.113, 549
5, 10.139, 464
4, 10.163, 534
5, 10.189, 478
4, 10.215, 514
5, 10.240, 496
4, 10.265, 490
5, 10.290, 517
4, 10.316, 464
5, 10.342, 540
4, 10.366, 437
5, 10.392, 564
4, 10.417, 409
5, 10.443, 587
4, 10.468, 385
5, 10.493, 607
4, 10.519, 364
5, 10.544, 624
4, 10.569, 347
5, 10.595, 637
4, 10.620, 336
5, 10.646, 646
4, 10.670, 331
5, 10.696, 648
4, 10.722, 332
5, 10.747, 645
4, 10.772, 340
5, 10.797, 638
4, 10.823, 353
5, 10.849, 625
4, 10.873, 371
5, 10.899, 608
4, 10.924, 394
5, 10.950, 588
4, 10.974, 420
5, 11.000, 565
4, 11.026, 447
5, 11.051, 543
4, 11.076, 473
5, 11.101, 520
4, 11.127, 498
5, 11.153, 498
4, 11.177, 521
5, 11.203, 480
4, 11.228, 539
5, 11.254, 467
4, 11.279, 552
5, 11.304, 456
4, 11.330, 560
5, 11.355, 452
4, 11.380, 561
5, 11.406, 453
4, 11.431, 556
5, 11.457, 460
4, 11.481, 545
5, 11.507, 472
4, 11.533, 528
5, 11.558, 488
4, 11.583, 506
5, 11.608, 507
4, 11.634, 482
5, 11.660, 527
4, 11.684, 455
5, 11.710, 552
4, 11.735, 429
5, 11.761, 574
4, 11.785, 402
5, 11.811, 596
4, 11.837, 379
5, 11.862, 615
4, 11.887, 359
5, 11.912, 630
4, 11.938, 343
5, 11.964, 640
4, 11.988, 335
5, 12.014, 646
4, 12.039, 331
5, 12.065, 646
4, 12.090, 335
5, 12.115, 641
4, 12.141, 343
5, 12.166, 631
4, 12.192, 359
5, 12.217, 617
4, 12.242, 378
5, 12.268, 599
4, 12.293, 402
5, 12.318, 577
4, 12.344, 428
5, 12.369, 555
4, 12.395, 454
5, 12.419, 532
4, 12.445, 480
5, 12.471, 510
4, 12.496, 505
5, 12.521, 491
4, 12.546, 526
5, 12.572, 475
4, 12.598, 543
5, 12.622, 463
4, 12.648, 554
5, 12.673, 456
4, 12.699, 559
5, 12.723, 454
4, 12.749, 558
5, 12.775, 458
4, 12.800, 551
5, 12.825, 466
4, 12.850, 538
5, 12.876, 479
4, 12.902, 520
5, 12.926, 497
4, 12.952, 498
5, 12.977, 518
4, 13.003, 473
5, 13.028, 540
4, 13.053, 447
5, 13.079, 562
4, 13.104, 420
5, 13.129, 584
4, 13.155, 395
5, 13.180, 605
4, 13.206, 373
5, 13.230, 621
4, 13.256, 355
5, 13.282, 634
4, 13.307, 343
5, 13.332, 643
4, 13.357, 336
5, 13.383, 645
4, 13.409, 334
5, 13.433, 643
4, 13.459, 339
5, 13.484, 636
4, 13.510, 349
5, 13.534, 624
4, 13.560, 366
5, 13.586, 608
4, 13.611, 387
5, 13.636, 589
4, 13.661, 410
5, 13.687, 566
4, 13.713, 436
5, 13.737, 544
4, 13.763, 462
5, 13.788, 522
4, 13.814, 488
5, 13.839, 501
4, 13.864, 511
5, 13.890, 483
4, 13.915, 531
5, 13.940, 469
4, 13.966, 545
5, 13.991, 459
4, 14.017, 554
5, 14.041, 455
4, 14.067, 558
5, 14.093, 455
4, 14.118, 555
5, 14.143, 462
4, 14.168, 547
5, 14.194, 472
4, 14.220, 532
5, 14.244, 488
4, 14.270, 513
5, 14.295, 507
4, 14.321, 489
5, 14.345, 528
4, 14.371, 465
5, 14.397, 550
4, 14.422, 439
5, 14.447, 573
4, 14.472, 413
5, 14.498, 593
4, 14.524, 390
5, 14.548, 613
4, 14.574, 369
5, 14.599, 628
4, 14.625, 353
5, 14.650, 639
4, 14.675, 342
5, 14.701, 644
4, 14.726, 337
5, 14.751, 645
4, 14.777, 338
5, 14.802, 640
4, 14.828, 345
5, 14.852, 630
4, 14.878, 357
5, 14.904, 616
4, 14.929, 374
5, 14.954, 599
4, 14.979, 395
5, 15.005, 578
4, 15.031, 419
5, 15.055, 556
4, 15.081, 445
5, 15.106, 533
4, 15.132, 471
5, 15.156, 511
4, 15.182, 494
5, 15.208, 492
4, 15.233, 516
5, 15.259, 477
4, 15.283, 534
5, 15.309, 465
4, 15.335, 546
5, 15.360, 457
4, 15.385, 553
5, 15.410, 454
4, 15.436, 555
5, 15.462, 458
4, 15.486, 550
5, 15.512, 467
4, 15.537, 540
5, 15.563, 480
4, 15.588, 524
5, 15.613, 497
4, 15.639, 504
5, 15.664, 516
4, 15.689, 481
5, 15.715, 538
4, 15.740, 456
5, 15.766, 561
4, 15.790, 431
5, 15.816, 583
4, 15.842, 406
5, 15.867, 603
4, 15.892, 384
5, 15.917, 620
4, 15.943, 366
5, 15.969, 633
4, 15.993, 351
5, 16.019, 642
4, 16.044, 343
5, 16.070, 646
4, 16.094, 339
5, 16.120, 643
4, 16.146, 342
5, 16.171, 636
4, 16.196, 351
5, 16.221, 625
4, 16.247, 364
5, 16.273, 609
4, 16.297, 383
5, 16.323, 590
4, 16.348, 404
5, 16.374, 568
4, 16.399, 429
5, 16.424, 545
4, 16.450, 453
5, 16.475, 523
4, 16.500, 477
5, 16.526, 502
4, 16.551, 501
5, 16.577, 485
4, 16.601, 520
5, 16.627, 470
4, 16.653, 536
5, 16.678, 460
4, 16.703, 546
5, 16.728, 455
4, 16.754, 551
5, 16.780, 454
4, 16.804, 551
5, 16.830, 461
4, 16.855, 544
5, 16.881, 471
4, 16.905, 533
5, 16.931, 486
4, 16.957, 516
5, 16.982, 505
4, 17.007, 495
5, 17.032, 526
4, 17.058, 472
5, 17.084, 548
4, 17.108, 447
5, 17.134, 571
4, 17.159, 423
5, 17.185, 593
4, 17.210, 400
5, 17.235, 612
4, 17.261, 379
5, 17.286, 627
4, 17.311, 362
5, 17.337, 638
4, 17.362, 351
5, 17.388, 644
4, 17.412, 344
5, 17.438, 646
4, 17.464, 343
5, 17.489, 642
4, 17.514, 347
5, 17.539, 633
4, 17.565, 357
5, 17.591, 619
4, 17.615, 372
5, 17.641, 601
4, 17.666, 392
5, 17.692, 581
4, 17.716, 414
5, 17.742, 559
4, 17.768, 438
5, 17.793, 536
4, 17.818, 461
5, 17.843, 515
4, 17.869, 485
5, 17.895, 494
4, 17.919, 506
5, 17.945, 477
4, 17.970, 523
5, 17.996, 465
4, 18.021, 537
5, 18.046, 457
4, 18.072, 546
5, 18.097, 454
4, 18.122, 549
5, 18.148, 456
4, 18.173, 546
5, 18.199, 464
4, 18.223, 538
5, 18.249, 477
4, 18.275, 525
5, 18.300, 493
4, 18.325, 507
5, 18.350, 513
4, 18.376, 486
5, 18.402, 535
4, 18.426, 464
5, 18.452, 557
4, 18.477, 440
5, 18.503, 579
4, 18.528, 416
5, 18.553, 601
4, 18.579, 394
5, 18.604, 618
4, 18.629, 375
5, 18.654, 633
4, 18.680, 361
5, 18.706, 642
4, 18.730, 351
5, 18.756, 646
4, 18.781, 347
5, 18.807, 645
4, 18.832, 348
5, 18.857, 639
4, 18.883, 354
5, 18.908, 628
4, 18.933, 366
5, 18.959, 613
4, 18.984, 381
5, 19.010, 594
4, 19.034, 401
5, 19.060, 572
4, 19.086, 423
5, 19.111, 549
4, 19.136, 446
5, 19.161, 527
4, 19.187, 469
5, 19.213, 505
4, 19.237, 491
5, 19.263, 487
4, 19.288, 511
5, 19.314, 472
4, 19.339, 526
5, 19.364, 461
4, 19.390, 538
5, 19.415, 455
4, 19.440, 544
5, 19.465, 454
4, 19.491, 545
5, 19.517, 459
4, 19.541, 540
5, 19.567, 469
4, 19.592, 531
5, 19.618, 483
4, 19.643, 516
5, 19.668, 501
4, 19.694, 497
5, 19.719, 522
4, 19.745, 476
5, 19.770, 544
4, 19.795, 454
5, 19.821, 567
4, 19.846, 431
5, 19.871, 589
4, 19.897, 408
5, 19.922, 608
4, 19.948, 388
5, 19.972, 625
4, 19.998, 371
5, 20.024, 637
4, 20.049, 359
5, 20.074, 644
4, 20.099, 352
5, 20.125, 647
4, 20.151, 350
5, 20.175, 644
4, 20.201, 352
5, 20.226, 636
4, 20.252, 360
5, 20.276, 624
4, 20.302, 374
5, 20.328, 606
4, 20.353, 390
5, 20.378, 586
4, 20.403, 410
5, 20.429, 563
4, 20.455, 432
5, 20.479, 541
4, 20.505, 455
5, 20.530, 518
4, 20.556, 478
5, 20.581, 498
4, 20.606, 498
5, 20.632, 480
4, 20.657, 515
5, 20.682, 467
4, 20.708, 529
5, 20.733, 458
4, 20.759, 538
5, 20.783, 453
4, 20.809, 542
5, 20.835, 454
4, 20.860, 541
5, 20.885, 462
4, 20.910, 534
5, 20.936, 472
4, 20.962, 523
5, 20.986, 489
4, 21.012, 507
5, 21.037, 507
4, 21.063, 488
5, 21.088, 530
4, 21.113, 468
5, 21.139, 552
4, 21.164, 445
5, 21.189, 574
4, 21.214, 423
5, 21.240, 597
4, 21.266, 402
5, 21.290, 616
4, 21.316, 384
5, 21.341, 630
4, 21.367, 370
5, 21.392, 640
4, 21.417, 359
5, 21.443, 647
4, 21.468, 353
5, 21.493, 647
4, 21.519, 353
5, 21.544, 641
4, 21.570, 359
5, 21.594, 632
4, 21.620, 368
5, 21.646, 618
4, 21.671, 382
5, 21.696, 599
4, 21.721, 400
5, 21.747, 579
4, 21.773, 421
5, 21.797, 556
4, 21.823, 443
5, 21.848, 533
4, 21.874, 464
5, 21.899, 510
4, 21.924, 484
5, 21.950, 491
4, 21.975, 503
5, 22.000, 475
4, 22.025, 520
5, 22.051, 463
4, 22.077, 530
5, 22.101, 455
4, 22.127, 537
5, 22.152, 453
4, 22.178, 539
5, 22.203, 456
4, 22.228, 535
5, 22.254, 465
4, 22.279, 527
5, 22.304, 478
4, 22.330, 514
5, 22.355, 495
4, 22.381, 497
5, 22.405, 516
4, 22.431, 478
5, 22.457, 538
4, 22.482, 457
5, 22.507, 560
4, 22.532, 435
5, 22.558, 583
4, 22.584, 414
5, 22.608, 604
4, 22.634, 394
5, 22.659, 621
4, 22.685, 379
5, 22.710, 635
4, 22.735, 367
5, 22.761, 644
4, 22.786, 359
5, 22.812, 647
4, 22.836, 355
5, 22.862, 646
4, 22.888, 359
5, 22.913, 639
4, 22.938, 365
5, 22.963, 627
4, 22.989, 376
5, 23.015, 612
4, 23.039, 391
5, 23.065, 593
4, 23.090, 410
5, 23.116, 571
4, 23.141, 430
5, 23.166, 548
4, 23.192, 452
5, 23.217, 526
4, 23.242, 472
5, 23.268, 504
4, 23.293, 492
5, 23.319, 486
4, 23.343, 509
5, 23.369, 470
4, 23.395, 522
5, 23.420, 460
4, 23.445, 531
5, 23.470, 454
4, 23.496, 536
5, 23.522, 453
4, 23.546, 535
5, 23.572, 459
4, 23.597, 530
5, 23.623, 468
4, 23.648, 519
5, 23.673, 483
4, 23.699, 505
5, 23.724, 502
4, 23.749, 487
5, 23.774, 523
4, 23.800, 468
5, 23.826, 545
4, 23.850, 447
5, 23.876, 568
4, 23.901, 427
5, 23.927, 590
4, 23.952, 407
5, 23.977, 609
4, 24.003, 390
5, 24.028, 625
4, 24.053, 375
5, 24.079, 637
4, 24.104, 366
5, 24.130, 644
4, 24.154, 360
5, 24.180, 647
4, 24.206, 359
5, 24.231, 644
4, 24.256, 363
5, 24.281, 635
4, 24.307, 372
5, 24.333, 622
4, 24.357, 385
5, 24.383, 605
4, 24.408, 401
5, 24.434, 585
4, 24.459, 420
5, 24.484, 564
4, 24.510, 441
5, 24.535, 541
4, 24.560, 461
5, 24.585, 518
4, 24.611, 481
5, 24.637, 498
4, 24.661, 499
5, 24.687, 481
4, 24.712, 513
5, 24.738, 467
4, 24.763, 525
5, 24.788, 458
4, 24.814, 532
5, 24.839, 454
4, 24.864, 534
5, 24.890, 455
4, 24.915, 531
5, 24.941, 461
4, 24.965, 523
5, 24.991, 473
4, 25.017, 511
5, 25.042, 488
4, 25.067, 496
5, 25.092, 509
4, 25.118, 478
5, 25.144, 530
4, 25.168, 458
5, 25.194, 553
4, 25.219, 437
5, 25.245, 575
4, 25.270, 417
5, 25.295, 596
4, 25.321, 399
5, 25.346, 615
4, 25.371, 384
5, 25.396, 630
4, 25.422, 372
5, 25.448, 640
4, 25.472, 364
5, 25.498, 646
4, 25.523, 361
5, 25.549, 646
4, 25.574, 362
5, 25.599, 641
4, 25.625, 369
5, 25.650, 631
4, 25.675, 380
5, 25.701, 617
4, 25.726, 394
5, 25.752, 599
4, 25.776, 411
5, 25.802, 578
4, 25.828, 431
5, 25.853, 557
4, 25.878, 451
5, 25.903, 534
4, 25.929, 471
5, 25.955, 512
4, 25.979, 489
5, 26.005, 493
4, 26.030, 506
5, 26.056, 476
4, 26.081, 518
5, 26.106, 464
4, 26.132, 528
5, 26.157, 457
4, 26.182, 532
5, 26.208, 454
4, 26.233, 532
5, 26.259, 458
4, 26.283, 527
5, 26.309, 466
4, 26.334, 518
5, 26.360, 478
4, 26.385, 504
5, 26.410, 495
4, 26.436, 487
5, 26.461, 515
4, 26.487, 468
5, 26.512, 537
4, 26.537, 448
5, 26.563, 560
4, 26.588, 428
5, 26.613, 582
4, 26.639, 409
5, 26.664, 602
4, 26.690, 393
5, 26.714, 619
4, 26.740, 379
5, 26.766, 632
4, 26.791, 369
5, 26.816, 641
4, 26.841, 363
5, 26.867, 645
4, 26.893, 363
5, 26.917, 644
4, 26.943, 367
5, 26.968, 638
4, 26.994, 375
5, 27.019, 626
4, 27.044, 387
5, 27.070, 611
4, 27.095, 403
5, 27.120, 592
4, 27.145, 421
5, 27.171, 571
4, 27.197, 440
5, 27.221, 549
4, 27.247, 460
5, 27.272, 528
4, 27.298, 479
5, 27.323, 506
4, 27.348, 497
5, 27.374, 488
4, 27.399, 512
5, 27.424, 473
4, 27.450, 522
5, 27.475, 463
4, 27.501, 530
5, 27.525, 457
4, 27.551, 531
5, 27.577, 457
4, 27.602, 529
5, 27.627, 461
4, 27.652, 521
5, 27.678, 471
4, 27.704, 510
5, 27.728, 485
4, 27.754, 495
5, 27.779, 503
4, 27.805, 478
5, 27.830, 523
4, 27.855, 458
5, 27.881, 544
4, 27.906, 438
5, 27.931, 566
4, 27.956, 419
5, 27.982, 587
4, 28.008, 401
5, 28.032, 607
4, 28.058, 385
5, 28.083, 623
4, 28.109, 374
5, 28.134, 634
4, 28.159, 366
5, 28.185, 642
4, 28.210, 363
5, 28.235, 644
4, 28.261, 364
5, 28.286, 642
4, 28.312, 370
5, 28.336, 634
4, 28.362, 381
5, 28.388, 621
4, 28.413, 394
5, 28.438, 604
4, 28.463, 412
5, 28.489, 586
4, 28.515, 430
5, 28.539, 564
4, 28.565, 450
5, 28.590, 543
4, 28.616, 470
5, 28.641, 521
4, 28.666, 488
5, 28.692, 500
4, 28.717, 503
5, 28.742, 484
4, 28.768, 517
5, 28.793, 471
4, 28.819, 526
5, 28.843, 463
4, 28.869, 530
5, 28.894, 459
4, 28.920, 530
5, 28.945, 460
4, 28.970, 525
5, 28.996, 465
4, 29.021, 516
5, 29.046, 476
4, 29.072, 502
5, 29.097, 491
4, 29.123, 487
5, 29.147, 510
4, 29.173, 468
5, 29.199, 530
4, 29.224, 449
5, 29.249, 552
4, 29.274, 429
5, 29.300, 573
4, 29.326, 410
5, 29.350, 593
4, 29.376, 393
5, 29.401, 611
4, 29.427, 381
5, 29.452, 625
4, 29.477, 371
5, 29.503, 635
4, 29.528, 365
5, 29.554, 641
4, 29.579, 364
5, 29.604, 642
4, 29.630, 367
5, 29.655, 637
4, 29.680, 375
5, 29.705, 628
4, 29.731, 388
5, 29.757, 615
4, 29.781, 402
5, 29.807, 597
4, 29.832, 421
5, 29.858, 578
4, 29.883, 440
5, 29.908, 557
4, 29.934, 460
5, 29.959, 535
4, 29.984, 479
5, 30.010, 515
4, 30.035, 496
5, 30.061, 496
4, 30.085, 511
5, 30.111, 481
4, 30.137, 522
5, 30.162, 470
4, 30.187, 529
5, 30.212, 462
4, 30.238, 531
5, 30.264, 460
4, 30.288, 529
5, 30.314, 463
4, 30.339, 522
5, 30.365, 470
4, 30.390, 510
5, 30.415, 482
4, 30.441, 496
5, 30.466, 497
4, 30.491, 479
5, 30.516, 516
4, 30.542, 460
5, 30.568, 537
4, 30.592, 440
5, 30.618, 559
4, 30.643, 420
5, 30.669, 579
4, 30.694, 402
5, 30.719, 598
4, 30.745, 387
5, 30.770, 614
4, 30.795, 375
5, 30.821, 627
4, 30.846, 368
5, 30.872, 636
4, 30.896, 363
5, 30.922, 640
4, 30.948, 364
5, 30.973, 638
4, 30.998, 370
5, 31.023, 632
4, 31.049, 380
5, 31.075, 623
4, 31.099, 393
5, 31.125, 608
4, 31.150, 410
5, 31.176, 590
4, 31.201, 429
5, 31.226, 570
4, 31.252, 449
5, 31.277, 550
4, 31.302, 468
5, 31.328, 529
4, 31.353, 487
5, 31.379, 510
4, 31.403, 503
5, 31.429, 493
4, 31.454, 516
5, 31.480, 479
4, 31.505, 526
5, 31.530, 469
4, 31.556, 531
5, 31.581, 464
4, 31.606, 531
5, 31.632, 464
4, 31.657, 527
5, 31.683, 467
4, 31.707, 518
5, 31.733, 477
4, 31.759, 505
5, 31.784, 489
4, 31.809, 489
5, 31.834, 505
4, 31.860, 470
5, 31.886, 525
4, 31.910, 451
5, 31.936, 545
4, 31.961, 431
5, 31.987, 565
4, 32.012, 413
5, 32.037, 584
4, 32.063, 395
5, 32.088, 602
4, 32.113, 382
5, 32.139, 617
4, 32.164, 371
5, 32.190, 628
4, 32.214, 364
5, 32.240, 635
4, 32.265, 362
5, 32.291, 637
4, 32.316, 366
5, 32.341, 634
4, 32.367, 374
5, 32.392, 627
4, 32.417, 385
5, 32.443, 615
4, 32.468, 400
5, 32.494, 600
4, 32.518, 418
5, 32.544, 583
4, 32.570, 437
5, 32.595, 563
4, 32.620, 457
5, 32.645, 543
4, 32.671, 477
5, 32.697, 522
4, 32.721, 495
5, 32.747, 505
4, 32.772, 509
5, 32.798, 490
4, 32.823, 521
5, 32.848, 478
4, 32.874, 528
5, 32.899, 469
4, 32.924, 532
5, 32.950, 466
4, 32.975, 530
5, 33.001, 467
4, 33.025, 524
5, 33.051, 473
4, 33.076, 513
5, 33.102, 483
4, 33.127, 499
5, 33.152, 497
4, 33.178, 481
5, 33.203, 513
4, 33.228, 462
5, 33.254, 533
4, 33.279, 442
5, 33.305, 552
4, 33.329, 423
5, 33.355, 572
4, 33.381, 404
5, 33.406, 590
4, 33.431, 388
5, 33.456, 606
4, 33.482, 376
5, 33.508, 619
4, 33.532, 367
5, 33.558, 628
4, 33.583, 363
5, 33.609, 634
4, 33.634, 363
5, 33.659, 634
4, 33.685, 368
5, 33.710, 629
4, 33.735, 378
5, 33.761, 620
4, 33.786, 391
5, 33.812, 608
4, 33.836, 407
5, 33.862, 593
4, 33.888, 425
5, 33.913, 575
4, 33.938, 445
5, 33.963, 556
4, 33.989, 466
5, 34.014, 536
4, 34.039, 485
5, 34.065, 518
4, 34.090, 500
5, 34.116, 501
4, 34.140, 515
5, 34.166, 487
4, 34.192, 524
5, 34.217, 477
4, 34.242, 531
5, 34.267, 470
4, 34.293, 532
5, 34.319, 469
4, 34.343, 529
5, 34.369, 471
4, 34.394, 520
5, 34.420, 479
4, 34.445, 508
5, 34.470, 490
4, 34.496, 493
5, 34.521, 505
4, 34.546, 475
5, 34.572, 521
4, 34.597, 455
5, 34.623, 540
4, 34.647, 435
5, 34.673, 560
4, 34.699, 416
5, 34.724, 578
4, 34.749, 397
5, 34.774, 595
4, 34.800, 383
5, 34.825, 609
4, 34.850, 372
5, 34.876, 621
4, 34.901, 365
5, 34.927, 628
4, 34.951, 362
5, 34.977, 631
4, 35.003, 364
5, 35.028, 629
4, 35.053, 371
5, 35.078, 624
4, 35.104, 382
5, 35.130, 614
4, 35.154, 396
5, 35.180, 600
4, 35.205, 414
5, 35.231, 584
4, 35.256, 433
5, 35.281, 566
4, 35.307, 454
5, 35.332, 547
4, 35.357, 473
5, 35.383, 530
4, 35.408, 491
5, 35.434, 512
4, 35.458, 507
5, 35.484, 496
4, 35.510, 520
5, 35.535, 484
4, 35.560, 528
5, 35.585, 477
4, 35.611, 532
5, 35.636, 472
4, 35.661, 532
5, 35.687, 472
4, 35.712, 527
5, 35.738, 477
4, 35.762, 517
5, 35.788, 486
4, 35.814, 503
5, 35.839, 498
4, 35.864, 486
5, 35.889, 512
4, 35.915, 468
5, 35.941, 530
4, 35.965, 448
5, 35.991, 549
4, 36.016, 428
5, 36.042, 567
4, 36.067, 408
5, 36.092, 584
4, 36.118, 392
5, 36.143, 600
4, 36.168, 378
5, 36.194, 612
4, 36.219, 369
5, 36.245, 622
4, 36.269, 363
5, 36.295, 626
4, 36.321, 362
5, 36.346, 628
4, 36.371, 366
5, 36.396, 625
4, 36.422, 374
5, 36.448, 618
4, 36.472, 386
5, 36.498, 607
4, 36.523, 402
5, 36.549, 593
4, 36.573, 420
5, 36.599, 576
4, 36.625, 441
5, 36.650, 558
4, 36.675, 460
5, 36.700, 540
4, 36.726, 480
5, 36.752, 523
4, 36.776, 497
5, 36.802, 506
4, 36.827, 512
5, 36.853, 493
4, 36.878, 524
5, 36.903, 483
4, 36.929, 530
5, 36.954, 476
4, 36.979, 533
5, 37.005, 474
4, 37.030, 530
5, 37.056, 475
4, 37.080, 524
5, 37.106, 482
4, 37.132, 513
5, 37.157, 492
4, 37.182, 498
5, 37.207, 505
4, 37.233, 480
5, 37.259, 521
4, 37.283, 461
5, 37.309, 538
4, 37.334, 441
5, 37.360, 556
4, 37.384, 421
5, 37.410, 573
4, 37.436, 403
5, 37.461, 589
4, 37.486, 387
5, 37.511, 604
4, 37.537, 375
5, 37.563, 614
4, 37.587, 366
5, 37.613, 621
4, 37.638, 362
5, 37.664, 625
4, 37.689, 363
5, 37.714, 624
4, 37.740, 369
5, 37.765, 620
4, 37.790, 377
5, 37.816, 611
4, 37.841, 392
5, 37.867, 599
4, 37.891, 408
5, 37.917, 584
4, 37.943, 427
5, 37.968, 567
4, 37.993, 447
5, 38.018, 550
4, 38.044, 467
5, 38.070, 533
4, 38.094, 485
5, 38.120, 516
4, 38.145, 502
5, 38.171, 502
4, 38.195, 516
5, 38.221, 490
4, 38.247, 527
5, 38.272, 482
4, 38.297, 532
5, 38.322, 478
4, 38.348, 532
5, 38.374, 478
4, 38.398, 529
5, 38.424, 481
4, 38.449, 520
5, 38.475, 489
4, 38.501, 508
5, 38.525, 500
4, 38.551, 492
5, 38.576, 514
4, 38.602, 474
5, 38.627, 529
4, 38.652, 454
5, 38.678, 547
4, 38.703, 434
5, 38.728, 564
4, 38.754, 414
5, 38.779, 580
4, 38.805, 397
5, 38.829, 596
4, 38.855, 383
5, 38.881, 608
4, 38.906, 371
5, 38.931, 617
4, 38.956, 365
5, 38.982, 622
4, 39.008, 362
5, 39.032, 623
4, 39.058, 365
5, 39.083, 620
4, 39.109, 372
5, 39.133, 614
4, 39.159, 382
5, 39.185, 604
4, 39.210, 397
5, 39.235, 591
4, 39.260, 414
5, 39.286, 576
4, 39.312, 434
5, 39.336, 559
4, 39.362, 454
5, 39.387, 542
4, 39.413, 473
5, 39.438, 525
4, 39.463, 491
5, 39.489, 511
4, 39.514, 507
5, 39.539, 497
4, 39.565, 519
5, 39.590, 488
4, 39.616, 528
5, 39.640, 481
4, 39.666, 532
5, 39.692, 479
4, 39.717, 532
5, 39.742, 480
4, 0.026, 567
5, 0.051, 439
4, 0.076, 567
5, 0.101, 439
4, 0.127, 567
5, 0.153, 439
4, 0.177, 567
5, 0.203, 438
4, 0.228, 567
5, 0.254, 439
4, 0.279, 567
5, 0.304, 439
4, 0.330, 566
5, 0.355, 439
4, 0.380, 567
5, 0.406, 439
4, 0.431, 567
5, 0.457, 439
4, 0.481, 567
5, 0.507, 438
4, 0.533, 567
5, 0.558, 438
4, 0.583, 567
5, 0.608, 439
4, 0.634, 567
5, 0.660, 439
4, 0.684, 567
5, 0.710, 439
4, 0.735, 567
5, 0.761, 438
4, 0.785, 567
5, 0.811, 438
4, 0.837, 567
5, 0.862, 439
4, 0.888, 567
5, 0.912, 439
4, 0.938, 567
5, 0.964, 439
4, 0.989, 567
5, 1.014, 438
4, 1.039, 567
5, 1.065, 438
4, 1.091, 567
5, 1.115, 438
4, 1.141, 567
5, 1.166, 438
4, 1.192, 567
5, 1.217, 439
4, 1.242, 567
5, 1.268, 440
4, 1.293, 563
5, 1.318, 445
4, 1.344, 553
5, 1.369, 457
4, 1.395, 538
5, 1.419, 473
4, 1.445, 517
5, 1.471, 495
4, 1.496, 492
5, 1.521, 520
4, 1.546, 465
5, 1.572, 546
4, 1.598, 437
5, 1.622, 572
4, 1.648, 409
5, 1.673, 598
4, 1.699, 385
5, 1.723, 620
4, 1.749, 363
5, 1.775, 639
4, 1.800, 345
5, 1.825, 653
4, 1.850, 334
5, 1.876, 660
4, 1.902, 330
5, 1.926, 662
4, 1.952, 332
5, 1.977, 658
4, 2.003, 340
5, 2.028, 648
4, 2.053, 354
5, 2.079, 633
4, 2.104, 373
5, 2.129, 613
4, 2.155, 397
5, 2.180, 589
4, 2.206, 424
5, 2.230, 564
4, 2.256, 451
5, 2.282, 538
4, 2.307, 478
5, 2.332, 512
4, 2.357, 504
5, 2.383, 489
4, 2.409, 527
5, 2.433, 469
4, 2.459, 545
5, 2.484, 454
4, 2.510, 558
5, 2.534, 445
4, 2.560, 565
5, 2.586, 440
4, 2.611, 565
5, 2.636, 442
4, 2.661, 559
5, 2.687, 451
4, 2.713, 547
5, 2.737, 465
4, 2.763, 529
5, 2.788, 483
4, 2.814, 507
5, 2.839, 506
4, 2.864, 481
5, 2.890, 531
4, 2.915, 453
5, 2.940, 557
4, 2.966, 426
5, 2.991, 582
4, 3.017, 400
5, 3.041, 606
4, 3.067, 377
5, 3.093, 627
4, 3.118, 356
5, 3.143, 644
4, 3.168, 342
5, 3.194, 654
4, 3.220, 334
5, 3.244, 661
4, 3.270, 331
5, 3.295, 660
4, 3.321, 336
5, 3.345, 653
4, 3.371, 346
5, 3.397, 641
4, 3.422, 361
5, 3.447, 625
4, 3.472, 382
5, 3.498, 604
4, 3.524, 406
5, 3.548, 579
4, 3.574, 433
5, 3.599, 553
4, 3.625, 460
5, 3.650, 528
4, 3.675, 487
5, 3.701, 504
4, 3.726, 511
5, 3.751, 481
4, 3.777, 533
5, 3.802, 464
4, 3.828, 549
5, 3.853, 451
4, 3.878, 559
5, 3.904, 444
4, 3.929, 563
5, 3.955, 443
4, 3.979, 561
5, 4.005, 448
4, 4.031, 554
5, 4.056, 457
4, 4.081, 539
5, 4.106, 473
4, 4.132, 520
5, 4.158, 493
4, 4.182, 497
5, 4.208, 516
4, 4.233, 471
5, 4.259, 542
4, 4.283, 444
5, 4.309, 567
4, 4.335, 417
5, 4.360, 592
4, 4.385, 392
5, 4.410, 615
4, 4.436, 370
5, 4.462, 634
4, 4.486, 352
5, 4.512, 647
4, 4.537, 341
5, 4.563, 656
4, 4.588, 334
5, 4.613, 660
4, 4.639, 334
5, 4.664, 656
4, 4.689, 341
5, 4.715, 648
4, 4.740, 353
5, 4.766, 633
4, 4.790, 370
5, 4.816, 615
4, 4.842, 391
5, 4.867, 593
4, 4.892, 417
5, 4.917, 568
4, 4.943, 444
5, 4.969, 543
4, 4.993, 471
5, 5.019, 517
4, 5.044, 496
5, 5.070, 495
4, 5.094, 520
5, 5.120, 474
4, 5.146, 538
5, 5.171, 459
4, 5.196, 552
5, 5.221, 448
4, 5.247, 560
5, 5.273, 444
4, 5.297, 562
5, 5.323, 445
4, 5.348, 557
5, 5.374, 452
4, 5.399, 548
5, 5.424, 464
4, 5.450, 531
5, 5.475, 482
4, 5.500, 511
5, 5.526, 502
4, 5.551, 487
5, 5.577, 527
4, 5.601, 460
5, 5.627, 552
4, 5.653, 434
5, 5.678, 577
4, 5.703, 408
5, 5.728, 601
4, 5.754, 385
5, 5.780, 623
4, 5.804, 364
5, 5.830, 638
4, 5.855, 349
5, 5.881, 650
4, 5.905, 340
5, 5.931, 657
4, 5.957, 335
5, 5.982, 658
4, 6.007, 337
5, 6.032, 653
4, 6.058, 346
5, 6.084, 642
4, 6.108, 360
5, 6.134, 626
4, 6.159, 379
5, 6.185, 606
4, 6.210, 402
5, 6.235, 583
4, 6.261, 427
5, 6.286, 559
4, 6.311, 453
5, 6.337, 534
4, 6.362, 479
5, 6.388, 509
4, 6.412, 504
5, 6.438, 487
4, 6.464, 526
5, 6.489, 468
4, 6.514, 542
5, 6.539, 456
4, 6.565, 554
5, 6.591, 448
4, 6.615, 559
5, 6.641, 445
4, 6.666, 559
5, 6.692, 448
4, 6.716, 552
5, 6.742, 457
4, 6.768, 540
5, 6.793, 472
4, 6.818, 524
5, 6.843, 489
4, 6.869, 502
5, 6.895, 513
4, 6.919, 477
5, 6.945, 537
4, 6.970, 451
5, 6.996, 562
4, 7.021, 425
5, 7.046, 586
4, 7.072, 401
5, 7.097, 610
4, 7.123, 378
5, 7.148, 628
4, 7.173, 359
5, 7.199, 643
4, 7.224, 347
5, 7.249, 652
4, 7.275, 340
5, 7.300, 657
4, 7.326, 337
5, 7.350, 655
4, 7.376, 342
5, 7.402, 648
4, 7.427, 353
5, 7.452, 635
4, 7.477, 368
5, 7.503, 618
4, 7.529, 388
5, 7.553, 596
4, 7.579, 411
5, 7.604, 573
4, 7.630, 438
5, 7.654, 548
4, 7.680, 464
5, 7.706, 523
4, 7.731, 488
5, 7.756, 500
4, 7.781, 512
5, 7.807, 480
4, 7.833, 530
5, 7.857, 464
4, 7.883, 546
5, 7.908, 452
4, 7.934, 554
5, 7.959, 446
4, 7.984, 558
5, 8.010, 446
4, 8.035, 556
5, 8.060, 452
4, 8.086, 547
5, 8.111, 463
4, 8.137, 533
5, 8.161, 479
4, 8.187, 515
5, 8.213, 500
4, 8.238, 491
5, 8.263, 523
4, 8.288, 467
5, 8.314, 547
4, 8.340, 441
5, 8.364, 572
4, 8.390, 415
5, 8.415, 595
4, 8.441, 392
5, 8.465, 617
4, 8.491, 372
5, 8.517, 635
4, 8.542, 355
5, 8.567, 647
4, 8.592, 345
5, 8.618, 654
4, 8.644, 339
5, 8.668, 656
4, 8.694, 340
5, 8.719, 652
4, 8.745, 347
5, 8.770, 643
4, 8.795, 359
5, 8.821, 628
4, 8.846, 376
5, 8.871, 609
4, 8.897, 398
5, 8.922, 587
4, 8.948, 422
5, 8.972, 564
4, 8.998, 447
5, 9.024, 539
4, 9.049, 473
5, 9.074, 514
4, 9.099, 496
5, 9.125, 492
4, 9.151, 518
5, 9.175, 473
4, 9.201, 535
5, 9.226, 459
4, 9.252, 548
5, 9.276, 450
4, 9.302, 555
5, 9.328, 447
4, 9.353, 556
5, 9.378, 449
4, 9.403, 551
5, 9.429, 457
4, 9.455, 541
5, 9.479, 469
4, 9.505, 525
5, 9.530, 487
4, 9.556, 505
5, 9.581, 509
4, 9.606, 482
5, 9.632, 532
4, 9.657, 457
5, 9.682, 556
4, 9.708, 432
5, 9.733, 581
4, 9.759, 407
5, 9.783, 604
4, 9.809, 385
5, 9.835, 623
4, 9.860, 366
5, 9.885, 639
4, 9.910, 353
5, 9.936, 649
4, 9.962, 345
5, 9.986, 655
4, 10.012, 341
5, 10.037, 654
4, 10.063, 344
5, 10.087, 648
4, 10.113, 353
5, 10.139, 637
4, 10.164, 367
5, 10.190, 621
4, 10.214, 386
5, 10.240, 600
4, 10.266, 408
5, 10.291, 577
4, 10.316, 432
5, 10.341, 554
4, 10.367, 457
5, 10.393, 529
4, 10.417, 482
5, 10.443, 506
4, 10.468, 504
5, 10.494, 485
4, 10.519, 524
5, 10.544, 468
4, 10.570, 540
5, 10.595, 456
4, 10.620, 549
5, 10.646, 449
4, 10.671, 554
5, 10.697, 447
4, 10.721, 553
5, 10.747, 453
4, 10.773, 546
5, 10.798, 462
4, 10.823, 533
5, 10.848, 477
4, 10.874, 516
5, 10.900, 496
4, 10.924, 495
5, 10.950, 518
4, 10.975, 472
5, 11.001, 542
4, 11.025, 447
5, 11.051, 566
4, 11.077, 423
5, 11.102, 590
4, 11.127, 398
5, 11.152, 611
4, 11.178, 378
5, 11.204, 630
4, 11.228, 361
5, 11.254, 643
4, 11.279, 351
5, 11.305, 651
4, 11.330, 344
5, 11.355, 654
4, 11.381, 343
5, 11.406, 652
4, 11.431, 350
5, 11.457, 643
4, 11.482, 360
5, 11.508, 631
4, 11.532, 375
5, 11.558, 613
4, 11.584, 395
5, 11.609, 591
4, 11.634, 418
5, 11.659, 568
4, 11.685, 441
5, 11.711, 544
4, 11.735, 466
5, 11.761, 521
4, 11.786, 490
5, 11.812, 498
4, 11.836, 512
5, 11.862, 479
4, 11.888, 529
5, 11.913, 464
4, 11.938, 542
5, 11.963, 454
4, 11.989, 550
5, 12.015, 449
4, 12.039, 553
5, 12.065, 450
4, 12.090, 549
5, 12.116, 456
4, 12.141, 540
5, 12.166, 468
4, 12.192, 526
5, 12.217, 485
4, 12.242, 508
5, 12.268, 504
4, 12.293, 486
5, 12.319, 527
4, 12.343, 463
5, 12.369, 552
4, 12.395, 438
5, 12.420, 575
4, 12.445, 413
5, 12.470, 598
4, 12.496, 391
5, 12.522, 618
4, 12.546, 373
5, 12.572, 634
4, 12.597, 359
5, 12.623, 645
4, 12.647, 349
5, 12.673, 652
4, 12.699, 345
5, 12.724, 653
4, 12.749, 347
5, 12.774, 648
4, 12.800, 354
5, 12.826, 639
4, 12.850, 367
5, 12.876, 624
4, 12.901, 384
5, 12.927, 604
4, 12.952, 404
5, 12.977, 583
4, 13.003, 428
5, 13.028, 559
4, 13.053, 451
5, 13.079, 535
4, 13.104, 475
5, 13.130, 512
4, 13.154, 498
5, 13.180, 491
4, 13.206, 517
5, 13.231, 473
4, 13.256, 534
5, 13.281, 460
4, 13.307, 544
5, 13.333, 452
4, 13.357, 550
5, 13.383, 449
4, 13.408, 549
5, 13.434, 452
4, 13.459, 544
5, 13.484, 461
4, 13.510, 534
5, 13.535, 474
4, 13.560, 518
5, 13.585, 491
4, 13.611, 499
5, 13.637, 513
4, 13.661, 476
5, 13.687, 536
4, 13.712, 453
5, 13.738, 560
4, 13.763, 429
5, 13.788, 583
4, 13.814, 406
5, 13.839, 605
4, 13.864, 385
5, 13.890, 624
4, 13.915, 368
5, 13.941, 638
4, 13.965, 357
5, 13.991, 648
4, 14.017, 349
5, 14.042, 651
4, 14.067, 347
5, 14.092, 651
4, 14.118, 351
5, 14.144, 643
4, 14.168, 361
5, 14.194, 632
4, 14.219, 375
5, 14.245, 616
4, 14.270, 393
5, 14.295, 596
4, 14.321, 415
5, 14.346, 573
4, 14.371, 438
5, 14.396, 550
4, 14.422, 462
5, 14.448, 526
4, 14.472, 484
5, 14.498, 504
4, 14.523, 505
5, 14.549, 484
4, 14.574, 523
5, 14.599, 469
4, 14.625, 537
5, 14.650, 458
4, 14.676, 545
5, 14.701, 452
4, 14.726, 549
5, 14.752, 452
4, 14.777, 547
5, 14.802, 456
4, 14.828, 539
5, 14.853, 466
4, 14.879, 527
5, 14.903, 482
4, 14.929, 509
5, 14.955, 500
4, 14.980, 489
5, 15.005, 523
4, 15.030, 466
5, 15.056, 545
4, 15.082, 443
5, 15.106, 569
4, 15.132, 419
5, 15.157, 592
4, 15.183, 398
5, 15.207, 612
4, 15.233, 379
5, 15.259, 629
4, 15.284, 364
5, 15.309, 641
4, 15.334, 354
5, 15.360, 649
4, 15.386, 350
5, 15.410, 651
4, 15.436, 350
5, 15.461, 648
4, 15.487, 356
5, 15.512, 640
4, 15.537, 367
5, 15.563, 626
4, 15.588, 382
5, 15.613, 608
4, 15.639, 402
5, 15.664, 588
4, 15.690, 424
5, 15.714, 565
4, 15.740, 447
5, 15.766, 542
4, 15.791, 470
5, 15.816, 518
4, 15.841, 492
5, 15.867, 497
4, 15.893, 512
5, 15.917, 479
4, 15.943, 528
5, 15.968, 466
4, 15.994, 539
5, 16.019, 457
4, 16.044, 546
5, 16.070, 452
4, 16.095, 547
5, 16.120, 454
4, 16.145, 543
5, 16.171, 460
4, 16.197, 533
5, 16.221, 473
4, 16.247, 519
5, 16.272, 489
4, 16.298, 500
5, 16.323, 509
4, 16.348, 479
5, 16.374, 531
4, 16.399, 457
5, 16.424, 554
4, 16.450, 434
5, 16.475, 577
4, 16.501, 412
5, 16.525, 599
4, 16.551, 391
5, 16.577, 617
4, 16.602, 374
5, 16.627, 632
4, 16.652, 362
5, 16.678, 643
4, 16.704, 353
5, 16.728, 649
4, 16.754, 351
5, 16.779, 649
4, 16.805, 354
5, 16.830, 644
4, 16.855, 362
5, 16.881, 633
4, 16.906, 374
5, 16.931, 618
4, 16.956, 391
5, 16.982, 600
4, 17.008, 412
5, 17.032, 578
4, 17.058, 434
5, 17.083, 555
4, 17.109, 457
5, 17.134, 533
4, 17.159, 479
5, 17.185, 511
4, 17.210, 500
5, 17.235, 491
4, 17.261, 518
5, 17.286, 475
4, 17.312, 532
5, 17.336, 463
4, 17.362, 541
5, 17.388, 455
4, 17.413, 545
5, 17.438, 454
4, 17.463, 544
5, 17.489, 457
4, 17.515, 538
5, 17.539, 466
4, 17.565, 527
5, 17.590, 480
4, 17.616, 511
5, 17.641, 497
4, 17.666, 491
5, 17.692, 517
4, 17.717, 470
5, 17.743, 540
4, 17.767, 447
5, 17.793, 563
4, 17.819, 424
5, 17.844, 586
4, 17.869, 403
5, 17.894, 606
4, 17.920, 385
5, 17.946, 623
4, 17.970, 369
5, 17.996, 636
4, 18.021, 358
5, 18.047, 645
4, 18.072, 352
5, 18.097, 649
4, 18.123, 352
5, 18.148, 647
4, 18.173, 357
5, 18.199, 640
4, 18.224, 367
5, 18.250, 628
4, 18.274, 382
5, 18.300, 611
4, 18.326, 400
5, 18.351, 592
4, 18.376, 420
5, 18.401, 570
4, 18.427, 443
5, 18.453, 547
4, 18.477, 465
5, 18.503, 525
4, 18.528, 487
5, 18.554, 504
4, 18.579, 507
5, 18.604, 485
4, 18.630, 523
5, 18.655, 471
4, 18.680, 535
5, 18.705, 461
4, 18.731, 542
5, 18.757, 456
4, 18.781, 544
5, 18.807, 456
4, 18.832, 541
5, 18.858, 462
4, 18.883, 533
5, 18.908, 471
4, 18.934, 520
5, 18.959, 487
4, 18.984, 502
5, 19.010, 505
4, 19.035, 483
5, 19.061, 527
4, 19.085, 460
5, 19.111, 549
4, 19.137, 438
5, 19.162, 571
4, 19.187, 416
5, 19.212, 592
4, 19.238, 396
5, 19.264, 612
4, 19.288, 379
5, 19.314, 627
4, 19.339, 366
5, 19.365, 639
4, 19.390, 357
5, 19.415, 645
4, 19.441, 354
5, 19.466, 647
4, 19.491, 355
5, 19.516, 643
4, 19.542, 362
5, 19.568, 634
4, 19.592, 374
5, 19.618, 621
4, 19.643, 389
5, 19.669, 604
4, 19.694, 408
5, 19.719, 584
4, 19.745, 430
5, 19.770, 561
4, 19.795, 452
5, 19.821, 539
4, 19.846, 474
5, 19.872, 518
4, 19.896, 495
5, 19.922, 498
4, 19.948, 512
5, 19.973, 481
4, 19.998, 527
5, 20.023, 468
4, 20.049, 537
5, 20.075, 460
4, 20.099, 543
5, 20.125, 457
4, 20.150, 542
5, 20.176, 459
4, 20.201, 537
5, 20.226, 466
4, 20.252, 526
5, 20.277, 478
4, 20.302, 512
5, 20.327, 494
4, 20.353, 494
5, 20.379, 513
4, 20.403, 473
5, 20.429, 534
4, 20.454, 452
5, 20.480, 557
4, 20.505, 429
5, 20.530, 579
4, 20.556, 407
5, 20.581, 599
4, 20.606, 389
5, 20.632, 617
4, 20.657, 373
5, 20.683, 630
4, 20.707, 362
5, 20.733, 640
4, 20.759, 356
5, 20.784, 645
4, 20.809, 354
5, 20.834, 645
4, 20.860, 358
5, 20.886, 639
4, 20.910, 367
5, 20.936, 628
4, 20.961, 381
5, 20.987, 613
4, 21.012, 398
5, 21.037, 595
4, 21.063, 418
5, 21.088, 575
4, 21.113, 438
5, 21.139, 553
4, 21.164, 462
5, 21.190, 531
4, 21.214, 482
5, 21.240, 510
4, 21.265, 503
5, 21.291, 491
4, 21.316, 519
5, 21.341, 477
4, 21.367, 532
5, 21.392, 465
4, 21.418, 540
5, 21.443, 459
4, 21.468, 542
5, 21.494, 458
4, 21.519, 540
5, 21.544, 462
4, 21.570, 533
5, 21.595, 470
4, 21.621, 521
5, 21.645, 483
4, 21.671, 505
5, 21.697, 501
4, 21.722, 485
5, 21.747, 521
4, 21.772, 465
5, 21.798, 542
4, 21.824, 442
5, 21.848, 565
4, 21.874, 421
5, 21.899, 584
4, 21.925, 401
5, 21.950, 604
4, 21.975, 383
5, 22.001, 621
4, 22.026, 370
5, 22.051, 632
4, 22.076, 361
5, 22.102, 640
4, 22.128, 356
5, 22.152, 643
4, 22.178, 357
5, 22.203, 641
4, 22.229, 363
5, 22.254, 633
4, 22.279, 372
5, 22.305, 621
4, 22.330, 388
5, 22.355, 605
4, 22.381, 406
5, 22.406, 586
4, 22.432, 426
5, 22.456, 566
4, 22.482, 449
5, 22.508, 544
4, 22.533, 470
5, 22.558, 523
4, 22.583, 490
5, 22.609, 502
4, 22.635, 509
5, 22.659, 486
4, 22.685, 524
5, 22.710, 473
4, 22.736, 534
5, 22.761, 464
4, 22.786, 540
5, 22.812, 460
4, 22.837, 541
5, 22.862, 461
4, 22.887, 536
5, 22.913, 466
4, 22.939, 528
5, 22.963, 477
4, 22.989, 513
5, 23.014, 491
4, 23.040, 496
5, 23.065, 510
4, 23.090, 476
5, 23.116, 530
4, 23.141, 455
5, 23.166, 551
4, 23.192, 433
5, 23.217, 572
4, 23.243, 412
5, 23.267, 593
4, 23.293, 394
5, 23.319, 610
4, 23.344, 377
5, 23.369, 624
4, 23.394, 366
5, 23.420, 636
4, 23.446, 359
5, 23.470, 640
4, 23.496, 356
5, 23.521, 641
4, 23.547, 359
5, 23.572, 637
4, 23.597, 367
5, 23.623, 627
4, 23.648, 378
5, 23.673, 614
4, 23.699, 395
5, 23.724, 598
4, 23.750, 414
5, 23.774, 577
4, 23.800, 436
5, 23.825, 557
4, 23.851, 457
5, 23.876, 536
4, 23.901, 478
5, 23.927, 516
4, 23.952, 498
5, 23.977, 497
4, 24.003, 514
5, 24.028, 481
4, 24.054, 527
5, 24.078, 470
4, 24.104, 536
5, 24.130, 463
4, 24.155, 540
5, 24.180, 460
4, 24.205, 539
5, 24.231, 464
4, 24.257, 533
5, 24.281, 471
4, 24.307, 522
5, 24.332, 483
4, 24.358, 507
5, 24.383, 499
4, 24.408, 489
5, 24.434, 517
4, 24.459, 469
5, 24.485, 538
4, 24.510, 447
5, 24.535, 559
4, 24.561, 425
5, 24.586, 580
4, 24.611, 405
5, 24.636, 599
4, 24.662, 388
5, 24.688, 615
4, 24.712, 374
5, 24.738, 627
4, 24.763, 363
5, 24.789, 636
4, 24.814, 358
5, 24.839, 639
4, 24.865, 358
5, 24.890, 639
4, 24.915, 363
5, 24.941, 632
4, 24.966, 373
5, 24.992, 621
4, 25.016, 386
5, 25.042, 607
4, 25.068, 403
5, 25.093, 589
4, 25.118, 423
5, 25.143, 569
4, 25.169, 444
5, 25.195, 549
4, 25.219, 466
5, 25.245, 528
4, 25.270, 486
5, 25.296, 509
4, 25.321, 504
5, 25.346, 492
4, 25.372, 519
5, 25.397, 478
4, 25.422, 531
5, 25.447, 468
4, 25.473, 538
5, 25.499, 463
4, 25.523, 540
5, 25.549, 463
4, 25.574, 537
5, 25.600, 468
4, 25.625, 528
5, 25.650, 478
4, 25.676, 515
5, 25.701, 490
4, 25.726, 499
5, 25.752, 506
4, 25.777, 480
5, 25.803, 527
4, 25.827, 459
5, 25.853, 547
4, 25.879, 438
5, 25.904, 567
4, 25.929, 417
5, 25.954, 586
4, 25.980, 398
5, 26.006, 604
4, 26.030, 382
5, 26.056, 619
4, 26.081, 370
5, 26.107, 630
4, 26.132, 361
5, 26.157, 636
4, 26.183, 359
5, 26.208, 638
4, 26.233, 360
5, 26.259, 635
4, 26.284, 367
5, 26.310, 625
4, 26.334, 378
5, 26.360, 615
4, 26.385, 393
5, 26.411, 599
4, 26.436, 411
5, 26.461, 581
4, 26.487, 431
5, 26.512, 561
4, 26.537, 453
5, 26.563, 541
4, 26.588, 474
5, 26.614, 520
4, 26.638, 493
5, 26.664, 503
4, 26.690, 510
5, 26.715, 487
4, 26.740, 524
5, 26.765, 475
4, 26.791, 533
5, 26.817, 467
4, 26.841, 538
5, 26.867, 465
4, 26.892, 537
5, 26.918, 466
4, 26.943, 532
5, 26.968, 473
4, 26.994, 523
5, 27.019, 483
4, 27.044, 509
5, 27.070, 498
4, 27.095, 492
5, 27.121, 515
4, 27.145, 473
5, 27.171, 535
4, 27.196, 451
5, 27.222, 555
4, 27.247, 430
5, 27.272, 574
4, 27.298, 410
5, 27.323, 594
4, 27.348, 392
5, 27.374, 609
4, 27.399, 377
5, 27.425, 623
4, 27.449, 366
5, 27.475, 631
4, 27.501, 361
5, 27.526, 636
4, 27.551, 359
5, 27.576, 636
4, 27.602, 363
5, 27.628, 630
4, 27.652, 372
5, 27.678, 621
4, 27.703, 384
5, 27.729, 607
4, 27.754, 400
5, 27.779, 592
4, 27.805, 419
5, 27.830, 573
4, 27.855, 439
5, 27.881, 553
4, 27.906, 461
5, 27.932, 533
4, 27.956, 481
5, 27.982, 514
4, 28.007, 499
5, 28.033, 497
4, 28.058, 516
5, 28.083, 483
4, 28.109, 527
5, 28.134, 474
4, 28.159, 534
5, 28.185, 468
4, 28.210, 538
5, 28.236, 467
4, 28.260, 535
5, 28.286, 470
4, 28.312, 529
5, 28.337, 478
4, 28.362, 517
5, 28.387, 490
4, 28.413, 502
5, 28.439, 506
4, 28.463, 484
5, 28.489, 523
4, 28.514, 465
5, 28.540, 543
4, 28.565, 443
5, 28.590, 563
4, 28.616, 423
5, 28.641, 582
4, 28.666, 403
5, 28.692, 600
4, 28.717, 387
5, 28.743, 614
4, 28.767, 374
5, 28.793, 625
4, 28.819, 365
5, 28.844, 632
4, 28.869, 361
5, 28.894, 635
4, 28.920, 361
5, 28.945, 632
4, 28.970, 367
5, 28.996, 626
4, 29.021, 376
5, 29.047, 616
4, 29.071, 390
5, 29.097, 601
4, 29.123, 407
5, 29.148, 584
4, 29.173, 426
5, 29.198, 564
4, 29.224, 447
5, 29.250, 545
4, 29.274, 468
5, 29.300, 526
4, 29.325, 488
5, 29.351, 508
4, 29.376, 505
5, 29.401, 492
4, 29.427, 519
5, 29.452, 481
4, 29.477, 530
5, 29.503, 472
4, 29.528, 535
5, 29.554, 468
4, 29.578, 537
5, 29.604, 469
4, 29.630, 532
5, 29.655, 474
4, 29.680, 524
5, 29.705, 484
4, 29.731, 511
5, 29.756, 497
4, 29.781, 495
5, 29.807, 513
4, 29.832, 476
5, 29.858, 532
4, 29.882, 456
5, 29.908, 551
4, 29.934, 435
5, 29.959, 571
4, 29.984, 416
5, 30.009, 589
4, 30.035, 398
5, 30.061, 605
4, 30.085, 382
5, 30.111, 618
4, 30.136, 371
5, 30.162, 627
4, 30.187, 364
5, 30.212, 632
4, 30.238, 362
5, 30.263, 633
4, 30.288, 364
5, 30.314, 629
4, 30.339, 370
5, 30.365, 621
4, 30.389, 383
5, 30.415, 608
4, 30.441, 397
5, 30.466, 594
4, 30.491, 415
5, 30.516, 576
4, 30.542, 435
5, 30.567, 557
4, 30.592, 455
5, 30.618, 537
4, 30.643, 476
5, 30.669, 519
4, 30.693, 493
5, 30.719, 502
4, 30.745, 510
5, 30.770, 488
4, 30.795, 522
5, 30.820, 478
4, 30.846, 532
5, 30.872, 471
4, 30.896, 535
5, 30.922, 470
4, 30.947, 535
5, 30.973, 472
4, 30.998, 529
5, 31.023, 479
4, 31.049, 519
5, 31.074, 490
4, 31.099, 505
5, 31.125, 505
4, 31.150, 488
5, 31.176, 521
4, 31.200, 469
5, 31.226, 540
4, 31.252, 448
5, 31.277, 559
4, 31.302, 429
5, 31.327, 578
4, 31.353, 409
5, 31.379, 595
4, 31.403, 392
5, 31.429, 610
4, 31.454, 379
5, 31.480, 622
4, 31.504, 369
5, 31.530, 629
4, 31.556, 364
5, 31.581, 632
4, 31.606, 363
5, 31.631, 630
4, 31.657, 367
5, 31.683, 626
4, 31.707, 376
5, 31.733, 615
4, 31.758, 388
5, 31.784, 602
4, 31.809, 404
5, 31.834, 586
4, 31.860, 423
5, 31.885, 568
4, 31.910, 443
5, 31.936, 549
4, 31.961, 463
5, 31.987, 530
4, 32.011, 482
5, 32.037, 512
4, 32.063, 500
5, 32.088, 496
4, 32.113, 515
5, 32.138, 484
4, 32.164, 526
5, 32.190, 476
4, 32.214, 532
5, 32.240, 471
4, 32.265, 535
5, 32.291, 471
4, 32.315, 532
5, 32.341, 475
4, 32.367, 525
5, 32.392, 485
4, 32.417, 513
5, 32.442, 497
4, 32.468, 499
5, 32.494, 512
4, 32.518, 480
5, 32.544, 530
4, 32.569, 461
5, 32.595, 548
4, 32.620, 442
5, 32.645, 567
4, 32.671, 422
5, 32.696, 585
4, 32.721, 405
5, 32.747, 601
4, 32.772, 388
5, 32.798, 615
4, 32.822, 375
5, 32.848, 624
4, 32.874, 367
5, 32.899, 629
4, 32.924, 364
5, 32.949, 631
4, 32.975, 365
5, 33.001, 628
4, 33.025, 370
5, 33.051, 620
4, 33.076, 381
5, 33.102, 610
4, 33.126, 394
5, 33.152, 595
4, 33.178, 411
5, 33.203, 578
4, 33.228, 430
5, 33.253, 560
4, 33.279, 449
5, 33.305, 541
4, 33.329, 470
5, 33.355, 523
4, 33.380, 488
5, 33.406, 506
4, 33.432, 504
5, 33.456, 492
4, 33.482, 518
5, 33.507, 482
4, 33.533, 527
5, 33.558, 475
4, 33.583, 532
5, 33.609, 472
4, 33.634, 533
5, 33.659, 474
4, 33.685, 528
5, 33.710, 480
4, 33.736, 520
5, 33.760, 489
4, 33.786, 508
5, 33.812, 504
4, 33.837, 491
5, 33.862, 520
4, 33.887, 473
5, 33.913, 537
4, 33.939, 454
5, 33.963, 556
4, 33.989, 434
5, 34.014, 574
4, 34.040, 415
5, 34.064, 591
4, 34.090, 398
5, 34.116, 606
4, 34.141, 384
5, 34.166, 618
4, 34.191, 373
5, 34.217, 626
4, 34.243, 368
5, 34.267, 630
4, 34.293, 366
5, 34.318, 629
4, 34.344, 368
5, 34.369, 623
4, 34.394, 375
5, 34.420, 616
4, 34.445, 387
5, 34.470, 603
4, 34.496, 401
5, 34.521, 588
4, 34.547, 419
5, 34.571, 570
4, 34.597, 438
5, 34.623, 552
4, 34.648, 457
5, 34.673, 533
4, 34.698, 477
5, 34.724, 516
4, 34.750, 494
5, 34.774, 500
4, 34.800, 510
5, 34.825, 488
4, 34.851, 521
5, 34.875, 479
4, 34.901, 529
5, 34.927, 474
4, 34.952, 532
5, 34.977, 473
4, 35.002, 531
5, 35.028, 477
4, 35.054, 524
5, 35.078, 485
4, 35.104, 515
5, 35.129, 496
4, 35.155, 500
5, 35.180, 510
4, 35.205, 484
5, 35.231, 527
4, 35.256, 465
5, 35.281, 546
4, 35.307, 447
5, 35.332, 564
4, 35.358, 428
5, 35.382, 581
4, 35.408, 409
5, 35.434, 597
4, 35.459, 393
5, 35.484, 611
4, 35.509, 381
5, 35.535, 621
4, 35.561, 372
5, 35.585, 627
4, 35.611, 366
5, 35.636, 630
4, 35.662, 367
5, 35.686, 627
4, 35.712, 372
5, 35.738, 620
4, 35.763, 380
5, 35.788, 611
4, 35.813, 393
5, 35.839, 597
4, 35.865, 408
5, 35.889, 581
4, 35.915, 426
5, 35.940, 563
4, 35.966, 445
5, 35.991, 545
4, 36.016, 464
5, 36.042, 527
4, 36.067, 483
5, 36.092, 511
4, 36.118, 498
5, 36.143, 495
4, 36.169, 512
5, 36.193, 485
4, 36.219, 522
5, 36.245, 478
4, 36.270, 528
5, 36.295, 474
4, 36.320, 530
5, 36.346, 475
4, 36.372, 527
5, 36.396, 481
4, 36.422, 519
5, 36.447, 490
4, 36.473, 508
5, 36.497, 502
4, 36.523, 494
5, 36.549, 518
4, 36.574, 477
5, 36.600, 535
4, 36.624, 458
5, 36.650, 553
4, 36.676, 439
5, 36.701, 572
4, 36.726, 420
5, 36.751, 588
4, 36.777, 403
5, 36.803, 603
4, 36.827, 389
5, 36.853, 615
4, 36.878, 378
5, 36.904, 623
4, 36.929, 371
5, 36.954, 628
4, 36.980, 368
5, 37.005, 628
4, 37.030, 369
5, 37.056, 624
4, 37.081, 376
5, 37.107, 616
4, 37.131, 386
5, 37.157, 604
4, 37.183, 400
5, 37.208, 589
4, 37.233, 416
5, 37.258, 573
4, 37.284, 433
5, 37.310, 555
4, 37.334, 453
5, 37.360, 537
4, 37.385, 471
5, 37.411, 520
4, 37.435, 489
5, 37.461, 504
4, 37.487, 504
5, 37.512, 492
4, 37.537, 515
5, 37.562, 482
4, 37.588, 524
5, 37.614, 476
4, 37.638, 528
5, 37.664, 475
4, 37.689, 528
5, 37.715, 478
4, 37.740, 523
5, 37.765, 484
4, 37.791, 515
5, 37.816, 495
4, 37.841, 502
5, 37.867, 508
4, 37.892, 487
5, 37.918, 525
4, 37.942, 469
5, 37.968, 542
4, 37.994, 451
5, 38.019, 560
4, 38.044, 432
5, 38.069, 577
4, 38.095, 415
5, 38.121, 594
4, 38.145, 399
5, 38.171, 607
4, 38.196, 386
5, 38.222, 618
4, 38.246, 376
5, 38.272, 624
4, 38.298, 372
5, 38.323, 628
4, 38.348, 371
5, 38.373, 626
4, 38.399, 373
5, 38.425, 620
4, 38.449, 381
5, 38.475, 611
4, 38.500, 392
5, 38.526, 598
4, 38.551, 406
5, 38.576, 583
4, 38.602, 423
5, 38.627, 566
4, 38.652, 441
5, 38.678, 547
4, 38.703, 460
5, 38.729, 530
4, 38.753, 478
5, 38.779, 514
4, 38.805, 494
5, 38.830, 499
4, 38.855, 508
5, 38.880, 488
4, 38.906, 519
5, 38.932, 480
4, 38.956, 525
5, 38.982, 476
4, 39.007, 527
5, 39.033, 476
4, 39.057, 525
5, 39.083, 480
4, 39.109, 519
5, 39.134, 489
4, 39.159, 509
5, 39.184, 500
4, 39.210, 496
5, 39.236, 514
4, 39.260, 480
5, 39.286, 531
4, 39.311, 462
5, 39.337, 549
4, 39.362, 444
5, 39.387, 567
4, 39.413, 425
5, 39.438, 584
4, 39.463, 409
5, 39.489, 599
4, 39.514, 394
5, 39.540, 611
4, 39.564, 384
5, 39.590, 620
4, 39.616, 376
5, 39.641, 626
4, 39.666, 372
5, 39.691, 625
4, 39.717, 372
5, 39.743, 623
4, 39.767, 378
5, 39.793, 616
4, 39.818, 386
5, 39.844, 605
4, 39.868, 398
5, 39.894, 591
4, 39.920, 413
5, 39.945, 576
4, 39.970, 430
5, 39.995, 559
4, 40.021, 448
5, 40.047, 541
4, 40.071, 467
5, 40.097, 524
4, 40.122, 483
5, 40.148, 508
4, 40.173, 498
5, 40.198, 495
4, 40.224, 511
5, 40.249, 485
4, 40.275, 520
5, 40.300, 479
4, 40.325, 525
5, 40.351, 476
4, 40.376, 525
5, 40.401, 478
4, 40.427, 522
5, 40.452, 484
4, 40.478, 514
5, 40.502, 494
4, 40.528, 502
5, 40.554, 507
4, 40.579, 489
5, 40.604, 522
4, 40.629, 472
5, 40.655, 539
4, 40.681, 455
5, 40.705, 557
4, 40.731, 437
5, 40.756, 573
4, 40.782, 419
5, 40.806, 589
4, 0.025, 382
5, 0.050, 630
4, 0.076, 382
5, 0.101, 631
4, 0.127, 382
5, 0.151, 631
4, 0.177, 381
5, 0.203, 630
4, 0.228, 382
5, 0.253, 632
4, 0.278, 382
5, 0.304, 630
4, 0.329, 382
5, 0.354, 632
4, 0.380, 382
5, 0.405, 632
4, 0.431, 382
5, 0.455, 633
4, 0.481, 380
5, 0.507, 632
4, 0.532, 380
5, 0.557, 633
4, 0.582, 380
5, 0.608, 633
4, 0.634, 379
5, 0.659, 633
4, 0.684, 378
5, 0.709, 632
4, 0.735, 379
5, 0.761, 632
4, 0.785, 378
5, 0.811, 633
4, 0.836, 379
5, 0.862, 633
4, 0.887, 378
5, 0.912, 633
4, 0.938, 379
5, 0.963, 633
4, 0.988, 379
5, 1.014, 635
4, 1.039, 379
5, 1.065, 633
4, 1.089, 379
5, 1.115, 633
4, 1.141, 379
5, 1.166, 633
4, 1.191, 379
5, 1.216, 633
4, 1.242, 380
5, 1.267, 632
4, 1.292, 379
5, 1.318, 632
4, 1.343, 379
5, 1.369, 632
4, 1.393, 379
5, 1.419, 632
4, 1.445, 379
5, 1.470, 633
4, 1.495, 380
5, 1.520, 632
4, 1.546, 379
5, 1.572, 631
4, 1.596, 381
5, 1.622, 632
4, 1.647, 380
5, 1.673, 631
4, 1.698, 381
5, 1.723, 632
4, 1.749, 379
5, 1.774, 630
4, 1.799, 380
5, 1.825, 631
4, 1.850, 379
5, 1.876, 632
4, 1.900, 382
5, 1.926, 631
4, 1.952, 379
5, 1.977, 631
4, 2.002, 379
5, 2.027, 633
4, 2.053, 379
5, 2.078, 631
4, 2.103, 379
5, 2.129, 632
4, 2.154, 380
5, 2.180, 631
4, 2.204, 380
5, 2.230, 632
4, 2.256, 380
5, 2.281, 631
4, 2.306, 381
5, 2.331, 629
4, 2.357, 384
5, 2.383, 628
4, 2.407, 391
5, 2.433, 622
4, 2.458, 403
5, 2.484, 609
4, 2.509, 419
5, 2.534, 593
4, 2.560, 438
5, 2.585, 572
4, 2.610, 459
5, 2.636, 548
4, 2.661, 481
5, 2.687, 522
4, 2.711, 502
5, 2.737, 496
4, 2.763, 522
5, 2.788, 470
4, 2.813, 538
5, 2.838, 447
4, 2.864, 552
5, 2.889, 429
4, 2.914, 561
5, 2.940, 416
4, 2.965, 564
5, 2.991, 409
4, 3.015, 562
5, 3.041, 407
4, 3.067, 556
5, 3.092, 412
4, 3.117, 544
5, 3.142, 424
4, 3.168, 528
5, 3.194, 439
4, 3.218, 509
5, 3.244, 461
4, 3.269, 487
5, 3.295, 485
4, 3.320, 465
5, 3.345, 511
4, 3.371, 442
5, 3.396, 537
4, 3.421, 421
5, 3.447, 562
4, 3.472, 404
5, 3.498, 586
4, 3.522, 389
5, 3.548, 606
4, 3.574, 380
5, 3.599, 620
4, 3.624, 375
5, 3.649, 629
4, 3.675, 375
5, 3.701, 633
4, 3.725, 382
5, 3.751, 630
4, 3.776, 392
5, 3.802, 622
4, 3.826, 407
5, 3.852, 608
4, 3.878, 425
5, 3.903, 590
4, 3.928, 447
5, 3.953, 567
4, 3.979, 469
5, 4.005, 543
4, 4.029, 492
5, 4.055, 517
4, 4.080, 513
5, 4.106, 492
4, 4.131, 532
5, 4.156, 468
4, 4.182, 547
5, 4.207, 448
4, 4.232, 557
5, 4.258, 431
4, 4.283, 564
5, 4.309, 420
4, 4.333, 565
5, 4.359, 415
4, 4.385, 560
5, 4.410, 416
4, 4.435, 551
5, 4.460, 421
4, 4.486, 537
5, 4.512, 433
4, 4.536, 519
5, 4.562, 450
4, 4.587, 498
5, 4.613, 471
4, 4.637, 476
5, 4.663, 494
4, 4.689, 453
5, 4.714, 519
4, 4.739, 431
5, 4.764, 544
4, 4.790, 411
5, 4.816, 569
4, 4.840, 394
5, 4.866, 590
4, 4.891, 382
5, 4.917, 607
4, 4.942, 374
5, 4.967, 619
4, 4.993, 372
5, 5.018, 627
4, 5.043, 374
5, 5.069, 629
4, 5.094, 383
5, 5.120, 625
4, 5.144, 395
5, 5.170, 615
4, 5.196, 412
5, 5.221, 601
4, 5.246, 433
5, 5.271, 582
4, 5.297, 455
5, 5.323, 561
4, 5.347, 479
5, 5.373, 537
4, 5.398, 500
5, 5.424, 512
4, 5.448, 522
5, 5.474, 489
4, 5.500, 540
5, 5.525, 466
4, 5.550, 553
5, 5.575, 448
4, 5.601, 563
5, 5.627, 435
4, 5.651, 567
5, 5.677, 425
4, 5.702, 566
5, 5.728, 421
4, 5.754, 559
5, 5.778, 423
4, 5.804, 547
5, 5.829, 431
4, 5.855, 531
5, 5.880, 444
4, 5.905, 511
5, 5.931, 461
4, 5.956, 488
5, 5.981, 481
4, 6.007, 465
5, 6.032, 504
4, 6.058, 442
5, 6.082, 528
4, 6.108, 420
5, 6.134, 552
4, 6.159, 400
5, 6.184, 574
4, 6.209, 385
5, 6.235, 593
4, 6.261, 375
5, 6.285, 608
4, 6.311, 369
5, 6.336, 618
4, 6.362, 369
5, 6.386, 623
4, 6.412, 374
5, 6.438, 623
4, 6.463, 385
5, 6.488, 618
4, 6.513, 399
5, 6.539, 607
4, 6.565, 418
5, 6.589, 592
4, 6.615, 440
5, 6.640, 573
4, 6.666, 464
5, 6.691, 552
4, 6.716, 487
5, 6.742, 529
4, 6.767, 510
5, 6.792, 506
4, 6.818, 530
5, 6.843, 484
4, 6.869, 547
5, 6.893, 464
4, 6.919, 560
5, 6.945, 448
4, 6.970, 567
5, 6.995, 437
4, 7.020, 569
5, 7.046, 430
4, 7.072, 566
5, 7.096, 429
4, 7.122, 557
5, 7.147, 432
4, 7.173, 543
5, 7.197, 441
4, 7.223, 525
5, 7.249, 455
4, 7.274, 504
5, 7.299, 472
4, 7.324, 480
5, 7.350, 493
4, 7.376, 457
5, 7.400, 515
4, 7.426, 432
5, 7.451, 537
4, 7.477, 412
5, 7.502, 558
4, 7.527, 392
5, 7.553, 578
4, 7.578, 378
5, 7.603, 596
4, 7.629, 369
5, 7.654, 608
4, 7.680, 365
5, 7.704, 616
4, 7.730, 367
5, 7.756, 618
4, 7.781, 374
5, 7.806, 616
4, 7.831, 386
5, 7.857, 610
4, 7.883, 403
5, 7.907, 598
4, 7.933, 423
5, 7.958, 583
4, 7.984, 446
5, 8.008, 564
4, 8.034, 471
5, 8.060, 544
4, 8.085, 495
5, 8.110, 522
4, 8.135, 518
5, 8.161, 500
4, 8.187, 537
5, 8.211, 481
4, 8.237, 553
5, 8.262, 463
4, 8.288, 565
5, 8.313, 450
4, 8.338, 571
5, 8.364, 440
4, 8.389, 571
5, 8.414, 435
4, 8.440, 565
5, 8.465, 436
4, 0.026, 469
5, 0.052, 577
4, 0.077, 468
5, 0.102, 580
4, 0.127, 468
5, 0.153, 568
4, 0.179, 468
5, 0.203, 546
4, 0.229, 468
5, 0.254, 517
4, 0.280, 469
5, 0.305, 486
4, 0.330, 469
5, 0.356, 461
4, 0.381, 470
5, 0.406, 451
4, 0.431, 470
5, 0.457, 459
4, 0.483, 469
5, 0.507, 483
4, 0.533, 469
5, 0.558, 514
4, 0.584, 469
5, 0.609, 546
4, 0.634, 469
5, 0.660, 561
4, 0.685, 469
5, 0.710, 557
4, 0.736, 469
5, 0.761, 540
4, 0.787, 470
5, 0.811, 512
4, 0.837, 469
5, 0.863, 482
4, 0.888, 470
5, 0.913, 463
4, 0.938, 470
5, 0.964, 467
4, 0.990, 470
5, 1.014, 486
4, 1.040, 470
5, 1.065, 516
4, 1.091, 469
5, 1.116, 543
4, 1.141, 469
5, 1.167, 553
4, 1.192, 468
5, 1.218, 544
4, 1.242, 470
5, 1.268, 519
4, 1.294, 469
5, 1.319, 490
4, 1.344, 470
5, 1.369, 468
4, 1.395, 469
5, 1.421, 464
4, 1.445, 469
5, 1.471, 480
4, 1.496, 470
5, 1.522, 510
4, 1.547, 469
5, 1.572, 539
4, 1.598, 469
5, 1.623, 556
4, 1.648, 469
5, 1.674, 557
4, 1.699, 469
5, 1.725, 542
4, 1.749, 469
5, 1.775, 519
4, 1.801, 469
5, 1.826, 494
4, 1.851, 470
5, 1.876, 476
4, 1.902, 470
5, 1.928, 474
4, 1.952, 469
5, 1.978, 488
4, 2.003, 470
5, 2.029, 514
4, 2.054, 470
5, 2.079, 545
4, 2.105, 469
5, 2.130, 565
4, 2.155, 470
5, 2.180, 567
4, 2.206, 470
5, 2.232, 552
4, 2.256, 470
5, 2.282, 524
4, 2.307, 470
5, 2.333, 496
4, 2.358, 471
5, 2.383, 477
4, 2.409, 470
5, 2.434, 479
4, 2.459, 470
5, 2.485, 497
4, 2.510, 470
5, 2.536, 525
4, 2.560, 470
5, 2.586, 550
4, 2.612, 469
5, 2.637, 562
4, 2.662, 469
5, 2.687, 555
4, 2.713, 469
5, 2.739, 536
4, 2.763, 469
5, 2.789, 509
4, 2.814, 470
5, 2.840, 489
4, 2.865, 469
5, 2.890, 484
4, 2.916, 469
5, 2.941, 494
4, 2.966, 470
5, 2.991, 518
4, 3.017, 470
5, 3.043, 542
4, 3.067, 469
5, 3.093, 555
4, 3.118, 469
5, 3.144, 550
4, 3.169, 470
5, 3.194, 532
4, 3.220, 470
5, 3.245, 509
4, 3.270, 470
5, 3.296, 504
4, 3.321, 470
5, 3.347, 517
4, 3.371, 470
5, 3.397, 526
4, 3.423, 471
5, 3.448, 515
4, 3.473, 470
5, 3.498, 505
4, 3.524, 470
5, 3.550, 507
4, 3.574, 470
5, 3.600, 523
4, 3.625, 469
5, 3.651, 525
4, 3.676, 470
5, 3.701, 512
4, 3.727, 469
5, 3.752, 510
4, 3.777, 469
5, 3.802, 521
4, 3.828, 469
5, 3.854, 524
4, 3.878, 469
5, 3.904, 511
4, 3.929, 469
5, 3.955, 508
4, 3.980, 469
5, 4.005, 520
4, 4.031, 468
5, 4.056, 524
4, 4.081, 468
5, 4.107, 513
4, 4.132, 468
5, 4.158, 507
4, 4.182, 469
5, 4.208, 516
4, 4.234, 468
5, 4.259, 521
4, 4.284, 468
5, 4.309, 514
4, 4.335, 468
5, 4.361, 503
4, 4.385, 469
5, 4.411, 515
4, 4.436, 469
5, 4.462, 528
4, 4.487, 469
5, 4.512, 522
4, 4.538, 469
5, 4.563, 506
4, 4.588, 470
5, 4.614, 500
4, 4.639, 470
5, 4.665, 518
4, 4.689, 470
5, 4.715, 532
4, 4.740, 470
5, 4.766, 521
4, 4.791, 470
5, 4.816, 505
4, 4.842, 470
5, 4.867, 507
4, 4.893, 470
5, 4.918, 517
4, 4.943, 470
5, 4.969, 527
4, 4.994, 470
5, 5.019, 516
4, 5.045, 469
5, 5.070, 504
4, 5.096, 469
5, 5.120, 510
4, 5.146, 469
5, 5.172, 528
4, 5.197, 469
5, 5.222, 529
4, 5.247, 469
5, 5.273, 517
4, 5.299, 468
5, 5.323, 506
4, 5.349, 469
5, 5.374, 515
4, 5.400, 469
5, 5.425, 530
4, 5.450, 469
5, 5.476, 530
4, 5.501, 469
5, 5.526, 511
4, 5.551, 469
5, 5.577, 502
4, 5.603, 469
5, 5.627, 517
4, 5.653, 469
5, 5.678, 533
4, 5.704, 469
5, 5.729, 529
4, 5.754, 469
5, 5.780, 513
4, 5.805, 470
5, 5.830, 505
4, 5.856, 470
5, 5.881, 519
4, 5.907, 470
5, 5.931, 533
4, 5.957, 471
5, 5.983, 526
4, 6.008, 470
5, 6.033, 514
4, 6.058, 470
5, 6.084, 516
4, 6.110, 470
5, 6.134, 526
4, 6.160, 471
5, 6.185, 535
4, 6.211, 470
5, 6.236, 528
4, 6.261, 470
5, 6.287, 518
4, 6.312, 470
5, 6.337, 512
4, 6.362, 469
5, 6.388, 523
4, 6.414, 469
5, 6.438, 551
4, 6.464, 469
5, 6.489, 584
4, 6.515, 469
5, 6.540, 607
4, 6.565, 469
5, 6.591, 615
4, 6.616, 470
5, 6.641, 617
4, 6.667, 471
5, 6.692, 608
4, 6.718, 471
5, 6.742, 598
4, 6.768, 472
5, 6.794, 587
4, 6.819, 473
5, 6.844, 574
4, 6.869, 474
5, 6.895, 567
4, 6.921, 475
5, 6.945, 578
4, 6.971, 476
5, 6.996, 585
4, 7.022, 476
5, 7.047, 581
4, 7.072, 476
5, 7.098, 571
4, 7.123, 475
5, 7.148, 576
4, 7.174, 476
5, 7.199, 585
4, 7.225, 476
5, 7.249, 577
4, 7.275, 475
5, 7.300, 569
4, 7.326, 474
5, 7.351, 574
4, 7.376, 473
5, 7.402, 577
4, 7.427, 472
5, 7.452, 571
4, 7.478, 471
5, 7.503, 566
4, 7.529, 470
5, 7.553, 569
4, 7.579, 470
5, 7.605, 572
4, 7.630, 469
5, 7.655, 582
4, 7.680, 469
5, 7.706, 585
4, 7.732, 469
5, 7.756, 579
4, 7.782, 468
5, 7.807, 570
4, 7.833, 468
5, 7.858, 573
4, 7.883, 469
5, 7.909, 582
4, 7.934, 470
5, 7.960, 592
4, 7.985, 470
5, 8.010, 603
4, 8.036, 471
5, 8.061, 608
4, 8.086, 472
5, 8.111, 612
4, 8.137, 473
5, 8.163, 614
4, 8.187, 474
5, 8.213, 614
4, 8.238, 475
5, 8.264, 615
4, 8.289, 476
5, 8.314, 615
4, 8.340, 477
5, 8.365, 616
4, 8.390, 477
5, 8.416, 614
4, 8.441, 478
5, 8.467, 612
4, 8.491, 478
5, 8.517, 615
4, 8.543, 478
5, 8.568, 615
4, 8.593, 478
5, 8.618, 617
4, 8.644, 477
5, 8.670, 617
4, 8.694, 476
5, 8.720, 618
4, 8.745, 476
5, 8.771, 616
4, 8.796, 473
5, 8.821, 617
4, 8.847, 473
5, 8.872, 616
4, 8.897, 472
5, 8.922, 617
4, 8.948, 471
5, 8.974, 615
4, 8.998, 471
5, 9.024, 616
4, 9.049, 469
5, 9.075, 616
4, 9.100, 469
5, 9.125, 617
4, 9.151, 470
5, 9.176, 617
4, 9.201, 470
5, 9.227, 616
4, 9.252, 471
5, 9.278, 615
4, 9.302, 471
5, 9.328, 617
4, 9.354, 471
5, 9.379, 616
4, 9.404, 472
5, 9.429, 617
4, 9.455, 473
5, 9.481, 613
4, 9.505, 473
5, 9.531, 602
4, 9.556, 474
5, 9.582, 584
4, 9.607, 475
5, 9.632, 567
4, 9.658, 476
5, 9.683, 550
4, 9.708, 476
5, 9.734, 535
4, 9.759, 476
5, 9.785, 520
4, 9.809, 475
5, 9.835, 512
4, 9.860, 475
5, 9.886, 504
4, 9.911, 474
5, 9.936, 501
4, 9.962, 473
5, 9.987, 501
4, 10.012, 471
5, 10.038, 503
4, 10.063, 469
5, 10.089, 506
4, 10.113, 467
5, 10.139, 507
4, 10.165, 466
5, 10.190, 508
4, 10.215, 464
5, 10.240, 506
4, 10.266, 463
5, 10.292, 505
4, 10.316, 461
5, 10.342, 504
4, 10.367, 462
5, 10.393, 505
4, 10.418, 461
5, 10.443, 507
4, 10.469, 461
5, 10.494, 510
4, 10.519, 462
5, 10.545, 509
4, 10.570, 463
5, 10.596, 511
4, 10.620, 464
5, 10.646, 509
4, 10.671, 466
5, 10.697, 509
4, 10.722, 468
5, 10.747, 509
4, 10.773, 468
5, 10.798, 509
4, 10.823, 470
5, 10.849, 509
4, 10.874, 472
5, 10.900, 509
4, 10.924, 473
5, 10.950, 508
4, 10.976, 474
5, 11.001, 509
4, 11.026, 474
5, 11.051, 508
4, 11.077, 476
5, 11.103, 508
4, 11.127, 476
5, 11.153, 508
4, 11.178, 475
5, 11.204, 511
4, 11.229, 474
5, 11.254, 512
4, 11.280, 474
5, 11.305, 515
4, 11.330, 472
5, 11.356, 519
4, 11.381, 471
5, 11.407, 523
4, 11.431, 469
5, 11.457, 526
4, 11.482, 467
5, 11.508, 529
4, 11.533, 466
5, 11.558, 536
4, 11.584, 465
5, 11.609, 539
4, 11.634, 464
5, 11.660, 545
4, 11.685, 463
5, 11.711, 550
4, 11.735, 463
5, 11.761, 555
4, 11.787, 464
5, 11.812, 560
4, 11.837, 464
5, 11.862, 567
4, 11.888, 465
5, 11.914, 571
4, 11.938, 466
5, 11.964, 577
4, 11.989, 468
5, 12.015, 582
4, 12.040, 469
5, 12.065, 588
4, 12.091, 471
5, 12.116, 590
4, 12.141, 473
5, 12.167, 591
4, 12.192, 475
5, 12.218, 592
4, 12.242, 477
5, 12.268, 592
4, 12.294, 478
5, 12.319, 593
4, 12.344, 479
5, 12.369, 589
4, 12.395, 480
5, 12.420, 582
4, 12.445, 480
5, 12.471, 575
4, 12.496, 480
5, 12.522, 564
4, 12.546, 479
5, 12.572, 556
4, 12.598, 478
5, 12.623, 549
4, 12.648, 477
5, 12.673, 544
4, 12.699, 475
5, 12.725, 543
4, 12.749, 473
5, 12.775, 544
4, 12.800, 471
5, 12.826, 549
4, 12.851, 468
5, 12.876, 560
4, 12.902, 466
5, 12.927, 572
4, 12.952, 464
5, 12.978, 584
4, 13.003, 463
5, 13.029, 589
4, 13.053, 463
5, 13.079, 593
4, 13.105, 462
5, 13.130, 594
4, 13.155, 462
5, 13.180, 594
4, 13.206, 463
5, 13.231, 596
4, 13.256, 464
5, 13.282, 597
4, 13.307, 466
5, 13.333, 597
4, 13.357, 468
5, 13.383, 595
4, 13.409, 470
5, 13.434, 590
4, 13.459, 473
5, 13.484, 579
4, 13.510, 475
5, 13.536, 571
4, 13.560, 478
5, 13.586, 560
4, 13.611, 479
5, 13.637, 552
4, 13.662, 481
5, 13.687, 547
4, 13.713, 481
5, 13.738, 547
4, 13.763, 481
5, 13.789, 546
4, 13.814, 481
5, 13.840, 545
4, 13.864, 481
5, 13.890, 544
4, 13.916, 479
5, 13.941, 543
4, 13.966, 476
5, 13.991, 540
4, 14.017, 474
5, 14.042, 539
4, 14.067, 472
5, 14.093, 537
4, 14.118, 470
5, 14.144, 535
4, 14.168, 466
5, 14.194, 535
4, 14.220, 465
5, 14.245, 533
4, 14.270, 462
5, 14.295, 531
4, 14.321, 460
5, 14.347, 530
4, 14.371, 459
5, 14.397, 530
4, 14.422, 458
5, 14.448, 527
4, 14.473, 458
5, 14.498, 525
4, 14.524, 459
5, 14.549, 524
4, 14.574, 459
5, 14.600, 524
4, 14.625, 461
5, 14.651, 522
4, 14.675, 463
5, 14.701, 521
4, 14.727, 466
5, 14.752, 518
4, 14.777, 467
5, 14.802, 518
4, 14.828, 471
5, 14.854, 516
4, 14.878, 472
5, 14.904, 513
4, 14.929, 474
5, 14.955, 512
4, 14.979, 476
5, 15.005, 511
4, 15.031, 478
5, 15.056, 510
4, 15.081, 478
5, 15.106, 510
4, 15.132, 479
5, 15.158, 511
4, 15.182, 479
5, 15.208, 508
4, 15.233, 478
5, 15.259, 508
4, 15.284, 476
5, 15.309, 508
4, 15.335, 475
5, 15.360, 507
4, 15.385, 472
5, 15.411, 509
4, 15.436, 470
5, 15.462, 509
4, 15.486, 468
5, 15.512, 508
4, 15.538, 465
5, 15.563, 509
4, 15.588, 463
5, 15.613, 508
4, 15.639, 462
5, 15.665, 509
4, 15.689, 460
5, 15.715, 509
4, 15.740, 459
5, 15.766, 510
4, 15.790, 458
5, 15.816, 511
4, 15.842, 458
5, 15.867, 510
4, 15.892, 459
5, 15.917, 511
4, 15.943, 460
5, 15.969, 515
4, 15.993, 462
5, 16.019, 524
4, 16.044, 463
5, 16.070, 541
4, 16.095, 465
5, 16.120, 559
4, 16.146, 468
5, 16.171, 580
4, 16.196, 470
5, 16.222, 593
4, 16.247, 473
5, 16.273, 604
4, 16.297, 475
5, 16.323, 612
4, 16.349, 478
5, 16.374, 615
4, 16.399, 480
5, 16.424, 613
4, 16.450, 481
5, 16.476, 605
4, 16.500, 483
5, 16.526, 599
4, 16.551, 483
5, 16.577, 589
4, 16.601, 485
5, 16.627, 576
4, 16.653, 483
5, 16.678, 562
4, 16.703, 482
5, 16.728, 549
4, 16.754, 480
5, 16.780, 537
4, 16.804, 478
5, 16.830, 525
4, 16.855, 476
5, 16.881, 516
4, 16.906, 472
5, 16.931, 507
4, 16.957, 468
5, 16.982, 501
4, 17.007, 465
5, 17.033, 498
4, 17.058, 462
5, 17.084, 499
4, 17.108, 459
5, 17.134, 498
4, 17.160, 456
5, 17.185, 499
4, 17.210, 454
5, 17.235, 500
4, 17.261, 454
5, 17.287, 504
4, 17.311, 453
5, 17.337, 506
4, 17.362, 453
5, 17.388, 508
4, 17.412, 454
5, 17.438, 509
4, 17.464, 457
5, 17.489, 506
4, 17.515, 459
5, 17.539, 507
4, 17.565, 463
5, 17.591, 512
4, 17.616, 466
5, 17.641, 521
4, 17.666, 469
5, 17.692, 531
4, 17.718, 473
5, 17.742, 542
4, 17.768, 476
5, 17.793, 550
4, 17.819, 478
5, 17.844, 557
4, 17.869, 481
5, 17.895, 562
4, 17.920, 483
5, 17.945, 565
4, 17.971, 484
5, 17.996, 567
4, 18.022, 485
5, 18.046, 568
4, 18.072, 485
5, 18.098, 568
4, 18.123, 484
5, 18.148, 568
4, 18.173, 482
5, 18.199, 570
4, 18.225, 480
5, 18.249, 571
4, 18.275, 477
5, 18.300, 574
4, 18.326, 474
5, 18.350, 575
4, 18.376, 471
5, 18.402, 578
4, 18.427, 468
5, 18.452, 579
4, 18.477, 465
5, 18.503, 580
4, 18.529, 462
5, 18.553, 580
4, 18.579, 460
5, 18.604, 579
4, 18.630, 459
5, 18.655, 577
4, 18.680, 457
5, 18.706, 578
4, 18.731, 458
5, 18.756, 577
4, 18.782, 458
5, 18.807, 577
4, 18.833, 459
5, 18.857, 575
4, 18.883, 462
5, 18.909, 575
4, 18.934, 464
5, 18.959, 571
4, 18.984, 467
5, 19.010, 559
4, 19.036, 470
5, 19.060, 544
4, 19.086, 472
5, 19.111, 538
4, 19.137, 475
5, 19.161, 552
4, 19.187, 477
5, 19.213, 570
4, 19.238, 479
5, 19.263, 579
4, 19.288, 481
5, 19.314, 573
4, 19.340, 482
5, 19.364, 566
4, 19.390, 483
5, 19.415, 564
4, 19.441, 483
5, 19.466, 562
4, 19.491, 482
5, 19.517, 566
4, 19.542, 480
5, 19.567, 564
4, 19.593, 478
5, 19.618, 568
4, 19.644, 476
5, 19.668, 568
4, 19.694, 474
5, 19.720, 570
4, 19.745, 471
5, 19.770, 572
4, 19.795, 468
5, 19.821, 571
4, 19.847, 465
5, 19.871, 570
4, 19.897, 464
5, 19.922, 567
4, 19.948, 462
5, 19.972, 568
4, 19.998, 460
5, 20.024, 568
4, 20.049, 460
5, 20.074, 569
4, 20.099, 460
5, 20.125, 568
4, 20.151, 460
5, 20.175, 569
4, 20.201, 461
5, 20.226, 566
4, 20.252, 463
5, 20.277, 566
4, 20.302, 465
5, 20.328, 565
4, 20.353, 467
5, 20.378, 564
4, 20.404, 470
5, 20.429, 566
4, 20.455, 471
5, 20.480, 565
4, 20.505, 475
5, 20.531, 565
4, 20.556, 477
5, 20.582, 565
4, 20.606, 479
5, 20.632, 564
4, 20.658, 480
5, 20.683, 563
4, 20.708, 481
5, 20.733, 563
4, 20.759, 481
5, 20.785, 563
4, 20.809, 481
5, 20.835, 563
4, 20.860, 480
5, 20.886, 563
4, 20.910, 479
5, 20.936, 562
4, 20.962, 477
5, 20.987, 561
4, 21.012, 475
5, 21.037, 559
4, 21.063, 472
5, 21.089, 556
4, 21.113, 470
5, 21.139, 552
4, 21.164, 467
5, 21.190, 547
4, 21.215, 464
5, 21.240, 542
4, 21.266, 464
5, 21.291, 537
4, 21.316, 461
5, 21.342, 533
4, 21.367, 460
5, 21.393, 529
4, 21.417, 459
5, 21.443, 525
4, 21.469, 459
5, 21.494, 522
4, 21.519, 459
5, 21.544, 519
4, 21.570, 460
5, 21.596, 517
4, 21.620, 461
5, 21.646, 516
4, 21.671, 462
5, 21.697, 517
4, 21.721, 465
5, 21.747, 517
4, 21.773, 466
5, 21.798, 519
4, 21.823, 469
5, 21.848, 522
4, 21.874, 470
5, 21.900, 526
4, 21.924, 472
5, 21.950, 530
4, 21.975, 475
5, 22.001, 534
4, 22.026, 476
5, 22.051, 539
4, 22.077, 477
5, 22.102, 543
4, 22.127, 478
5, 22.153, 547
4, 22.178, 478
5, 22.204, 550
4, 22.228, 478
5, 22.254, 552
4, 22.280, 477
5, 22.305, 554
4, 22.330, 476
5, 22.355, 555
4, 22.381, 474
5, 22.407, 554
4, 22.431, 473
5, 22.457, 552
4, 22.482, 471
5, 22.508, 551
4, 22.532, 470
5, 22.558, 547
4, 22.584, 468
5, 22.609, 544
4, 22.634, 466
5, 22.659, 540
4, 22.685, 465
5, 22.711, 535
4, 22.735, 463
5, 22.761, 531
4, 22.786, 462
5, 22.812, 526
4, 22.837, 462
5, 22.862, 523
4, 22.888, 462
5, 22.913, 520
4, 22.938, 461
5, 22.964, 518
4, 22.989, 462
5, 23.015, 517
4, 23.039, 463
5, 23.065, 517
4, 23.091, 464
5, 23.116, 517
4, 23.141, 466
5, 23.166, 519
4, 23.192, 466
5, 23.218, 522
4, 23.242, 468
5, 23.268, 525
4, 23.293, 469
5, 23.319, 529
4, 23.343, 471
5, 23.369, 533
4, 23.395, 473
5, 23.420, 537
4, 23.445, 474
5, 23.470, 541
4, 23.496, 474
5, 23.522, 546
4, 23.546, 475
5, 23.572, 549
4, 23.597, 475
5, 23.623, 551
4, 23.648, 475
5, 23.673, 553
4, 23.699, 475
5, 23.724, 554
4, 23.750, 474
5, 23.775, 554
4, 23.800, 474
5, 23.826, 552
4, 23.851, 472
5, 23.876, 551
4, 23.902, 472
5, 23.927, 548
4, 23.953, 470
5, 23.977, 544
4, 24.003, 469
5, 24.029, 540
4, 24.054, 468
5, 24.079, 537
4, 24.104, 467
5, 24.130, 532
4, 24.156, 465
5, 24.180, 527
4, 24.206, 465
5, 24.231, 524
4, 24.257, 464
5, 24.281, 521
4, 24.307, 464
5, 24.333, 519
4, 24.358, 463
5, 24.383, 518
4, 24.408, 464
5, 24.434, 517
4, 24.460, 463
5, 24.484, 517
4, 24.510, 465
5, 24.535, 519
4, 24.561, 465
5, 24.586, 521
4, 24.611, 466
5, 24.637, 525
4, 24.662, 467
5, 24.687, 528
4, 24.713, 468
5, 24.738, 532
4, 24.764, 469
5, 24.788, 536
4, 24.814, 471
5, 24.840, 541
4, 24.865, 471
5, 24.890, 544
4, 24.915, 471
5, 24.941, 547
4, 24.967, 472
5, 24.991, 550
4, 25.017, 473
5, 25.042, 552
4, 25.068, 473
5, 25.092, 554
4, 25.118, 473
5, 25.144, 554
4, 25.169, 473
5, 25.194, 553
4, 25.219, 473
5, 25.245, 551
4, 25.271, 472
5, 25.295, 549
4, 25.321, 472
5, 25.346, 545
4, 25.372, 471
5, 25.397, 542
4, 25.422, 470
5, 25.448, 539
4, 25.473, 470
5, 25.498, 534
4, 25.524, 468
5, 25.549, 530
4, 25.575, 468
5, 25.599, 526
4, 25.625, 467
5, 25.651, 523
4, 25.676, 465
5, 25.701, 520
4, 25.726, 465
5, 25.752, 519
4, 25.778, 465
5, 25.802, 518
4, 25.828, 465
5, 25.853, 518
4, 25.879, 465
5, 25.903, 520
4, 25.929, 465
5, 25.955, 521
4, 25.980, 465
5, 26.005, 523
4, 26.030, 465
5, 26.056, 527
4, 26.082, 466
5, 26.106, 530
4, 26.132, 467
5, 26.157, 535
4, 26.183, 468
5, 26.208, 538
4, 26.233, 469
5, 26.259, 543
4, 26.284, 470
5, 26.309, 546
4, 26.335, 470
5, 26.360, 549
4, 26.386, 472
5, 26.410, 550
4, 26.436, 473
5, 26.462, 552
4, 26.487, 473
5, 26.512, 553
4, 26.537, 473
5, 26.563, 552
4, 26.589, 473
5, 26.613, 551
4, 26.639, 473
5, 26.664, 549
4, 26.690, 473
5, 26.714, 546
4, 26.740, 473
5, 26.766, 543
4, 26.791, 472
5, 26.817, 538
4, 26.841, 471
5, 26.867, 535
4, 26.893, 471
5, 26.918, 532
4, 26.943, 469
5, 26.968, 527
4, 26.994, 469
5, 27.020, 524
4, 27.044, 467
5, 27.070, 522
4, 27.095, 467
5, 27.121, 521
4, 27.146, 466
5, 27.171, 521
4, 27.197, 465
5, 27.222, 521
4, 27.247, 465
5, 27.273, 524
4, 27.298, 463
5, 27.324, 527
4, 27.348, 463
5, 27.374, 530
4, 27.400, 464
5, 27.425, 532
4, 27.450, 464
5, 27.475, 533
4, 27.501, 465
5, 27.527, 533
4, 27.551, 467
5, 27.577, 532
4, 27.602, 466
5, 27.628, 531
4, 27.652, 468
5, 27.678, 532
4, 27.704, 468
5, 27.729, 533
4, 27.754, 470
5, 27.779, 533
4, 27.805, 471
5, 27.831, 534
4, 27.855, 472
5, 27.881, 534
4, 27.906, 472
5, 27.932, 535
4, 27.957, 474
5, 27.982, 534
4, 28.008, 477
5, 28.033, 534
4, 28.058, 477
5, 28.084, 536
4, 28.109, 480
5, 28.135, 535
4, 28.159, 485
5, 28.185, 533
4, 28.211, 491
5, 28.236, 533
4, 28.261, 498
5, 28.286, 532
4, 28.312, 499
5, 28.338, 531
4, 28.362, 500
5, 28.388, 531
4, 28.413, 499
5, 28.439, 529
4, 28.463, 497
5, 28.489, 530
4, 28.515, 496
5, 28.540, 531
4, 28.565, 496
5, 28.590, 530
4, 28.616, 496
5, 28.642, 529
4, 28.666, 496
5, 28.692, 528
4, 28.717, 497
5, 28.743, 528
4, 28.768, 498
5, 28.793, 527
4, 28.819, 499
5, 28.844, 528
4, 28.869, 501
5, 28.895, 528
4, 28.920, 501
5, 28.946, 527
4, 28.970, 503
5, 28.996, 526
4, 29.022, 502
5, 29.047, 526
4, 29.072, 502
5, 29.097, 526
4, 29.123, 501
5, 29.149, 526
4, 29.173, 503
5, 29.199, 526
4, 29.224, 503
5, 29.250, 526
4, 29.274, 503
5, 29.300, 525
4, 29.326, 503
5, 29.351, 525
4, 29.376, 505
5, 29.401, 524
4, 29.427, 505
5, 29.453, 524
4, 29.477, 505
5, 29.503, 524
4, 29.528, 505
5, 29.554, 524
4, 29.579, 505
5, 29.604, 525
4, 29.630, 506
5, 29.655, 524
4, 29.680, 504
5, 29.706, 524
4, 29.731, 505
5, 29.757, 524
4, 29.781, 504
5, 29.807, 525
4, 29.833, 505
5, 29.858, 525
4, 29.883, 504
5, 29.908, 526
4, 29.934, 504
5, 29.960, 525
4, 29.984, 505
5, 30.010, 525
4, 30.035, 505
5, 30.061, 526
4, 30.086, 505
5, 30.111, 528
4, 30.137, 505
5, 30.162, 529
4, 30.187, 506
5, 30.212, 533
4, 30.238, 506
5, 30.264, 536
4, 30.288, 505
5, 30.314, 538
4, 30.339, 507
5, 30.365, 542
4, 30.390, 506
5, 30.415, 547
4, 30.441, 507
5, 30.466, 551
4, 30.491, 508
5, 30.517, 555
4, 30.542, 508
5, 30.568, 559
4, 30.592, 508
5, 30.618, 563
4, 30.644, 509
5, 30.669, 566
4, 30.694, 510
5, 30.719, 570
4, 30.745, 511
5, 30.771, 574
4, 30.795, 511
5, 30.821, 576
4, 30.846, 512
5, 30.872, 578
4, 30.897, 513
5, 30.922, 579
4, 30.948, 515
5, 30.973, 579
4, 30.998, 514
5, 31.023, 579
4, 31.049, 515
5, 31.075, 579
4, 31.099, 516
5, 31.125, 577
4, 31.150, 516
5, 31.176, 577
4, 31.201, 517
5, 31.226, 578
4, 31.252, 519
5, 31.277, 575
4, 31.303, 518
5, 31.328, 574
4, 31.353, 519
5, 31.379, 573
4, 31.404, 519
5, 31.429, 572
4, 31.455, 520
5, 31.480, 571
4, 31.506, 520
5, 31.530, 569
4, 31.556, 520
5, 31.582, 569
4, 31.607, 520
5, 31.632, 565
4, 31.657, 520
5, 31.683, 564
4, 31.709, 521
5, 31.733, 562
4, 31.759, 521
5, 31.784, 562
4, 31.810, 522
5, 31.834, 558
4, 31.860, 521
5, 31.886, 559
4, 31.911, 523
5, 31.936, 559
4, 31.961, 523
5, 31.987, 559
4, 32.013, 524
5, 32.037, 560
4, 32.063, 524
5, 32.088, 560
4, 32.114, 523
5, 32.139, 562
4, 32.164, 524
5, 32.190, 564
4, 32.215, 525
5, 32.240, 563
4, 32.266, 525
5, 32.291, 564
4, 32.317, 526
5, 32.341, 566
4, 32.367, 525
5, 32.393, 567
4, 32.418, 526
5, 32.443, 568
4, 32.468, 524
5, 32.494, 570
4, 32.520, 527
5, 32.544, 571
4, 32.570, 526
5, 32.595, 572
4, 32.621, 526
5, 32.646, 573
4, 32.671, 526
5, 32.697, 573
4, 32.722, 526
5, 32.747, 574
4, 32.772, 526
5, 32.798, 575
4, 32.824, 527
5, 32.848, 576
4, 32.874, 527
5, 32.899, 575
4, 32.925, 526
5, 32.950, 576
4, 32.975, 527
5, 33.001, 574
4, 33.026, 528
5, 33.051, 575
4, 33.077, 528
5, 33.102, 574
4, 33.128, 528
5, 33.152, 572
4, 33.178, 530
5, 33.204, 570
4, 33.229, 531
5, 33.254, 569
4, 33.279, 531
5, 33.305, 568
4, 33.331, 530
5, 33.355, 565
4, 33.381, 530
5, 33.406, 564
4, 33.432, 531
5, 33.457, 562
4, 33.482, 532
5, 33.508, 559
4, 33.533, 532
5, 33.558, 558
4, 33.583, 532
5, 33.609, 557
4, 33.635, 533
5, 33.659, 556
4, 33.685, 532
5, 33.710, 552
4, 33.736, 531
5, 33.761, 551
4, 33.786, 532
5, 33.812, 549
4, 33.837, 532
5, 33.862, 548
4, 33.888, 532
5, 33.913, 544
4, 33.939, 531
5, 33.963, 542
4, 33.989, 531
5, 34.015, 542
4, 34.040, 531
5, 34.065, 541
4, 34.090, 532
5, 34.116, 539
4, 34.142, 531
5, 34.166, 537
4, 34.192, 531
5, 34.217, 537
4, 34.243, 531
5, 34.268, 536
4, 34.293, 530
5, 34.319, 537
4, 34.344, 531
5, 34.370, 537
4, 34.394, 531
5, 34.420, 536
4, 34.446, 530
5, 34.471, 538
4, 34.496, 530
5, 34.521, 538
4, 34.547, 530
5, 34.573, 539
4, 34.597, 530
5, 34.623, 539
4, 34.648, 531
5, 34.674, 541
4, 34.699, 530
5, 34.724, 541
4, 34.750, 531
5, 34.775, 542
4, 34.800, 532
5, 34.826, 543
4, 34.851, 533
5, 34.877, 544
4, 34.901, 532
5, 34.927, 545
4, 34.953, 531
5, 34.978, 547
4, 35.003, 532
5, 35.028, 550
4, 35.054, 533
5, 35.080, 553
4, 35.104, 533
5, 35.130, 556
4, 35.155, 534
5, 35.181, 559
4, 35.206, 534
5, 35.231, 560
4, 35.257, 535
5, 35.282, 562
4, 35.307, 535
5, 35.332, 565
4, 35.358, 536
5, 35.384, 569
4, 35.408, 535
5, 35.434, 572
4, 35.459, 536
5, 35.485, 575
4, 35.510, 538
5, 35.535, 578
4, 35.561, 537
5, 35.586, 581
4, 35.611, 539
5, 35.637, 582
4, 35.662, 538
5, 35.688, 583
4, 35.712, 540
5, 35.738, 584
4, 35.764, 541
5, 35.789, 584
4, 35.814, 540
5, 35.839, 585
4, 35.865, 541
5, 35.891, 585
4, 35.915, 541
5, 35.941, 584
4, 35.966, 542
5, 35.992, 583
4, 36.017, 543
5, 36.042, 583
4, 36.068, 543
5, 36.093, 581
4, 36.118, 543
5, 36.143, 580
4, 36.169, 542
5, 36.195, 578
4, 36.219, 542
5, 36.245, 577
4, 36.270, 543
5, 36.296, 575
4, 36.321, 542
5, 36.346, 575
4, 36.372, 543
5, 36.397, 574
4, 36.422, 543
5, 36.448, 572
4, 36.473, 541
5, 36.499, 572
4, 36.523, 542
5, 36.549, 568
4, 36.575, 543
5, 36.600, 566
4, 36.625, 542
5, 36.650, 566
4, 36.676, 543
5, 36.702, 564
4, 36.726, 543
5, 36.752, 562
4, 36.777, 541
5, 36.803, 561
4, 36.828, 543
5, 36.853, 558
4, 36.879, 542
5, 36.904, 556
4, 36.929, 541
5, 36.954, 555
4, 36.980, 542
5, 37.006, 553
4, 37.030, 542
5, 37.056, 551
4, 37.081, 541
5, 37.107, 550
4, 37.132, 542
5, 37.157, 549
4, 37.183, 540
5, 37.208, 547
4, 37.233, 542
5, 37.259, 546
4, 37.284, 541
5, 37.310, 545
4, 37.334, 541
5, 37.360, 547
4, 37.386, 541
5, 37.411, 546
4, 37.436, 542
5, 37.461, 546
4, 37.487, 541
5, 37.513, 546
4, 37.537, 540
5, 37.563, 546
4, 37.588, 541
5, 37.614, 545
4, 37.639, 542
5, 37.664, 546
4, 37.690, 540
5, 37.715, 547
4, 37.740, 541
5, 37.766, 547
4, 37.791, 541
5, 37.817, 547
4, 37.841, 540
5, 37.867, 548
4, 37.892, 542
5, 37.918, 549
4, 37.943, 541
5, 37.968, 552
4, 37.994, 542
5, 38.019, 555
4, 38.045, 541
5, 38.070, 557
4, 38.095, 542
5, 38.121, 561
4, 38.146, 543
5, 38.171, 565
4, 38.197, 543
5, 38.222, 568
4, 38.248, 542
5, 38.272, 572
4, 38.298, 544
5, 38.324, 576
4, 38.349, 545
5, 38.374, 579
4, 38.399, 545
5, 38.425, 582
4, 38.451, 545
5, 38.475, 584
4, 38.501, 546
5, 38.526, 585
4, 38.552, 545
5, 38.577, 585
4, 38.602, 546
5, 38.628, 586
4, 38.653, 547
5, 38.678, 585
4, 38.703, 546
5, 38.729, 583
4, 38.755, 547
5, 38.779, 578
4, 38.805, 545
5, 38.830, 575
4, 38.856, 545
5, 38.881, 572
4, 38.906, 545
5, 38.932, 568
4, 38.957, 546
5, 38.982, 567
4, 39.008, 546
5, 39.033, 565
4, 39.059, 545
5, 39.083, 564
4, 39.109, 545
5, 39.135, 562
4, 39.160, 546
5, 39.185, 565
4, 39.210, 545
5, 39.236, 565
4, 39.262, 546
5, 39.286, 570
4, 39.312, 547
5, 39.337, 573
4, 39.363, 548
5, 39.388, 575
4, 39.413, 547
5, 39.439, 577
4, 39.464, 548
5, 39.489, 579
4, 39.514, 548
5, 39.540, 580
4, 39.566, 549
5, 39.590, 583
4, 39.616, 550
5, 39.641, 584
4, 39.667, 550
5, 39.692, 586
4, 39.717, 550
5, 39.743, 584
4, 39.768, 551
5, 39.793, 584
4, 39.819, 550
5, 39.844, 583
4, 39.870, 550
5, 39.894, 582
4, 39.920, 551
5, 39.946, 579
4, 39.971, 551
5, 39.996, 576
4, 40.021, 550
5, 40.047, 573
4, 40.073, 550
5, 40.097, 570
4, 40.123, 550
5, 40.148, 566
4, 40.174, 550
5, 40.199, 563
4, 40.224, 548
5, 40.250, 559
4, 40.275, 550
5, 40.300, 555
4, 40.326, 549
5, 40.351, 552
4, 40.377, 548
5, 40.401, 551
4, 40.427, 547
5, 40.452, 550
4, 40.478, 547
5, 40.503, 550
4, 40.528, 546
5, 40.554, 549
4, 40.579, 547
5, 40.604, 547
4, 40.630, 546
5, 40.655, 545
4, 40.681, 547
5, 40.705, 544
4, 40.731, 547
5, 40.757, 546
4, 40.782, 547
5, 40.807, 548
4, 40.832, 547
5, 40.858, 552
4, 40.884, 547
5, 40.908, 558
4, 40.934, 548
5, 40.959, 559
4, 40.985, 547
5, 41.010, 562
4, 41.035, 546
5, 41.061, 566
4, 41.086, 548
5, 41.112, 570
4, 41.137, 549
5, 41.162, 573
4, 41.188, 550
5, 41.213, 578
4, 41.238, 550
5, 41.263, 579
4, 41.289, 551
5, 41.315, 581
4, 41.339, 550
5, 41.365, 582
4, 41.390, 551
5, 41.416, 580
4, 41.441, 552
5, 41.466, 583
4, 41.492, 552
5, 41.517, 582
4, 41.542, 552
5, 41.568, 581
4, 41.593, 553
5, 41.619, 580
4, 41.643, 550
5, 41.669, 577
4, 41.695, 552
5, 41.720, 571
4, 41.745, 550
5, 41.770, 567
4, 41.796, 550
5, 41.822, 564
4, 41.846, 549
5, 41.872, 560
4, 41.897, 550
5, 41.923, 559
4, 41.948, 549
5, 41.973, 560
4, 41.999, 549
5, 42.024, 558
4, 42.049, 549
5, 42.074, 558
4, 42.100, 549
5, 42.126, 559
4, 42.150, 549
5, 42.176, 560
4, 42.201, 551
5, 42.227, 563
4, 42.252, 551
5, 42.277, 568
4, 42.303, 552
5, 42.328, 572
4, 42.353, 552
5, 42.379, 576
4, 42.404, 553
5, 42.430, 579
4, 42.454, 553
5, 42.480, 580
4, 42.506, 553
5, 42.531, 581
4, 42.556, 553
5, 42.581, 581
4, 42.607, 554
5, 42.633, 582
4, 42.657, 554
5, 42.683, 582
4, 42.708, 554
5, 42.734, 583
4, 42.759, 554
5, 42.784, 582
4, 42.810, 553
5, 42.835, 579
4, 42.860, 553
5, 42.886, 574
4, 42.911, 554
5, 42.937, 570
4, 42.961, 553
5, 42.987, 568
4, 43.012, 553
5, 43.038, 566
4, 43.063, 550
5, 43.088, 564
4, 43.114, 552
5, 43.139, 561
4, 43.164, 551
5, 43.190, 559
4, 43.215, 552
5, 43.241, 557
4, 43.265, 550
5, 43.291, 552
4, 43.317, 549
5, 43.342, 550
4, 43.367, 548
5, 43.392, 545
4, 43.418, 550
5, 43.444, 544
4, 43.468, 550
5, 43.494, 544
4, 43.519, 551
5, 43.545, 542
4, 43.570, 552
5, 43.595, 545
4, 43.621, 550
5, 43.646, 544
4, 43.671, 551
5, 43.697, 543
4, 43.722, 550
5, 43.748, 543
4, 43.772, 551
5, 43.798, 540
4, 43.823, 550
5, 43.849, 541
4, 43.874, 550
5, 43.899, 541
4, 43.925, 551
5, 43.950, 542
4, 43.975, 551
5, 44.001, 544
4, 44.026, 550
5, 44.052, 546
4, 44.076, 549
5, 44.102, 549
4, 44.128, 551
5, 44.153, 555
4, 44.178, 551
5, 44.203, 562
4, 44.229, 550
5, 44.255, 567
4, 44.279, 550
5, 44.305, 571
4, 44.330, 551
5, 44.356, 573
4, 44.381, 550
5, 44.406, 576
4, 44.432, 551
5, 44.457, 578
4, 44.482, 550
5, 44.508, 582
4, 44.533, 550
5, 44.559, 583
4, 44.583, 551
5, 44.609, 583
4, 44.634, 551
5, 44.660, 583
4, 44.685, 551
5, 44.710, 584
4, 44.736, 551
5, 44.761, 584
4, 44.786, 553
5, 44.812, 583
4, 44.837, 552
5, 44.863, 580
4, 44.887, 552
5, 44.913, 579
4, 44.939, 552
5, 44.964, 576
4, 44.989, 552
5, 45.014, 573
4, 45.040, 551
5, 45.066, 570
4, 45.090, 551
5, 45.116, 568
4, 45.141, 551
5, 45.167, 565
4, 45.192, 551
5, 45.217, 562
4, 45.243, 552
5, 45.268, 561
4, 45.293, 551
5, 45.319, 561
4, 45.344, 550
5, 45.370, 560
4, 45.394, 550
5, 45.420, 556
4, 45.446, 552
5, 45.471, 555
4, 45.496, 550
5, 45.521, 553
4, 45.547, 550
5, 45.572, 552
4, 45.597, 549
5, 45.623, 549
4, 45.648, 549
5, 45.674, 548
4, 45.698, 551
5, 45.724, 545
4, 45.750, 549
5, 45.775, 543
4, 45.800, 549
5, 45.825, 543
4, 45.851, 548
5, 45.877, 542
4, 45.901, 547
5, 45.927, 543
4, 45.952, 548
5, 45.978, 542
4, 46.003, 550
5, 46.028, 541
4, 46.054, 548
5, 46.079, 541
4, 46.104, 547
5, 46.130, 542
4, 46.155, 547
5, 46.181, 542
4, 46.205, 548
5, 46.231, 543
4, 46.257, 547
5, 46.282, 543
4, 46.307, 547
5, 46.332, 543
4, 46.358, 546
5, 46.383, 545
4, 46.408, 547
5, 46.434, 543
4, 46.459, 548
5, 46.485, 543
4, 46.509, 548
5, 46.535, 545
4, 46.561, 548
5, 46.586, 547
4, 46.611, 546
5, 46.636, 544
4, 46.662, 546
5, 46.688, 544
4, 46.712, 547
5, 46.738, 544
4, 46.763, 548
5, 46.789, 544
4, 46.814, 547
5, 46.839, 543
4, 46.865, 548
5, 46.890, 543
4, 46.915, 548
5, 46.941, 544
4, 46.966, 546
5, 46.992, 542
4, 47.016, 545
5, 47.042, 542
4, 47.068, 546
5, 47.093, 538
4, 47.118, 545
5, 47.143, 534
4, 47.169, 544
5, 47.194, 529
4, 47.219, 541
5, 47.245, 522
4, 47.270, 538
5, 47.296, 514
4, 47.320, 535
5, 47.346, 507
4, 47.372, 531
5, 47.397, 499
4, 47.422, 526
5, 47.447, 492
4, 47.473, 522
5, 47.499, 485
4, 47.523, 517
5, 47.549, 481
4, 47.574, 513
5, 47.600, 477
4, 47.625, 510
5, 47.650, 475
4, 47.676, 507
5, 47.701, 474
4, 47.726, 505
5, 47.752, 476
4, 47.777, 505
5, 47.803, 479
4, 47.827, 505
5, 47.853, 484
4, 0.026, 689
5, 0.052, 541
4, 0.077, 689
5, 0.102, 542
4, 0.127, 689
5, 0.153, 542
4, 0.179, 689
5, 0.203, 544
4, 0.229, 688
5, 0.254, 544
4, 0.280, 689
5, 0.305, 546
4, 0.330, 689
5, 0.356, 547
4, 0.381, 689
5, 0.406, 548
4, 0.432, 689
5, 0.457, 549
4, 0.483, 689
5, 0.507, 550
4, 0.533, 689
5, 0.559, 551
4, 0.584, 689
5, 0.609, 551
4, 0.634, 688
5, 0.660, 552
4, 0.686, 688
5, 0.710, 551
4, 0.736, 689
5, 0.761, 551
4, 0.787, 689
5, 0.811, 551
4, 0.837, 689
5, 0.863, 550
4, 0.888, 689
5, 0.913, 549
4, 0.938, 689
5, 0.964, 548
4, 0.990, 688
5, 1.014, 546
4, 1.040, 689
5, 1.065, 545
4, 1.091, 689
5, 1.116, 545
4, 1.141, 689
5, 1.167, 544
4, 1.192, 689
5, 1.217, 543
4, 1.243, 688
5, 1.268, 542
4, 1.294, 689
5, 1.318, 542
4, 1.344, 689
5, 1.370, 542
4, 1.395, 688
5, 1.420, 542
4, 1.445, 687
5, 1.471, 542
4, 1.497, 677
5, 1.521, 543
4, 1.547, 657
5, 1.572, 544
4, 1.598, 627
5, 1.622, 545
4, 1.648, 591
5, 1.674, 546
4, 1.699, 550
5, 1.724, 546
4, 1.749, 504
5, 1.775, 546
4, 1.801, 459
5, 1.825, 546
4, 1.851, 414
5, 1.876, 545
4, 1.902, 374
5, 1.927, 543
4, 1.952, 339
5, 1.978, 541
4, 2.003, 313
5, 2.028, 539
4, 2.054, 296
5, 2.079, 535
4, 2.105, 291
5, 2.129, 532
4, 2.155, 297
5, 2.181, 528
4, 2.206, 310
5, 2.231, 524
4, 2.256, 333
5, 2.282, 523
4, 2.308, 364
5, 2.332, 519
4, 2.358, 402
5, 2.383, 517
4, 2.409, 446
5, 2.434, 515
4, 2.459, 490
5, 2.485, 515
4, 2.510, 536
5, 2.536, 516
4, 2.560, 578
5, 2.586, 519
4, 2.612, 615
5, 2.637, 523
4, 2.662, 645
5, 2.687, 528
4, 2.713, 667
5, 2.739, 534
4, 2.763, 680
5, 2.789, 540
4, 2.814, 683
5, 2.840, 546
4, 2.865, 674
5, 2.890, 554
4, 2.916, 657
5, 2.941, 559
4, 2.966, 630
5, 2.992, 565
4, 3.017, 597
5, 3.043, 569
4, 3.067, 557
5, 3.093, 572
4, 3.119, 515
5, 3.144, 573
4, 3.169, 471
5, 3.194, 572
4, 3.220, 428
5, 3.246, 569
4, 3.270, 388
5, 3.296, 565
4, 3.321, 353
5, 3.347, 558
4, 3.371, 326
5, 3.397, 551
4, 3.423, 308
5, 3.448, 542
4, 3.473, 300
5, 3.498, 532
4, 3.524, 303
5, 3.550, 522
4, 3.574, 314
5, 3.600, 513
4, 3.625, 333
5, 3.651, 505
4, 3.676, 360
5, 3.701, 497
4, 3.727, 395
5, 3.752, 492
4, 3.777, 435
5, 3.803, 489
4, 3.828, 477
5, 3.854, 489
4, 3.878, 520
5, 3.904, 491
4, 3.930, 561
5, 3.955, 496
4, 3.980, 598
5, 4.005, 503
4, 4.031, 628
5, 4.057, 512
4, 4.081, 653
5, 4.107, 523
4, 4.132, 667
5, 4.158, 535
4, 4.182, 672
5, 4.208, 548
4, 4.234, 667
5, 4.259, 561
4, 4.284, 653
5, 4.309, 572
4, 4.335, 630
5, 4.361, 582
4, 4.385, 601
5, 4.411, 591
4, 4.436, 565
5, 4.462, 596
4, 4.487, 525
5, 4.512, 598
4, 4.538, 484
5, 4.563, 597
4, 4.588, 443
5, 4.614, 593
4, 4.639, 404
5, 4.665, 586
4, 4.689, 370
5, 4.715, 577
4, 4.741, 342
5, 4.766, 564
4, 4.791, 322
5, 4.816, 551
4, 4.842, 313
5, 4.868, 535
4, 4.892, 313
5, 4.918, 520
4, 4.943, 321
5, 4.969, 504
4, 4.994, 337
5, 5.019, 491
4, 5.045, 361
5, 5.070, 480
4, 5.095, 392
5, 5.120, 472
4, 5.146, 429
5, 5.172, 466
4, 5.196, 468
5, 5.222, 464
4, 5.247, 508
5, 5.273, 466
4, 5.298, 547
5, 5.323, 472
4, 5.349, 582
5, 5.374, 482
4, 5.400, 612
5, 5.425, 495
4, 5.450, 636
5, 5.476, 511
4, 5.501, 652
5, 5.526, 528
4, 5.552, 658
5, 5.577, 546
4, 5.603, 656
5, 5.627, 564
4, 5.653, 645
5, 5.679, 581
4, 5.704, 626
5, 5.729, 596
4, 5.754, 600
5, 5.780, 608
4, 5.806, 568
5, 5.830, 616
4, 5.856, 532
5, 5.881, 621
4, 5.907, 494
5, 5.931, 621
4, 5.957, 456
5, 5.983, 617
4, 6.008, 419
5, 6.033, 608
4, 6.058, 387
5, 6.084, 595
4, 6.110, 360
5, 6.134, 580
4, 6.160, 340
5, 6.185, 561
4, 6.211, 329
5, 6.236, 541
4, 6.261, 327
5, 6.287, 520
4, 6.312, 332
5, 6.337, 499
4, 6.363, 345
5, 6.388, 481
4, 6.414, 366
5, 6.438, 466
4, 6.464, 392
5, 6.490, 453
4, 6.515, 424
5, 6.540, 445
4, 6.565, 459
5, 6.591, 442
4, 6.617, 495
5, 6.641, 445
4, 6.667, 531
5, 6.692, 450
4, 6.718, 563
5, 6.742, 462
4, 6.768, 592
5, 6.794, 478
4, 6.819, 616
5, 6.844, 497
4, 6.869, 632
5, 6.895, 518
4, 6.921, 640
5, 6.945, 541
4, 6.971, 640
5, 6.996, 565
4, 7.022, 633
5, 7.047, 586
4, 7.072, 618
5, 7.098, 606
4, 7.123, 595
5, 7.148, 623
4, 7.174, 568
5, 7.199, 634
4, 7.225, 537
5, 7.249, 641
4, 7.275, 504
5, 7.301, 642
4, 7.326, 469
5, 7.351, 638
4, 7.376, 436
5, 7.402, 629
4, 7.428, 406
5, 7.452, 615
4, 7.478, 380
5, 7.503, 596
4, 7.529, 361
5, 7.554, 573
4, 7.579, 349
5, 7.605, 549
4, 7.630, 344
5, 7.655, 524
4, 7.680, 347
5, 7.706, 499
4, 7.732, 356
5, 7.756, 475
4, 7.782, 373
5, 7.807, 455
4, 7.833, 396
5, 7.858, 440
4, 7.883, 423
5, 7.909, 428
4, 7.934, 454
5, 7.959, 422
4, 7.985, 485
5, 8.010, 423
4, 8.036, 517
5, 8.060, 430
4, 8.086, 547
5, 8.112, 443
4, 8.137, 574
5, 8.162, 460
4, 8.187, 595
5, 8.213, 483
4, 8.239, 611
5, 8.263, 507
4, 8.289, 619
5, 8.314, 534
4, 8.340, 622
5, 8.365, 562
4, 8.390, 617
5, 8.416, 589
4, 8.441, 605
5, 8.467, 613
4, 8.491, 587
5, 8.517, 634
4, 8.543, 564
5, 8.568, 649
4, 8.593, 537
5, 8.618, 657
4, 8.644, 509
5, 8.670, 661
4, 8.694, 479
5, 8.720, 658
4, 8.745, 450
5, 8.771, 648
4, 8.796, 424
5, 8.821, 633
4, 8.847, 401
5, 8.872, 612
4, 8.897, 382
5, 8.923, 587
4, 8.948, 370
5, 8.974, 558
4, 8.998, 365
5, 9.024, 530
4, 9.050, 365
5, 9.075, 500
4, 9.100, 372
5, 9.125, 474
4, 9.151, 386
5, 9.177, 449
4, 9.201, 402
5, 9.227, 428
4, 9.252, 425
5, 9.278, 414
4, 9.302, 451
5, 9.328, 406
4, 9.354, 478
5, 9.379, 405
4, 9.404, 505
5, 9.429, 411
4, 9.455, 531
5, 9.481, 424
4, 9.505, 554
5, 9.531, 443
4, 9.556, 573
5, 9.582, 467
4, 9.607, 588
5, 9.632, 495
4, 9.658, 597
5, 9.683, 526
4, 9.708, 600
5, 9.734, 557
4, 9.759, 597
5, 9.785, 587
4, 9.809, 590
5, 9.835, 615
4, 9.861, 576
5, 9.886, 639
4, 9.911, 558
5, 9.936, 658
4, 9.962, 536
5, 9.988, 671
4, 10.012, 513
5, 10.038, 674
4, 10.063, 488
5, 10.089, 674
4, 10.114, 464
5, 10.139, 664
4, 10.165, 441
5, 10.190, 649
4, 10.215, 422
5, 10.240, 627
4, 10.266, 406
5, 10.292, 601
4, 10.316, 394
5, 10.342, 571
4, 10.367, 387
5, 10.393, 539
4, 10.418, 387
5, 10.443, 505
4, 10.469, 391
5, 10.494, 475
4, 10.519, 400
5, 10.545, 446
4, 10.570, 414
5, 10.596, 422
4, 10.620, 430
5, 10.646, 405
4, 10.672, 450
5, 10.697, 394
4, 10.722, 472
5, 10.747, 391
4, 10.773, 494
5, 10.799, 396
4, 10.823, 515
5, 10.849, 408
4, 10.874, 534
5, 10.900, 428
4, 10.925, 551
5, 10.950, 453
4, 10.976, 563
5, 11.001, 482
4, 11.026, 572
5, 11.051, 516
4, 11.077, 576
5, 11.103, 549
4, 11.127, 575
5, 11.153, 583
4, 11.178, 570
5, 11.204, 614
4, 11.229, 560
5, 11.254, 642
4, 11.280, 547
5, 11.305, 664
4, 11.331, 531
5, 11.356, 679
4, 11.381, 513
5, 11.407, 686
4, 11.432, 494
5, 11.457, 687
4, 11.483, 475
5, 11.508, 679
4, 11.534, 457
5, 11.558, 664
4, 11.584, 441
5, 11.610, 641
4, 11.635, 429
5, 11.660, 614
4, 11.685, 418
5, 11.711, 583
4, 11.737, 412
5, 11.761, 548
4, 11.787, 411
5, 11.812, 512
4, 11.838, 413
5, 11.862, 478
4, 11.888, 419
5, 11.914, 446
4, 11.939, 429
5, 11.964, 419
4, 11.989, 440
5, 12.015, 398
4, 12.041, 455
5, 12.065, 386
4, 12.091, 471
5, 12.116, 381
4, 12.142, 487
5, 12.167, 384
4, 12.192, 503
5, 12.218, 395
4, 12.243, 517
5, 12.268, 414
4, 12.294, 530
5, 12.319, 439
4, 12.345, 541
5, 12.369, 470
4, 12.395, 548
5, 12.421, 504
4, 12.446, 551
5, 12.471, 540
4, 12.496, 551
5, 12.522, 576
4, 12.548, 548
5, 12.572, 610
4, 12.598, 542
5, 12.623, 640
4, 12.649, 534
5, 12.674, 665
4, 12.699, 523
5, 12.725, 684
4, 12.750, 510
5, 12.775, 693
4, 12.800, 497
5, 12.826, 694
4, 12.852, 483
5, 12.876, 690
4, 12.902, 471
5, 12.927, 675
4, 12.953, 460
5, 12.978, 654
4, 13.003, 450
5, 13.029, 627
4, 13.054, 442
5, 13.079, 594
4, 13.105, 438
5, 13.130, 558
4, 13.156, 436
5, 13.180, 521
4, 13.206, 436
5, 13.232, 485
4, 13.257, 439
5, 13.282, 451
4, 13.307, 445
5, 13.333, 421
4, 13.359, 453
5, 13.383, 398
4, 13.409, 462
5, 13.434, 382
4, 13.460, 472
5, 13.485, 376
4, 13.510, 482
5, 13.536, 376
4, 13.561, 492
5, 13.586, 385
4, 13.611, 502
5, 13.637, 404
4, 13.663, 511
5, 13.687, 428
4, 13.713, 518
5, 13.738, 458
4, 13.764, 523
5, 13.789, 492
4, 13.814, 526
5, 13.840, 531
4, 13.865, 526
5, 13.890, 568
4, 13.916, 525
5, 13.941, 603
4, 13.967, 521
5, 13.991, 635
4, 14.017, 518
5, 14.043, 663
4, 14.068, 511
5, 14.093, 683
4, 14.118, 504
5, 14.144, 695
4, 14.170, 497
5, 14.194, 699
4, 14.220, 489
5, 14.245, 696
4, 14.271, 482
5, 14.296, 684
4, 14.321, 475
5, 14.347, 663
4, 14.372, 470
5, 14.398, 636
4, 14.422, 466
5, 14.448, 604
4, 14.474, 464
5, 14.499, 568
4, 14.524, 461
5, 14.549, 531
4, 14.575, 461
5, 14.601, 493
4, 14.625, 463
5, 14.651, 458
4, 14.676, 465
5, 14.702, 427
4, 14.727, 468
5, 14.752, 402
4, 14.778, 472
5, 14.803, 383
4, 14.828, 476
5, 14.854, 374
4, 14.879, 481
5, 14.905, 373
4, 14.929, 485
5, 14.955, 380
4, 14.981, 489
5, 15.006, 396
4, 15.031, 493
5, 15.056, 419
4, 15.082, 495
5, 15.108, 449
4, 15.132, 498
5, 15.158, 484
4, 15.183, 499
5, 15.209, 520
4, 15.234, 499
5, 15.259, 558
4, 15.285, 499
5, 15.310, 594
4, 15.335, 499
5, 15.360, 628
4, 15.386, 498
5, 15.412, 657
4, 15.436, 496
5, 15.462, 680
4, 15.487, 495
5, 15.513, 695
4, 15.538, 494
5, 15.563, 700
4, 15.589, 492
5, 15.614, 698
4, 15.639, 490
5, 15.665, 688
4, 15.690, 489
5, 15.716, 669
4, 15.740, 488
5, 15.766, 645
4, 15.792, 488
5, 15.817, 613
4, 15.842, 487
5, 15.867, 578
4, 15.893, 487
5, 15.919, 541
4, 15.943, 486
5, 15.969, 503
4, 15.994, 486
5, 16.020, 467
4, 16.045, 486
5, 16.070, 435
4, 16.096, 485
5, 16.121, 408
4, 16.146, 485
5, 16.171, 388
4, 16.197, 484
5, 16.223, 376
4, 16.247, 482
5, 16.273, 373
4, 16.298, 481
5, 16.324, 378
4, 16.349, 479
5, 16.374, 392
4, 16.400, 477
5, 16.425, 413
4, 16.450, 476
5, 16.476, 441
4, 16.501, 476
5, 16.527, 474
4, 16.551, 475
5, 16.577, 511
4, 16.603, 475
5, 16.628, 548
4, 16.653, 475
5, 16.678, 585
4, 16.704, 476
5, 16.730, 618
4, 16.754, 478
5, 16.780, 649
4, 16.805, 481
5, 16.831, 673
4, 16.856, 484
5, 16.881, 689
4, 16.907, 487
5, 16.932, 697
4, 16.957, 491
5, 16.982, 696
4, 17.008, 495
5, 17.034, 689
4, 17.058, 500
5, 17.084, 673
4, 17.109, 503
5, 17.135, 650
4, 17.160, 506
5, 17.185, 621
4, 17.211, 508
5, 17.236, 587
4, 17.261, 510
5, 17.287, 550
4, 17.312, 510
5, 17.338, 514
4, 17.362, 510
5, 17.388, 478
4, 17.414, 507
5, 17.439, 445
4, 17.464, 502
5, 17.489, 418
4, 17.515, 498
5, 17.541, 396
4, 17.565, 492
5, 17.591, 382
4, 17.616, 486
5, 17.642, 377
4, 17.667, 480
5, 17.692, 380
4, 17.718, 473
5, 17.743, 392
4, 17.768, 466
5, 17.794, 411
4, 17.819, 460
5, 17.845, 437
4, 17.869, 455
5, 17.895, 468
4, 17.920, 453
5, 17.946, 501
4, 17.971, 451
5, 17.996, 538
4, 18.022, 452
5, 18.047, 573
4, 18.073, 454
5, 18.098, 607
4, 18.123, 458
5, 18.149, 638
4, 18.174, 464
5, 18.199, 663
4, 18.225, 472
5, 18.250, 680
4, 18.276, 480
5, 18.300, 689
4, 18.326, 489
5, 18.352, 691
4, 18.377, 499
5, 18.402, 686
4, 18.427, 508
5, 18.453, 672
4, 18.479, 517
5, 18.503, 651
4, 18.529, 524
5, 18.554, 625
4, 18.580, 529
5, 18.605, 594
4, 18.630, 532
5, 18.656, 559
4, 18.681, 534
5, 18.706, 524
4, 18.731, 532
5, 18.757, 490
4, 18.783, 528
5, 18.807, 458
4, 18.833, 522
5, 18.858, 430
4, 18.884, 513
5, 18.909, 408
4, 18.934, 503
5, 18.960, 393
4, 18.985, 492
5, 19.010, 387
4, 19.036, 480
5, 19.061, 387
4, 19.087, 468
5, 19.111, 396
4, 19.137, 456
5, 19.163, 412
4, 19.188, 446
5, 19.213, 435
4, 19.238, 438
5, 19.264, 464
4, 19.290, 432
5, 19.314, 495
4, 19.340, 429
5, 19.365, 529
4, 19.391, 429
5, 19.416, 563
4, 19.441, 432
5, 19.467, 596
4, 19.492, 438
5, 19.517, 625
4, 19.542, 447
5, 19.568, 650
4, 19.594, 457
5, 19.618, 670
4, 19.644, 470
5, 19.669, 680
4, 19.695, 484
5, 19.720, 682
4, 19.745, 499
5, 19.771, 680
4, 19.796, 513
5, 19.821, 668
4, 19.847, 527
5, 19.872, 650
4, 19.898, 537
5, 19.922, 627
4, 19.948, 546
5, 19.974, 598
4, 19.999, 552
5, 20.024, 566
4, 20.049, 555
5, 20.075, 534
4, 20.101, 554
5, 20.125, 501
4, 20.151, 549
5, 20.176, 470
4, 20.202, 541
5, 20.227, 443
4, 20.252, 530
5, 20.278, 421
4, 20.303, 516
5, 20.328, 405
4, 20.354, 500
5, 20.379, 398
4, 20.405, 484
5, 20.429, 397
4, 20.455, 467
5, 20.480, 403
4, 20.506, 450
5, 20.531, 417
4, 20.556, 436
5, 20.582, 436
4, 20.607, 424
5, 20.632, 461
4, 20.658, 415
5, 20.683, 490
4, 20.709, 410
5, 20.733, 521
4, 20.759, 408
5, 20.785, 552
4, 20.810, 411
5, 20.835, 584
4, 20.860, 417
5, 20.886, 612
4, 20.912, 429
5, 20.936, 636
4, 20.962, 442
5, 20.987, 654
4, 21.013, 459
5, 21.038, 666
4, 21.063, 477
5, 21.089, 670
4, 21.114, 496
5, 21.140, 670
4, 21.165, 515
5, 21.190, 661
4, 21.216, 533
5, 21.241, 646
4, 21.266, 548
5, 21.291, 625
4, 21.317, 561
5, 21.343, 600
4, 21.367, 570
5, 21.393, 573
4, 21.418, 573
5, 21.444, 542
4, 21.469, 574
5, 21.494, 512
4, 21.520, 569
5, 21.545, 484
4, 21.570, 560
5, 21.596, 458
4, 21.621, 547
5, 21.647, 437
4, 21.671, 530
5, 21.697, 422
4, 21.723, 510
5, 21.748, 413
4, 21.773, 489
5, 21.798, 410
4, 21.824, 468
5, 21.850, 414
4, 21.874, 447
5, 21.900, 425
4, 21.925, 428
5, 21.951, 441
4, 21.976, 413
5, 22.001, 463
4, 22.027, 400
5, 22.052, 488
4, 22.077, 392
5, 22.102, 516
4, 22.128, 389
5, 22.154, 544
4, 22.178, 392
5, 22.204, 572
4, 22.229, 399
5, 22.255, 598
4, 22.280, 410
5, 22.305, 621
4, 22.331, 427
5, 22.356, 638
4, 22.381, 447
5, 22.407, 650
4, 22.432, 468
5, 22.458, 656
4, 22.482, 492
5, 22.508, 656
4, 22.534, 515
5, 22.559, 650
4, 22.584, 537
5, 22.609, 639
4, 22.635, 556
5, 22.661, 621
4, 22.685, 572
5, 22.711, 600
4, 22.736, 583
5, 22.762, 575
4, 22.787, 590
5, 22.812, 549
4, 22.838, 591
5, 22.863, 522
4, 22.888, 587
5, 22.914, 496
4, 22.939, 577
5, 22.965, 473
4, 22.989, 562
5, 23.015, 454
4, 23.040, 543
5, 23.066, 439
4, 23.091, 521
5, 23.116, 430
4, 23.142, 496
5, 23.167, 426
4, 23.192, 471
5, 23.218, 429
4, 23.243, 446
5, 23.269, 436
4, 23.293, 424
5, 23.319, 449
4, 23.345, 404
5, 23.370, 468
4, 23.395, 389
5, 23.420, 489
4, 23.446, 378
5, 23.472, 512
4, 23.496, 374
5, 23.522, 537
4, 23.547, 375
5, 23.573, 562
4, 23.598, 382
5, 23.623, 584
4, 23.649, 394
5, 23.674, 605
4, 23.699, 412
5, 23.725, 621
4, 23.750, 433
5, 23.776, 633
4, 23.800, 458
5, 23.826, 639
4, 23.851, 484
5, 23.877, 641
4, 23.902, 512
5, 23.927, 637
4, 23.953, 537
5, 23.978, 628
4, 24.003, 560
5, 24.029, 614
4, 24.054, 579
5, 24.080, 596
4, 24.104, 594
5, 24.130, 576
4, 24.156, 603
5, 24.181, 553
4, 24.206, 606
5, 24.231, 532
4, 24.257, 603
5, 24.283, 509
4, 24.307, 593
5, 24.333, 488
4, 24.358, 577
5, 24.384, 472
4, 24.409, 558
5, 24.434, 458
4, 24.460, 533
5, 24.485, 449
4, 24.510, 506
5, 24.536, 445
4, 24.561, 478
5, 24.587, 445
4, 24.611, 450
5, 24.637, 451
4, 24.662, 424
5, 24.688, 460
4, 24.713, 399
5, 24.738, 475
4, 24.764, 382
5, 24.789, 491
4, 24.814, 369
5, 24.840, 511
4, 24.865, 362
5, 24.891, 532
4, 24.915, 361
5, 24.941, 553
4, 24.967, 367
5, 24.992, 571
4, 25.017, 379
5, 25.042, 588
4, 25.068, 398
5, 25.094, 602
4, 25.118, 421
5, 25.144, 614
4, 25.169, 447
5, 25.195, 620
4, 25.220, 476
5, 25.245, 622
4, 25.271, 506
5, 25.296, 620
4, 25.321, 535
5, 25.347, 614
4, 25.372, 561
5, 25.398, 604
4, 25.422, 583
5, 25.448, 589
4, 25.474, 601
5, 25.499, 574
4, 25.524, 612
5, 25.549, 556
4, 25.575, 617
5, 25.600, 538
4, 25.625, 616
5, 25.651, 519
4, 25.676, 606
5, 25.702, 503
4, 25.726, 591
5, 25.752, 489
4, 25.778, 570
5, 25.803, 477
4, 25.828, 545
5, 25.853, 468
4, 25.879, 515
5, 25.905, 464
4, 25.929, 485
5, 25.955, 464
4, 25.980, 454
5, 26.006, 467
4, 26.031, 425
5, 26.056, 475
4, 26.082, 399
5, 26.107, 485
4, 26.132, 378
5, 26.158, 498
4, 26.183, 362
5, 26.209, 512
4, 26.233, 353
5, 26.259, 528
4, 26.285, 352
5, 26.310, 545
4, 26.335, 355
5, 26.360, 560
4, 26.386, 367
5, 26.411, 574
4, 26.436, 385
5, 26.462, 586
4, 26.487, 409
5, 26.513, 595
4, 26.537, 436
5, 26.563, 600
4, 26.589, 467
5, 26.614, 602
4, 26.639, 498
5, 26.664, 601
4, 26.690, 530
5, 26.716, 597
4, 26.740, 559
5, 26.766, 590
4, 26.791, 584
5, 26.817, 580
4, 26.842, 604
5, 26.867, 569
4, 26.893, 618
5, 26.918, 556
4, 26.943, 625
5, 26.969, 542
4, 26.994, 625
5, 27.020, 529
4, 27.044, 617
5, 27.070, 517
4, 27.096, 603
5, 27.121, 506
4, 27.146, 582
5, 27.171, 496
4, 27.197, 556
5, 27.222, 489
4, 27.247, 526
5, 27.273, 486
4, 27.298, 494
5, 27.324, 485
4, 27.348, 461
5, 27.374, 487
4, 27.400, 430
5, 27.425, 491
4, 27.450, 400
5, 27.475, 497
4, 27.501, 376
5, 27.527, 506
4, 27.551, 358
5, 27.577, 517
4, 27.602, 347
5, 27.628, 528
4, 27.653, 343
5, 27.678, 539
4, 27.704, 346
5, 27.729, 549
4, 27.754, 357
5, 27.780, 560
4, 27.805, 374
5, 27.831, 568
4, 27.855, 397
5, 27.881, 575
4, 27.907, 426
5, 27.932, 579
4, 27.957, 457
5, 27.982, 581
4, 28.008, 490
5, 28.034, 581
4, 28.058, 523
5, 28.084, 580
4, 28.109, 554
5, 28.135, 575
4, 28.159, 582
5, 28.185, 569
4, 28.211, 604
5, 28.236, 561
4, 28.261, 620
5, 28.286, 553
4, 28.312, 629
5, 28.338, 545
4, 28.362, 630
5, 28.388, 535
4, 28.413, 625
5, 28.439, 527
4, 28.464, 610
5, 28.489, 520
4, 28.515, 591
5, 28.540, 513
4, 28.565, 565
5, 28.591, 509
4, 28.616, 535
5, 28.642, 507
4, 28.666, 502
5, 28.692, 506
4, 28.718, 469
5, 28.743, 506
4, 28.768, 436
5, 28.793, 509
4, 28.819, 406
5, 28.845, 513
4, 28.869, 380
5, 28.895, 518
4, 28.920, 360
5, 28.946, 523
4, 28.970, 347
5, 28.996, 530
4, 29.022, 341
5, 29.047, 536
4, 29.072, 343
5, 29.097, 543
4, 29.123, 351
5, 29.149, 548
4, 29.173, 367
5, 29.199, 553
4, 29.224, 389
5, 29.250, 556
4, 29.275, 417
5, 29.300, 559
4, 29.326, 448
5, 29.351, 560
4, 29.376, 481
5, 29.402, 561
4, 29.427, 515
5, 29.453, 559
4, 29.477, 547
5, 29.503, 558
4, 29.529, 576
5, 29.554, 555
4, 29.579, 600
5, 29.604, 552
4, 29.630, 618
5, 29.656, 548
4, 29.680, 628
5, 29.706, 544
4, 29.731, 632
5, 29.757, 540
4, 29.781, 628
5, 29.807, 536
4, 29.833, 616
5, 29.858, 534
4, 29.883, 598
5, 29.908, 531
4, 29.934, 573
5, 29.960, 530
4, 29.984, 543
5, 30.010, 529
4, 30.035, 512
5, 30.061, 528
4, 30.087, 477
5, 30.111, 528
4, 30.137, 445
5, 30.162, 529
4, 30.188, 414
5, 30.213, 530
4, 30.238, 386
5, 30.264, 531
4, 30.289, 364
5, 30.314, 532
4, 30.340, 349
5, 30.365, 534
4, 30.391, 342
5, 30.415, 535
4, 30.441, 342
5, 30.467, 536
4, 30.492, 348
5, 30.517, 537
4, 30.542, 363
5, 30.568, 538
4, 30.594, 383
5, 30.618, 538
4, 30.644, 410
5, 30.669, 539
4, 30.695, 440
5, 30.719, 539
4, 30.745, 473
5, 30.771, 540
4, 30.796, 506
5, 30.821, 539
4, 30.846, 539
5, 30.872, 539
4, 30.898, 569
5, 30.922, 539
4, 30.948, 594
5, 30.973, 539
4, 30.999, 613
5, 31.024, 540
4, 31.049, 626
5, 31.075, 541
4, 31.100, 630
5, 31.125, 542
4, 31.151, 629
5, 31.176, 543
4, 31.202, 619
5, 31.226, 544
4, 31.252, 601
5, 31.278, 546
4, 31.303, 578
5, 31.328, 547
4, 31.353, 550
5, 31.379, 548
4, 31.405, 519
5, 31.429, 549
4, 31.455, 486
5, 31.480, 548
4, 31.506, 454
5, 31.530, 548
4, 31.556, 422
5, 31.582, 547
4, 31.607, 395
5, 31.632, 545
4, 31.657, 371
5, 31.683, 543
4, 31.709, 354
5, 31.733, 541
4, 31.759, 345
5, 31.784, 538
4, 31.810, 344
5, 31.835, 534
4, 31.860, 349
5, 31.886, 531
4, 31.911, 361
5, 31.936, 527
4, 31.962, 379
5, 31.987, 524
4, 32.013, 404
5, 32.037, 522
4, 32.063, 433
5, 32.089, 520
4, 32.114, 464
5, 32.139, 519
4, 32.164, 497
5, 32.190, 520
4, 32.216, 529
5, 32.240, 521
4, 32.266, 559
5, 32.291, 524
4, 32.317, 585
5, 32.341, 527
4, 32.367, 605
5, 32.393, 532
4, 32.418, 618
5, 32.443, 536
4, 32.468, 625
5, 32.494, 542
4, 32.520, 625
5, 32.544, 547
4, 32.570, 617
5, 32.595, 553
4, 32.621, 603
5, 32.646, 558
4, 32.671, 581
5, 32.697, 562
4, 32.722, 555
5, 32.747, 565
4, 32.773, 526
5, 32.798, 567
4, 32.824, 495
5, 32.848, 568
4, 32.874, 463
5, 32.900, 566
4, 32.925, 433
5, 32.950, 564
4, 32.975, 404
5, 33.001, 560
4, 33.027, 381
5, 33.051, 554
4, 33.077, 364
5, 33.102, 548
4, 33.128, 353
5, 33.152, 540
4, 33.178, 350
5, 33.204, 532
4, 33.229, 352
5, 33.255, 525
4, 33.279, 363
5, 33.305, 518
4, 33.331, 379
5, 33.356, 511
4, 33.381, 402
5, 33.406, 506
4, 33.432, 428
5, 33.458, 502
4, 33.482, 458
5, 33.508, 502
4, 33.533, 489
5, 33.559, 501
4, 33.584, 519
5, 33.609, 504
4, 33.635, 548
5, 33.660, 507
4, 33.685, 574
5, 33.711, 514
4, 33.736, 594
5, 33.762, 522
4, 33.786, 608
5, 33.812, 531
4, 33.838, 616
5, 33.863, 540
4, 33.888, 618
5, 33.913, 550
4, 33.939, 612
5, 33.965, 560
4, 33.989, 600
5, 34.015, 569
4, 34.040, 581
5, 34.066, 576
4, 34.090, 558
5, 34.116, 581
4, 34.142, 531
5, 34.167, 584
4, 34.192, 502
5, 34.217, 586
4, 34.243, 471
5, 34.269, 585
4, 34.293, 442
5, 34.319, 581
4, 34.344, 416
5, 34.370, 574
4, 34.395, 393
5, 34.420, 567
4, 34.446, 375
5, 34.471, 556
4, 34.496, 363
5, 34.522, 545
4, 34.547, 358
5, 34.573, 533
4, 34.597, 360
5, 34.623, 522
4, 34.649, 368
5, 34.674, 512
4, 34.699, 382
5, 34.724, 501
4, 34.750, 401
5, 34.776, 493
4, 34.800, 425
5, 34.826, 487
4, 34.851, 453
5, 34.877, 484
4, 34.901, 480
5, 34.927, 484
4, 34.953, 509
5, 34.978, 486
4, 35.003, 538
5, 35.028, 492
4, 35.054, 562
5, 35.080, 500
4, 35.104, 582
5, 35.130, 511
4, 35.155, 596
5, 35.181, 523
4, 35.206, 605
5, 35.231, 536
4, 35.257, 608
5, 35.282, 550
4, 35.307, 605
5, 35.333, 563
4, 35.358, 595
5, 35.384, 576
4, 35.408, 578
5, 35.434, 586
4, 35.460, 559
5, 35.485, 594
4, 35.510, 535
5, 35.535, 600
4, 35.561, 508
5, 35.587, 603
4, 35.611, 480
5, 35.637, 602
4, 35.662, 453
5, 35.688, 597
4, 35.712, 428
5, 35.738, 589
4, 35.764, 405
5, 35.789, 578
4, 35.814, 388
5, 35.839, 566
4, 35.865, 376
5, 35.891, 552
4, 35.915, 370
5, 35.941, 537
4, 35.966, 369
5, 35.992, 521
4, 36.017, 375
5, 36.042, 506
4, 36.068, 387
5, 36.093, 493
4, 36.118, 404
5, 36.144, 481
4, 36.169, 425
5, 36.195, 473
4, 36.219, 448
5, 36.245, 469
4, 36.271, 475
5, 36.296, 468
4, 36.321, 501
5, 36.346, 469
4, 36.372, 526
5, 36.398, 476
4, 36.422, 549
5, 36.448, 486
4, 36.473, 568
5, 36.499, 499
4, 36.523, 583
5, 36.549, 514
4, 36.575, 592
5, 36.600, 530
4, 36.625, 596
5, 36.650, 548
4, 36.676, 594
5, 36.702, 565
4, 36.726, 587
5, 36.752, 581
4, 36.777, 574
5, 36.803, 595
4, 36.828, 556
5, 36.853, 606
4, 36.879, 536
5, 36.904, 614
4, 36.930, 512
5, 36.955, 617
4, 36.980, 488
5, 37.006, 617
4, 37.031, 463
5, 37.056, 613
4, 37.082, 440
5, 37.107, 604
4, 37.133, 419
5, 37.157, 593
4, 37.183, 402
5, 37.209, 577
4, 37.234, 390
5, 37.259, 559
4, 37.284, 383
5, 37.310, 542
4, 37.336, 382
5, 37.360, 523
4, 37.386, 386
5, 37.411, 505
4, 37.437, 394
5, 37.461, 488
4, 37.487, 408
5, 37.513, 474
4, 37.538, 426
5, 37.563, 463
4, 37.588, 447
5, 37.614, 456
4, 37.640, 469
5, 37.664, 453
4, 37.690, 492
5, 37.715, 456
4, 37.741, 514
5, 37.766, 462
4, 37.791, 535
5, 37.817, 473
4, 37.842, 553
5, 37.867, 487
4, 37.893, 567
5, 37.918, 504
4, 37.944, 576
5, 37.968, 524
4, 37.994, 581
5, 38.020, 544
4, 38.045, 581
5, 38.070, 564
4, 38.095, 575
5, 38.121, 584
4, 38.147, 565
5, 38.171, 601
4, 38.197, 551
5, 38.222, 614
4, 38.248, 534
5, 38.272, 624
4, 38.298, 514
5, 38.324, 629
4, 38.349, 493
5, 38.374, 630
4, 38.399, 472
5, 38.425, 626
4, 38.451, 451
5, 38.475, 618
4, 38.501, 434
5, 38.526, 605
4, 38.552, 418
5, 38.577, 588
4, 38.602, 407
5, 38.628, 568
4, 38.653, 399
5, 38.678, 547
4, 38.704, 397
5, 38.729, 525
4, 38.755, 399
5, 38.779, 503
4, 38.805, 407
5, 38.831, 485
4, 38.856, 417
5, 38.881, 468
4, 38.906, 431
5, 38.932, 455
4, 38.958, 447
5, 38.982, 445
4, 39.008, 466
5, 39.033, 441
4, 39.059, 486
5, 39.083, 443
4, 39.109, 505
5, 39.135, 449
4, 39.160, 523
5, 39.185, 460
4, 39.210, 538
5, 39.236, 476
4, 39.262, 551
5, 39.286, 495
4, 39.312, 560
5, 39.337, 516
4, 39.363, 565
5, 39.388, 539
4, 39.413, 566
5, 39.439, 562
4, 39.464, 562
5, 39.489, 584
4, 39.515, 555
5, 39.540, 604
4, 39.566, 544
5, 39.590, 621
4, 39.616, 529
5, 39.642, 632
4, 39.667, 514
5, 39.692, 639
4, 39.717, 496
5, 39.743, 641
4, 39.769, 479
5, 39.793, 638
4, 39.819, 462
5, 39.844, 630
4, 39.870, 446
5, 39.894, 617
4, 39.920, 434
5, 39.946, 599
4, 39.971, 423
5, 39.997, 577
4, 40.021, 416
5, 40.047, 555
4, 40.073, 414
5, 40.098, 530
4, 40.123, 415
5, 40.148, 507
4, 40.174, 419
5, 40.200, 485
4, 40.224, 427
5, 40.250, 465
4, 40.275, 438
5, 40.301, 449
4, 40.326, 451
5, 40.351, 439
4, 40.377, 465
5, 40.402, 433
4, 40.427, 480
5, 40.453, 432
4, 40.478, 496
5, 40.504, 438
4, 40.528, 511
5, 40.554, 448
4, 40.580, 524
5, 40.605, 465
4, 40.630, 535
5, 40.655, 485
4, 40.681, 542
5, 40.707, 507
4, 40.731, 547
5, 40.757, 532
4, 40.782, 549
5, 40.808, 557
4, 40.832, 547
5, 40.858, 581
4, 40.884, 542
5, 40.909, 604
4, 40.934, 534
5, 40.959, 623
4, 40.985, 524
5, 41.011, 636
4, 41.035, 511
5, 41.061, 646
4, 41.086, 498
5, 41.112, 650
4, 41.137, 485
5, 41.162, 648
4, 41.188, 471
5, 41.213, 639
4, 41.238, 459
5, 41.264, 627
4, 41.289, 449
5, 41.315, 609
4, 41.339, 440
5, 41.365, 587
4, 41.391, 434
5, 41.416, 562
4, 41.441, 432
5, 41.466, 537
4, 41.492, 431
5, 41.518, 511
4, 41.542, 434
5, 41.568, 486
4, 41.593, 439
5, 41.619, 465
4, 41.643, 447
5, 41.669, 447
4, 41.695, 456
5, 41.720, 434
4, 41.745, 467
5, 41.770, 427
4, 41.796, 477
5, 41.822, 425
4, 41.846, 489
5, 41.872, 429
4, 41.897, 501
5, 41.923, 440
4, 41.948, 510
5, 41.973, 456
4, 41.999, 519
5, 42.024, 475
4, 42.049, 525
5, 42.075, 499
4, 42.100, 529
5, 42.126, 525
4, 42.150, 530
5, 42.176, 552
4, 42.202, 529
5, 42.227, 577
4, 42.252, 526
5, 42.277, 602
4, 42.303, 521
5, 42.329, 623
4, 42.353, 514
5, 42.379, 639
4, 42.404, 506
5, 42.430, 650
4, 42.454, 497
5, 42.480, 655
4, 42.506, 488
5, 42.531, 655
4, 42.556, 479
5, 42.581, 648
4, 42.607, 470
5, 42.633, 635
4, 42.657, 464
5, 42.683, 618
4, 42.708, 457
5, 42.734, 595
4, 42.759, 452
5, 42.784, 570
4, 42.810, 450
5, 42.835, 544
4, 42.860, 450
5, 42.886, 517
4, 42.911, 451
5, 42.937, 490
4, 42.961, 454
5, 42.987, 466
4, 43.013, 459
5, 43.038, 448
4, 43.063, 464
5, 43.088, 433
4, 43.114, 471
5, 43.140, 424
4, 43.164, 477
5, 43.190, 420
4, 43.215, 485
5, 43.241, 424
4, 43.266, 491
5, 43.291, 433
4, 43.317, 498
5, 43.342, 448
4, 43.367, 503
5, 43.392, 468
4, 43.418, 507
5, 43.444, 491
4, 43.468, 509
5, 43.494, 518
4, 43.519, 511
5, 43.545, 545
4, 43.570, 511
5, 43.595, 572
4, 43.621, 510
5, 43.646, 597
4, 43.671, 507
5, 43.697, 620
4, 43.722, 503
5, 43.748, 639
4, 43.772, 499
5, 43.798, 650
4, 43.824, 494
5, 43.849, 657
4, 43.874, 490
5, 43.899, 658
4, 43.925, 485
5, 43.951, 652
4, 43.975, 481
5, 44.001, 640
4, 44.026, 477
5, 44.052, 623
4, 44.077, 474
5, 44.102, 602
4, 44.128, 471
5, 44.153, 577
4, 44.178, 470
5, 44.203, 550
4, 44.229, 469
5, 44.255, 523
4, 44.279, 469
5, 44.305, 496
4, 44.330, 470
5, 44.356, 472
4, 44.381, 472
5, 44.406, 450
4, 44.432, 474
5, 44.457, 435
4, 44.483, 477
5, 44.508, 424
4, 44.533, 480
5, 44.559, 419
4, 44.584, 482
5, 44.609, 421
4, 44.635, 485
5, 44.660, 430
4, 44.686, 487
5, 44.710, 443
4, 44.736, 489
5, 44.762, 462
4, 44.787, 490
5, 44.812, 485
4, 44.837, 492
5, 44.863, 511
4, 44.889, 491
5, 44.913, 539
4, 44.939, 492
5, 44.964, 566
4, 44.990, 491
5, 45.014, 592
4, 45.040, 492
5, 45.066, 616
4, 45.091, 490
5, 45.116, 635
4, 45.141, 490
5, 45.167, 649
4, 45.193, 489
5, 45.217, 656
4, 45.243, 488
5, 45.268, 659
4, 45.294, 488
5, 45.319, 654
4, 45.344, 488
5, 45.370, 644
4, 45.395, 487
5, 45.420, 629
4, 45.446, 487
5, 45.471, 608
4, 45.497, 488
5, 45.521, 583
4, 45.547, 487
5, 45.573, 557
4, 45.598, 487
5, 45.623, 530
4, 45.648, 487
5, 45.674, 503
4, 45.700, 487
5, 45.724, 478
4, 45.750, 487
5, 45.775, 456
4, 45.801, 486
5, 45.826, 439
4, 45.851, 485
5, 45.877, 427
4, 45.902, 483
5, 45.927, 421
4, 45.952, 482
5, 45.978, 421
4, 46.004, 481
5, 46.028, 428
4, 46.054, 480
5, 46.079, 440
4, 46.105, 477
5, 46.130, 458
4, 46.155, 476
5, 46.181, 480
4, 46.206, 475
5, 46.231, 505
4, 46.257, 474
5, 46.282, 532
4, 46.308, 474
5, 46.332, 559
4, 46.358, 474
5, 46.384, 585
4, 46.409, 475
5, 46.434, 609
4, 46.459, 478
5, 46.485, 629
4, 46.511, 480
5, 46.535, 644
4, 46.561, 482
5, 46.586, 653
4, 46.612, 486
5, 46.637, 657
4, 46.662, 489
5, 46.688, 654
4, 46.713, 493
5, 46.738, 645
4, 46.763, 496
5, 46.789, 631
4, 46.815, 500
5, 46.839, 612
4, 46.865, 502
5, 46.890, 589
4, 46.916, 504
5, 46.941, 564
4, 46.966, 504
5, 46.992, 537
4, 47.017, 504
5, 47.042, 511
4, 47.068, 502
5, 47.093, 486
4, 47.119, 500
5, 47.143, 463
4, 47.169, 497
5, 47.195, 446
4, 47.220, 493
5, 47.245, 432
4, 47.270, 488
5, 47.296, 426
4, 47.322, 482
5, 47.346, 424
4, 47.372, 477
5, 47.397, 430
4, 47.423, 471
5, 47.448, 440
4, 47.473, 467
5, 47.499, 456
4, 47.524, 463
5, 47.550, 476
4, 47.574, 460
5, 47.600, 500
4, 47.626, 457
5, 47.651, 526
4, 47.676, 457
5, 47.701, 553
4, 47.727, 457
5, 47.753, 577
4, 47.777, 461
5, 47.803, 601
4, 47.828, 464
5, 47.854, 622
4, 47.879, 469
5, 47.904, 637
4, 47.930, 475
5, 47.955, 646
4, 47.980, 483
5, 48.006, 651
4, 48.031, 490
5, 48.057, 650
4, 48.081, 497
5, 48.107, 643
4, 48.133, 504
5, 48.158, 631
4, 48.183, 510
5, 48.208, 614
4, 48.234, 515
5, 48.260, 592
4, 48.284, 519
5, 48.310, 570
4, 48.335, 521
5, 48.361, 543
4, 48.386, 521
5, 48.411, 518
4, 48.437, 519
5, 48.462, 494
4, 48.487, 515
5, 48.512, 472
4, 48.538, 510
5, 48.564, 454
4, 48.588, 504
5, 48.614, 441
4, 48.639, 495
5, 48.665, 433
4, 48.690, 486
5, 48.715, 431
4, 48.741, 476
5, 48.766, 434
4, 48.791, 467
5, 48.817, 443
4, 48.842, 459
5, 48.868, 457
4, 48.892, 451
5, 48.918, 475
4, 48.944, 446
5, 48.969, 497
4, 48.994, 443
5, 49.019, 521
4, 49.045, 441
5, 49.071, 546
4, 49.095, 442
5, 49.121, 570
4, 49.146, 445
5, 49.172, 593
4, 49.197, 451
5, 49.222, 613
4, 49.248, 457
5, 49.273, 628
4, 49.298, 467
5, 49.323, 638
4, 49.349, 477
5, 49.375, 644
4, 49.399, 488
5, 49.425, 644
4, 49.450, 499
5, 49.476, 639
4, 49.501, 510
5, 49.526, 628
4, 49.552, 519
5, 49.577, 613
4, 49.602, 527
5, 49.628, 594
4, 49.653, 532
5, 49.679, 572
4, 49.703, 535
5, 49.729, 549
4, 49.755, 537
5, 49.780, 525
4, 49.805, 535
5, 49.830, 502
4, 49.856, 530
5, 49.882, 481
4, 49.906, 523
5, 49.932, 464
4, 49.957, 513
5, 49.983, 451
4, 0.025, 469
5, 0.051, 360
4, 0.076, 470
5, 0.102, 359
4, 0.126, 471
5, 0.152, 360
4, 0.178, 470
5, 0.203, 360
4, 0.228, 470
5, 0.253, 360
4, 0.279, 470
5, 0.305, 360
4, 0.329, 471
5, 0.355, 359
4, 0.380, 470
5, 0.406, 359
4, 0.430, 470
5, 0.456, 359
4, 0.482, 470
5, 0.507, 360
4, 0.533, 470
5, 0.557, 359
4, 0.583, 470
5, 0.609, 359
4, 0.634, 469
5, 0.659, 359
4, 0.684, 469
5, 0.710, 359
4, 0.736, 469
5, 0.760, 359
4, 0.786, 469
5, 0.811, 359
4, 0.837, 469
5, 0.862, 359
4, 0.887, 469
5, 0.913, 359
4, 0.938, 469
5, 0.963, 359
4, 0.989, 469
5, 1.014, 359
4, 1.040, 469
5, 1.064, 359
4, 1.090, 470
5, 1.116, 358
4, 1.141, 470
5, 1.166, 359
4, 1.191, 470
5, 1.217, 363
4, 1.243, 470
5, 1.267, 375
4, 1.293, 470
5, 1.318, 397
4, 1.344, 470
5, 1.368, 426
4, 1.394, 470
5, 1.420, 462
4, 1.445, 471
5, 1.470, 502
4, 1.495, 471
5, 1.521, 544
4, 1.547, 473
5, 1.571, 587
4, 1.597, 474
5, 1.622, 627
4, 1.648, 476
5, 1.673, 662
4, 1.698, 478
5, 1.724, 692
4, 1.749, 480
5, 1.774, 714
4, 1.800, 483
5, 1.825, 727
4, 1.851, 485
5, 1.875, 729
4, 1.901, 489
5, 1.927, 722
4, 1.952, 492
5, 1.977, 708
4, 2.002, 495
5, 2.028, 684
4, 2.054, 496
5, 2.078, 653
4, 2.104, 498
5, 2.129, 615
4, 2.155, 499
5, 2.179, 575
4, 2.205, 499
5, 2.231, 533
4, 2.256, 497
5, 2.281, 491
4, 2.306, 494
5, 2.332, 453
4, 2.358, 491
5, 2.382, 419
4, 2.408, 486
5, 2.433, 392
4, 2.459, 481
5, 2.484, 373
4, 2.509, 476
5, 2.535, 364
4, 2.560, 470
5, 2.585, 366
4, 2.611, 464
5, 2.636, 374
4, 2.662, 458
5, 2.686, 394
4, 2.712, 452
5, 2.738, 421
4, 2.763, 449
5, 2.788, 454
4, 2.813, 446
5, 2.839, 493
4, 2.865, 445
5, 2.889, 534
4, 2.915, 446
5, 2.940, 575
4, 2.966, 447
5, 2.990, 615
4, 3.016, 452
5, 3.042, 650
4, 3.067, 457
5, 3.093, 681
4, 3.117, 464
5, 3.143, 704
4, 3.169, 473
5, 3.194, 718
4, 3.219, 482
5, 3.244, 723
4, 3.270, 490
5, 3.296, 719
4, 3.320, 499
5, 3.346, 707
4, 3.371, 508
5, 3.397, 685
4, 3.422, 515
5, 3.447, 657
4, 3.473, 520
5, 3.498, 623
4, 3.523, 524
5, 3.549, 585
4, 3.574, 525
5, 3.600, 545
4, 3.624, 524
5, 3.650, 504
4, 3.676, 520
5, 3.701, 466
4, 3.726, 514
5, 3.751, 433
4, 3.777, 506
5, 3.803, 405
4, 3.827, 496
5, 3.853, 384
4, 3.878, 485
5, 3.904, 374
4, 3.928, 473
5, 3.954, 372
4, 3.980, 461
5, 4.005, 379
4, 4.030, 449
5, 4.055, 395
4, 4.081, 439
5, 4.107, 419
4, 4.131, 430
5, 4.157, 449
4, 4.182, 424
5, 4.208, 485
4, 4.233, 421
5, 4.258, 524
4, 4.284, 420
5, 4.309, 563
4, 4.334, 422
5, 4.360, 601
4, 4.385, 428
5, 4.411, 637
4, 4.435, 436
5, 4.461, 667
4, 4.487, 447
5, 4.512, 691
4, 4.537, 460
5, 4.562, 707
4, 4.588, 474
5, 4.614, 714
4, 4.638, 489
5, 4.664, 712
4, 4.689, 504
5, 4.715, 703
4, 4.739, 517
5, 4.765, 685
4, 4.791, 530
5, 4.816, 660
4, 4.841, 539
5, 4.866, 629
4, 4.892, 547
5, 4.918, 593
4, 4.942, 549
5, 4.968, 555
4, 4.993, 549
5, 5.019, 517
4, 5.044, 545
5, 5.069, 481
4, 5.095, 537
5, 5.120, 448
4, 5.145, 526
5, 5.171, 420
4, 5.196, 511
5, 5.222, 399
4, 5.246, 496
5, 5.272, 386
4, 5.298, 478
5, 5.323, 382
4, 5.348, 461
5, 5.373, 386
4, 5.399, 444
5, 5.425, 399
4, 5.449, 428
5, 5.475, 421
4, 5.500, 415
5, 5.526, 447
4, 5.550, 405
5, 5.576, 479
4, 5.602, 399
5, 5.627, 514
4, 5.652, 396
5, 5.677, 551
4, 5.703, 398
5, 5.729, 587
4, 5.753, 405
5, 5.779, 621
4, 5.804, 415
5, 5.830, 651
4, 5.855, 430
5, 5.880, 675
4, 5.906, 446
5, 5.931, 692
4, 5.957, 465
5, 5.982, 700
4, 6.007, 485
5, 6.033, 701
4, 6.058, 506
5, 6.083, 695
4, 6.109, 525
5, 6.134, 679
4, 6.160, 542
5, 6.184, 658
4, 6.210, 555
5, 6.236, 630
4, 6.261, 565
5, 6.286, 600
4, 6.311, 571
5, 6.337, 565
4, 6.363, 572
5, 6.387, 530
4, 6.413, 568
5, 6.438, 495
4, 6.464, 559
5, 6.488, 465
4, 6.514, 546
5, 6.540, 438
4, 6.565, 529
5, 6.590, 416
4, 6.615, 508
5, 6.641, 403
4, 6.667, 486
5, 6.691, 398
4, 6.717, 463
5, 6.742, 399
4, 6.768, 441
5, 6.793, 409
4, 6.818, 420
5, 6.844, 426
4, 6.869, 402
5, 6.894, 449
4, 6.920, 389
5, 6.945, 478
4, 6.971, 379
5, 6.995, 508
4, 7.021, 375
5, 7.047, 542
4, 7.072, 376
5, 7.097, 575
4, 7.122, 383
5, 7.148, 606
4, 7.174, 395
5, 7.198, 634
4, 7.224, 410
5, 7.249, 658
4, 7.275, 430
5, 7.299, 675
4, 7.325, 453
5, 7.351, 684
4, 7.376, 479
5, 7.401, 686
4, 7.426, 504
5, 7.452, 682
4, 7.478, 528
5, 7.502, 670
4, 7.528, 550
5, 7.553, 653
4, 7.579, 568
5, 7.604, 629
4, 7.629, 581
5, 7.655, 602
4, 7.680, 590
5, 7.705, 571
4, 7.731, 593
5, 7.756, 540
4, 7.782, 590
5, 7.806, 510
4, 7.832, 580
5, 7.858, 481
4, 7.883, 566
5, 7.908, 456
4, 7.933, 546
5, 7.959, 436
4, 7.985, 523
5, 8.009, 423
4, 8.035, 496
5, 8.060, 417
4, 8.086, 470
5, 8.110, 415
4, 8.136, 442
5, 8.162, 421
4, 8.187, 417
5, 8.212, 435
4, 8.237, 395
5, 8.263, 454
4, 8.289, 376
5, 8.313, 478
4, 8.339, 364
5, 8.364, 505
4, 8.390, 357
5, 8.415, 534
4, 8.440, 356
5, 8.466, 563
4, 8.491, 362
5, 8.516, 591
4, 8.542, 373
5, 8.567, 616
4, 8.593, 392
5, 8.617, 638
4, 8.643, 415
5, 8.669, 654
4, 8.694, 441
5, 8.719, 664
4, 8.744, 469
5, 8.770, 668
4, 8.796, 498
5, 8.820, 667
4, 8.846, 527
5, 8.871, 658
4, 8.897, 553
5, 8.921, 644
4, 8.947, 576
5, 8.973, 625
4, 8.998, 594
5, 9.024, 602
4, 9.048, 605
5, 9.074, 576
4, 9.100, 609
5, 9.125, 549
4, 9.150, 608
5, 9.175, 523
4, 9.201, 600
5, 9.227, 497
4, 9.251, 584
5, 9.277, 475
4, 9.302, 562
5, 9.328, 457
4, 9.353, 537
5, 9.378, 444
4, 9.404, 509
5, 9.429, 436
4, 9.454, 478
5, 9.480, 435
4, 9.505, 446
5, 9.531, 438
4, 9.555, 418
5, 9.581, 448
4, 9.607, 390
5, 9.632, 463
4, 9.657, 369
5, 9.682, 482
4, 9.708, 353
5, 9.734, 504
4, 9.758, 343
5, 9.784, 529
4, 9.809, 341
5, 9.835, 552
4, 9.859, 345
5, 9.885, 577
4, 9.911, 357
5, 9.936, 599
4, 9.961, 375
5, 9.986, 618
4, 10.012, 399
5, 10.038, 632
4, 10.062, 427
5, 10.088, 642
4, 10.113, 459
5, 10.139, 647
4, 10.164, 491
5, 10.189, 647
4, 10.215, 524
5, 10.240, 642
4, 10.265, 553
5, 10.291, 631
4, 10.316, 580
5, 10.342, 616
4, 10.366, 601
5, 10.392, 598
4, 10.418, 616
5, 10.443, 577
4, 10.468, 623
5, 10.493, 556
4, 10.519, 623
5, 10.545, 533
4, 10.569, 615
5, 10.595, 512
4, 10.620, 600
5, 10.646, 494
4, 10.670, 578
5, 10.696, 478
4, 10.722, 552
5, 10.747, 466
4, 10.772, 521
5, 10.797, 459
4, 10.823, 487
5, 10.849, 456
4, 10.873, 453
5, 10.899, 458
4, 10.924, 421
5, 10.950, 465
4, 10.975, 390
5, 11.000, 475
4, 11.026, 364
5, 11.051, 489
4, 11.076, 345
5, 11.102, 507
4, 11.127, 333
5, 11.153, 526
4, 11.177, 328
5, 11.203, 546
4, 11.229, 331
5, 11.254, 565
4, 11.279, 341
5, 11.304, 583
4, 11.330, 360
5, 11.356, 598
4, 11.380, 384
5, 11.406, 611
4, 11.431, 414
5, 11.457, 620
4, 11.481, 447
5, 11.507, 625
4, 11.533, 481
5, 11.558, 626
4, 11.583, 517
5, 11.608, 623
4, 11.634, 550
5, 11.660, 616
4, 11.684, 580
5, 11.710, 605
4, 11.735, 604
5, 11.761, 591
4, 11.786, 622
5, 11.811, 575
4, 11.837, 632
5, 11.862, 561
4, 11.887, 634
5, 11.913, 543
4, 11.938, 628
5, 11.964, 526
4, 11.988, 614
5, 12.014, 511
4, 12.040, 593
5, 12.065, 499
4, 12.090, 566
5, 12.115, 489
4, 12.141, 534
5, 12.167, 482
4, 12.191, 498
5, 12.217, 479
4, 12.242, 462
5, 12.268, 480
4, 12.293, 427
5, 12.318, 484
4, 12.344, 394
5, 12.369, 491
4, 12.394, 365
5, 12.419, 501
4, 12.445, 342
5, 12.471, 512
4, 12.495, 327
5, 12.521, 526
4, 12.546, 320
5, 12.572, 541
4, 12.597, 322
5, 12.622, 555
4, 12.648, 331
5, 12.673, 568
4, 12.698, 347
5, 12.724, 579
4, 12.749, 371
5, 12.775, 589
4, 12.799, 401
5, 12.825, 596
4, 12.851, 435
5, 12.876, 601
4, 12.901, 472
5, 12.926, 603
4, 12.952, 509
5, 12.978, 601
4, 13.002, 544
5, 13.028, 597
4, 13.053, 576
5, 13.079, 590
4, 13.104, 604
5, 13.129, 581
4, 13.155, 624
5, 13.180, 571
4, 13.205, 637
5, 13.230, 559
4, 13.256, 641
5, 13.282, 548
4, 13.306, 637
5, 13.332, 538
4, 13.357, 624
5, 13.383, 528
4, 13.408, 604
5, 13.433, 518
4, 13.459, 578
5, 13.484, 512
4, 13.510, 545
5, 13.535, 507
4, 13.560, 510
5, 13.586, 503
4, 13.611, 472
5, 13.636, 503
4, 13.662, 435
5, 13.687, 505
4, 13.713, 400
5, 13.737, 509
4, 13.763, 369
5, 13.789, 515
4, 13.814, 343
5, 13.839, 522
4, 13.864, 325
5, 13.890, 530
4, 13.916, 316
5, 13.940, 539
4, 13.966, 316
5, 13.991, 548
4, 14.017, 322
5, 14.041, 556
4, 14.067, 337
5, 14.093, 563
4, 14.118, 360
5, 14.143, 569
4, 14.168, 390
5, 14.194, 574
4, 14.220, 423
5, 14.244, 577
4, 14.270, 460
5, 14.295, 578
4, 14.321, 498
5, 14.346, 578
4, 14.371, 536
5, 14.397, 576
4, 14.422, 570
5, 14.447, 573
4, 14.473, 598
5, 14.498, 569
4, 14.524, 622
5, 14.548, 563
4, 14.574, 637
5, 14.600, 558
4, 14.625, 644
5, 14.650, 552
4, 14.675, 642
5, 14.701, 546
4, 14.727, 632
5, 14.751, 541
4, 14.777, 613
5, 14.802, 536
4, 14.828, 587
5, 14.853, 532
4, 14.878, 556
5, 14.904, 530
4, 14.929, 520
5, 14.954, 527
4, 14.979, 482
5, 15.005, 527
4, 15.031, 445
5, 15.055, 527
4, 15.081, 409
5, 15.106, 529
4, 15.132, 376
5, 15.157, 531
4, 15.182, 349
5, 15.208, 533
4, 15.233, 328
5, 15.258, 537
4, 15.284, 316
5, 15.309, 539
4, 15.335, 314
5, 15.359, 543
4, 15.385, 318
5, 15.411, 546
4, 15.436, 332
5, 15.461, 549
4, 15.486, 353
5, 15.512, 551
4, 15.538, 380
5, 15.562, 553
4, 15.588, 414
5, 15.613, 554
4, 15.639, 450
5, 15.664, 554
4, 15.689, 488
5, 15.715, 555
4, 15.740, 525
5, 15.765, 555
4, 15.790, 561
5, 15.816, 555
4, 15.842, 591
5, 15.866, 554
4, 15.892, 615
5, 15.917, 554
4, 15.943, 633
5, 15.968, 553
4, 15.993, 642
5, 16.019, 553
4, 16.044, 642
5, 16.069, 553
4, 16.095, 635
5, 16.120, 552
4, 16.146, 617
5, 16.170, 553
4, 16.196, 594
5, 16.222, 552
4, 16.247, 564
5, 16.272, 552
4, 16.297, 530
5, 16.323, 551
4, 16.349, 493
5, 16.373, 551
4, 16.399, 455
5, 16.424, 551
4, 16.450, 418
5, 16.475, 550
4, 16.500, 385
5, 16.526, 548
4, 16.551, 357
5, 16.577, 547
4, 16.601, 335
5, 16.627, 545
4, 16.653, 322
5, 16.678, 543
4, 16.703, 317
5, 16.728, 541
4, 16.754, 319
5, 16.780, 539
4, 16.804, 330
5, 16.830, 536
4, 16.855, 349
5, 16.881, 535
4, 16.906, 375
5, 16.931, 533
4, 16.957, 406
5, 16.982, 532
4, 17.007, 441
5, 17.033, 531
4, 17.058, 478
5, 17.084, 532
4, 17.108, 515
5, 17.134, 533
4, 17.160, 550
5, 17.185, 536
4, 17.210, 581
5, 17.235, 538
4, 17.261, 607
5, 17.287, 542
4, 17.311, 625
5, 17.337, 546
4, 17.362, 636
5, 17.388, 551
4, 17.413, 638
5, 17.438, 555
4, 17.464, 633
5, 17.489, 560
4, 17.514, 619
5, 17.539, 564
4, 17.565, 597
5, 17.591, 568
4, 17.615, 570
5, 17.641, 571
4, 17.666, 538
5, 17.692, 573
4, 17.717, 502
5, 17.742, 573
4, 17.768, 466
5, 17.793, 573
4, 17.818, 430
5, 17.844, 571
4, 17.869, 396
5, 17.895, 566
4, 17.919, 368
5, 17.945, 561
4, 17.971, 345
5, 17.996, 555
4, 18.021, 330
5, 18.046, 549
4, 18.072, 323
5, 18.098, 542
4, 18.122, 324
5, 18.148, 535
4, 18.173, 332
5, 18.199, 528
4, 18.224, 349
5, 18.249, 521
4, 18.275, 372
5, 18.300, 516
4, 18.325, 400
5, 18.350, 513
4, 18.376, 433
5, 18.402, 510
4, 18.426, 468
5, 18.452, 510
4, 18.477, 504
5, 18.503, 513
4, 18.528, 538
5, 18.553, 517
4, 18.579, 568
5, 18.604, 522
4, 18.629, 595
5, 18.655, 529
4, 18.680, 615
5, 18.706, 537
4, 18.730, 627
5, 18.756, 547
4, 18.782, 631
5, 18.807, 557
4, 18.832, 628
5, 18.857, 566
4, 18.883, 616
5, 18.909, 574
4, 18.933, 598
5, 18.959, 583
4, 18.984, 573
5, 19.010, 588
4, 19.035, 544
5, 19.060, 593
4, 19.086, 510
5, 19.111, 594
4, 19.136, 476
5, 19.161, 594
4, 19.187, 441
5, 19.213, 590
4, 19.237, 409
5, 19.263, 585
4, 19.288, 381
5, 19.314, 577
4, 19.339, 358
5, 19.364, 567
4, 19.390, 341
5, 19.415, 556
4, 19.440, 333
5, 19.466, 544
4, 19.491, 332
5, 19.517, 533
4, 19.541, 337
5, 19.567, 521
4, 19.593, 350
5, 19.618, 511
4, 19.643, 371
5, 19.668, 502
4, 19.694, 397
5, 19.720, 495
4, 19.744, 426
5, 19.770, 491
4, 19.795, 460
5, 19.821, 489
4, 19.846, 493
5, 19.871, 492
4, 19.897, 526
5, 19.922, 497
4, 19.947, 555
5, 19.973, 505
4, 19.998, 581
5, 20.024, 515
4, 20.048, 601
5, 20.074, 527
4, 20.099, 614
5, 20.125, 541
4, 20.150, 620
5, 20.175, 555
4, 20.201, 620
5, 20.226, 569
4, 20.252, 611
5, 20.277, 583
4, 20.302, 595
5, 20.328, 594
4, 20.353, 573
5, 20.378, 603
4, 20.404, 547
5, 20.429, 609
4, 20.455, 517
5, 20.479, 613
4, 20.505, 486
5, 20.531, 613
4, 20.556, 453
5, 20.581, 610
4, 20.606, 423
5, 20.632, 603
4, 20.658, 395
5, 20.682, 593
4, 20.708, 372
5, 20.733, 580
4, 20.759, 355
5, 20.784, 566
4, 20.809, 346
5, 20.835, 549
4, 20.860, 344
5, 20.885, 533
4, 20.910, 346
5, 20.936, 517
4, 20.962, 357
5, 20.986, 502
4, 21.012, 374
5, 21.037, 490
4, 21.063, 397
5, 21.088, 480
4, 21.113, 423
5, 21.139, 474
4, 21.164, 453
5, 21.189, 471
4, 21.215, 483
5, 21.240, 473
4, 21.266, 513
5, 21.290, 478
4, 21.316, 541
5, 21.342, 488
4, 21.367, 565
5, 21.392, 500
4, 21.417, 585
5, 21.443, 516
4, 21.469, 599
5, 21.493, 533
4, 21.519, 606
5, 21.544, 551
4, 21.570, 606
5, 21.595, 569
4, 21.620, 600
5, 21.646, 587
4, 21.671, 588
5, 21.696, 602
4, 21.721, 571
5, 21.747, 615
4, 21.773, 547
5, 21.797, 625
4, 21.823, 521
5, 21.848, 630
4, 21.874, 492
5, 21.899, 631
4, 21.924, 464
5, 21.950, 627
4, 21.975, 436
5, 22.000, 620
4, 22.026, 411
5, 22.051, 609
4, 22.077, 389
5, 22.101, 594
4, 22.127, 373
5, 22.153, 576
4, 22.178, 362
5, 22.203, 556
4, 22.228, 358
5, 22.254, 536
4, 22.280, 359
5, 22.304, 516
4, 22.330, 368
5, 22.355, 497
4, 22.381, 381
5, 22.406, 480
4, 22.431, 400
5, 22.457, 468
4, 22.482, 422
5, 22.507, 459
4, 22.533, 448
5, 22.558, 455
4, 22.584, 475
5, 22.608, 456
4, 22.634, 502
5, 22.659, 461
4, 22.685, 527
5, 22.710, 471
4, 22.735, 550
5, 22.761, 485
4, 22.786, 568
5, 22.811, 503
4, 22.837, 582
5, 22.862, 524
4, 22.888, 589
5, 22.912, 545
4, 22.938, 592
5, 22.964, 567
4, 22.989, 588
5, 23.014, 589
4, 23.039, 578
5, 23.065, 608
4, 23.091, 564
5, 23.115, 624
4, 23.141, 545
5, 23.166, 636
4, 23.192, 522
5, 23.217, 644
4, 23.242, 498
5, 23.268, 647
4, 23.293, 473
5, 23.319, 644
4, 23.344, 448
5, 23.369, 637
4, 23.395, 425
5, 23.420, 623
4, 23.445, 406
5, 23.470, 607
4, 23.496, 390
5, 23.522, 586
4, 23.546, 379
5, 23.572, 565
4, 23.597, 374
5, 23.623, 541
4, 23.648, 374
5, 23.673, 517
4, 23.699, 380
5, 23.724, 495
4, 23.749, 390
5, 23.775, 475
4, 23.800, 405
5, 23.826, 460
4, 23.850, 424
5, 23.876, 448
4, 23.902, 445
5, 23.927, 441
4, 23.952, 468
5, 23.977, 441
4, 24.003, 491
5, 24.029, 446
4, 24.053, 513
5, 24.079, 456
4, 24.104, 534
5, 24.130, 471
4, 24.155, 551
5, 24.180, 491
4, 24.206, 563
5, 24.231, 514
4, 24.256, 571
5, 24.281, 538
4, 24.307, 574
5, 24.333, 564
4, 24.357, 572
5, 24.383, 588
4, 24.408, 566
5, 24.434, 611
4, 24.459, 555
5, 24.484, 630
4, 24.510, 539
5, 24.535, 646
4, 24.560, 522
5, 24.586, 655
4, 24.611, 501
5, 24.637, 659
4, 24.661, 480
5, 24.687, 658
4, 24.713, 459
5, 24.738, 651
4, 24.763, 439
5, 24.788, 639
4, 24.814, 423
5, 24.840, 620
4, 24.864, 409
5, 24.890, 599
4, 24.915, 399
5, 24.941, 574
4, 24.966, 393
5, 24.991, 548
4, 25.017, 392
5, 25.042, 521
4, 25.067, 395
5, 25.093, 496
4, 25.118, 403
5, 25.144, 472
4, 25.168, 415
5, 25.194, 453
4, 25.219, 429
5, 25.245, 439
4, 25.270, 446
5, 25.295, 431
4, 25.321, 465
5, 25.346, 429
4, 25.371, 483
5, 25.397, 432
4, 25.422, 501
5, 25.448, 443
4, 25.472, 518
5, 25.498, 458
4, 25.524, 533
5, 25.549, 479
4, 25.574, 544
5, 25.599, 503
4, 25.625, 552
5, 25.651, 530
4, 25.675, 556
5, 25.701, 557
4, 25.726, 555
5, 25.752, 585
4, 25.777, 550
5, 25.802, 611
4, 25.828, 542
5, 25.853, 633
4, 25.878, 531
5, 25.904, 650
4, 25.929, 517
5, 25.955, 662
4, 25.979, 501
5, 26.005, 669
4, 26.030, 485
5, 26.056, 669
4, 26.081, 468
5, 26.106, 662
4, 26.132, 453
5, 26.157, 651
4, 26.182, 439
5, 26.208, 633
4, 26.233, 427
5, 26.259, 610
4, 26.283, 419
5, 26.309, 583
4, 26.335, 414
5, 26.360, 556
4, 26.385, 412
5, 26.410, 527
4, 26.436, 413
5, 26.462, 499
4, 26.486, 419
5, 26.512, 473
4, 26.537, 427
5, 26.563, 451
4, 26.588, 437
5, 26.613, 435
4, 26.639, 449
5, 26.664, 423
4, 26.689, 463
5, 26.715, 420
4, 26.740, 477
5, 26.766, 422
4, 26.790, 491
5, 26.816, 431
4, 26.841, 503
5, 26.867, 447
4, 26.892, 515
5, 26.917, 467
4, 26.943, 525
5, 26.968, 493
4, 26.993, 531
5, 27.019, 521
4, 27.044, 534
5, 27.070, 550
4, 27.094, 535
5, 27.120, 580
4, 27.146, 533
5, 27.171, 607
4, 27.196, 527
5, 27.221, 633
4, 27.247, 520
5, 27.273, 653
4, 27.297, 511
5, 27.323, 667
4, 27.348, 500
5, 27.374, 675
4, 27.399, 487
5, 27.424, 678
4, 27.450, 476
5, 27.475, 672
4, 27.500, 465
5, 27.526, 661
4, 27.551, 455
5, 27.577, 643
4, 27.601, 446
5, 27.627, 620
4, 27.653, 439
5, 27.678, 593
4, 27.703, 434
5, 27.728, 564
4, 27.754, 433
5, 27.779, 534
4, 27.804, 434
5, 27.830, 504
4, 27.855, 436
5, 27.881, 476
4, 27.905, 440
5, 27.931, 452
4, 27.957, 447
5, 27.982, 433
4, 28.007, 456
5, 28.032, 421
4, 28.058, 464
5, 28.084, 415
4, 28.108, 473
5, 28.134, 416
4, 28.159, 482
5, 28.185, 423
4, 28.210, 491
5, 28.235, 438
4, 28.261, 498
5, 28.286, 459
4, 28.311, 504
5, 28.337, 484
4, 28.362, 510
5, 28.388, 512
4, 28.412, 512
5, 28.438, 542
4, 28.464, 513
5, 28.489, 573
4, 28.514, 513
5, 28.539, 603
4, 28.565, 510
5, 28.590, 629
4, 28.615, 506
5, 28.641, 651
4, 28.666, 501
5, 28.692, 668
4, 28.716, 495
5, 28.742, 678
4, 28.768, 488
5, 28.793, 680
4, 28.818, 481
5, 28.843, 678
4, 28.869, 475
5, 28.895, 667
4, 28.919, 469
5, 28.945, 651
4, 28.970, 464
5, 28.996, 628
4, 29.021, 459
5, 29.046, 602
4, 29.072, 457
5, 29.097, 572
4, 29.122, 454
5, 29.148, 542
4, 29.173, 453
5, 29.199, 510
4, 29.223, 455
5, 29.249, 481
4, 29.275, 457
5, 29.300, 455
4, 29.325, 459
5, 29.350, 436
4, 29.376, 463
5, 29.401, 422
4, 29.426, 467
5, 29.452, 414
4, 29.477, 472
5, 29.503, 413
4, 29.527, 476
5, 29.553, 418
4, 29.579, 480
5, 29.604, 432
4, 29.629, 484
5, 29.654, 450
4, 29.680, 488
5, 29.706, 475
4, 29.730, 489
5, 29.756, 504
4, 29.781, 491
5, 29.807, 533
4, 29.832, 492
5, 29.857, 564
4, 29.883, 492
5, 29.908, 595
4, 29.933, 492
5, 29.959, 623
4, 29.984, 491
5, 30.010, 646
4, 30.034, 490
5, 30.060, 665
4, 30.086, 487
5, 30.111, 677
4, 30.136, 486
5, 30.161, 681
4, 30.187, 484
5, 30.213, 681
4, 30.237, 482
5, 30.263, 672
4, 30.288, 480
5, 30.314, 656
4, 30.338, 479
5, 30.364, 635
4, 30.390, 477
5, 30.415, 610
4, 30.440, 476
5, 30.465, 581
4, 30.491, 475
5, 30.517, 550
4, 30.541, 474
5, 30.567, 519
4, 30.592, 475
5, 30.618, 490
4, 30.643, 474
5, 30.668, 463
4, 30.694, 473
5, 30.719, 441
4, 30.744, 474
5, 30.770, 425
4, 30.795, 473
5, 30.821, 415
4, 30.845, 473
5, 30.871, 413
4, 30.897, 472
5, 30.922, 417
4, 30.947, 472
5, 30.972, 428
4, 30.998, 471
5, 31.024, 446
4, 31.048, 471
5, 31.074, 469
4, 31.099, 471
5, 31.125, 497
4, 31.149, 471
5, 31.175, 526
4, 31.201, 471
5, 31.226, 557
4, 31.251, 472
5, 31.276, 587
4, 31.302, 474
5, 31.328, 615
4, 31.352, 475
5, 31.378, 640
4, 31.403, 477
5, 31.429, 661
4, 31.454, 479
5, 31.479, 673
4, 31.505, 481
5, 31.530, 679
4, 31.555, 484
5, 31.581, 679
4, 31.606, 486
5, 31.632, 673
4, 31.656, 489
5, 31.682, 659
4, 31.708, 492
5, 31.733, 640
4, 31.758, 493
5, 31.783, 615
4, 31.809, 494
5, 31.835, 587
4, 31.859, 495
5, 31.885, 558
4, 31.910, 495
5, 31.936, 527
4, 31.960, 494
5, 31.986, 498
4, 32.012, 492
5, 32.037, 471
4, 32.062, 489
5, 32.087, 449
4, 32.113, 485
5, 32.139, 431
4, 32.163, 481
5, 32.189, 420
4, 32.214, 476
5, 32.240, 416
4, 32.266, 471
5, 32.290, 418
4, 32.316, 467
5, 32.341, 427
4, 32.367, 462
5, 32.392, 444
4, 32.417, 458
5, 32.443, 465
4, 32.468, 455
5, 32.493, 491
4, 32.519, 453
5, 32.544, 519
4, 32.570, 452
5, 32.594, 549
4, 32.620, 453
5, 32.646, 578
4, 32.671, 455
5, 32.696, 606
4, 32.721, 458
5, 32.747, 632
4, 32.773, 463
5, 32.797, 653
4, 32.823, 468
5, 32.848, 667
4, 32.874, 475
5, 32.898, 674
4, 32.924, 482
5, 32.950, 676
4, 32.975, 489
5, 33.000, 671
4, 33.025, 496
5, 33.051, 659
4, 33.077, 501
5, 33.101, 642
4, 33.127, 507
5, 33.152, 620
4, 33.178, 512
5, 33.203, 594
4, 33.228, 513
5, 33.254, 565
4, 33.279, 513
5, 33.304, 536
4, 33.330, 513
5, 33.355, 507
4, 33.381, 509
5, 33.405, 481
4, 33.431, 504
5, 33.457, 457
4, 33.482, 498
5, 33.507, 439
4, 33.532, 490
5, 33.558, 427
4, 33.584, 481
5, 33.608, 422
4, 33.634, 472
5, 33.659, 422
4, 33.685, 463
5, 33.709, 430
4, 33.735, 454
5, 33.761, 444
4, 33.786, 447
5, 33.811, 462
4, 33.836, 441
5, 33.862, 486
4, 33.888, 436
5, 33.912, 513
4, 33.938, 434
5, 33.963, 541
4, 33.989, 434
5, 34.014, 570
4, 34.039, 437
5, 34.065, 596
4, 34.090, 441
5, 34.115, 622
4, 34.141, 448
5, 34.166, 642
4, 34.192, 457
5, 34.216, 657
4, 34.242, 467
5, 34.268, 665
4, 34.293, 479
5, 34.318, 669
4, 34.343, 489
5, 34.369, 666
4, 34.395, 500
5, 34.419, 657
4, 34.445, 510
5, 34.470, 642
4, 34.496, 519
5, 34.520, 622
4, 34.546, 526
5, 34.572, 597
4, 34.597, 530
5, 34.622, 571
4, 34.647, 532
5, 34.673, 544
4, 34.699, 531
5, 34.723, 517
4, 34.749, 526
5, 34.774, 491
4, 34.800, 520
5, 34.825, 469
4, 34.850, 511
5, 34.876, 451
4, 34.901, 499
5, 34.926, 439
4, 34.952, 487
5, 34.977, 432
4, 35.003, 474
5, 35.027, 431
4, 35.053, 460
5, 35.079, 436
4, 35.104, 448
5, 35.129, 448
4, 35.154, 437
5, 35.180, 465
4, 35.206, 428
5, 35.230, 485
4, 35.256, 421
5, 35.281, 509
4, 35.307, 417
5, 35.331, 535
4, 35.357, 416
5, 35.383, 562
4, 35.408, 419
5, 35.434, 587
4, 35.458, 426
5, 35.484, 610
4, 35.510, 434
5, 35.535, 630
4, 35.560, 445
5, 35.585, 646
4, 35.611, 458
5, 35.637, 655
4, 35.661, 472
5, 35.687, 660
4, 35.712, 488
5, 35.738, 658
4, 35.763, 503
5, 35.788, 651
4, 35.814, 516
5, 35.839, 639
4, 35.864, 529
5, 35.890, 620
4, 35.915, 539
5, 35.941, 599
4, 35.965, 545
5, 35.991, 575
4, 36.017, 548
5, 36.042, 551
4, 36.067, 547
5, 36.092, 526
4, 36.118, 544
5, 36.144, 501
4, 36.168, 535
5, 36.194, 480
4, 36.219, 525
5, 36.245, 463
4, 36.269, 511
5, 36.295, 451
4, 36.321, 495
5, 36.346, 444
4, 36.371, 478
5, 36.396, 441
4, 36.422, 462
5, 36.448, 445
4, 36.472, 445
5, 36.498, 454
4, 36.523, 431
5, 36.549, 468
4, 36.574, 419
5, 36.599, 486
4, 36.625, 408
5, 36.650, 506
4, 36.675, 403
5, 36.701, 531
4, 36.726, 400
5, 36.752, 554
4, 36.776, 403
5, 36.802, 577
4, 36.828, 409
5, 36.853, 599
4, 36.878, 419
5, 36.903, 617
4, 36.929, 432
5, 36.955, 633
4, 36.979, 448
5, 37.005, 643
4, 37.030, 465
5, 37.056, 648
4, 37.080, 484
5, 37.106, 647
4, 37.132, 503
5, 37.157, 642
4, 37.182, 520
5, 37.207, 632
4, 37.233, 536
5, 37.259, 618
4, 37.283, 548
5, 37.309, 599
4, 37.334, 557
5, 37.360, 578
4, 37.385, 562
5, 37.410, 557
4, 37.436, 562
5, 37.461, 534
4, 37.486, 559
5, 37.512, 513
4, 37.537, 550
5, 37.563, 493
4, 37.587, 537
5, 37.613, 478
4, 37.639, 522
5, 37.664, 465
4, 37.689, 505
5, 37.714, 457
4, 37.740, 484
5, 37.766, 454
4, 37.790, 465
5, 37.816, 456
4, 37.841, 445
5, 37.867, 463
4, 37.891, 427
5, 37.917, 474
4, 37.943, 411
5, 37.968, 489
4, 37.993, 399
5, 38.018, 507
4, 38.044, 391
5, 38.070, 527
4, 38.094, 388
5, 38.120, 548
4, 38.145, 389
5, 38.171, 568
4, 38.196, 395
5, 38.221, 588
4, 38.247, 405
5, 38.272, 605
4, 38.297, 420
5, 38.323, 618
4, 38.348, 437
5, 38.374, 628
4, 38.398, 457
5, 38.424, 634
4, 38.450, 479
5, 38.475, 635
4, 38.500, 500
5, 38.525, 631
4, 38.551, 521
5, 38.577, 623
4, 38.601, 539
5, 38.627, 611
4, 38.652, 555
5, 38.678, 596
4, 38.702, 566
5, 38.728, 579
4, 38.754, 572
5, 38.779, 560
4, 38.804, 575
5, 38.829, 541
4, 38.855, 572
5, 38.881, 523
4, 38.905, 564
5, 38.931, 505
4, 38.956, 551
5, 38.982, 491
4, 39.007, 534
5, 39.032, 480
4, 39.058, 515
5, 39.083, 472
4, 39.109, 492
5, 39.134, 468
4, 39.159, 469
5, 39.185, 469
4, 39.210, 447
5, 39.235, 475
4, 39.261, 426
5, 39.286, 482
4, 39.312, 408
5, 39.336, 494
4, 39.362, 393
5, 39.388, 509
4, 39.413, 383
5, 39.438, 525
4, 39.463, 377
5, 39.489, 543
4, 39.515, 377
5, 39.539, 560
4, 39.565, 383
5, 39.590, 576
4, 39.616, 393
5, 39.640, 591
4, 39.666, 408
5, 39.692, 603
4, 39.717, 427
5, 39.742, 611
4, 39.767, 449
5, 39.793, 617
4, 39.819, 472
5, 39.843, 620
4, 39.869, 497
5, 39.894, 618
4, 39.920, 520
5, 39.945, 612
4, 39.970, 540
5, 39.996, 603
4, 40.021, 559
5, 40.046, 592
4, 40.072, 572
5, 40.097, 578
4, 40.123, 581
5, 40.147, 563
4, 40.173, 585
5, 40.199, 547
4, 40.224, 583
5, 40.249, 532
4, 40.274, 575
5, 40.300, 518
4, 40.326, 562
5, 40.350, 505
4, 40.376, 544
5, 40.401, 495
4, 40.427, 523
5, 40.451, 488
4, 40.477, 500
5, 40.503, 485
4, 40.528, 475
5, 40.553, 484
4, 40.578, 451
5, 40.604, 487
4, 40.630, 427
5, 40.654, 493
4, 40.680, 406
5, 40.705, 502
4, 40.731, 389
5, 40.756, 513
4, 40.781, 377
5, 40.807, 526
4, 40.832, 370
5, 40.857, 539
4, 40.883, 368
5, 40.908, 554
4, 40.934, 373
5, 40.958, 567
4, 40.984, 383
5, 41.010, 578
4, 41.035, 398
5, 41.060, 588
4, 41.085, 417
5, 41.111, 596
4, 41.137, 440
5, 41.161, 601
4, 41.187, 465
5, 41.212, 603
4, 41.238, 491
5, 41.262, 602
4, 41.288, 516
5, 41.314, 598
4, 41.339, 540
5, 41.364, 592
4, 41.389, 560
5, 41.415, 584
4, 41.441, 575
5, 41.465, 574
4, 41.491, 586
5, 41.516, 563
4, 41.542, 592
5, 41.567, 551
4, 41.592, 591
5, 41.618, 539
4, 41.643, 584
5, 41.668, 529
4, 41.694, 572
5, 41.719, 519
4, 41.745, 555
5, 41.769, 511
4, 41.795, 533
5, 41.821, 506
4, 41.846, 508
5, 41.871, 503
4, 41.896, 482
5, 41.922, 500
4, 41.948, 455
5, 41.972, 503
4, 41.998, 430
5, 42.023, 506
4, 42.049, 407
5, 42.073, 513
4, 42.099, 388
5, 42.125, 521
4, 42.150, 373
5, 42.176, 530
4, 42.200, 365
5, 42.226, 538
4, 42.252, 362
5, 42.277, 548
4, 42.302, 365
5, 42.327, 558
4, 42.353, 374
5, 42.379, 567
4, 42.403, 388
5, 42.429, 574
4, 42.454, 408
5, 42.480, 580
4, 42.505, 432
5, 42.530, 584
4, 42.556, 458
5, 42.581, 586
4, 42.606, 484
5, 42.632, 586
4, 42.657, 511
5, 42.683, 584
4, 42.707, 537
5, 42.733, 580
4, 42.759, 558
5, 42.784, 575
4, 42.809, 576
5, 42.834, 568
4, 42.860, 588
5, 42.886, 561
4, 42.910, 595
5, 42.936, 553
4, 42.961, 596
5, 42.987, 545
4, 43.011, 591
5, 43.037, 538
4, 43.063, 578
5, 43.088, 531
4, 43.113, 562
5, 43.138, 527
4, 43.164, 542
5, 43.190, 522
4, 43.214, 516
5, 43.240, 519
4, 43.265, 489
5, 43.291, 519
4, 43.316, 462
5, 43.341, 519
4, 43.367, 435
5, 43.392, 521
4, 43.417, 411
5, 43.443, 524
4, 43.468, 390
5, 43.494, 529
4, 43.518, 373
5, 43.544, 535
4, 43.570, 363
5, 43.595, 540
4, 43.620, 359
5, 43.645, 546
4, 43.671, 360
5, 43.697, 551
4, 43.721, 368
5, 43.747, 556
4, 43.772, 382
5, 43.798, 561
4, 43.822, 401
5, 43.848, 565
4, 43.874, 423
5, 43.899, 567
4, 43.924, 450
5, 43.949, 568
4, 43.975, 477
5, 44.001, 568
4, 44.025, 505
5, 44.051, 567
4, 44.076, 531
5, 44.102, 565
4, 44.127, 554
5, 44.152, 563
4, 44.178, 574
5, 44.203, 560
4, 44.228, 588
5, 44.254, 556
4, 44.279, 596
5, 44.305, 553
4, 44.329, 598
5, 44.355, 549
4, 44.381, 593
5, 44.406, 546
4, 44.431, 584
5, 44.456, 543
4, 44.482, 568
5, 44.508, 541
4, 44.532, 548
5, 44.558, 539
4, 44.583, 524
5, 44.609, 538
4, 44.633, 497
5, 44.659, 537
4, 44.685, 469
5, 44.710, 537
4, 44.735, 442
5, 44.760, 538
4, 44.786, 417
5, 44.812, 539
4, 44.836, 394
5, 44.862, 540
4, 44.887, 376
5, 44.913, 541
4, 44.938, 365
5, 44.963, 543
4, 44.989, 359
5, 45.014, 545
4, 45.039, 359
5, 45.065, 547
4, 45.090, 365
5, 45.116, 548
4, 45.140, 378
5, 45.166, 549
4, 45.192, 396
5, 45.217, 550
4, 45.242, 418
5, 45.267, 551
4, 45.293, 443
5, 45.319, 551
4, 45.343, 470
5, 45.369, 551
4, 45.394, 498
5, 45.420, 550
4, 45.445, 525
5, 45.470, 551
4, 45.496, 549
5, 45.521, 550
4, 45.546, 569
5, 45.571, 551
4, 45.597, 583
5, 45.623, 551
4, 45.647, 593
5, 45.673, 551
4, 45.698, 597
5, 45.724, 551
4, 45.749, 595
5, 45.774, 552
4, 45.800, 586
5, 45.825, 552
4, 45.850, 572
5, 45.876, 552
4, 45.901, 552
5, 45.927, 553
4, 45.951, 530
5, 45.977, 553
4, 46.003, 503
5, 46.028, 553
4, 46.053, 476
5, 46.078, 553
4, 46.104, 449
5, 46.130, 553
4, 46.154, 424
5, 46.180, 552
4, 46.205, 401
5, 46.231, 551
4, 46.256, 383
5, 46.281, 549
4, 46.307, 370
5, 46.332, 547
4, 46.357, 362
5, 46.382, 546
4, 46.408, 361
5, 46.434, 543
4, 46.458, 366
5, 46.484, 541
4, 46.509, 376
5, 46.535, 539
4, 46.560, 393
5, 46.585, 537
4, 46.611, 414
5, 46.636, 535
4, 46.662, 437
5, 46.687, 535
4, 46.712, 464
5, 46.738, 535
4, 46.763, 491
5, 46.788, 536
4, 46.814, 517
5, 46.839, 537
4, 46.865, 541
5, 46.889, 538
4, 46.915, 562
5, 46.941, 541
4, 46.966, 578
5, 46.991, 544
4, 47.016, 588
5, 47.042, 548
4, 47.068, 593
5, 47.092, 553
4, 47.118, 592
5, 47.143, 556
4, 47.169, 586
5, 47.193, 560
4, 47.219, 573
5, 47.245, 563
4, 47.270, 556
5, 47.295, 567
4, 47.320, 534
5, 47.346, 569
4, 47.372, 509
5, 47.396, 569
4, 47.422, 483
5, 47.447, 569
4, 47.473, 457
5, 47.498, 568
4, 47.523, 431
5, 47.549, 566
4, 47.574, 409
5, 47.599, 563
4, 47.625, 390
5, 47.650, 558
4, 47.676, 376
5, 47.700, 553
4, 47.726, 368
5, 47.752, 547
4, 47.777, 365
5, 47.802, 542
4, 47.827, 368
5, 47.853, 536
4, 47.879, 378
5, 47.903, 529
4, 47.929, 392
5, 47.954, 526
4, 47.980, 411
5, 48.005, 523
4, 48.030, 433
5, 48.056, 520
4, 48.081, 457
5, 48.106, 519
4, 48.131, 483
5, 48.157, 519
4, 48.183, 509
5, 48.207, 522
4, 48.233, 533
5, 48.258, 525
4, 48.284, 553
5, 48.309, 530
4, 48.334, 569
5, 48.360, 536
4, 48.385, 580
5, 48.410, 543
4, 48.436, 588
5, 48.461, 551
4, 48.487, 588
5, 48.511, 559
4, 48.537, 582
5, 48.563, 566
4, 48.588, 571
5, 48.613, 572
4, 48.638, 557
5, 48.664, 577
4, 48.690, 537
5, 48.714, 581
4, 48.740, 514
5, 48.765, 584
4, 48.791, 488
5, 48.816, 584
4, 48.841, 464
5, 48.867, 583
4, 48.892, 439
5, 48.917, 579
4, 48.942, 417
5, 48.968, 574
4, 48.994, 399
5, 49.018, 568
4, 49.044, 385
5, 49.069, 560
4, 49.095, 376
5, 49.120, 551
4, 49.145, 372
5, 49.171, 543
4, 49.196, 374
5, 49.221, 534
4, 49.247, 381
5, 49.272, 525
4, 49.298, 393
5, 49.322, 517
4, 49.348, 410
5, 49.374, 511
4, 49.399, 430
5, 49.424, 508
4, 49.449, 453
5, 49.475, 505
4, 49.501, 476
5, 49.525, 506
4, 49.551, 500
5, 49.576, 508
4, 49.602, 523
5, 49.627, 513
4, 49.652, 543
5, 49.678, 519
4, 49.703, 560
5, 49.729, 528
4, 49.753, 571
5, 49.779, 538
4, 49.805, 578
5, 49.830, 548
4, 49.855, 580
5, 49.880, 559
4, 49.906, 576
5, 49.932, 569
4, 49.956, 568
5, 49.982, 578
4, 50.007, 555
5, 50.033, 587
4, 50.058, 537
5, 50.083, 592
4, 50.109, 517
5, 50.134, 596
4, 50.159, 495
5, 50.185, 598
4, 50.210, 472
5, 50.236, 596
4, 50.260, 449
5, 50.286, 593
4, 50.312, 429
5, 50.337, 586
4, 50.362, 410
5, 50.387, 577
4, 50.413, 396
5, 50.439, 568
4, 50.463, 386
5, 50.489, 556
4, 50.514, 381
5, 50.540, 544
4, 50.565, 381
5, 50.590, 532
4, 50.616, 387
5, 50.641, 520
4, 50.666, 396
5, 50.691, 510
4, 50.717, 411
5, 50.743, 502
4, 50.767, 429
5, 50.793, 496
4, 0.026, 512
5, 0.051, 537
4, 0.076, 513
5, 0.102, 536
4, 0.127, 512
5, 0.152, 535
4, 0.178, 513
5, 0.203, 535
4, 0.229, 513
5, 0.253, 535
4, 0.279, 512
5, 0.305, 534
4, 0.330, 512
5, 0.355, 534
4, 0.380, 511
5, 0.406, 534
4, 0.432, 511
5, 0.456, 533
4, 0.482, 510
5, 0.507, 532
4, 0.533, 510
5, 0.557, 533
4, 0.583, 510
5, 0.609, 533
4, 0.634, 510
5, 0.659, 533
4, 0.684, 509
5, 0.710, 534
4, 0.736, 509
5, 0.761, 534
4, 0.786, 509
5, 0.811, 534
4, 0.837, 509
5, 0.863, 534
4, 0.887, 509
5, 0.913, 535
4, 0.938, 510
5, 0.964, 535
4, 0.989, 509
5, 1.014, 536
4, 1.040, 510
5, 1.065, 535
4, 1.090, 510
5, 1.116, 536
4, 1.141, 510
5, 1.167, 536
4, 1.191, 511
5, 1.217, 537
4, 1.243, 511
5, 1.268, 536
4, 1.293, 511
5, 1.318, 536
4, 1.344, 511
5, 1.369, 536
4, 1.394, 512
5, 1.420, 536
4, 1.445, 512
5, 1.471, 536
4, 1.495, 512
5, 1.521, 536
4, 1.547, 512
5, 1.572, 535
4, 1.597, 512
5, 1.622, 534
4, 1.648, 512
5, 1.674, 534
4, 1.698, 512
5, 1.724, 534
4, 1.749, 511
5, 1.775, 534
4, 1.800, 511
5, 1.825, 533
4, 1.851, 510
5, 1.876, 533
4, 1.901, 510
5, 1.927, 533
4, 1.952, 510
5, 1.978, 534
4, 2.002, 510
5, 2.028, 533
4, 2.054, 510
5, 2.079, 533
4, 2.104, 509
5, 2.129, 534
4, 2.155, 510
5, 2.180, 535
4, 2.205, 509
5, 2.231, 535
4, 2.256, 509
5, 2.282, 535
4, 2.306, 509
5, 2.332, 536
4, 2.358, 509
5, 2.383, 536
4, 2.408, 509
5, 2.433, 536
4, 2.459, 511
5, 2.485, 536
4, 2.509, 511
5, 2.535, 536
4, 2.560, 511
5, 2.586, 536
4, 2.611, 512
5, 2.636, 536
4, 2.662, 512
5, 2.687, 536
4, 2.712, 512
5, 2.738, 536
4, 2.763, 512
5, 2.789, 536
4, 2.813, 512
5, 2.839, 535
4, 2.865, 512
5, 2.890, 535
4, 2.915, 512
5, 2.940, 535
4, 2.966, 511
5, 2.992, 534
4, 3.016, 511
5, 3.042, 534
4, 3.067, 511
5, 3.093, 534
4, 3.117, 511
5, 3.143, 534
4, 3.169, 510
5, 3.194, 534
4, 3.219, 510
5, 3.244, 534
4, 3.270, 509
5, 3.296, 534
4, 3.320, 509
5, 3.346, 534
4, 3.371, 509
5, 3.397, 534
4, 3.422, 509
5, 3.447, 534
4, 3.473, 509
5, 3.498, 534
4, 3.523, 510
5, 3.549, 535
4, 3.574, 510
5, 3.600, 535
4, 3.624, 510
5, 3.650, 536
4, 3.676, 510
5, 3.701, 535
4, 3.726, 510
5, 3.751, 536
4, 3.777, 511
5, 3.803, 536
4, 3.827, 510
5, 3.853, 536
4, 3.878, 511
5, 3.904, 536
4, 3.928, 512
5, 3.954, 536
4, 3.980, 512
5, 4.005, 536
4, 4.030, 512
5, 4.055, 536
4, 4.081, 512
5, 4.107, 535
4, 4.131, 512
5, 4.157, 536
4, 4.182, 512
5, 4.208, 535
4, 4.233, 512
5, 4.258, 535
4, 4.284, 512
5, 4.309, 535
4, 4.334, 511
5, 4.360, 535
4, 4.385, 511
5, 4.411, 535
4, 4.435, 511
5, 4.461, 535
4, 4.487, 510
5, 4.512, 535
4, 4.537, 510
5, 4.562, 535
4, 4.588, 510
5, 4.614, 534
4, 4.638, 510
5, 4.664, 535
4, 4.689, 509
5, 4.715, 535
4, 4.739, 510
5, 4.765, 534
4, 4.791, 509
5, 4.816, 534
4, 4.841, 510
5, 4.866, 534
4, 4.892, 509
5, 4.918, 535
4, 4.942, 509
5, 4.968, 535
4, 4.993, 510
5, 5.019, 535
4, 5.044, 510
5, 5.069, 535
4, 5.095, 511
5, 5.120, 536
4, 5.145, 511
5, 5.171, 535
4, 5.196, 511
5, 5.222, 535
4, 5.246, 510
5, 5.272, 536
4, 5.298, 511
5, 5.323, 535
4, 5.348, 511
5, 5.373, 536
4, 5.399, 511
5, 5.425, 535
4, 5.449, 511
5, 5.475, 535
4, 5.500, 512
5, 5.526, 535
4, 5.550, 511
5, 5.576, 535
4, 5.602, 511
5, 5.627, 536
4, 5.652, 510
5, 5.677, 535
4, 5.703, 511
5, 5.729, 535
4, 5.753, 510
5, 5.779, 535
4, 5.804, 510
5, 5.830, 535
4, 5.855, 510
5, 5.880, 535
4, 5.906, 510
5, 5.931, 535
4, 5.956, 509
5, 5.982, 535
4, 6.007, 509
5, 6.033, 535
4, 6.057, 509
5, 6.083, 535
4, 6.109, 509
5, 6.134, 535
4, 6.159, 510
5, 6.184, 536
4, 6.210, 509
5, 6.236, 535
4, 6.260, 510
5, 6.286, 535
4, 6.311, 510
5, 6.337, 537
4, 6.361, 510
5, 6.387, 536
4, 6.413, 510
5, 6.438, 535
4, 6.463, 510
5, 6.488, 536
4, 6.514, 510
5, 6.540, 536
4, 6.564, 511
5, 6.590, 536
4, 6.615, 511
5, 6.641, 536
4, 6.666, 511
5, 6.691, 536
4, 6.717, 512
5, 6.742, 536
4, 6.768, 511
5, 6.793, 536
4, 6.818, 511
5, 6.844, 535
4, 6.869, 511
5, 6.894, 535
4, 6.920, 511
5, 6.945, 535
4, 6.971, 511
5, 6.995, 535
4, 7.021, 511
5, 7.047, 534
4, 7.072, 511
5, 7.097, 535
4, 7.122, 511
5, 7.148, 535
4, 7.174, 510
5, 7.198, 535
4, 7.224, 510
5, 7.249, 534
4, 7.275, 510
5, 7.299, 535
4, 7.325, 510
5, 7.351, 535
4, 7.376, 510
5, 7.401, 534
4, 7.426, 510
5, 7.452, 535
4, 7.478, 510
5, 7.502, 535
4, 7.528, 510
5, 7.553, 536
4, 7.579, 509
5, 7.604, 536
4, 7.629, 509
5, 7.655, 535
4, 7.680, 510
5, 7.705, 535
4, 7.731, 510
5, 7.756, 535
4, 7.782, 510
5, 7.806, 537
4, 7.832, 510
5, 7.858, 535
4, 7.883, 510
5, 7.908, 535
4, 7.933, 511
5, 7.959, 536
4, 7.985, 510
5, 8.009, 536
4, 8.035, 511
5, 8.060, 536
4, 8.086, 511
5, 8.110, 536
4, 8.136, 510
5, 8.162, 536
4, 8.187, 511
5, 8.212, 536
4, 8.237, 511
5, 8.263, 536
4, 8.289, 511
5, 8.313, 535
4, 8.339, 511
5, 8.364, 535
4, 8.390, 511
5, 8.415, 535
4, 8.440, 510
5, 8.466, 534
4, 8.491, 511
5, 8.516, 534
4, 8.542, 509
5, 8.567, 535
4, 8.593, 509
5, 8.617, 535
4, 8.643, 510
5, 8.669, 535
4, 8.694, 510
5, 8.719, 535
4, 8.744, 509
5, 8.770, 535
4, 8.796, 509
5, 8.820, 535
4, 8.846, 510
5, 8.871, 535
4, 8.897, 510
5, 8.921, 535
4, 8.947, 510
5, 8.973, 535
4, 8.998, 510
5, 9.023, 536
4, 9.048, 510
5, 9.074, 535
4, 9.100, 510
5, 9.124, 536
4, 9.150, 511
5, 9.175, 535
4, 9.201, 511
5, 9.226, 535
4, 9.251, 511
5, 9.277, 536
4, 9.302, 511
5, 9.327, 536
4, 9.353, 511
5, 9.378, 535
4, 9.404, 511
5, 9.428, 536
4, 9.454, 510
5, 9.480, 536
4, 9.505, 510
5, 9.530, 535
4, 9.555, 511
5, 9.581, 535
4, 9.607, 511
5, 9.631, 535
4, 9.657, 510
5, 9.682, 535
4, 9.708, 510
5, 9.732, 536
4, 9.758, 510
5, 9.784, 536
4, 9.809, 510
5, 9.835, 535
4, 9.859, 510
5, 9.885, 535
4, 9.911, 510
5, 9.936, 535
4, 9.961, 510
5, 9.986, 536
4, 10.012, 509
5, 10.038, 535
4, 10.062, 509
5, 10.088, 536
4, 10.113, 509
5, 10.139, 535
4, 10.164, 508
5, 10.189, 536
4, 10.215, 507
5, 10.240, 536
4, 10.265, 505
5, 10.291, 536
4, 10.316, 505
5, 10.342, 535
4, 10.366, 504
5, 10.392, 535
4, 10.418, 504
5, 10.443, 536
4, 10.468, 504
5, 10.493, 535
4, 10.519, 503
5, 10.545, 536
4, 10.569, 503
5, 10.595, 535
4, 10.620, 502
5, 10.646, 535
4, 10.670, 500
5, 10.696, 535
4, 10.722, 497
5, 10.747, 535
4, 10.772, 493
5, 10.797, 535
4, 10.823, 490
5, 10.849, 535
4, 10.873, 486
5, 10.899, 535
4, 10.924, 484
5, 10.950, 535
4, 10.975, 483
5, 11.000, 534
4, 11.026, 482
5, 11.051, 535
4, 11.076, 479
5, 11.102, 534
4, 11.127, 476
5, 11.153, 535
4, 11.177, 473
5, 11.203, 534
4, 11.229, 470
5, 11.254, 534
4, 11.279, 468
5, 11.304, 534
4, 11.330, 466
5, 11.356, 534
4, 11.380, 466
5, 11.406, 534
4, 11.431, 466
5, 11.457, 533
4, 11.481, 466
5, 11.507, 534
4, 11.533, 466
5, 11.558, 533
4, 11.583, 467
5, 11.608, 534
4, 11.634, 467
5, 11.660, 533
4, 11.684, 468
5, 11.710, 533
4, 11.735, 470
5, 11.761, 533
4, 11.786, 469
5, 11.811, 534
4, 11.837, 469
5, 11.862, 533
4, 11.887, 470
5, 11.913, 533
4, 11.938, 470
5, 11.964, 534
4, 11.988, 469
5, 12.014, 534
4, 12.040, 469
5, 12.065, 534
4, 12.090, 469
5, 12.115, 534
4, 12.141, 468
5, 12.167, 534
4, 12.191, 468
5, 12.217, 535
4, 12.242, 468
5, 12.268, 535
4, 12.292, 469
5, 12.318, 535
4, 12.344, 469
5, 12.369, 535
4, 12.394, 469
5, 12.419, 535
4, 12.445, 469
5, 12.471, 535
4, 12.495, 468
5, 12.521, 534
4, 12.546, 468
5, 12.572, 534
4, 12.597, 468
5, 12.622, 534
4, 12.648, 468
5, 12.673, 534
4, 12.698, 469
5, 12.724, 533
4, 12.749, 468
5, 12.775, 533
4, 12.799, 469
5, 12.825, 533
4, 12.851, 469
5, 12.876, 534
4, 12.901, 468
5, 12.926, 534
4, 12.952, 468
5, 12.978, 534
4, 13.002, 469
5, 13.028, 534
4, 13.053, 469
5, 13.079, 533
4, 13.104, 468
5, 13.129, 534
4, 13.155, 467
5, 13.180, 533
4, 13.205, 466
5, 13.230, 534
4, 13.256, 464
5, 13.282, 534
4, 13.306, 464
5, 13.332, 534
4, 13.357, 464
5, 13.383, 534
4, 13.408, 464
5, 13.433, 534
4, 13.459, 464
5, 13.484, 535
4, 13.509, 464
5, 13.535, 534
4, 13.560, 465
5, 13.586, 534
4, 13.610, 465
5, 13.636, 534
4, 13.662, 465
5, 13.687, 534
4, 13.712, 465
5, 13.737, 533
4, 13.763, 465
5, 13.789, 533
4, 13.813, 464
5, 13.839, 534
4, 13.864, 465
5, 13.890, 533
4, 13.915, 465
5, 13.940, 533
4, 13.966, 464
5, 13.991, 534
4, 14.016, 464
5, 14.041, 534
4, 14.067, 465
5, 14.093, 534
4, 14.117, 465
5, 14.143, 534
4, 14.168, 465
5, 14.194, 534
4, 14.219, 465
5, 14.244, 534
4, 14.270, 466
5, 14.295, 534
4, 14.321, 467
5, 14.346, 534
4, 14.371, 467
5, 14.397, 534
4, 14.422, 466
5, 14.447, 534
4, 14.473, 466
5, 14.498, 535
4, 14.524, 466
5, 14.548, 534
4, 14.574, 467
5, 14.600, 534
4, 14.625, 466
5, 14.650, 535
4, 14.675, 466
5, 14.701, 535
4, 14.727, 466
5, 14.751, 535
4, 14.777, 466
5, 14.802, 535
4, 14.828, 467
5, 14.852, 535
4, 14.878, 467
5, 14.904, 535
4, 14.929, 466
5, 14.954, 535
4, 14.979, 467
5, 15.005, 534
4, 15.031, 467
5, 15.055, 534
4, 15.081, 467
5, 15.106, 534
4, 15.132, 467
5, 15.157, 534
4, 15.182, 467
5, 15.208, 534
4, 15.233, 467
5, 15.258, 534
4, 15.284, 467
5, 15.309, 533
4, 15.335, 467
5, 15.359, 533
4, 15.385, 467
5, 15.411, 533
4, 15.436, 467
5, 15.461, 534
4, 15.486, 466
5, 15.512, 533
4, 15.538, 467
5, 15.562, 533
4, 15.588, 467
5, 15.613, 534
4, 15.639, 467
5, 15.664, 534
4, 15.689, 467
5, 15.715, 534
4, 15.740, 466
5, 15.765, 534
4, 15.790, 467
5, 15.816, 534
4, 15.842, 467
5, 15.866, 535
4, 15.892, 466
5, 15.917, 535
4, 15.943, 467
5, 15.968, 534
4, 15.993, 466
5, 16.019, 534
4, 16.044, 467
5, 16.069, 535
4, 16.095, 466
5, 16.120, 535
4, 16.146, 466
5, 16.170, 535
4, 16.196, 466
5, 16.222, 535
4, 16.247, 467
5, 16.272, 535
4, 16.297, 466
5, 16.323, 535
4, 16.349, 466
5, 16.373, 535
4, 16.399, 466
5, 16.424, 534
4, 16.450, 466
5, 16.475, 534
4, 16.500, 466
5, 16.526, 534
4, 16.551, 467
5, 16.576, 534
4, 16.601, 467
5, 16.627, 534
4, 16.653, 466
5, 16.677, 534
4, 16.703, 467
5, 16.728, 534
4, 16.754, 466
5, 16.779, 534
4, 16.804, 466
5, 16.830, 534
4, 16.855, 467
5, 16.880, 534
4, 16.906, 467
5, 16.931, 534
4, 16.957, 467
5, 16.981, 535
4, 17.007, 466
5, 17.033, 535
4, 17.058, 467
5, 17.083, 535
4, 17.108, 466
5, 17.134, 534
4, 17.160, 466
5, 17.184, 534
4, 17.210, 467
5, 17.235, 534
4, 17.261, 467
5, 17.286, 534
4, 17.311, 467
5, 17.337, 534
4, 17.362, 467
5, 17.388, 534
4, 17.412, 466
5, 17.438, 534
4, 17.464, 466
5, 17.489, 533
4, 17.514, 467
5, 17.539, 535
4, 17.565, 467
5, 17.591, 534
4, 17.615, 467
5, 17.641, 535
4, 17.666, 467
5, 17.692, 534
4, 17.717, 467
5, 17.742, 534
4, 17.768, 466
5, 17.793, 534
4, 17.818, 467
5, 17.844, 534
4, 17.869, 466
5, 17.895, 534
4, 17.919, 466
5, 17.945, 534
4, 17.971, 466
5, 17.996, 534
4, 18.021, 467
5, 18.046, 534
4, 18.072, 466
5, 18.098, 534
4, 18.122, 466
5, 18.148, 534
4, 18.173, 466
5, 18.199, 535
4, 18.224, 466
5, 18.249, 534
4, 18.275, 466
5, 18.300, 534
4, 18.325, 466
5, 18.350, 535
4, 18.376, 466
5, 18.402, 535
4, 18.426, 466
5, 18.452, 534
4, 18.477, 467
5, 18.503, 535
4, 18.528, 466
5, 18.553, 535
4, 18.579, 467
5, 18.604, 534
4, 18.629, 467
5, 18.655, 535
4, 18.680, 467
5, 18.706, 534
4, 18.730, 467
5, 18.756, 534
4, 18.782, 467
5, 18.807, 535
4, 18.832, 467
5, 18.857, 535
4, 18.883, 467
5, 18.909, 535
4, 18.933, 466
5, 18.959, 534
4, 18.984, 467
5, 19.010, 534
4, 19.035, 467
5, 19.060, 534
4, 19.086, 466
5, 19.111, 534
4, 19.136, 466
5, 19.161, 534
4, 19.187, 466
5, 19.213, 534
4, 19.237, 466
5, 19.263, 535
4, 19.288, 466
5, 19.314, 534
4, 19.339, 466
5, 19.364, 535
4, 19.390, 466
5, 19.415, 534
4, 19.440, 467
5, 19.466, 534
4, 19.491, 466
5, 19.517, 534
4, 19.541, 466
5, 19.567, 534
4, 19.593, 466
5, 19.618, 534
4, 19.643, 466
5, 19.668, 535
4, 19.694, 466
5, 19.720, 535
4, 19.744, 466
5, 19.770, 535
4, 19.795, 467
5, 19.821, 535
4, 19.846, 467
5, 19.871, 534
4, 19.897, 467
5, 19.922, 535
4, 19.947, 466
5, 19.972, 535
4, 19.998, 466
5, 20.024, 535
4, 20.048, 466
5, 20.074, 534
4, 20.099, 467
5, 20.125, 535
4, 20.150, 467
5, 20.175, 534
4, 20.201, 467
5, 20.226, 534
4, 20.251, 467
5, 20.277, 534
4, 20.302, 467
5, 20.328, 534
4, 20.352, 466
5, 20.378, 534
4, 20.404, 467
5, 20.429, 534
4, 20.454, 467
5, 20.479, 534
4, 20.505, 466
5, 20.531, 534
4, 20.555, 466
5, 20.581, 534
4, 20.606, 467
5, 20.632, 534
4, 20.657, 467
5, 20.682, 534
4, 20.708, 467
5, 20.733, 534
4, 20.758, 466
5, 20.784, 534
4, 20.809, 467
5, 20.835, 535
4, 20.859, 466
5, 20.885, 535
4, 20.910, 466
5, 20.936, 535
4, 20.961, 467
5, 20.986, 534
4, 21.012, 466
5, 21.037, 534
4, 21.063, 467
5, 21.088, 534
4, 21.113, 466
5, 21.139, 535
4, 21.164, 466
5, 21.189, 535
