2026-03-12 16:07:25.104 | INFO     | baldaquin.runctrl:start_run:634 - Configuring packet buffering...
2026-03-12 16:07:25.104 | INFO     | baldaquin.buf:configure:144 - Configuring CircularBuffer with flush_size=100, flush_timeout=10.0 s...
2026-03-12 16:07:25.104 | INFO     | baldaquin.config:save:334 - Writing configuration dictionary to /home/lab1-student/baldaquindata/plasduino/0309_000105/0309_000105_config.json...
2026-03-12 16:07:25.105 | INFO     | baldaquin.runctrl:start_run:643 - Run Control started on 2026-03-12 16:07:25.105015+01:00 (1773328045.105015 s)
2026-03-12 16:07:25.105 | DEBUG    | baldaquin.buf:open:100 - Opening output file /home/lab1-student/baldaquindata/plasduino/0309_000105/0309_000105_data.dat {'mode': 'ab'}...
2026-03-12 16:07:25.105 | DEBUG    | baldaquin.buf:open:104 - Ouput file /home/lab1-student/baldaquindata/plasduino/0309_000105/0309_000105_data.dat closed.
2026-03-12 16:07:25.105 | INFO     | baldaquin.buf:set_primary_sink:216 - Connecting buffer to primary Sink -> /home/lab1-student/baldaquindata/plasduino/0309_000105/0309_000105_data.dat (WriteMode.BINARY)...
2026-03-12 16:07:25.105 | DEBUG    | baldaquin.buf:open:100 - Opening output file /home/lab1-student/baldaquindata/plasduino/0309_000105/0309_000105_data.txt {'mode': 'at', 'encoding': 'utf-8'}...
2026-03-12 16:07:25.106 | DEBUG    | baldaquin.buf:__init__:89 - Writing file header...
2026-03-12 16:07:25.106 | DEBUG    | baldaquin.buf:open:104 - Ouput file /home/lab1-student/baldaquindata/plasduino/0309_000105/0309_000105_data.txt closed.
2026-03-12 16:07:25.106 | INFO     | baldaquin.buf:add_custom_sink:228 - Connecting buffer to custom Sink -> /home/lab1-student/baldaquindata/plasduino/0309_000105/0309_000105_data.txt (WriteMode.TEXT, PlasduinoPacketBase.to_text)...
2026-03-12 16:07:25.106 | DEBUG    | baldaquin.plasduino.common:write_opcode:132 - Writing 1 to the serial port...
2026-03-12 16:07:25.106 | INFO     | baldaquin.app:start_run:83 - Starting Pendulum View user application...
2026-03-12 16:07:25.133 | INFO     | baldaquin.buf:flush:309 - 1 packets ready to be written out...
2026-03-12 16:07:25.133 | DEBUG    | baldaquin.buf:open:100 - Opening output file /home/lab1-student/baldaquindata/plasduino/0309_000086/0309_000086_data.txt {'mode': 'at', 'encoding': 'utf-8'}...
2026-03-12 16:07:25.133 | DEBUG    | baldaquin.buf:_write:285 - 14 bytes written to disk.
2026-03-12 16:07:25.134 | DEBUG    | baldaquin.buf:open:104 - Ouput file /home/lab1-student/baldaquindata/plasduino/0309_000086/0309_000086_data.txt closed.
2026-03-12 16:07:25.134 | DEBUG    | baldaquin.buf:open:100 - Opening output file /home/lab1-student/baldaquindata/plasduino/0309_000087/0309_000087_data.txt {'mode': 'at', 'encoding': 'utf-8'}...
2026-03-12 16:07:25.134 | DEBUG    | baldaquin.buf:_write:285 - 14 bytes written to disk.
2026-03-12 16:07:25.134 | DEBUG    | baldaquin.buf:open:104 - Ouput file /home/lab1-student/baldaquindata/plasduino/0309_000087/0309_000087_data.txt closed.
2026-03-12 16:07:25.134 | DEBUG    | baldaquin.buf:open:100 - Opening output file /home/lab1-student/baldaquindata/plasduino/0309_000088/0309_000088_data.txt {'mode': 'at', 'encoding': 'utf-8'}...
2026-03-12 16:07:25.134 | DEBUG    | baldaquin.buf:_write:285 - 14 bytes written to disk.
2026-03-12 16:07:25.134 | DEBUG    | baldaquin.buf:open:104 - Ouput file /home/lab1-student/baldaquindata/plasduino/0309_000088/0309_000088_data.txt closed.
2026-03-12 16:07:25.134 | DEBUG    | baldaquin.buf:open:100 - Opening output file /home/lab1-student/baldaquindata/plasduino/0309_000089/0309_000089_data.txt {'mode': 'at', 'encoding': 'utf-8'}...
2026-03-12 16:07:25.134 | DEBUG    | baldaquin.buf:_write:285 - 14 bytes written to disk.
2026-03-12 16:07:25.134 | DEBUG    | baldaquin.buf:open:104 - Ouput file /home/lab1-student/baldaquindata/plasduino/0309_000089/0309_000089_data.txt closed.
2026-03-12 16:07:25.134 | DEBUG    | baldaquin.buf:open:100 - Opening output file /home/lab1-student/baldaquindata/plasduino/0309_000090/0309_000090_data.txt {'mode': 'at', 'encoding': 'utf-8'}...
2026-03-12 16:07:25.135 | DEBUG    | baldaquin.buf:_write:285 - 14 bytes written to disk.
2026-03-12 16:07:25.135 | DEBUG    | baldaquin.buf:open:104 - Ouput file /home/lab1-student/baldaquindata/plasduino/0309_000090/0309_000090_data.txt closed.
2026-03-12 16:07:25.135 | DEBUG    | baldaquin.buf:open:100 - Opening output file /home/lab1-student/baldaquindata/plasduino/0309_000091/0309_000091_data.txt {'mode': 'at', 'encoding': 'utf-8'}...
2026-03-12 16:07:25.135 | DEBUG    | baldaquin.buf:_write:285 - 14 bytes written to disk.
2026-03-12 16:07:25.135 | DEBUG    | baldaquin.buf:open:104 - Ouput file /home/lab1-student/baldaquindata/plasduino/0309_000091/0309_000091_data.txt closed.
2026-03-12 16:07:25.135 | DEBUG    | baldaquin.buf:open:100 - Opening output file /home/lab1-student/baldaquindata/plasduino/0309_000092/0309_000092_data.txt {'mode': 'at', 'encoding': 'utf-8'}...
2026-03-12 16:07:25.135 | DEBUG    | baldaquin.buf:_write:285 - 14 bytes written to disk.
2026-03-12 16:07:25.135 | DEBUG    | baldaquin.buf:open:104 - Ouput file /home/lab1-student/baldaquindata/plasduino/0309_000092/0309_000092_data.txt closed.
2026-03-12 16:07:25.135 | DEBUG    | baldaquin.buf:open:100 - Opening output file /home/lab1-student/baldaquindata/plasduino/0309_000093/0309_000093_data.txt {'mode': 'at', 'encoding': 'utf-8'}...
2026-03-12 16:07:25.135 | DEBUG    | baldaquin.buf:_write:285 - 14 bytes written to disk.
2026-03-12 16:07:25.136 | DEBUG    | baldaquin.buf:open:104 - Ouput file /home/lab1-student/baldaquindata/plasduino/0309_000093/0309_000093_data.txt closed.
2026-03-12 16:07:25.136 | DEBUG    | baldaquin.buf:open:100 - Opening output file /home/lab1-student/baldaquindata/plasduino/0309_000094/0309_000094_data.txt {'mode': 'at', 'encoding': 'utf-8'}...
2026-03-12 16:07:25.136 | DEBUG    | baldaquin.buf:_write:285 - 14 bytes written to disk.
2026-03-12 16:07:25.136 | DEBUG    | baldaquin.buf:open:104 - Ouput file /home/lab1-student/baldaquindata/plasduino/0309_000094/0309_000094_data.txt closed.
2026-03-12 16:07:25.136 | DEBUG    | baldaquin.buf:open:100 - Opening output file /home/lab1-student/baldaquindata/plasduino/0309_000095/0309_000095_data.txt {'mode': 'at', 'encoding': 'utf-8'}...
2026-03-12 16:07:25.136 | DEBUG    | baldaquin.buf:_write:285 - 14 bytes written to disk.
2026-03-12 16:07:25.136 | DEBUG    | baldaquin.buf:open:104 - Ouput file /home/lab1-student/baldaquindata/plasduino/0309_000095/0309_000095_data.txt closed.
2026-03-12 16:07:25.136 | DEBUG    | baldaquin.buf:open:100 - Opening output file /home/lab1-student/baldaquindata/plasduino/0309_000096/0309_000096_data.txt {'mode': 'at', 'encoding': 'utf-8'}...
2026-03-12 16:07:25.136 | DEBUG    | baldaquin.buf:_write:285 - 14 bytes written to disk.
2026-03-12 16:07:25.136 | DEBUG    | baldaquin.buf:open:104 - Ouput file /home/lab1-student/baldaquindata/plasduino/0309_000096/0309_000096_data.txt closed.
2026-03-12 16:07:25.136 | DEBUG    | baldaquin.buf:open:100 - Opening output file /home/lab1-student/baldaquindata/plasduino/0309_000097/0309_000097_data.txt {'mode': 'at', 'encoding': 'utf-8'}...
2026-03-12 16:07:25.136 | DEBUG    | baldaquin.buf:_write:285 - 14 bytes written to disk.
2026-03-12 16:07:25.137 | DEBUG    | baldaquin.buf:open:104 - Ouput file /home/lab1-student/baldaquindata/plasduino/0309_000097/0309_000097_data.txt closed.
2026-03-12 16:07:25.137 | DEBUG    | baldaquin.buf:open:100 - Opening output file /home/lab1-student/baldaquindata/plasduino/0309_000098/0309_000098_data.txt {'mode': 'at', 'encoding': 'utf-8'}...
2026-03-12 16:07:25.137 | DEBUG    | baldaquin.buf:_write:285 - 14 bytes written to disk.
2026-03-12 16:07:25.137 | DEBUG    | baldaquin.buf:open:104 - Ouput file /home/lab1-student/baldaquindata/plasduino/0309_000098/0309_000098_data.txt closed.
2026-03-12 16:07:25.137 | DEBUG    | baldaquin.buf:open:100 - Opening output file /home/lab1-student/baldaquindata/plasduino/0309_000099/0309_000099_data.txt {'mode': 'at', 'encoding': 'utf-8'}...
2026-03-12 16:07:25.137 | DEBUG    | baldaquin.buf:_write:285 - 14 bytes written to disk.
2026-03-12 16:07:25.137 | DEBUG    | baldaquin.buf:open:104 - Ouput file /home/lab1-student/baldaquindata/plasduino/0309_000099/0309_000099_data.txt closed.
2026-03-12 16:07:25.137 | DEBUG    | baldaquin.buf:open:100 - Opening output file /home/lab1-student/baldaquindata/plasduino/0309_000100/0309_000100_data.txt {'mode': 'at', 'encoding': 'utf-8'}...
2026-03-12 16:07:25.137 | DEBUG    | baldaquin.buf:_write:285 - 14 bytes written to disk.
2026-03-12 16:07:25.137 | DEBUG    | baldaquin.buf:open:104 - Ouput file /home/lab1-student/baldaquindata/plasduino/0309_000100/0309_000100_data.txt closed.
2026-03-12 16:07:25.137 | DEBUG    | baldaquin.buf:open:100 - Opening output file /home/lab1-student/baldaquindata/plasduino/0309_000101/0309_000101_data.txt {'mode': 'at', 'encoding': 'utf-8'}...
2026-03-12 16:07:25.138 | DEBUG    | baldaquin.buf:_write:285 - 14 bytes written to disk.
2026-03-12 16:07:25.138 | DEBUG    | baldaquin.buf:open:104 - Ouput file /home/lab1-student/baldaquindata/plasduino/0309_000101/0309_000101_data.txt closed.
2026-03-12 16:07:25.138 | DEBUG    | baldaquin.buf:open:100 - Opening output file /home/lab1-student/baldaquindata/plasduino/0309_000102/0309_000102_data.txt {'mode': 'at', 'encoding': 'utf-8'}...
2026-03-12 16:07:25.138 | DEBUG    | baldaquin.buf:_write:285 - 14 bytes written to disk.
2026-03-12 16:07:25.138 | DEBUG    | baldaquin.buf:open:104 - Ouput file /home/lab1-student/baldaquindata/plasduino/0309_000102/0309_000102_data.txt closed.
2026-03-12 16:07:25.138 | DEBUG    | baldaquin.buf:open:100 - Opening output file /home/lab1-student/baldaquindata/plasduino/0309_000103/0309_000103_data.txt {'mode': 'at', 'encoding': 'utf-8'}...
2026-03-12 16:07:25.138 | DEBUG    | baldaquin.buf:_write:285 - 14 bytes written to disk.
2026-03-12 16:07:25.138 | DEBUG    | baldaquin.buf:open:104 - Ouput file /home/lab1-student/baldaquindata/plasduino/0309_000103/0309_000103_data.txt closed.
2026-03-12 16:07:25.138 | DEBUG    | baldaquin.buf:open:100 - Opening output file /home/lab1-student/baldaquindata/plasduino/0309_000104/0309_000104_data.txt {'mode': 'at', 'encoding': 'utf-8'}...
2026-03-12 16:07:25.138 | DEBUG    | baldaquin.buf:_write:285 - 14 bytes written to disk.
2026-03-12 16:07:25.138 | DEBUG    | baldaquin.buf:open:104 - Ouput file /home/lab1-student/baldaquindata/plasduino/0309_000104/0309_000104_data.txt closed.
2026-03-12 16:07:25.138 | DEBUG    | baldaquin.buf:open:100 - Opening output file /home/lab1-student/baldaquindata/plasduino/0309_000105/0309_000105_data.txt {'mode': 'at', 'encoding': 'utf-8'}...
2026-03-12 16:07:25.139 | DEBUG    | baldaquin.buf:_write:285 - 14 bytes written to disk.
2026-03-12 16:07:25.139 | DEBUG    | baldaquin.buf:open:104 - Ouput file /home/lab1-student/baldaquindata/plasduino/0309_000105/0309_000105_data.txt closed.
2026-03-12 16:07:25.139 | DEBUG    | baldaquin.buf:open:100 - Opening output file /home/lab1-student/baldaquindata/plasduino/0309_000105/0309_000105_data.dat {'mode': 'ab'}...
2026-03-12 16:07:25.139 | DEBUG    | baldaquin.buf:_pop_and_write_raw:259 - 8 bytes written to disk.
2026-03-12 16:07:25.139 | DEBUG    | baldaquin.buf:open:104 - Ouput file /home/lab1-student/baldaquindata/plasduino/0309_000105/0309_000105_data.dat closed.
2026-03-12 16:07:25.139 | INFO     | baldaquin.buf:flush:318 - 288 bytes (8 raw bytes) written to disk.
2026-03-12 16:07:25.139 | DEBUG    | baldaquin.profile:wrap:32 - Running time for flush(): 0.006178 s
2026-03-12 16:07:27.677 | INFO     | baldaquin.buf:flush:309 - 100 packets ready to be written out...
2026-03-12 16:07:27.681 | DEBUG    | baldaquin.buf:open:100 - Opening output file /home/lab1-student/baldaquindata/plasduino/0309_000086/0309_000086_data.txt {'mode': 'at', 'encoding': 'utf-8'}...
2026-03-12 16:07:27.682 | DEBUG    | baldaquin.buf:_write:285 - 1400 bytes written to disk.
2026-03-12 16:07:27.689 | DEBUG    | baldaquin.buf:open:104 - Ouput file /home/lab1-student/baldaquindata/plasduino/0309_000086/0309_000086_data.txt closed.
2026-03-12 16:07:27.692 | DEBUG    | baldaquin.buf:open:100 - Opening output file /home/lab1-student/baldaquindata/plasduino/0309_000087/0309_000087_data.txt {'mode': 'at', 'encoding': 'utf-8'}...
2026-03-12 16:07:27.694 | DEBUG    | baldaquin.buf:_write:285 - 1400 bytes written to disk.
2026-03-12 16:07:27.694 | DEBUG    | baldaquin.buf:open:104 - Ouput file /home/lab1-student/baldaquindata/plasduino/0309_000087/0309_000087_data.txt closed.
2026-03-12 16:07:27.699 | DEBUG    | baldaquin.buf:open:100 - Opening output file /home/lab1-student/baldaquindata/plasduino/0309_000088/0309_000088_data.txt {'mode': 'at', 'encoding': 'utf-8'}...
2026-03-12 16:07:27.700 | DEBUG    | baldaquin.buf:_write:285 - 1400 bytes written to disk.
2026-03-12 16:07:27.700 | DEBUG    | baldaquin.buf:open:104 - Ouput file /home/lab1-student/baldaquindata/plasduino/0309_000088/0309_000088_data.txt closed.
2026-03-12 16:07:27.700 | DEBUG    | baldaquin.buf:open:100 - Opening output file /home/lab1-student/baldaquindata/plasduino/0309_000089/0309_000089_data.txt {'mode': 'at', 'encoding': 'utf-8'}...
2026-03-12 16:07:27.701 | DEBUG    | baldaquin.buf:_write:285 - 1400 bytes written to disk.
2026-03-12 16:07:27.701 | DEBUG    | baldaquin.buf:open:104 - Ouput file /home/lab1-student/baldaquindata/plasduino/0309_000089/0309_000089_data.txt closed.
2026-03-12 16:07:27.701 | DEBUG    | baldaquin.buf:open:100 - Opening output file /home/lab1-student/baldaquindata/plasduino/0309_000090/0309_000090_data.txt {'mode': 'at', 'encoding': 'utf-8'}...
2026-03-12 16:07:27.702 | DEBUG    | baldaquin.buf:_write:285 - 1400 bytes written to disk.
2026-03-12 16:07:27.702 | DEBUG    | baldaquin.buf:open:104 - Ouput file /home/lab1-student/baldaquindata/plasduino/0309_000090/0309_000090_data.txt closed.
2026-03-12 16:07:27.702 | DEBUG    | baldaquin.buf:open:100 - Opening output file /home/lab1-student/baldaquindata/plasduino/0309_000091/0309_000091_data.txt {'mode': 'at', 'encoding': 'utf-8'}...
2026-03-12 16:07:27.703 | DEBUG    | baldaquin.buf:_write:285 - 1400 bytes written to disk.
2026-03-12 16:07:27.703 | DEBUG    | baldaquin.buf:open:104 - Ouput file /home/lab1-student/baldaquindata/plasduino/0309_000091/0309_000091_data.txt closed.
2026-03-12 16:07:27.703 | DEBUG    | baldaquin.buf:open:100 - Opening output file /home/lab1-student/baldaquindata/plasduino/0309_000092/0309_000092_data.txt {'mode': 'at', 'encoding': 'utf-8'}...
2026-03-12 16:07:27.704 | DEBUG    | baldaquin.buf:_write:285 - 1400 bytes written to disk.
2026-03-12 16:07:27.714 | DEBUG    | baldaquin.buf:open:104 - Ouput file /home/lab1-student/baldaquindata/plasduino/0309_000092/0309_000092_data.txt closed.
2026-03-12 16:07:27.718 | DEBUG    | baldaquin.buf:open:100 - Opening output file /home/lab1-student/baldaquindata/plasduino/0309_000093/0309_000093_data.txt {'mode': 'at', 'encoding': 'utf-8'}...
2026-03-12 16:07:27.719 | DEBUG    | baldaquin.buf:_write:285 - 1400 bytes written to disk.
2026-03-12 16:07:27.719 | DEBUG    | baldaquin.buf:open:104 - Ouput file /home/lab1-student/baldaquindata/plasduino/0309_000093/0309_000093_data.txt closed.
2026-03-12 16:07:27.719 | DEBUG    | baldaquin.buf:open:100 - Opening output file /home/lab1-student/baldaquindata/plasduino/0309_000094/0309_000094_data.txt {'mode': 'at', 'encoding': 'utf-8'}...
2026-03-12 16:07:27.720 | DEBUG    | baldaquin.buf:_write:285 - 1400 bytes written to disk.
2026-03-12 16:07:27.720 | DEBUG    | baldaquin.buf:open:104 - Ouput file /home/lab1-student/baldaquindata/plasduino/0309_000094/0309_000094_data.txt closed.
2026-03-12 16:07:27.720 | DEBUG    | baldaquin.buf:open:100 - Opening output file /home/lab1-student/baldaquindata/plasduino/0309_000095/0309_000095_data.txt {'mode': 'at', 'encoding': 'utf-8'}...
2026-03-12 16:07:27.721 | DEBUG    | baldaquin.buf:_write:285 - 1400 bytes written to disk.
2026-03-12 16:07:27.721 | DEBUG    | baldaquin.buf:open:104 - Ouput file /home/lab1-student/baldaquindata/plasduino/0309_000095/0309_000095_data.txt closed.
2026-03-12 16:07:27.721 | DEBUG    | baldaquin.buf:open:100 - Opening output file /home/lab1-student/baldaquindata/plasduino/0309_000096/0309_000096_data.txt {'mode': 'at', 'encoding': 'utf-8'}...
2026-03-12 16:07:27.721 | DEBUG    | baldaquin.buf:_write:285 - 1400 bytes written to disk.
2026-03-12 16:07:27.722 | DEBUG    | baldaquin.buf:open:104 - Ouput file /home/lab1-student/baldaquindata/plasduino/0309_000096/0309_000096_data.txt closed.
2026-03-12 16:07:27.722 | DEBUG    | baldaquin.buf:open:100 - Opening output file /home/lab1-student/baldaquindata/plasduino/0309_000097/0309_000097_data.txt {'mode': 'at', 'encoding': 'utf-8'}...
2026-03-12 16:07:27.722 | DEBUG    | baldaquin.buf:_write:285 - 1400 bytes written to disk.
2026-03-12 16:07:27.722 | DEBUG    | baldaquin.buf:open:104 - Ouput file /home/lab1-student/baldaquindata/plasduino/0309_000097/0309_000097_data.txt closed.
2026-03-12 16:07:27.722 | DEBUG    | baldaquin.buf:open:100 - Opening output file /home/lab1-student/baldaquindata/plasduino/0309_000098/0309_000098_data.txt {'mode': 'at', 'encoding': 'utf-8'}...
2026-03-12 16:07:27.723 | DEBUG    | baldaquin.buf:_write:285 - 1400 bytes written to disk.
2026-03-12 16:07:27.745 | DEBUG    | baldaquin.buf:open:104 - Ouput file /home/lab1-student/baldaquindata/plasduino/0309_000098/0309_000098_data.txt closed.
2026-03-12 16:07:27.756 | DEBUG    | baldaquin.buf:open:100 - Opening output file /home/lab1-student/baldaquindata/plasduino/0309_000099/0309_000099_data.txt {'mode': 'at', 'encoding': 'utf-8'}...
2026-03-12 16:07:27.762 | DEBUG    | baldaquin.buf:_write:285 - 1400 bytes written to disk.
2026-03-12 16:07:27.768 | DEBUG    | baldaquin.buf:open:104 - Ouput file /home/lab1-student/baldaquindata/plasduino/0309_000099/0309_000099_data.txt closed.
2026-03-12 16:07:27.768 | DEBUG    | baldaquin.buf:open:100 - Opening output file /home/lab1-student/baldaquindata/plasduino/0309_000100/0309_000100_data.txt {'mode': 'at', 'encoding': 'utf-8'}...
2026-03-12 16:07:27.790 | DEBUG    | baldaquin.buf:_write:285 - 1400 bytes written to disk.
2026-03-12 16:07:27.790 | DEBUG    | baldaquin.buf:open:104 - Ouput file /home/lab1-student/baldaquindata/plasduino/0309_000100/0309_000100_data.txt closed.
2026-03-12 16:07:27.791 | DEBUG    | baldaquin.buf:open:100 - Opening output file /home/lab1-student/baldaquindata/plasduino/0309_000101/0309_000101_data.txt {'mode': 'at', 'encoding': 'utf-8'}...
2026-03-12 16:07:27.798 | DEBUG    | baldaquin.buf:_write:285 - 1400 bytes written to disk.
2026-03-12 16:07:27.801 | DEBUG    | baldaquin.buf:open:104 - Ouput file /home/lab1-student/baldaquindata/plasduino/0309_000101/0309_000101_data.txt closed.
2026-03-12 16:07:27.817 | DEBUG    | baldaquin.buf:open:100 - Opening output file /home/lab1-student/baldaquindata/plasduino/0309_000102/0309_000102_data.txt {'mode': 'at', 'encoding': 'utf-8'}...
2026-03-12 16:07:27.819 | DEBUG    | baldaquin.buf:_write:285 - 1400 bytes written to disk.
2026-03-12 16:07:27.820 | DEBUG    | baldaquin.buf:open:104 - Ouput file /home/lab1-student/baldaquindata/plasduino/0309_000102/0309_000102_data.txt closed.
2026-03-12 16:07:27.820 | DEBUG    | baldaquin.buf:open:100 - Opening output file /home/lab1-student/baldaquindata/plasduino/0309_000103/0309_000103_data.txt {'mode': 'at', 'encoding': 'utf-8'}...
2026-03-12 16:07:27.821 | DEBUG    | baldaquin.buf:_write:285 - 1400 bytes written to disk.
2026-03-12 16:07:27.827 | DEBUG    | baldaquin.buf:open:104 - Ouput file /home/lab1-student/baldaquindata/plasduino/0309_000103/0309_000103_data.txt closed.
2026-03-12 16:07:27.827 | DEBUG    | baldaquin.buf:open:100 - Opening output file /home/lab1-student/baldaquindata/plasduino/0309_000104/0309_000104_data.txt {'mode': 'at', 'encoding': 'utf-8'}...
2026-03-12 16:07:27.846 | DEBUG    | baldaquin.buf:_write:285 - 1400 bytes written to disk.
2026-03-12 16:07:27.846 | DEBUG    | baldaquin.buf:open:104 - Ouput file /home/lab1-student/baldaquindata/plasduino/0309_000104/0309_000104_data.txt closed.
2026-03-12 16:07:27.847 | DEBUG    | baldaquin.buf:open:100 - Opening output file /home/lab1-student/baldaquindata/plasduino/0309_000105/0309_000105_data.txt {'mode': 'at', 'encoding': 'utf-8'}...
2026-03-12 16:07:27.861 | DEBUG    | baldaquin.buf:_write:285 - 1400 bytes written to disk.
2026-03-12 16:07:27.862 | DEBUG    | baldaquin.buf:open:104 - Ouput file /home/lab1-student/baldaquindata/plasduino/0309_000105/0309_000105_data.txt closed.
2026-03-12 16:07:27.869 | DEBUG    | baldaquin.buf:open:100 - Opening output file /home/lab1-student/baldaquindata/plasduino/0309_000105/0309_000105_data.dat {'mode': 'ab'}...
2026-03-12 16:07:27.870 | DEBUG    | baldaquin.buf:_pop_and_write_raw:259 - 800 bytes written to disk.
2026-03-12 16:07:27.872 | DEBUG    | baldaquin.buf:open:104 - Ouput file /home/lab1-student/baldaquindata/plasduino/0309_000105/0309_000105_data.dat closed.
2026-03-12 16:07:27.872 | INFO     | baldaquin.buf:flush:318 - 28800 bytes (800 raw bytes) written to disk.
2026-03-12 16:07:27.872 | DEBUG    | baldaquin.profile:wrap:32 - Running time for flush(): 0.194775 s
2026-03-12 16:07:30.208 | INFO     | baldaquin.buf:flush:309 - 100 packets ready to be written out...
2026-03-12 16:07:30.208 | DEBUG    | baldaquin.buf:open:100 - Opening output file /home/lab1-student/baldaquindata/plasduino/0309_000086/0309_000086_data.txt {'mode': 'at', 'encoding': 'utf-8'}...
2026-03-12 16:07:30.208 | DEBUG    | baldaquin.buf:_write:285 - 1400 bytes written to disk.
2026-03-12 16:07:30.209 | DEBUG    | baldaquin.buf:open:104 - Ouput file /home/lab1-student/baldaquindata/plasduino/0309_000086/0309_000086_data.txt closed.
2026-03-12 16:07:30.209 | DEBUG    | baldaquin.buf:open:100 - Opening output file /home/lab1-student/baldaquindata/plasduino/0309_000087/0309_000087_data.txt {'mode': 'at', 'encoding': 'utf-8'}...
2026-03-12 16:07:30.209 | DEBUG    | baldaquin.buf:_write:285 - 1400 bytes written to disk.
2026-03-12 16:07:30.209 | DEBUG    | baldaquin.buf:open:104 - Ouput file /home/lab1-student/baldaquindata/plasduino/0309_000087/0309_000087_data.txt closed.
2026-03-12 16:07:30.209 | DEBUG    | baldaquin.buf:open:100 - Opening output file /home/lab1-student/baldaquindata/plasduino/0309_000088/0309_000088_data.txt {'mode': 'at', 'encoding': 'utf-8'}...
2026-03-12 16:07:30.210 | DEBUG    | baldaquin.buf:_write:285 - 1400 bytes written to disk.
2026-03-12 16:07:30.210 | DEBUG    | baldaquin.buf:open:104 - Ouput file /home/lab1-student/baldaquindata/plasduino/0309_000088/0309_000088_data.txt closed.
2026-03-12 16:07:30.210 | DEBUG    | baldaquin.buf:open:100 - Opening output file /home/lab1-student/baldaquindata/plasduino/0309_000089/0309_000089_data.txt {'mode': 'at', 'encoding': 'utf-8'}...
2026-03-12 16:07:30.211 | DEBUG    | baldaquin.buf:_write:285 - 1400 bytes written to disk.
2026-03-12 16:07:30.211 | DEBUG    | baldaquin.buf:open:104 - Ouput file /home/lab1-student/baldaquindata/plasduino/0309_000089/0309_000089_data.txt closed.
2026-03-12 16:07:30.211 | DEBUG    | baldaquin.buf:open:100 - Opening output file /home/lab1-student/baldaquindata/plasduino/0309_000090/0309_000090_data.txt {'mode': 'at', 'encoding': 'utf-8'}...
2026-03-12 16:07:30.211 | DEBUG    | baldaquin.buf:_write:285 - 1400 bytes written to disk.
2026-03-12 16:07:30.212 | DEBUG    | baldaquin.buf:open:104 - Ouput file /home/lab1-student/baldaquindata/plasduino/0309_000090/0309_000090_data.txt closed.
2026-03-12 16:07:30.212 | DEBUG    | baldaquin.buf:open:100 - Opening output file /home/lab1-student/baldaquindata/plasduino/0309_000091/0309_000091_data.txt {'mode': 'at', 'encoding': 'utf-8'}...
2026-03-12 16:07:30.212 | DEBUG    | baldaquin.buf:_write:285 - 1400 bytes written to disk.
2026-03-12 16:07:30.212 | DEBUG    | baldaquin.buf:open:104 - Ouput file /home/lab1-student/baldaquindata/plasduino/0309_000091/0309_000091_data.txt closed.
2026-03-12 16:07:30.212 | DEBUG    | baldaquin.buf:open:100 - Opening output file /home/lab1-student/baldaquindata/plasduino/0309_000092/0309_000092_data.txt {'mode': 'at', 'encoding': 'utf-8'}...
2026-03-12 16:07:30.213 | DEBUG    | baldaquin.buf:_write:285 - 1400 bytes written to disk.
2026-03-12 16:07:30.213 | DEBUG    | baldaquin.buf:open:104 - Ouput file /home/lab1-student/baldaquindata/plasduino/0309_000092/0309_000092_data.txt closed.
2026-03-12 16:07:30.214 | DEBUG    | baldaquin.buf:open:100 - Opening output file /home/lab1-student/baldaquindata/plasduino/0309_000093/0309_000093_data.txt {'mode': 'at', 'encoding': 'utf-8'}...
2026-03-12 16:07:30.214 | DEBUG    | baldaquin.buf:_write:285 - 1400 bytes written to disk.
2026-03-12 16:07:30.214 | DEBUG    | baldaquin.buf:open:104 - Ouput file /home/lab1-student/baldaquindata/plasduino/0309_000093/0309_000093_data.txt closed.
2026-03-12 16:07:30.214 | DEBUG    | baldaquin.buf:open:100 - Opening output file /home/lab1-student/baldaquindata/plasduino/0309_000094/0309_000094_data.txt {'mode': 'at', 'encoding': 'utf-8'}...
2026-03-12 16:07:30.215 | DEBUG    | baldaquin.buf:_write:285 - 1400 bytes written to disk.
2026-03-12 16:07:30.215 | DEBUG    | baldaquin.buf:open:104 - Ouput file /home/lab1-student/baldaquindata/plasduino/0309_000094/0309_000094_data.txt closed.
2026-03-12 16:07:30.215 | DEBUG    | baldaquin.buf:open:100 - Opening output file /home/lab1-student/baldaquindata/plasduino/0309_000095/0309_000095_data.txt {'mode': 'at', 'encoding': 'utf-8'}...
2026-03-12 16:07:30.216 | DEBUG    | baldaquin.buf:_write:285 - 1400 bytes written to disk.
2026-03-12 16:07:30.216 | DEBUG    | baldaquin.buf:open:104 - Ouput file /home/lab1-student/baldaquindata/plasduino/0309_000095/0309_000095_data.txt closed.
2026-03-12 16:07:30.216 | DEBUG    | baldaquin.buf:open:100 - Opening output file /home/lab1-student/baldaquindata/plasduino/0309_000096/0309_000096_data.txt {'mode': 'at', 'encoding': 'utf-8'}...
2026-03-12 16:07:30.216 | DEBUG    | baldaquin.buf:_write:285 - 1400 bytes written to disk.
2026-03-12 16:07:30.216 | DEBUG    | baldaquin.buf:open:104 - Ouput file /home/lab1-student/baldaquindata/plasduino/0309_000096/0309_000096_data.txt closed.
2026-03-12 16:07:30.216 | DEBUG    | baldaquin.buf:open:100 - Opening output file /home/lab1-student/baldaquindata/plasduino/0309_000097/0309_000097_data.txt {'mode': 'at', 'encoding': 'utf-8'}...
2026-03-12 16:07:30.217 | DEBUG    | baldaquin.buf:_write:285 - 1400 bytes written to disk.
2026-03-12 16:07:30.217 | DEBUG    | baldaquin.buf:open:104 - Ouput file /home/lab1-student/baldaquindata/plasduino/0309_000097/0309_000097_data.txt closed.
2026-03-12 16:07:30.217 | DEBUG    | baldaquin.buf:open:100 - Opening output file /home/lab1-student/baldaquindata/plasduino/0309_000098/0309_000098_data.txt {'mode': 'at', 'encoding': 'utf-8'}...
2026-03-12 16:07:30.218 | DEBUG    | baldaquin.buf:_write:285 - 1400 bytes written to disk.
2026-03-12 16:07:30.218 | DEBUG    | baldaquin.buf:open:104 - Ouput file /home/lab1-student/baldaquindata/plasduino/0309_000098/0309_000098_data.txt closed.
2026-03-12 16:07:30.218 | DEBUG    | baldaquin.buf:open:100 - Opening output file /home/lab1-student/baldaquindata/plasduino/0309_000099/0309_000099_data.txt {'mode': 'at', 'encoding': 'utf-8'}...
2026-03-12 16:07:30.218 | DEBUG    | baldaquin.buf:_write:285 - 1400 bytes written to disk.
2026-03-12 16:07:30.218 | DEBUG    | baldaquin.buf:open:104 - Ouput file /home/lab1-student/baldaquindata/plasduino/0309_000099/0309_000099_data.txt closed.
2026-03-12 16:07:30.218 | DEBUG    | baldaquin.buf:open:100 - Opening output file /home/lab1-student/baldaquindata/plasduino/0309_000100/0309_000100_data.txt {'mode': 'at', 'encoding': 'utf-8'}...
2026-03-12 16:07:30.219 | DEBUG    | baldaquin.buf:_write:285 - 1400 bytes written to disk.
2026-03-12 16:07:30.219 | DEBUG    | baldaquin.buf:open:104 - Ouput file /home/lab1-student/baldaquindata/plasduino/0309_000100/0309_000100_data.txt closed.
2026-03-12 16:07:30.219 | DEBUG    | baldaquin.buf:open:100 - Opening output file /home/lab1-student/baldaquindata/plasduino/0309_000101/0309_000101_data.txt {'mode': 'at', 'encoding': 'utf-8'}...
2026-03-12 16:07:30.220 | DEBUG    | baldaquin.buf:_write:285 - 1400 bytes written to disk.
2026-03-12 16:07:30.220 | DEBUG    | baldaquin.buf:open:104 - Ouput file /home/lab1-student/baldaquindata/plasduino/0309_000101/0309_000101_data.txt closed.
2026-03-12 16:07:30.220 | DEBUG    | baldaquin.buf:open:100 - Opening output file /home/lab1-student/baldaquindata/plasduino/0309_000102/0309_000102_data.txt {'mode': 'at', 'encoding': 'utf-8'}...
2026-03-12 16:07:30.220 | DEBUG    | baldaquin.buf:_write:285 - 1400 bytes written to disk.
2026-03-12 16:07:30.220 | DEBUG    | baldaquin.buf:open:104 - Ouput file /home/lab1-student/baldaquindata/plasduino/0309_000102/0309_000102_data.txt closed.
2026-03-12 16:07:30.220 | DEBUG    | baldaquin.buf:open:100 - Opening output file /home/lab1-student/baldaquindata/plasduino/0309_000103/0309_000103_data.txt {'mode': 'at', 'encoding': 'utf-8'}...
2026-03-12 16:07:30.221 | DEBUG    | baldaquin.buf:_write:285 - 1400 bytes written to disk.
2026-03-12 16:07:30.221 | DEBUG    | baldaquin.buf:open:104 - Ouput file /home/lab1-student/baldaquindata/plasduino/0309_000103/0309_000103_data.txt closed.
2026-03-12 16:07:30.221 | DEBUG    | baldaquin.buf:open:100 - Opening output file /home/lab1-student/baldaquindata/plasduino/0309_000104/0309_000104_data.txt {'mode': 'at', 'encoding': 'utf-8'}...
2026-03-12 16:07:30.222 | DEBUG    | baldaquin.buf:_write:285 - 1400 bytes written to disk.
2026-03-12 16:07:30.222 | DEBUG    | baldaquin.buf:open:104 - Ouput file /home/lab1-student/baldaquindata/plasduino/0309_000104/0309_000104_data.txt closed.
2026-03-12 16:07:30.222 | DEBUG    | baldaquin.buf:open:100 - Opening output file /home/lab1-student/baldaquindata/plasduino/0309_000105/0309_000105_data.txt {'mode': 'at', 'encoding': 'utf-8'}...
2026-03-12 16:07:30.222 | DEBUG    | baldaquin.buf:_write:285 - 1400 bytes written to disk.
2026-03-12 16:07:30.222 | DEBUG    | baldaquin.buf:open:104 - Ouput file /home/lab1-student/baldaquindata/plasduino/0309_000105/0309_000105_data.txt closed.
2026-03-12 16:07:30.222 | DEBUG    | baldaquin.buf:open:100 - Opening output file /home/lab1-student/baldaquindata/plasduino/0309_000105/0309_000105_data.dat {'mode': 'ab'}...
2026-03-12 16:07:30.223 | DEBUG    | baldaquin.buf:_pop_and_write_raw:259 - 800 bytes written to disk.
2026-03-12 16:07:30.223 | DEBUG    | baldaquin.buf:open:104 - Ouput file /home/lab1-student/baldaquindata/plasduino/0309_000105/0309_000105_data.dat closed.
2026-03-12 16:07:30.223 | INFO     | baldaquin.buf:flush:318 - 28800 bytes (800 raw bytes) written to disk.
2026-03-12 16:07:30.223 | DEBUG    | baldaquin.profile:wrap:32 - Running time for flush(): 0.015214 s
2026-03-12 16:07:32.755 | INFO     | baldaquin.buf:flush:309 - 100 packets ready to be written out...
2026-03-12 16:07:32.760 | DEBUG    | baldaquin.buf:open:100 - Opening output file /home/lab1-student/baldaquindata/plasduino/0309_000086/0309_000086_data.txt {'mode': 'at', 'encoding': 'utf-8'}...
2026-03-12 16:07:32.761 | DEBUG    | baldaquin.buf:_write:285 - 1400 bytes written to disk.
2026-03-12 16:07:32.773 | DEBUG    | baldaquin.buf:open:104 - Ouput file /home/lab1-student/baldaquindata/plasduino/0309_000086/0309_000086_data.txt closed.
2026-03-12 16:07:32.774 | DEBUG    | baldaquin.buf:open:100 - Opening output file /home/lab1-student/baldaquindata/plasduino/0309_000087/0309_000087_data.txt {'mode': 'at', 'encoding': 'utf-8'}...
2026-03-12 16:07:32.774 | DEBUG    | baldaquin.buf:_write:285 - 1400 bytes written to disk.
2026-03-12 16:07:32.786 | DEBUG    | baldaquin.buf:open:104 - Ouput file /home/lab1-student/baldaquindata/plasduino/0309_000087/0309_000087_data.txt closed.
2026-03-12 16:07:32.795 | DEBUG    | baldaquin.buf:open:100 - Opening output file /home/lab1-student/baldaquindata/plasduino/0309_000088/0309_000088_data.txt {'mode': 'at', 'encoding': 'utf-8'}...
2026-03-12 16:07:32.798 | DEBUG    | baldaquin.buf:_write:285 - 1400 bytes written to disk.
2026-03-12 16:07:32.799 | DEBUG    | baldaquin.buf:open:104 - Ouput file /home/lab1-student/baldaquindata/plasduino/0309_000088/0309_000088_data.txt closed.
2026-03-12 16:07:32.799 | DEBUG    | baldaquin.buf:open:100 - Opening output file /home/lab1-student/baldaquindata/plasduino/0309_000089/0309_000089_data.txt {'mode': 'at', 'encoding': 'utf-8'}...
2026-03-12 16:07:32.801 | DEBUG    | baldaquin.buf:_write:285 - 1400 bytes written to disk.
2026-03-12 16:07:32.802 | DEBUG    | baldaquin.buf:open:104 - Ouput file /home/lab1-student/baldaquindata/plasduino/0309_000089/0309_000089_data.txt closed.
2026-03-12 16:07:32.803 | DEBUG    | baldaquin.buf:open:100 - Opening output file /home/lab1-student/baldaquindata/plasduino/0309_000090/0309_000090_data.txt {'mode': 'at', 'encoding': 'utf-8'}...
2026-03-12 16:07:32.804 | DEBUG    | baldaquin.buf:_write:285 - 1400 bytes written to disk.
2026-03-12 16:07:32.804 | DEBUG    | baldaquin.buf:open:104 - Ouput file /home/lab1-student/baldaquindata/plasduino/0309_000090/0309_000090_data.txt closed.
2026-03-12 16:07:32.805 | DEBUG    | baldaquin.buf:open:100 - Opening output file /home/lab1-student/baldaquindata/plasduino/0309_000091/0309_000091_data.txt {'mode': 'at', 'encoding': 'utf-8'}...
2026-03-12 16:07:32.805 | DEBUG    | baldaquin.buf:_write:285 - 1400 bytes written to disk.
2026-03-12 16:07:32.807 | DEBUG    | baldaquin.buf:open:104 - Ouput file /home/lab1-student/baldaquindata/plasduino/0309_000091/0309_000091_data.txt closed.
2026-03-12 16:07:32.807 | DEBUG    | baldaquin.buf:open:100 - Opening output file /home/lab1-student/baldaquindata/plasduino/0309_000092/0309_000092_data.txt {'mode': 'at', 'encoding': 'utf-8'}...
2026-03-12 16:07:32.808 | DEBUG    | baldaquin.buf:_write:285 - 1400 bytes written to disk.
2026-03-12 16:07:32.808 | DEBUG    | baldaquin.buf:open:104 - Ouput file /home/lab1-student/baldaquindata/plasduino/0309_000092/0309_000092_data.txt closed.
2026-03-12 16:07:32.808 | DEBUG    | baldaquin.buf:open:100 - Opening output file /home/lab1-student/baldaquindata/plasduino/0309_000093/0309_000093_data.txt {'mode': 'at', 'encoding': 'utf-8'}...
2026-03-12 16:07:32.816 | DEBUG    | baldaquin.buf:_write:285 - 1400 bytes written to disk.
2026-03-12 16:07:32.816 | DEBUG    | baldaquin.buf:open:104 - Ouput file /home/lab1-student/baldaquindata/plasduino/0309_000093/0309_000093_data.txt closed.
2026-03-12 16:07:32.817 | DEBUG    | baldaquin.buf:open:100 - Opening output file /home/lab1-student/baldaquindata/plasduino/0309_000094/0309_000094_data.txt {'mode': 'at', 'encoding': 'utf-8'}...
2026-03-12 16:07:32.817 | DEBUG    | baldaquin.buf:_write:285 - 1400 bytes written to disk.
2026-03-12 16:07:32.818 | DEBUG    | baldaquin.buf:open:104 - Ouput file /home/lab1-student/baldaquindata/plasduino/0309_000094/0309_000094_data.txt closed.
2026-03-12 16:07:32.818 | DEBUG    | baldaquin.buf:open:100 - Opening output file /home/lab1-student/baldaquindata/plasduino/0309_000095/0309_000095_data.txt {'mode': 'at', 'encoding': 'utf-8'}...
2026-03-12 16:07:32.818 | DEBUG    | baldaquin.buf:_write:285 - 1400 bytes written to disk.
2026-03-12 16:07:32.818 | DEBUG    | baldaquin.buf:open:104 - Ouput file /home/lab1-student/baldaquindata/plasduino/0309_000095/0309_000095_data.txt closed.
2026-03-12 16:07:32.819 | DEBUG    | baldaquin.buf:open:100 - Opening output file /home/lab1-student/baldaquindata/plasduino/0309_000096/0309_000096_data.txt {'mode': 'at', 'encoding': 'utf-8'}...
2026-03-12 16:07:32.819 | DEBUG    | baldaquin.buf:_write:285 - 1400 bytes written to disk.
2026-03-12 16:07:32.819 | DEBUG    | baldaquin.buf:open:104 - Ouput file /home/lab1-student/baldaquindata/plasduino/0309_000096/0309_000096_data.txt closed.
2026-03-12 16:07:32.819 | DEBUG    | baldaquin.buf:open:100 - Opening output file /home/lab1-student/baldaquindata/plasduino/0309_000097/0309_000097_data.txt {'mode': 'at', 'encoding': 'utf-8'}...
2026-03-12 16:07:32.820 | DEBUG    | baldaquin.buf:_write:285 - 1400 bytes written to disk.
2026-03-12 16:07:32.820 | DEBUG    | baldaquin.buf:open:104 - Ouput file /home/lab1-student/baldaquindata/plasduino/0309_000097/0309_000097_data.txt closed.
2026-03-12 16:07:32.820 | DEBUG    | baldaquin.buf:open:100 - Opening output file /home/lab1-student/baldaquindata/plasduino/0309_000098/0309_000098_data.txt {'mode': 'at', 'encoding': 'utf-8'}...
2026-03-12 16:07:32.831 | DEBUG    | baldaquin.buf:_write:285 - 1400 bytes written to disk.
2026-03-12 16:07:32.831 | DEBUG    | baldaquin.buf:open:104 - Ouput file /home/lab1-student/baldaquindata/plasduino/0309_000098/0309_000098_data.txt closed.
2026-03-12 16:07:32.831 | DEBUG    | baldaquin.buf:open:100 - Opening output file /home/lab1-student/baldaquindata/plasduino/0309_000099/0309_000099_data.txt {'mode': 'at', 'encoding': 'utf-8'}...
2026-03-12 16:07:32.832 | DEBUG    | baldaquin.buf:_write:285 - 1400 bytes written to disk.
2026-03-12 16:07:32.856 | DEBUG    | baldaquin.buf:open:104 - Ouput file /home/lab1-student/baldaquindata/plasduino/0309_000099/0309_000099_data.txt closed.
2026-03-12 16:07:32.862 | DEBUG    | baldaquin.buf:open:100 - Opening output file /home/lab1-student/baldaquindata/plasduino/0309_000100/0309_000100_data.txt {'mode': 'at', 'encoding': 'utf-8'}...
2026-03-12 16:07:32.868 | DEBUG    | baldaquin.buf:_write:285 - 1400 bytes written to disk.
2026-03-12 16:07:32.887 | DEBUG    | baldaquin.buf:open:104 - Ouput file /home/lab1-student/baldaquindata/plasduino/0309_000100/0309_000100_data.txt closed.
2026-03-12 16:07:32.888 | DEBUG    | baldaquin.buf:open:100 - Opening output file /home/lab1-student/baldaquindata/plasduino/0309_000101/0309_000101_data.txt {'mode': 'at', 'encoding': 'utf-8'}...
2026-03-12 16:07:32.908 | DEBUG    | baldaquin.buf:_write:285 - 1400 bytes written to disk.
2026-03-12 16:07:32.908 | DEBUG    | baldaquin.buf:open:104 - Ouput file /home/lab1-student/baldaquindata/plasduino/0309_000101/0309_000101_data.txt closed.
2026-03-12 16:07:32.908 | DEBUG    | baldaquin.buf:open:100 - Opening output file /home/lab1-student/baldaquindata/plasduino/0309_000102/0309_000102_data.txt {'mode': 'at', 'encoding': 'utf-8'}...
2026-03-12 16:07:32.909 | DEBUG    | baldaquin.buf:_write:285 - 1400 bytes written to disk.
2026-03-12 16:07:32.909 | DEBUG    | baldaquin.buf:open:104 - Ouput file /home/lab1-student/baldaquindata/plasduino/0309_000102/0309_000102_data.txt closed.
2026-03-12 16:07:32.909 | DEBUG    | baldaquin.buf:open:100 - Opening output file /home/lab1-student/baldaquindata/plasduino/0309_000103/0309_000103_data.txt {'mode': 'at', 'encoding': 'utf-8'}...
2026-03-12 16:07:32.910 | DEBUG    | baldaquin.buf:_write:285 - 1400 bytes written to disk.
2026-03-12 16:07:32.913 | DEBUG    | baldaquin.buf:open:104 - Ouput file /home/lab1-student/baldaquindata/plasduino/0309_000103/0309_000103_data.txt closed.
2026-03-12 16:07:32.914 | DEBUG    | baldaquin.buf:open:100 - Opening output file /home/lab1-student/baldaquindata/plasduino/0309_000104/0309_000104_data.txt {'mode': 'at', 'encoding': 'utf-8'}...
2026-03-12 16:07:32.917 | DEBUG    | baldaquin.buf:_write:285 - 1400 bytes written to disk.
2026-03-12 16:07:32.929 | DEBUG    | baldaquin.buf:open:104 - Ouput file /home/lab1-student/baldaquindata/plasduino/0309_000104/0309_000104_data.txt closed.
2026-03-12 16:07:32.929 | DEBUG    | baldaquin.buf:open:100 - Opening output file /home/lab1-student/baldaquindata/plasduino/0309_000105/0309_000105_data.txt {'mode': 'at', 'encoding': 'utf-8'}...
2026-03-12 16:07:32.930 | DEBUG    | baldaquin.buf:_write:285 - 1400 bytes written to disk.
2026-03-12 16:07:32.930 | DEBUG    | baldaquin.buf:open:104 - Ouput file /home/lab1-student/baldaquindata/plasduino/0309_000105/0309_000105_data.txt closed.
2026-03-12 16:07:32.931 | DEBUG    | baldaquin.buf:open:100 - Opening output file /home/lab1-student/baldaquindata/plasduino/0309_000105/0309_000105_data.dat {'mode': 'ab'}...
2026-03-12 16:07:32.931 | DEBUG    | baldaquin.buf:_pop_and_write_raw:259 - 800 bytes written to disk.
2026-03-12 16:07:32.931 | DEBUG    | baldaquin.buf:open:104 - Ouput file /home/lab1-student/baldaquindata/plasduino/0309_000105/0309_000105_data.dat closed.
2026-03-12 16:07:32.931 | INFO     | baldaquin.buf:flush:318 - 28800 bytes (800 raw bytes) written to disk.
2026-03-12 16:07:32.931 | DEBUG    | baldaquin.profile:wrap:32 - Running time for flush(): 0.175972 s
2026-03-12 16:07:35.282 | INFO     | baldaquin.buf:flush:309 - 100 packets ready to be written out...
2026-03-12 16:07:35.283 | DEBUG    | baldaquin.buf:open:100 - Opening output file /home/lab1-student/baldaquindata/plasduino/0309_000086/0309_000086_data.txt {'mode': 'at', 'encoding': 'utf-8'}...
2026-03-12 16:07:35.286 | DEBUG    | baldaquin.buf:_write:285 - 1407 bytes written to disk.
2026-03-12 16:07:35.287 | DEBUG    | baldaquin.buf:open:104 - Ouput file /home/lab1-student/baldaquindata/plasduino/0309_000086/0309_000086_data.txt closed.
2026-03-12 16:07:35.291 | DEBUG    | baldaquin.buf:open:100 - Opening output file /home/lab1-student/baldaquindata/plasduino/0309_000087/0309_000087_data.txt {'mode': 'at', 'encoding': 'utf-8'}...
2026-03-12 16:07:35.299 | DEBUG    | baldaquin.buf:_write:285 - 1407 bytes written to disk.
2026-03-12 16:07:35.299 | DEBUG    | baldaquin.buf:open:104 - Ouput file /home/lab1-student/baldaquindata/plasduino/0309_000087/0309_000087_data.txt closed.
2026-03-12 16:07:35.299 | DEBUG    | baldaquin.buf:open:100 - Opening output file /home/lab1-student/baldaquindata/plasduino/0309_000088/0309_000088_data.txt {'mode': 'at', 'encoding': 'utf-8'}...
2026-03-12 16:07:35.300 | DEBUG    | baldaquin.buf:_write:285 - 1407 bytes written to disk.
2026-03-12 16:07:35.300 | DEBUG    | baldaquin.buf:open:104 - Ouput file /home/lab1-student/baldaquindata/plasduino/0309_000088/0309_000088_data.txt closed.
2026-03-12 16:07:35.301 | DEBUG    | baldaquin.buf:open:100 - Opening output file /home/lab1-student/baldaquindata/plasduino/0309_000089/0309_000089_data.txt {'mode': 'at', 'encoding': 'utf-8'}...
2026-03-12 16:07:35.301 | DEBUG    | baldaquin.buf:_write:285 - 1407 bytes written to disk.
2026-03-12 16:07:35.302 | DEBUG    | baldaquin.buf:open:104 - Ouput file /home/lab1-student/baldaquindata/plasduino/0309_000089/0309_000089_data.txt closed.
2026-03-12 16:07:35.302 | DEBUG    | baldaquin.buf:open:100 - Opening output file /home/lab1-student/baldaquindata/plasduino/0309_000090/0309_000090_data.txt {'mode': 'at', 'encoding': 'utf-8'}...
2026-03-12 16:07:35.302 | DEBUG    | baldaquin.buf:_write:285 - 1407 bytes written to disk.
2026-03-12 16:07:35.303 | DEBUG    | baldaquin.buf:open:104 - Ouput file /home/lab1-student/baldaquindata/plasduino/0309_000090/0309_000090_data.txt closed.
2026-03-12 16:07:35.313 | DEBUG    | baldaquin.buf:open:100 - Opening output file /home/lab1-student/baldaquindata/plasduino/0309_000091/0309_000091_data.txt {'mode': 'at', 'encoding': 'utf-8'}...
2026-03-12 16:07:35.314 | DEBUG    | baldaquin.buf:_write:285 - 1407 bytes written to disk.
2026-03-12 16:07:35.318 | DEBUG    | baldaquin.buf:open:104 - Ouput file /home/lab1-student/baldaquindata/plasduino/0309_000091/0309_000091_data.txt closed.
2026-03-12 16:07:35.318 | DEBUG    | baldaquin.buf:open:100 - Opening output file /home/lab1-student/baldaquindata/plasduino/0309_000092/0309_000092_data.txt {'mode': 'at', 'encoding': 'utf-8'}...
2026-03-12 16:07:35.318 | DEBUG    | baldaquin.buf:_write:285 - 1407 bytes written to disk.
2026-03-12 16:07:35.319 | DEBUG    | baldaquin.buf:open:104 - Ouput file /home/lab1-student/baldaquindata/plasduino/0309_000092/0309_000092_data.txt closed.
2026-03-12 16:07:35.319 | DEBUG    | baldaquin.buf:open:100 - Opening output file /home/lab1-student/baldaquindata/plasduino/0309_000093/0309_000093_data.txt {'mode': 'at', 'encoding': 'utf-8'}...
2026-03-12 16:07:35.319 | DEBUG    | baldaquin.buf:_write:285 - 1407 bytes written to disk.
2026-03-12 16:07:35.319 | DEBUG    | baldaquin.buf:open:104 - Ouput file /home/lab1-student/baldaquindata/plasduino/0309_000093/0309_000093_data.txt closed.
2026-03-12 16:07:35.319 | DEBUG    | baldaquin.buf:open:100 - Opening output file /home/lab1-student/baldaquindata/plasduino/0309_000094/0309_000094_data.txt {'mode': 'at', 'encoding': 'utf-8'}...
2026-03-12 16:07:35.320 | DEBUG    | baldaquin.buf:_write:285 - 1407 bytes written to disk.
2026-03-12 16:07:35.320 | DEBUG    | baldaquin.buf:open:104 - Ouput file /home/lab1-student/baldaquindata/plasduino/0309_000094/0309_000094_data.txt closed.
2026-03-12 16:07:35.320 | DEBUG    | baldaquin.buf:open:100 - Opening output file /home/lab1-student/baldaquindata/plasduino/0309_000095/0309_000095_data.txt {'mode': 'at', 'encoding': 'utf-8'}...
2026-03-12 16:07:35.321 | DEBUG    | baldaquin.buf:_write:285 - 1407 bytes written to disk.
2026-03-12 16:07:35.321 | DEBUG    | baldaquin.buf:open:104 - Ouput file /home/lab1-student/baldaquindata/plasduino/0309_000095/0309_000095_data.txt closed.
2026-03-12 16:07:35.321 | DEBUG    | baldaquin.buf:open:100 - Opening output file /home/lab1-student/baldaquindata/plasduino/0309_000096/0309_000096_data.txt {'mode': 'at', 'encoding': 'utf-8'}...
2026-03-12 16:07:35.321 | DEBUG    | baldaquin.buf:_write:285 - 1407 bytes written to disk.
2026-03-12 16:07:35.321 | DEBUG    | baldaquin.buf:open:104 - Ouput file /home/lab1-student/baldaquindata/plasduino/0309_000096/0309_000096_data.txt closed.
2026-03-12 16:07:35.321 | DEBUG    | baldaquin.buf:open:100 - Opening output file /home/lab1-student/baldaquindata/plasduino/0309_000097/0309_000097_data.txt {'mode': 'at', 'encoding': 'utf-8'}...
2026-03-12 16:07:35.322 | DEBUG    | baldaquin.buf:_write:285 - 1407 bytes written to disk.
2026-03-12 16:07:35.322 | DEBUG    | baldaquin.buf:open:104 - Ouput file /home/lab1-student/baldaquindata/plasduino/0309_000097/0309_000097_data.txt closed.
2026-03-12 16:07:35.322 | DEBUG    | baldaquin.buf:open:100 - Opening output file /home/lab1-student/baldaquindata/plasduino/0309_000098/0309_000098_data.txt {'mode': 'at', 'encoding': 'utf-8'}...
2026-03-12 16:07:35.323 | DEBUG    | baldaquin.buf:_write:285 - 1407 bytes written to disk.
2026-03-12 16:07:35.330 | DEBUG    | baldaquin.buf:open:104 - Ouput file /home/lab1-student/baldaquindata/plasduino/0309_000098/0309_000098_data.txt closed.
2026-03-12 16:07:35.330 | DEBUG    | baldaquin.buf:open:100 - Opening output file /home/lab1-student/baldaquindata/plasduino/0309_000099/0309_000099_data.txt {'mode': 'at', 'encoding': 'utf-8'}...
2026-03-12 16:07:35.352 | DEBUG    | baldaquin.buf:_write:285 - 1407 bytes written to disk.
2026-03-12 16:07:35.364 | DEBUG    | baldaquin.buf:open:104 - Ouput file /home/lab1-student/baldaquindata/plasduino/0309_000099/0309_000099_data.txt closed.
2026-03-12 16:07:35.368 | DEBUG    | baldaquin.buf:open:100 - Opening output file /home/lab1-student/baldaquindata/plasduino/0309_000100/0309_000100_data.txt {'mode': 'at', 'encoding': 'utf-8'}...
2026-03-12 16:07:35.369 | DEBUG    | baldaquin.buf:_write:285 - 1407 bytes written to disk.
2026-03-12 16:07:35.378 | DEBUG    | baldaquin.buf:open:104 - Ouput file /home/lab1-student/baldaquindata/plasduino/0309_000100/0309_000100_data.txt closed.
2026-03-12 16:07:35.389 | DEBUG    | baldaquin.buf:open:100 - Opening output file /home/lab1-student/baldaquindata/plasduino/0309_000101/0309_000101_data.txt {'mode': 'at', 'encoding': 'utf-8'}...
2026-03-12 16:07:35.399 | DEBUG    | baldaquin.buf:_write:285 - 1407 bytes written to disk.
2026-03-12 16:07:35.401 | DEBUG    | baldaquin.buf:open:104 - Ouput file /home/lab1-student/baldaquindata/plasduino/0309_000101/0309_000101_data.txt closed.
2026-03-12 16:07:35.401 | DEBUG    | baldaquin.buf:open:100 - Opening output file /home/lab1-student/baldaquindata/plasduino/0309_000102/0309_000102_data.txt {'mode': 'at', 'encoding': 'utf-8'}...
2026-03-12 16:07:35.403 | DEBUG    | baldaquin.buf:_write:285 - 1407 bytes written to disk.
2026-03-12 16:07:35.403 | DEBUG    | baldaquin.buf:open:104 - Ouput file /home/lab1-student/baldaquindata/plasduino/0309_000102/0309_000102_data.txt closed.
2026-03-12 16:07:35.404 | DEBUG    | baldaquin.buf:open:100 - Opening output file /home/lab1-student/baldaquindata/plasduino/0309_000103/0309_000103_data.txt {'mode': 'at', 'encoding': 'utf-8'}...
2026-03-12 16:07:35.407 | DEBUG    | baldaquin.buf:_write:285 - 1407 bytes written to disk.
2026-03-12 16:07:35.408 | DEBUG    | baldaquin.buf:open:104 - Ouput file /home/lab1-student/baldaquindata/plasduino/0309_000103/0309_000103_data.txt closed.
2026-03-12 16:07:35.408 | DEBUG    | baldaquin.buf:open:100 - Opening output file /home/lab1-student/baldaquindata/plasduino/0309_000104/0309_000104_data.txt {'mode': 'at', 'encoding': 'utf-8'}...
2026-03-12 16:07:35.408 | DEBUG    | baldaquin.buf:_write:285 - 1407 bytes written to disk.
2026-03-12 16:07:35.408 | DEBUG    | baldaquin.buf:open:104 - Ouput file /home/lab1-student/baldaquindata/plasduino/0309_000104/0309_000104_data.txt closed.
2026-03-12 16:07:35.409 | DEBUG    | baldaquin.buf:open:100 - Opening output file /home/lab1-student/baldaquindata/plasduino/0309_000105/0309_000105_data.txt {'mode': 'at', 'encoding': 'utf-8'}...
2026-03-12 16:07:35.409 | DEBUG    | baldaquin.buf:_write:285 - 1407 bytes written to disk.
2026-03-12 16:07:35.409 | DEBUG    | baldaquin.buf:open:104 - Ouput file /home/lab1-student/baldaquindata/plasduino/0309_000105/0309_000105_data.txt closed.
2026-03-12 16:07:35.412 | DEBUG    | baldaquin.buf:open:100 - Opening output file /home/lab1-student/baldaquindata/plasduino/0309_000105/0309_000105_data.dat {'mode': 'ab'}...
2026-03-12 16:07:35.412 | DEBUG    | baldaquin.buf:_pop_and_write_raw:259 - 800 bytes written to disk.
2026-03-12 16:07:35.412 | DEBUG    | baldaquin.buf:open:104 - Ouput file /home/lab1-student/baldaquindata/plasduino/0309_000105/0309_000105_data.dat closed.
2026-03-12 16:07:35.412 | INFO     | baldaquin.buf:flush:318 - 28940 bytes (800 raw bytes) written to disk.
2026-03-12 16:07:35.412 | DEBUG    | baldaquin.profile:wrap:32 - Running time for flush(): 0.130016 s
2026-03-12 16:07:37.818 | INFO     | baldaquin.buf:flush:309 - 100 packets ready to be written out...
2026-03-12 16:07:37.818 | DEBUG    | baldaquin.buf:open:100 - Opening output file /home/lab1-student/baldaquindata/plasduino/0309_000086/0309_000086_data.txt {'mode': 'at', 'encoding': 'utf-8'}...
2026-03-12 16:07:37.818 | DEBUG    | baldaquin.buf:_write:285 - 1500 bytes written to disk.
2026-03-12 16:07:37.819 | DEBUG    | baldaquin.buf:open:104 - Ouput file /home/lab1-student/baldaquindata/plasduino/0309_000086/0309_000086_data.txt closed.
2026-03-12 16:07:37.819 | DEBUG    | baldaquin.buf:open:100 - Opening output file /home/lab1-student/baldaquindata/plasduino/0309_000087/0309_000087_data.txt {'mode': 'at', 'encoding': 'utf-8'}...
2026-03-12 16:07:37.819 | DEBUG    | baldaquin.buf:_write:285 - 1500 bytes written to disk.
2026-03-12 16:07:37.819 | DEBUG    | baldaquin.buf:open:104 - Ouput file /home/lab1-student/baldaquindata/plasduino/0309_000087/0309_000087_data.txt closed.
2026-03-12 16:07:37.819 | DEBUG    | baldaquin.buf:open:100 - Opening output file /home/lab1-student/baldaquindata/plasduino/0309_000088/0309_000088_data.txt {'mode': 'at', 'encoding': 'utf-8'}...
2026-03-12 16:07:37.820 | DEBUG    | baldaquin.buf:_write:285 - 1500 bytes written to disk.
2026-03-12 16:07:37.820 | DEBUG    | baldaquin.buf:open:104 - Ouput file /home/lab1-student/baldaquindata/plasduino/0309_000088/0309_000088_data.txt closed.
2026-03-12 16:07:37.820 | DEBUG    | baldaquin.buf:open:100 - Opening output file /home/lab1-student/baldaquindata/plasduino/0309_000089/0309_000089_data.txt {'mode': 'at', 'encoding': 'utf-8'}...
2026-03-12 16:07:37.821 | DEBUG    | baldaquin.buf:_write:285 - 1500 bytes written to disk.
2026-03-12 16:07:37.821 | DEBUG    | baldaquin.buf:open:104 - Ouput file /home/lab1-student/baldaquindata/plasduino/0309_000089/0309_000089_data.txt closed.
2026-03-12 16:07:37.821 | DEBUG    | baldaquin.buf:open:100 - Opening output file /home/lab1-student/baldaquindata/plasduino/0309_000090/0309_000090_data.txt {'mode': 'at', 'encoding': 'utf-8'}...
2026-03-12 16:07:37.821 | DEBUG    | baldaquin.buf:_write:285 - 1500 bytes written to disk.
2026-03-12 16:07:37.821 | DEBUG    | baldaquin.buf:open:104 - Ouput file /home/lab1-student/baldaquindata/plasduino/0309_000090/0309_000090_data.txt closed.
2026-03-12 16:07:37.821 | DEBUG    | baldaquin.buf:open:100 - Opening output file /home/lab1-student/baldaquindata/plasduino/0309_000091/0309_000091_data.txt {'mode': 'at', 'encoding': 'utf-8'}...
2026-03-12 16:07:37.822 | DEBUG    | baldaquin.buf:_write:285 - 1500 bytes written to disk.
2026-03-12 16:07:37.822 | DEBUG    | baldaquin.buf:open:104 - Ouput file /home/lab1-student/baldaquindata/plasduino/0309_000091/0309_000091_data.txt closed.
2026-03-12 16:07:37.822 | DEBUG    | baldaquin.buf:open:100 - Opening output file /home/lab1-student/baldaquindata/plasduino/0309_000092/0309_000092_data.txt {'mode': 'at', 'encoding': 'utf-8'}...
2026-03-12 16:07:37.823 | DEBUG    | baldaquin.buf:_write:285 - 1500 bytes written to disk.
2026-03-12 16:07:37.849 | DEBUG    | baldaquin.buf:open:104 - Ouput file /home/lab1-student/baldaquindata/plasduino/0309_000092/0309_000092_data.txt closed.
2026-03-12 16:07:37.862 | DEBUG    | baldaquin.buf:open:100 - Opening output file /home/lab1-student/baldaquindata/plasduino/0309_000093/0309_000093_data.txt {'mode': 'at', 'encoding': 'utf-8'}...
2026-03-12 16:07:37.871 | DEBUG    | baldaquin.buf:_write:285 - 1500 bytes written to disk.
2026-03-12 16:07:37.877 | DEBUG    | baldaquin.buf:open:104 - Ouput file /home/lab1-student/baldaquindata/plasduino/0309_000093/0309_000093_data.txt closed.
2026-03-12 16:07:37.878 | DEBUG    | baldaquin.buf:open:100 - Opening output file /home/lab1-student/baldaquindata/plasduino/0309_000094/0309_000094_data.txt {'mode': 'at', 'encoding': 'utf-8'}...
2026-03-12 16:07:37.889 | DEBUG    | baldaquin.buf:_write:285 - 1500 bytes written to disk.
2026-03-12 16:07:37.897 | DEBUG    | baldaquin.buf:open:104 - Ouput file /home/lab1-student/baldaquindata/plasduino/0309_000094/0309_000094_data.txt closed.
2026-03-12 16:07:37.898 | DEBUG    | baldaquin.buf:open:100 - Opening output file /home/lab1-student/baldaquindata/plasduino/0309_000095/0309_000095_data.txt {'mode': 'at', 'encoding': 'utf-8'}...
2026-03-12 16:07:37.900 | DEBUG    | baldaquin.buf:_write:285 - 1500 bytes written to disk.
2026-03-12 16:07:37.902 | DEBUG    | baldaquin.buf:open:104 - Ouput file /home/lab1-student/baldaquindata/plasduino/0309_000095/0309_000095_data.txt closed.
2026-03-12 16:07:37.904 | DEBUG    | baldaquin.buf:open:100 - Opening output file /home/lab1-student/baldaquindata/plasduino/0309_000096/0309_000096_data.txt {'mode': 'at', 'encoding': 'utf-8'}...
2026-03-12 16:07:37.905 | DEBUG    | baldaquin.buf:_write:285 - 1500 bytes written to disk.
2026-03-12 16:07:37.905 | DEBUG    | baldaquin.buf:open:104 - Ouput file /home/lab1-student/baldaquindata/plasduino/0309_000096/0309_000096_data.txt closed.
2026-03-12 16:07:37.905 | DEBUG    | baldaquin.buf:open:100 - Opening output file /home/lab1-student/baldaquindata/plasduino/0309_000097/0309_000097_data.txt {'mode': 'at', 'encoding': 'utf-8'}...
2026-03-12 16:07:37.906 | DEBUG    | baldaquin.buf:_write:285 - 1500 bytes written to disk.
2026-03-12 16:07:37.907 | DEBUG    | baldaquin.buf:open:104 - Ouput file /home/lab1-student/baldaquindata/plasduino/0309_000097/0309_000097_data.txt closed.
2026-03-12 16:07:37.907 | DEBUG    | baldaquin.buf:open:100 - Opening output file /home/lab1-student/baldaquindata/plasduino/0309_000098/0309_000098_data.txt {'mode': 'at', 'encoding': 'utf-8'}...
2026-03-12 16:07:37.908 | DEBUG    | baldaquin.buf:_write:285 - 1500 bytes written to disk.
2026-03-12 16:07:37.909 | DEBUG    | baldaquin.buf:open:104 - Ouput file /home/lab1-student/baldaquindata/plasduino/0309_000098/0309_000098_data.txt closed.
2026-03-12 16:07:37.910 | DEBUG    | baldaquin.buf:open:100 - Opening output file /home/lab1-student/baldaquindata/plasduino/0309_000099/0309_000099_data.txt {'mode': 'at', 'encoding': 'utf-8'}...
2026-03-12 16:07:37.910 | DEBUG    | baldaquin.buf:_write:285 - 1500 bytes written to disk.
2026-03-12 16:07:37.919 | DEBUG    | baldaquin.buf:open:104 - Ouput file /home/lab1-student/baldaquindata/plasduino/0309_000099/0309_000099_data.txt closed.
2026-03-12 16:07:37.919 | DEBUG    | baldaquin.buf:open:100 - Opening output file /home/lab1-student/baldaquindata/plasduino/0309_000100/0309_000100_data.txt {'mode': 'at', 'encoding': 'utf-8'}...
2026-03-12 16:07:37.920 | DEBUG    | baldaquin.buf:_write:285 - 1500 bytes written to disk.
2026-03-12 16:07:37.920 | DEBUG    | baldaquin.buf:open:104 - Ouput file /home/lab1-student/baldaquindata/plasduino/0309_000100/0309_000100_data.txt closed.
2026-03-12 16:07:37.920 | DEBUG    | baldaquin.buf:open:100 - Opening output file /home/lab1-student/baldaquindata/plasduino/0309_000101/0309_000101_data.txt {'mode': 'at', 'encoding': 'utf-8'}...
2026-03-12 16:07:37.921 | DEBUG    | baldaquin.buf:_write:285 - 1500 bytes written to disk.
2026-03-12 16:07:37.921 | DEBUG    | baldaquin.buf:open:104 - Ouput file /home/lab1-student/baldaquindata/plasduino/0309_000101/0309_000101_data.txt closed.
2026-03-12 16:07:37.921 | DEBUG    | baldaquin.buf:open:100 - Opening output file /home/lab1-student/baldaquindata/plasduino/0309_000102/0309_000102_data.txt {'mode': 'at', 'encoding': 'utf-8'}...
2026-03-12 16:07:37.922 | DEBUG    | baldaquin.buf:_write:285 - 1500 bytes written to disk.
2026-03-12 16:07:37.922 | DEBUG    | baldaquin.buf:open:104 - Ouput file /home/lab1-student/baldaquindata/plasduino/0309_000102/0309_000102_data.txt closed.
2026-03-12 16:07:37.922 | DEBUG    | baldaquin.buf:open:100 - Opening output file /home/lab1-student/baldaquindata/plasduino/0309_000103/0309_000103_data.txt {'mode': 'at', 'encoding': 'utf-8'}...
2026-03-12 16:07:37.922 | DEBUG    | baldaquin.buf:_write:285 - 1500 bytes written to disk.
2026-03-12 16:07:37.931 | DEBUG    | baldaquin.buf:open:104 - Ouput file /home/lab1-student/baldaquindata/plasduino/0309_000103/0309_000103_data.txt closed.
2026-03-12 16:07:37.933 | DEBUG    | baldaquin.buf:open:100 - Opening output file /home/lab1-student/baldaquindata/plasduino/0309_000104/0309_000104_data.txt {'mode': 'at', 'encoding': 'utf-8'}...
2026-03-12 16:07:37.933 | DEBUG    | baldaquin.buf:_write:285 - 1500 bytes written to disk.
2026-03-12 16:07:37.934 | DEBUG    | baldaquin.buf:open:104 - Ouput file /home/lab1-student/baldaquindata/plasduino/0309_000104/0309_000104_data.txt closed.
2026-03-12 16:07:37.934 | DEBUG    | baldaquin.buf:open:100 - Opening output file /home/lab1-student/baldaquindata/plasduino/0309_000105/0309_000105_data.txt {'mode': 'at', 'encoding': 'utf-8'}...
2026-03-12 16:07:37.936 | DEBUG    | baldaquin.buf:_write:285 - 1500 bytes written to disk.
2026-03-12 16:07:37.936 | DEBUG    | baldaquin.buf:open:104 - Ouput file /home/lab1-student/baldaquindata/plasduino/0309_000105/0309_000105_data.txt closed.
2026-03-12 16:07:37.936 | DEBUG    | baldaquin.buf:open:100 - Opening output file /home/lab1-student/baldaquindata/plasduino/0309_000105/0309_000105_data.dat {'mode': 'ab'}...
2026-03-12 16:07:37.937 | DEBUG    | baldaquin.buf:_pop_and_write_raw:259 - 800 bytes written to disk.
2026-03-12 16:07:37.937 | DEBUG    | baldaquin.buf:open:104 - Ouput file /home/lab1-student/baldaquindata/plasduino/0309_000105/0309_000105_data.dat closed.
2026-03-12 16:07:37.937 | INFO     | baldaquin.buf:flush:318 - 30800 bytes (800 raw bytes) written to disk.
2026-03-12 16:07:37.937 | DEBUG    | baldaquin.profile:wrap:32 - Running time for flush(): 0.119450 s
2026-03-12 16:07:40.355 | INFO     | baldaquin.buf:flush:309 - 100 packets ready to be written out...
2026-03-12 16:07:40.356 | DEBUG    | baldaquin.buf:open:100 - Opening output file /home/lab1-student/baldaquindata/plasduino/0309_000086/0309_000086_data.txt {'mode': 'at', 'encoding': 'utf-8'}...
2026-03-12 16:07:40.358 | DEBUG    | baldaquin.buf:_write:285 - 1500 bytes written to disk.
2026-03-12 16:07:40.372 | DEBUG    | baldaquin.buf:open:104 - Ouput file /home/lab1-student/baldaquindata/plasduino/0309_000086/0309_000086_data.txt closed.
2026-03-12 16:07:40.372 | DEBUG    | baldaquin.buf:open:100 - Opening output file /home/lab1-student/baldaquindata/plasduino/0309_000087/0309_000087_data.txt {'mode': 'at', 'encoding': 'utf-8'}...
2026-03-12 16:07:40.372 | DEBUG    | baldaquin.buf:_write:285 - 1500 bytes written to disk.
2026-03-12 16:07:40.373 | DEBUG    | baldaquin.buf:open:104 - Ouput file /home/lab1-student/baldaquindata/plasduino/0309_000087/0309_000087_data.txt closed.
2026-03-12 16:07:40.379 | DEBUG    | baldaquin.buf:open:100 - Opening output file /home/lab1-student/baldaquindata/plasduino/0309_000088/0309_000088_data.txt {'mode': 'at', 'encoding': 'utf-8'}...
2026-03-12 16:07:40.392 | DEBUG    | baldaquin.buf:_write:285 - 1500 bytes written to disk.
2026-03-12 16:07:40.392 | DEBUG    | baldaquin.buf:open:104 - Ouput file /home/lab1-student/baldaquindata/plasduino/0309_000088/0309_000088_data.txt closed.
2026-03-12 16:07:40.392 | DEBUG    | baldaquin.buf:open:100 - Opening output file /home/lab1-student/baldaquindata/plasduino/0309_000089/0309_000089_data.txt {'mode': 'at', 'encoding': 'utf-8'}...
2026-03-12 16:07:40.395 | DEBUG    | baldaquin.buf:_write:285 - 1500 bytes written to disk.
2026-03-12 16:07:40.398 | DEBUG    | baldaquin.buf:open:104 - Ouput file /home/lab1-student/baldaquindata/plasduino/0309_000089/0309_000089_data.txt closed.
2026-03-12 16:07:40.402 | DEBUG    | baldaquin.buf:open:100 - Opening output file /home/lab1-student/baldaquindata/plasduino/0309_000090/0309_000090_data.txt {'mode': 'at', 'encoding': 'utf-8'}...
2026-03-12 16:07:40.403 | DEBUG    | baldaquin.buf:_write:285 - 1500 bytes written to disk.
2026-03-12 16:07:40.403 | DEBUG    | baldaquin.buf:open:104 - Ouput file /home/lab1-student/baldaquindata/plasduino/0309_000090/0309_000090_data.txt closed.
2026-03-12 16:07:40.403 | DEBUG    | baldaquin.buf:open:100 - Opening output file /home/lab1-student/baldaquindata/plasduino/0309_000091/0309_000091_data.txt {'mode': 'at', 'encoding': 'utf-8'}...
2026-03-12 16:07:40.404 | DEBUG    | baldaquin.buf:_write:285 - 1500 bytes written to disk.
2026-03-12 16:07:40.404 | DEBUG    | baldaquin.buf:open:104 - Ouput file /home/lab1-student/baldaquindata/plasduino/0309_000091/0309_000091_data.txt closed.
2026-03-12 16:07:40.404 | DEBUG    | baldaquin.buf:open:100 - Opening output file /home/lab1-student/baldaquindata/plasduino/0309_000092/0309_000092_data.txt {'mode': 'at', 'encoding': 'utf-8'}...
2026-03-12 16:07:40.405 | DEBUG    | baldaquin.buf:_write:285 - 1500 bytes written to disk.
2026-03-12 16:07:40.416 | DEBUG    | baldaquin.buf:open:104 - Ouput file /home/lab1-student/baldaquindata/plasduino/0309_000092/0309_000092_data.txt closed.
2026-03-12 16:07:40.416 | DEBUG    | baldaquin.buf:open:100 - Opening output file /home/lab1-student/baldaquindata/plasduino/0309_000093/0309_000093_data.txt {'mode': 'at', 'encoding': 'utf-8'}...
2026-03-12 16:07:40.418 | DEBUG    | baldaquin.buf:_write:285 - 1500 bytes written to disk.
2026-03-12 16:07:40.418 | DEBUG    | baldaquin.buf:open:104 - Ouput file /home/lab1-student/baldaquindata/plasduino/0309_000093/0309_000093_data.txt closed.
2026-03-12 16:07:40.419 | DEBUG    | baldaquin.buf:open:100 - Opening output file /home/lab1-student/baldaquindata/plasduino/0309_000094/0309_000094_data.txt {'mode': 'at', 'encoding': 'utf-8'}...
2026-03-12 16:07:40.425 | DEBUG    | baldaquin.buf:_write:285 - 1500 bytes written to disk.
2026-03-12 16:07:40.448 | DEBUG    | baldaquin.buf:open:104 - Ouput file /home/lab1-student/baldaquindata/plasduino/0309_000094/0309_000094_data.txt closed.
2026-03-12 16:07:40.453 | DEBUG    | baldaquin.buf:open:100 - Opening output file /home/lab1-student/baldaquindata/plasduino/0309_000095/0309_000095_data.txt {'mode': 'at', 'encoding': 'utf-8'}...
2026-03-12 16:07:40.463 | DEBUG    | baldaquin.buf:_write:285 - 1500 bytes written to disk.
2026-03-12 16:07:40.468 | DEBUG    | baldaquin.buf:open:104 - Ouput file /home/lab1-student/baldaquindata/plasduino/0309_000095/0309_000095_data.txt closed.
2026-03-12 16:07:40.468 | DEBUG    | baldaquin.buf:open:100 - Opening output file /home/lab1-student/baldaquindata/plasduino/0309_000096/0309_000096_data.txt {'mode': 'at', 'encoding': 'utf-8'}...
2026-03-12 16:07:40.477 | DEBUG    | baldaquin.buf:_write:285 - 1500 bytes written to disk.
2026-03-12 16:07:40.478 | DEBUG    | baldaquin.buf:open:104 - Ouput file /home/lab1-student/baldaquindata/plasduino/0309_000096/0309_000096_data.txt closed.
2026-03-12 16:07:40.478 | DEBUG    | baldaquin.buf:open:100 - Opening output file /home/lab1-student/baldaquindata/plasduino/0309_000097/0309_000097_data.txt {'mode': 'at', 'encoding': 'utf-8'}...
2026-03-12 16:07:40.495 | DEBUG    | baldaquin.buf:_write:285 - 1500 bytes written to disk.
2026-03-12 16:07:40.496 | DEBUG    | baldaquin.buf:open:104 - Ouput file /home/lab1-student/baldaquindata/plasduino/0309_000097/0309_000097_data.txt closed.
2026-03-12 16:07:40.499 | DEBUG    | baldaquin.buf:open:100 - Opening output file /home/lab1-student/baldaquindata/plasduino/0309_000098/0309_000098_data.txt {'mode': 'at', 'encoding': 'utf-8'}...
2026-03-12 16:07:40.513 | DEBUG    | baldaquin.buf:_write:285 - 1500 bytes written to disk.
2026-03-12 16:07:40.515 | DEBUG    | baldaquin.buf:open:104 - Ouput file /home/lab1-student/baldaquindata/plasduino/0309_000098/0309_000098_data.txt closed.
2026-03-12 16:07:40.516 | DEBUG    | baldaquin.buf:open:100 - Opening output file /home/lab1-student/baldaquindata/plasduino/0309_000099/0309_000099_data.txt {'mode': 'at', 'encoding': 'utf-8'}...
2026-03-12 16:07:40.517 | DEBUG    | baldaquin.buf:_write:285 - 1500 bytes written to disk.
2026-03-12 16:07:40.517 | DEBUG    | baldaquin.buf:open:104 - Ouput file /home/lab1-student/baldaquindata/plasduino/0309_000099/0309_000099_data.txt closed.
2026-03-12 16:07:40.518 | DEBUG    | baldaquin.buf:open:100 - Opening output file /home/lab1-student/baldaquindata/plasduino/0309_000100/0309_000100_data.txt {'mode': 'at', 'encoding': 'utf-8'}...
2026-03-12 16:07:40.518 | DEBUG    | baldaquin.buf:_write:285 - 1500 bytes written to disk.
2026-03-12 16:07:40.521 | DEBUG    | baldaquin.buf:open:104 - Ouput file /home/lab1-student/baldaquindata/plasduino/0309_000100/0309_000100_data.txt closed.
2026-03-12 16:07:40.521 | DEBUG    | baldaquin.buf:open:100 - Opening output file /home/lab1-student/baldaquindata/plasduino/0309_000101/0309_000101_data.txt {'mode': 'at', 'encoding': 'utf-8'}...
2026-03-12 16:07:40.522 | DEBUG    | baldaquin.buf:_write:285 - 1500 bytes written to disk.
2026-03-12 16:07:40.524 | DEBUG    | baldaquin.buf:open:104 - Ouput file /home/lab1-student/baldaquindata/plasduino/0309_000101/0309_000101_data.txt closed.
2026-03-12 16:07:40.524 | DEBUG    | baldaquin.buf:open:100 - Opening output file /home/lab1-student/baldaquindata/plasduino/0309_000102/0309_000102_data.txt {'mode': 'at', 'encoding': 'utf-8'}...
2026-03-12 16:07:40.526 | DEBUG    | baldaquin.buf:_write:285 - 1500 bytes written to disk.
2026-03-12 16:07:40.536 | DEBUG    | baldaquin.buf:open:104 - Ouput file /home/lab1-student/baldaquindata/plasduino/0309_000102/0309_000102_data.txt closed.
2026-03-12 16:07:40.536 | DEBUG    | baldaquin.buf:open:100 - Opening output file /home/lab1-student/baldaquindata/plasduino/0309_000103/0309_000103_data.txt {'mode': 'at', 'encoding': 'utf-8'}...
2026-03-12 16:07:40.537 | DEBUG    | baldaquin.buf:_write:285 - 1500 bytes written to disk.
2026-03-12 16:07:40.537 | DEBUG    | baldaquin.buf:open:104 - Ouput file /home/lab1-student/baldaquindata/plasduino/0309_000103/0309_000103_data.txt closed.
2026-03-12 16:07:40.537 | DEBUG    | baldaquin.buf:open:100 - Opening output file /home/lab1-student/baldaquindata/plasduino/0309_000104/0309_000104_data.txt {'mode': 'at', 'encoding': 'utf-8'}...
2026-03-12 16:07:40.538 | DEBUG    | baldaquin.buf:_write:285 - 1500 bytes written to disk.
2026-03-12 16:07:40.538 | DEBUG    | baldaquin.buf:open:104 - Ouput file /home/lab1-student/baldaquindata/plasduino/0309_000104/0309_000104_data.txt closed.
2026-03-12 16:07:40.538 | DEBUG    | baldaquin.buf:open:100 - Opening output file /home/lab1-student/baldaquindata/plasduino/0309_000105/0309_000105_data.txt {'mode': 'at', 'encoding': 'utf-8'}...
2026-03-12 16:07:40.543 | DEBUG    | baldaquin.buf:_write:285 - 1500 bytes written to disk.
2026-03-12 16:07:40.543 | DEBUG    | baldaquin.buf:open:104 - Ouput file /home/lab1-student/baldaquindata/plasduino/0309_000105/0309_000105_data.txt closed.
2026-03-12 16:07:40.543 | DEBUG    | baldaquin.buf:open:100 - Opening output file /home/lab1-student/baldaquindata/plasduino/0309_000105/0309_000105_data.dat {'mode': 'ab'}...
2026-03-12 16:07:40.544 | DEBUG    | baldaquin.buf:_pop_and_write_raw:259 - 800 bytes written to disk.
2026-03-12 16:07:40.544 | DEBUG    | baldaquin.buf:open:104 - Ouput file /home/lab1-student/baldaquindata/plasduino/0309_000105/0309_000105_data.dat closed.
2026-03-12 16:07:40.544 | INFO     | baldaquin.buf:flush:318 - 30800 bytes (800 raw bytes) written to disk.
2026-03-12 16:07:40.544 | DEBUG    | baldaquin.profile:wrap:32 - Running time for flush(): 0.188520 s
2026-03-12 16:07:42.889 | INFO     | baldaquin.buf:flush:309 - 100 packets ready to be written out...
2026-03-12 16:07:42.889 | DEBUG    | baldaquin.buf:open:100 - Opening output file /home/lab1-student/baldaquindata/plasduino/0309_000086/0309_000086_data.txt {'mode': 'at', 'encoding': 'utf-8'}...
2026-03-12 16:07:42.899 | DEBUG    | baldaquin.buf:_write:285 - 1500 bytes written to disk.
2026-03-12 16:07:42.901 | DEBUG    | baldaquin.buf:open:104 - Ouput file /home/lab1-student/baldaquindata/plasduino/0309_000086/0309_000086_data.txt closed.
2026-03-12 16:07:42.901 | DEBUG    | baldaquin.buf:open:100 - Opening output file /home/lab1-student/baldaquindata/plasduino/0309_000087/0309_000087_data.txt {'mode': 'at', 'encoding': 'utf-8'}...
2026-03-12 16:07:42.902 | DEBUG    | baldaquin.buf:_write:285 - 1500 bytes written to disk.
2026-03-12 16:07:42.905 | DEBUG    | baldaquin.buf:open:104 - Ouput file /home/lab1-student/baldaquindata/plasduino/0309_000087/0309_000087_data.txt closed.
2026-03-12 16:07:42.906 | DEBUG    | baldaquin.buf:open:100 - Opening output file /home/lab1-student/baldaquindata/plasduino/0309_000088/0309_000088_data.txt {'mode': 'at', 'encoding': 'utf-8'}...
2026-03-12 16:07:42.907 | DEBUG    | baldaquin.buf:_write:285 - 1500 bytes written to disk.
2026-03-12 16:07:42.907 | DEBUG    | baldaquin.buf:open:104 - Ouput file /home/lab1-student/baldaquindata/plasduino/0309_000088/0309_000088_data.txt closed.
2026-03-12 16:07:42.907 | DEBUG    | baldaquin.buf:open:100 - Opening output file /home/lab1-student/baldaquindata/plasduino/0309_000089/0309_000089_data.txt {'mode': 'at', 'encoding': 'utf-8'}...
2026-03-12 16:07:42.908 | DEBUG    | baldaquin.buf:_write:285 - 1500 bytes written to disk.
2026-03-12 16:07:42.908 | DEBUG    | baldaquin.buf:open:104 - Ouput file /home/lab1-student/baldaquindata/plasduino/0309_000089/0309_000089_data.txt closed.
2026-03-12 16:07:42.908 | DEBUG    | baldaquin.buf:open:100 - Opening output file /home/lab1-student/baldaquindata/plasduino/0309_000090/0309_000090_data.txt {'mode': 'at', 'encoding': 'utf-8'}...
2026-03-12 16:07:42.908 | DEBUG    | baldaquin.buf:_write:285 - 1500 bytes written to disk.
2026-03-12 16:07:42.908 | DEBUG    | baldaquin.buf:open:104 - Ouput file /home/lab1-student/baldaquindata/plasduino/0309_000090/0309_000090_data.txt closed.
2026-03-12 16:07:42.909 | DEBUG    | baldaquin.buf:open:100 - Opening output file /home/lab1-student/baldaquindata/plasduino/0309_000091/0309_000091_data.txt {'mode': 'at', 'encoding': 'utf-8'}...
2026-03-12 16:07:42.909 | DEBUG    | baldaquin.buf:_write:285 - 1500 bytes written to disk.
2026-03-12 16:07:42.909 | DEBUG    | baldaquin.buf:open:104 - Ouput file /home/lab1-student/baldaquindata/plasduino/0309_000091/0309_000091_data.txt closed.
2026-03-12 16:07:42.909 | DEBUG    | baldaquin.buf:open:100 - Opening output file /home/lab1-student/baldaquindata/plasduino/0309_000092/0309_000092_data.txt {'mode': 'at', 'encoding': 'utf-8'}...
2026-03-12 16:07:42.910 | DEBUG    | baldaquin.buf:_write:285 - 1500 bytes written to disk.
2026-03-12 16:07:42.910 | DEBUG    | baldaquin.buf:open:104 - Ouput file /home/lab1-student/baldaquindata/plasduino/0309_000092/0309_000092_data.txt closed.
2026-03-12 16:07:42.910 | DEBUG    | baldaquin.buf:open:100 - Opening output file /home/lab1-student/baldaquindata/plasduino/0309_000093/0309_000093_data.txt {'mode': 'at', 'encoding': 'utf-8'}...
2026-03-12 16:07:42.911 | DEBUG    | baldaquin.buf:_write:285 - 1500 bytes written to disk.
2026-03-12 16:07:42.911 | DEBUG    | baldaquin.buf:open:104 - Ouput file /home/lab1-student/baldaquindata/plasduino/0309_000093/0309_000093_data.txt closed.
2026-03-12 16:07:42.911 | DEBUG    | baldaquin.buf:open:100 - Opening output file /home/lab1-student/baldaquindata/plasduino/0309_000094/0309_000094_data.txt {'mode': 'at', 'encoding': 'utf-8'}...
2026-03-12 16:07:42.912 | DEBUG    | baldaquin.buf:_write:285 - 1500 bytes written to disk.
2026-03-12 16:07:42.912 | DEBUG    | baldaquin.buf:open:104 - Ouput file /home/lab1-student/baldaquindata/plasduino/0309_000094/0309_000094_data.txt closed.
2026-03-12 16:07:42.912 | DEBUG    | baldaquin.buf:open:100 - Opening output file /home/lab1-student/baldaquindata/plasduino/0309_000095/0309_000095_data.txt {'mode': 'at', 'encoding': 'utf-8'}...
2026-03-12 16:07:42.912 | DEBUG    | baldaquin.buf:_write:285 - 1500 bytes written to disk.
2026-03-12 16:07:42.912 | DEBUG    | baldaquin.buf:open:104 - Ouput file /home/lab1-student/baldaquindata/plasduino/0309_000095/0309_000095_data.txt closed.
2026-03-12 16:07:42.912 | DEBUG    | baldaquin.buf:open:100 - Opening output file /home/lab1-student/baldaquindata/plasduino/0309_000096/0309_000096_data.txt {'mode': 'at', 'encoding': 'utf-8'}...
2026-03-12 16:07:42.913 | DEBUG    | baldaquin.buf:_write:285 - 1500 bytes written to disk.
2026-03-12 16:07:42.913 | DEBUG    | baldaquin.buf:open:104 - Ouput file /home/lab1-student/baldaquindata/plasduino/0309_000096/0309_000096_data.txt closed.
2026-03-12 16:07:42.913 | DEBUG    | baldaquin.buf:open:100 - Opening output file /home/lab1-student/baldaquindata/plasduino/0309_000097/0309_000097_data.txt {'mode': 'at', 'encoding': 'utf-8'}...
2026-03-12 16:07:42.914 | DEBUG    | baldaquin.buf:_write:285 - 1500 bytes written to disk.
2026-03-12 16:07:42.914 | DEBUG    | baldaquin.buf:open:104 - Ouput file /home/lab1-student/baldaquindata/plasduino/0309_000097/0309_000097_data.txt closed.
2026-03-12 16:07:42.914 | DEBUG    | baldaquin.buf:open:100 - Opening output file /home/lab1-student/baldaquindata/plasduino/0309_000098/0309_000098_data.txt {'mode': 'at', 'encoding': 'utf-8'}...
2026-03-12 16:07:42.914 | DEBUG    | baldaquin.buf:_write:285 - 1500 bytes written to disk.
2026-03-12 16:07:42.914 | DEBUG    | baldaquin.buf:open:104 - Ouput file /home/lab1-student/baldaquindata/plasduino/0309_000098/0309_000098_data.txt closed.
2026-03-12 16:07:42.914 | DEBUG    | baldaquin.buf:open:100 - Opening output file /home/lab1-student/baldaquindata/plasduino/0309_000099/0309_000099_data.txt {'mode': 'at', 'encoding': 'utf-8'}...
2026-03-12 16:07:42.915 | DEBUG    | baldaquin.buf:_write:285 - 1500 bytes written to disk.
2026-03-12 16:07:42.915 | DEBUG    | baldaquin.buf:open:104 - Ouput file /home/lab1-student/baldaquindata/plasduino/0309_000099/0309_000099_data.txt closed.
2026-03-12 16:07:42.915 | DEBUG    | baldaquin.buf:open:100 - Opening output file /home/lab1-student/baldaquindata/plasduino/0309_000100/0309_000100_data.txt {'mode': 'at', 'encoding': 'utf-8'}...
2026-03-12 16:07:42.916 | DEBUG    | baldaquin.buf:_write:285 - 1500 bytes written to disk.
2026-03-12 16:07:42.916 | DEBUG    | baldaquin.buf:open:104 - Ouput file /home/lab1-student/baldaquindata/plasduino/0309_000100/0309_000100_data.txt closed.
2026-03-12 16:07:42.916 | DEBUG    | baldaquin.buf:open:100 - Opening output file /home/lab1-student/baldaquindata/plasduino/0309_000101/0309_000101_data.txt {'mode': 'at', 'encoding': 'utf-8'}...
2026-03-12 16:07:42.916 | DEBUG    | baldaquin.buf:_write:285 - 1500 bytes written to disk.
2026-03-12 16:07:42.916 | DEBUG    | baldaquin.buf:open:104 - Ouput file /home/lab1-student/baldaquindata/plasduino/0309_000101/0309_000101_data.txt closed.
2026-03-12 16:07:42.917 | DEBUG    | baldaquin.buf:open:100 - Opening output file /home/lab1-student/baldaquindata/plasduino/0309_000102/0309_000102_data.txt {'mode': 'at', 'encoding': 'utf-8'}...
2026-03-12 16:07:42.917 | DEBUG    | baldaquin.buf:_write:285 - 1500 bytes written to disk.
2026-03-12 16:07:42.917 | DEBUG    | baldaquin.buf:open:104 - Ouput file /home/lab1-student/baldaquindata/plasduino/0309_000102/0309_000102_data.txt closed.
2026-03-12 16:07:42.917 | DEBUG    | baldaquin.buf:open:100 - Opening output file /home/lab1-student/baldaquindata/plasduino/0309_000103/0309_000103_data.txt {'mode': 'at', 'encoding': 'utf-8'}...
2026-03-12 16:07:42.918 | DEBUG    | baldaquin.buf:_write:285 - 1500 bytes written to disk.
2026-03-12 16:07:42.918 | DEBUG    | baldaquin.buf:open:104 - Ouput file /home/lab1-student/baldaquindata/plasduino/0309_000103/0309_000103_data.txt closed.
2026-03-12 16:07:42.918 | DEBUG    | baldaquin.buf:open:100 - Opening output file /home/lab1-student/baldaquindata/plasduino/0309_000104/0309_000104_data.txt {'mode': 'at', 'encoding': 'utf-8'}...
2026-03-12 16:07:42.918 | DEBUG    | baldaquin.buf:_write:285 - 1500 bytes written to disk.
2026-03-12 16:07:42.919 | DEBUG    | baldaquin.buf:open:104 - Ouput file /home/lab1-student/baldaquindata/plasduino/0309_000104/0309_000104_data.txt closed.
2026-03-12 16:07:42.919 | DEBUG    | baldaquin.buf:open:100 - Opening output file /home/lab1-student/baldaquindata/plasduino/0309_000105/0309_000105_data.txt {'mode': 'at', 'encoding': 'utf-8'}...
2026-03-12 16:07:42.919 | DEBUG    | baldaquin.buf:_write:285 - 1500 bytes written to disk.
2026-03-12 16:07:42.919 | DEBUG    | baldaquin.buf:open:104 - Ouput file /home/lab1-student/baldaquindata/plasduino/0309_000105/0309_000105_data.txt closed.
2026-03-12 16:07:42.919 | DEBUG    | baldaquin.buf:open:100 - Opening output file /home/lab1-student/baldaquindata/plasduino/0309_000105/0309_000105_data.dat {'mode': 'ab'}...
2026-03-12 16:07:42.920 | DEBUG    | baldaquin.buf:_pop_and_write_raw:259 - 800 bytes written to disk.
2026-03-12 16:07:42.920 | DEBUG    | baldaquin.buf:open:104 - Ouput file /home/lab1-student/baldaquindata/plasduino/0309_000105/0309_000105_data.dat closed.
2026-03-12 16:07:42.920 | INFO     | baldaquin.buf:flush:318 - 30800 bytes (800 raw bytes) written to disk.
2026-03-12 16:07:42.920 | DEBUG    | baldaquin.profile:wrap:32 - Running time for flush(): 0.031174 s
2026-03-12 16:07:45.428 | INFO     | baldaquin.buf:flush:309 - 100 packets ready to be written out...
2026-03-12 16:07:45.445 | DEBUG    | baldaquin.buf:open:100 - Opening output file /home/lab1-student/baldaquindata/plasduino/0309_000086/0309_000086_data.txt {'mode': 'at', 'encoding': 'utf-8'}...
2026-03-12 16:07:45.456 | DEBUG    | baldaquin.buf:_write:285 - 1500 bytes written to disk.
2026-03-12 16:07:45.457 | DEBUG    | baldaquin.buf:open:104 - Ouput file /home/lab1-student/baldaquindata/plasduino/0309_000086/0309_000086_data.txt closed.
2026-03-12 16:07:45.457 | DEBUG    | baldaquin.buf:open:100 - Opening output file /home/lab1-student/baldaquindata/plasduino/0309_000087/0309_000087_data.txt {'mode': 'at', 'encoding': 'utf-8'}...
2026-03-12 16:07:45.457 | DEBUG    | baldaquin.buf:_write:285 - 1500 bytes written to disk.
2026-03-12 16:07:45.469 | DEBUG    | baldaquin.buf:open:104 - Ouput file /home/lab1-student/baldaquindata/plasduino/0309_000087/0309_000087_data.txt closed.
2026-03-12 16:07:45.469 | DEBUG    | baldaquin.buf:open:100 - Opening output file /home/lab1-student/baldaquindata/plasduino/0309_000088/0309_000088_data.txt {'mode': 'at', 'encoding': 'utf-8'}...
2026-03-12 16:07:45.472 | DEBUG    | baldaquin.buf:_write:285 - 1500 bytes written to disk.
2026-03-12 16:07:45.473 | DEBUG    | baldaquin.buf:open:104 - Ouput file /home/lab1-student/baldaquindata/plasduino/0309_000088/0309_000088_data.txt closed.
2026-03-12 16:07:45.473 | DEBUG    | baldaquin.buf:open:100 - Opening output file /home/lab1-student/baldaquindata/plasduino/0309_000089/0309_000089_data.txt {'mode': 'at', 'encoding': 'utf-8'}...
2026-03-12 16:07:45.474 | DEBUG    | baldaquin.buf:_write:285 - 1500 bytes written to disk.
2026-03-12 16:07:45.476 | DEBUG    | baldaquin.buf:open:104 - Ouput file /home/lab1-student/baldaquindata/plasduino/0309_000089/0309_000089_data.txt closed.
2026-03-12 16:07:45.476 | DEBUG    | baldaquin.buf:open:100 - Opening output file /home/lab1-student/baldaquindata/plasduino/0309_000090/0309_000090_data.txt {'mode': 'at', 'encoding': 'utf-8'}...
2026-03-12 16:07:45.478 | DEBUG    | baldaquin.buf:_write:285 - 1500 bytes written to disk.
2026-03-12 16:07:45.478 | DEBUG    | baldaquin.buf:open:104 - Ouput file /home/lab1-student/baldaquindata/plasduino/0309_000090/0309_000090_data.txt closed.
2026-03-12 16:07:45.483 | DEBUG    | baldaquin.buf:open:100 - Opening output file /home/lab1-student/baldaquindata/plasduino/0309_000091/0309_000091_data.txt {'mode': 'at', 'encoding': 'utf-8'}...
2026-03-12 16:07:45.491 | DEBUG    | baldaquin.buf:_write:285 - 1500 bytes written to disk.
2026-03-12 16:07:45.500 | DEBUG    | baldaquin.buf:open:104 - Ouput file /home/lab1-student/baldaquindata/plasduino/0309_000091/0309_000091_data.txt closed.
2026-03-12 16:07:45.512 | DEBUG    | baldaquin.buf:open:100 - Opening output file /home/lab1-student/baldaquindata/plasduino/0309_000092/0309_000092_data.txt {'mode': 'at', 'encoding': 'utf-8'}...
2026-03-12 16:07:45.513 | DEBUG    | baldaquin.buf:_write:285 - 1500 bytes written to disk.
2026-03-12 16:07:45.513 | DEBUG    | baldaquin.buf:open:104 - Ouput file /home/lab1-student/baldaquindata/plasduino/0309_000092/0309_000092_data.txt closed.
2026-03-12 16:07:45.514 | DEBUG    | baldaquin.buf:open:100 - Opening output file /home/lab1-student/baldaquindata/plasduino/0309_000093/0309_000093_data.txt {'mode': 'at', 'encoding': 'utf-8'}...
2026-03-12 16:07:45.514 | DEBUG    | baldaquin.buf:_write:285 - 1500 bytes written to disk.
2026-03-12 16:07:45.514 | DEBUG    | baldaquin.buf:open:104 - Ouput file /home/lab1-student/baldaquindata/plasduino/0309_000093/0309_000093_data.txt closed.
2026-03-12 16:07:45.515 | DEBUG    | baldaquin.buf:open:100 - Opening output file /home/lab1-student/baldaquindata/plasduino/0309_000094/0309_000094_data.txt {'mode': 'at', 'encoding': 'utf-8'}...
2026-03-12 16:07:45.515 | DEBUG    | baldaquin.buf:_write:285 - 1500 bytes written to disk.
2026-03-12 16:07:45.525 | DEBUG    | baldaquin.buf:open:104 - Ouput file /home/lab1-student/baldaquindata/plasduino/0309_000094/0309_000094_data.txt closed.
2026-03-12 16:07:45.526 | DEBUG    | baldaquin.buf:open:100 - Opening output file /home/lab1-student/baldaquindata/plasduino/0309_000095/0309_000095_data.txt {'mode': 'at', 'encoding': 'utf-8'}...
2026-03-12 16:07:45.528 | DEBUG    | baldaquin.buf:_write:285 - 1500 bytes written to disk.
2026-03-12 16:07:45.528 | DEBUG    | baldaquin.buf:open:104 - Ouput file /home/lab1-student/baldaquindata/plasduino/0309_000095/0309_000095_data.txt closed.
2026-03-12 16:07:45.528 | DEBUG    | baldaquin.buf:open:100 - Opening output file /home/lab1-student/baldaquindata/plasduino/0309_000096/0309_000096_data.txt {'mode': 'at', 'encoding': 'utf-8'}...
2026-03-12 16:07:45.529 | DEBUG    | baldaquin.buf:_write:285 - 1500 bytes written to disk.
2026-03-12 16:07:45.532 | DEBUG    | baldaquin.buf:open:104 - Ouput file /home/lab1-student/baldaquindata/plasduino/0309_000096/0309_000096_data.txt closed.
2026-03-12 16:07:45.553 | DEBUG    | baldaquin.buf:open:100 - Opening output file /home/lab1-student/baldaquindata/plasduino/0309_000097/0309_000097_data.txt {'mode': 'at', 'encoding': 'utf-8'}...
2026-03-12 16:07:45.570 | DEBUG    | baldaquin.buf:_write:285 - 1500 bytes written to disk.
2026-03-12 16:07:45.570 | DEBUG    | baldaquin.buf:open:104 - Ouput file /home/lab1-student/baldaquindata/plasduino/0309_000097/0309_000097_data.txt closed.
2026-03-12 16:07:45.571 | DEBUG    | baldaquin.buf:open:100 - Opening output file /home/lab1-student/baldaquindata/plasduino/0309_000098/0309_000098_data.txt {'mode': 'at', 'encoding': 'utf-8'}...
2026-03-12 16:07:45.572 | DEBUG    | baldaquin.buf:_write:285 - 1500 bytes written to disk.
2026-03-12 16:07:45.576 | DEBUG    | baldaquin.buf:open:104 - Ouput file /home/lab1-student/baldaquindata/plasduino/0309_000098/0309_000098_data.txt closed.
2026-03-12 16:07:45.576 | DEBUG    | baldaquin.buf:open:100 - Opening output file /home/lab1-student/baldaquindata/plasduino/0309_000099/0309_000099_data.txt {'mode': 'at', 'encoding': 'utf-8'}...
2026-03-12 16:07:45.580 | DEBUG    | baldaquin.buf:_write:285 - 1500 bytes written to disk.
2026-03-12 16:07:45.580 | DEBUG    | baldaquin.buf:open:104 - Ouput file /home/lab1-student/baldaquindata/plasduino/0309_000099/0309_000099_data.txt closed.
2026-03-12 16:07:45.580 | DEBUG    | baldaquin.buf:open:100 - Opening output file /home/lab1-student/baldaquindata/plasduino/0309_000100/0309_000100_data.txt {'mode': 'at', 'encoding': 'utf-8'}...
2026-03-12 16:07:45.581 | DEBUG    | baldaquin.buf:_write:285 - 1500 bytes written to disk.
2026-03-12 16:07:45.581 | DEBUG    | baldaquin.buf:open:104 - Ouput file /home/lab1-student/baldaquindata/plasduino/0309_000100/0309_000100_data.txt closed.
2026-03-12 16:07:45.581 | DEBUG    | baldaquin.buf:open:100 - Opening output file /home/lab1-student/baldaquindata/plasduino/0309_000101/0309_000101_data.txt {'mode': 'at', 'encoding': 'utf-8'}...
2026-03-12 16:07:45.582 | DEBUG    | baldaquin.buf:_write:285 - 1500 bytes written to disk.
2026-03-12 16:07:45.584 | DEBUG    | baldaquin.buf:open:104 - Ouput file /home/lab1-student/baldaquindata/plasduino/0309_000101/0309_000101_data.txt closed.
2026-03-12 16:07:45.584 | DEBUG    | baldaquin.buf:open:100 - Opening output file /home/lab1-student/baldaquindata/plasduino/0309_000102/0309_000102_data.txt {'mode': 'at', 'encoding': 'utf-8'}...
2026-03-12 16:07:45.584 | DEBUG    | baldaquin.buf:_write:285 - 1500 bytes written to disk.
2026-03-12 16:07:45.584 | DEBUG    | baldaquin.buf:open:104 - Ouput file /home/lab1-student/baldaquindata/plasduino/0309_000102/0309_000102_data.txt closed.
2026-03-12 16:07:45.585 | DEBUG    | baldaquin.buf:open:100 - Opening output file /home/lab1-student/baldaquindata/plasduino/0309_000103/0309_000103_data.txt {'mode': 'at', 'encoding': 'utf-8'}...
2026-03-12 16:07:45.585 | DEBUG    | baldaquin.buf:_write:285 - 1500 bytes written to disk.
2026-03-12 16:07:45.585 | DEBUG    | baldaquin.buf:open:104 - Ouput file /home/lab1-student/baldaquindata/plasduino/0309_000103/0309_000103_data.txt closed.
2026-03-12 16:07:45.585 | DEBUG    | baldaquin.buf:open:100 - Opening output file /home/lab1-student/baldaquindata/plasduino/0309_000104/0309_000104_data.txt {'mode': 'at', 'encoding': 'utf-8'}...
2026-03-12 16:07:45.586 | DEBUG    | baldaquin.buf:_write:285 - 1500 bytes written to disk.
2026-03-12 16:07:45.586 | DEBUG    | baldaquin.buf:open:104 - Ouput file /home/lab1-student/baldaquindata/plasduino/0309_000104/0309_000104_data.txt closed.
2026-03-12 16:07:45.586 | DEBUG    | baldaquin.buf:open:100 - Opening output file /home/lab1-student/baldaquindata/plasduino/0309_000105/0309_000105_data.txt {'mode': 'at', 'encoding': 'utf-8'}...
2026-03-12 16:07:45.586 | DEBUG    | baldaquin.buf:_write:285 - 1500 bytes written to disk.
2026-03-12 16:07:45.587 | DEBUG    | baldaquin.buf:open:104 - Ouput file /home/lab1-student/baldaquindata/plasduino/0309_000105/0309_000105_data.txt closed.
2026-03-12 16:07:45.587 | DEBUG    | baldaquin.buf:open:100 - Opening output file /home/lab1-student/baldaquindata/plasduino/0309_000105/0309_000105_data.dat {'mode': 'ab'}...
2026-03-12 16:07:45.587 | DEBUG    | baldaquin.buf:_pop_and_write_raw:259 - 800 bytes written to disk.
2026-03-12 16:07:45.587 | DEBUG    | baldaquin.buf:open:104 - Ouput file /home/lab1-student/baldaquindata/plasduino/0309_000105/0309_000105_data.dat closed.
2026-03-12 16:07:45.587 | INFO     | baldaquin.buf:flush:318 - 30800 bytes (800 raw bytes) written to disk.
2026-03-12 16:07:45.587 | DEBUG    | baldaquin.profile:wrap:32 - Running time for flush(): 0.158899 s
2026-03-12 16:07:47.971 | INFO     | baldaquin.buf:flush:309 - 100 packets ready to be written out...
2026-03-12 16:07:47.974 | DEBUG    | baldaquin.buf:open:100 - Opening output file /home/lab1-student/baldaquindata/plasduino/0309_000086/0309_000086_data.txt {'mode': 'at', 'encoding': 'utf-8'}...
2026-03-12 16:07:47.974 | DEBUG    | baldaquin.buf:_write:285 - 1500 bytes written to disk.
2026-03-12 16:07:47.974 | DEBUG    | baldaquin.buf:open:104 - Ouput file /home/lab1-student/baldaquindata/plasduino/0309_000086/0309_000086_data.txt closed.
2026-03-12 16:07:47.975 | DEBUG    | baldaquin.buf:open:100 - Opening output file /home/lab1-student/baldaquindata/plasduino/0309_000087/0309_000087_data.txt {'mode': 'at', 'encoding': 'utf-8'}...
2026-03-12 16:07:47.975 | DEBUG    | baldaquin.buf:_write:285 - 1500 bytes written to disk.
2026-03-12 16:07:47.975 | DEBUG    | baldaquin.buf:open:104 - Ouput file /home/lab1-student/baldaquindata/plasduino/0309_000087/0309_000087_data.txt closed.
2026-03-12 16:07:47.975 | DEBUG    | baldaquin.buf:open:100 - Opening output file /home/lab1-student/baldaquindata/plasduino/0309_000088/0309_000088_data.txt {'mode': 'at', 'encoding': 'utf-8'}...
2026-03-12 16:07:47.976 | DEBUG    | baldaquin.buf:_write:285 - 1500 bytes written to disk.
2026-03-12 16:07:47.976 | DEBUG    | baldaquin.buf:open:104 - Ouput file /home/lab1-student/baldaquindata/plasduino/0309_000088/0309_000088_data.txt closed.
2026-03-12 16:07:47.976 | DEBUG    | baldaquin.buf:open:100 - Opening output file /home/lab1-student/baldaquindata/plasduino/0309_000089/0309_000089_data.txt {'mode': 'at', 'encoding': 'utf-8'}...
2026-03-12 16:07:47.977 | DEBUG    | baldaquin.buf:_write:285 - 1500 bytes written to disk.
2026-03-12 16:07:47.983 | DEBUG    | baldaquin.buf:open:104 - Ouput file /home/lab1-student/baldaquindata/plasduino/0309_000089/0309_000089_data.txt closed.
2026-03-12 16:07:47.983 | DEBUG    | baldaquin.buf:open:100 - Opening output file /home/lab1-student/baldaquindata/plasduino/0309_000090/0309_000090_data.txt {'mode': 'at', 'encoding': 'utf-8'}...
2026-03-12 16:07:47.986 | DEBUG    | baldaquin.buf:_write:285 - 1500 bytes written to disk.
2026-03-12 16:07:47.991 | DEBUG    | baldaquin.buf:open:104 - Ouput file /home/lab1-student/baldaquindata/plasduino/0309_000090/0309_000090_data.txt closed.
2026-03-12 16:07:47.991 | DEBUG    | baldaquin.buf:open:100 - Opening output file /home/lab1-student/baldaquindata/plasduino/0309_000091/0309_000091_data.txt {'mode': 'at', 'encoding': 'utf-8'}...
2026-03-12 16:07:47.992 | DEBUG    | baldaquin.buf:_write:285 - 1500 bytes written to disk.
2026-03-12 16:07:47.992 | DEBUG    | baldaquin.buf:open:104 - Ouput file /home/lab1-student/baldaquindata/plasduino/0309_000091/0309_000091_data.txt closed.
2026-03-12 16:07:47.992 | DEBUG    | baldaquin.buf:open:100 - Opening output file /home/lab1-student/baldaquindata/plasduino/0309_000092/0309_000092_data.txt {'mode': 'at', 'encoding': 'utf-8'}...
2026-03-12 16:07:47.993 | DEBUG    | baldaquin.buf:_write:285 - 1500 bytes written to disk.
2026-03-12 16:07:47.993 | DEBUG    | baldaquin.buf:open:104 - Ouput file /home/lab1-student/baldaquindata/plasduino/0309_000092/0309_000092_data.txt closed.
2026-03-12 16:07:47.993 | DEBUG    | baldaquin.buf:open:100 - Opening output file /home/lab1-student/baldaquindata/plasduino/0309_000093/0309_000093_data.txt {'mode': 'at', 'encoding': 'utf-8'}...
2026-03-12 16:07:47.994 | DEBUG    | baldaquin.buf:_write:285 - 1500 bytes written to disk.
2026-03-12 16:07:47.994 | DEBUG    | baldaquin.buf:open:104 - Ouput file /home/lab1-student/baldaquindata/plasduino/0309_000093/0309_000093_data.txt closed.
2026-03-12 16:07:47.994 | DEBUG    | baldaquin.buf:open:100 - Opening output file /home/lab1-student/baldaquindata/plasduino/0309_000094/0309_000094_data.txt {'mode': 'at', 'encoding': 'utf-8'}...
2026-03-12 16:07:47.995 | DEBUG    | baldaquin.buf:_write:285 - 1500 bytes written to disk.
2026-03-12 16:07:48.005 | DEBUG    | baldaquin.buf:open:104 - Ouput file /home/lab1-student/baldaquindata/plasduino/0309_000094/0309_000094_data.txt closed.
2026-03-12 16:07:48.006 | DEBUG    | baldaquin.buf:open:100 - Opening output file /home/lab1-student/baldaquindata/plasduino/0309_000095/0309_000095_data.txt {'mode': 'at', 'encoding': 'utf-8'}...
2026-03-12 16:07:48.009 | DEBUG    | baldaquin.buf:_write:285 - 1500 bytes written to disk.
2026-03-12 16:07:48.009 | DEBUG    | baldaquin.buf:open:104 - Ouput file /home/lab1-student/baldaquindata/plasduino/0309_000095/0309_000095_data.txt closed.
2026-03-12 16:07:48.010 | DEBUG    | baldaquin.buf:open:100 - Opening output file /home/lab1-student/baldaquindata/plasduino/0309_000096/0309_000096_data.txt {'mode': 'at', 'encoding': 'utf-8'}...
2026-03-12 16:07:48.010 | DEBUG    | baldaquin.buf:_write:285 - 1500 bytes written to disk.
2026-03-12 16:07:48.014 | DEBUG    | baldaquin.buf:open:104 - Ouput file /home/lab1-student/baldaquindata/plasduino/0309_000096/0309_000096_data.txt closed.
2026-03-12 16:07:48.014 | DEBUG    | baldaquin.buf:open:100 - Opening output file /home/lab1-student/baldaquindata/plasduino/0309_000097/0309_000097_data.txt {'mode': 'at', 'encoding': 'utf-8'}...
2026-03-12 16:07:48.015 | DEBUG    | baldaquin.buf:_write:285 - 1500 bytes written to disk.
2026-03-12 16:07:48.015 | DEBUG    | baldaquin.buf:open:104 - Ouput file /home/lab1-student/baldaquindata/plasduino/0309_000097/0309_000097_data.txt closed.
2026-03-12 16:07:48.015 | DEBUG    | baldaquin.buf:open:100 - Opening output file /home/lab1-student/baldaquindata/plasduino/0309_000098/0309_000098_data.txt {'mode': 'at', 'encoding': 'utf-8'}...
2026-03-12 16:07:48.015 | DEBUG    | baldaquin.buf:_write:285 - 1500 bytes written to disk.
2026-03-12 16:07:48.015 | DEBUG    | baldaquin.buf:open:104 - Ouput file /home/lab1-student/baldaquindata/plasduino/0309_000098/0309_000098_data.txt closed.
2026-03-12 16:07:48.016 | DEBUG    | baldaquin.buf:open:100 - Opening output file /home/lab1-student/baldaquindata/plasduino/0309_000099/0309_000099_data.txt {'mode': 'at', 'encoding': 'utf-8'}...
2026-03-12 16:07:48.016 | DEBUG    | baldaquin.buf:_write:285 - 1500 bytes written to disk.
2026-03-12 16:07:48.016 | DEBUG    | baldaquin.buf:open:104 - Ouput file /home/lab1-student/baldaquindata/plasduino/0309_000099/0309_000099_data.txt closed.
2026-03-12 16:07:48.016 | DEBUG    | baldaquin.buf:open:100 - Opening output file /home/lab1-student/baldaquindata/plasduino/0309_000100/0309_000100_data.txt {'mode': 'at', 'encoding': 'utf-8'}...
2026-03-12 16:07:48.017 | DEBUG    | baldaquin.buf:_write:285 - 1500 bytes written to disk.
2026-03-12 16:07:48.017 | DEBUG    | baldaquin.buf:open:104 - Ouput file /home/lab1-student/baldaquindata/plasduino/0309_000100/0309_000100_data.txt closed.
2026-03-12 16:07:48.017 | DEBUG    | baldaquin.buf:open:100 - Opening output file /home/lab1-student/baldaquindata/plasduino/0309_000101/0309_000101_data.txt {'mode': 'at', 'encoding': 'utf-8'}...
2026-03-12 16:07:48.017 | DEBUG    | baldaquin.buf:_write:285 - 1500 bytes written to disk.
2026-03-12 16:07:48.017 | DEBUG    | baldaquin.buf:open:104 - Ouput file /home/lab1-student/baldaquindata/plasduino/0309_000101/0309_000101_data.txt closed.
2026-03-12 16:07:48.018 | DEBUG    | baldaquin.buf:open:100 - Opening output file /home/lab1-student/baldaquindata/plasduino/0309_000102/0309_000102_data.txt {'mode': 'at', 'encoding': 'utf-8'}...
2026-03-12 16:07:48.020 | DEBUG    | baldaquin.buf:_write:285 - 1500 bytes written to disk.
2026-03-12 16:07:48.020 | DEBUG    | baldaquin.buf:open:104 - Ouput file /home/lab1-student/baldaquindata/plasduino/0309_000102/0309_000102_data.txt closed.
2026-03-12 16:07:48.020 | DEBUG    | baldaquin.buf:open:100 - Opening output file /home/lab1-student/baldaquindata/plasduino/0309_000103/0309_000103_data.txt {'mode': 'at', 'encoding': 'utf-8'}...
2026-03-12 16:07:48.021 | DEBUG    | baldaquin.buf:_write:285 - 1500 bytes written to disk.
2026-03-12 16:07:48.021 | DEBUG    | baldaquin.buf:open:104 - Ouput file /home/lab1-student/baldaquindata/plasduino/0309_000103/0309_000103_data.txt closed.
2026-03-12 16:07:48.021 | DEBUG    | baldaquin.buf:open:100 - Opening output file /home/lab1-student/baldaquindata/plasduino/0309_000104/0309_000104_data.txt {'mode': 'at', 'encoding': 'utf-8'}...
2026-03-12 16:07:48.022 | DEBUG    | baldaquin.buf:_write:285 - 1500 bytes written to disk.
2026-03-12 16:07:48.022 | DEBUG    | baldaquin.buf:open:104 - Ouput file /home/lab1-student/baldaquindata/plasduino/0309_000104/0309_000104_data.txt closed.
2026-03-12 16:07:48.022 | DEBUG    | baldaquin.buf:open:100 - Opening output file /home/lab1-student/baldaquindata/plasduino/0309_000105/0309_000105_data.txt {'mode': 'at', 'encoding': 'utf-8'}...
2026-03-12 16:07:48.023 | DEBUG    | baldaquin.buf:_write:285 - 1500 bytes written to disk.
2026-03-12 16:07:48.023 | DEBUG    | baldaquin.buf:open:104 - Ouput file /home/lab1-student/baldaquindata/plasduino/0309_000105/0309_000105_data.txt closed.
2026-03-12 16:07:48.046 | DEBUG    | baldaquin.buf:open:100 - Opening output file /home/lab1-student/baldaquindata/plasduino/0309_000105/0309_000105_data.dat {'mode': 'ab'}...
2026-03-12 16:07:48.060 | DEBUG    | baldaquin.buf:_pop_and_write_raw:259 - 800 bytes written to disk.
2026-03-12 16:07:48.061 | DEBUG    | baldaquin.buf:open:104 - Ouput file /home/lab1-student/baldaquindata/plasduino/0309_000105/0309_000105_data.dat closed.
2026-03-12 16:07:48.062 | INFO     | baldaquin.buf:flush:318 - 30800 bytes (800 raw bytes) written to disk.
2026-03-12 16:07:48.062 | DEBUG    | baldaquin.profile:wrap:32 - Running time for flush(): 0.091089 s
2026-03-12 16:07:50.499 | INFO     | baldaquin.buf:flush:309 - 100 packets ready to be written out...
2026-03-12 16:07:50.499 | DEBUG    | baldaquin.buf:open:100 - Opening output file /home/lab1-student/baldaquindata/plasduino/0309_000086/0309_000086_data.txt {'mode': 'at', 'encoding': 'utf-8'}...
2026-03-12 16:07:50.500 | DEBUG    | baldaquin.buf:_write:285 - 1500 bytes written to disk.
2026-03-12 16:07:50.502 | DEBUG    | baldaquin.buf:open:104 - Ouput file /home/lab1-student/baldaquindata/plasduino/0309_000086/0309_000086_data.txt closed.
2026-03-12 16:07:50.503 | DEBUG    | baldaquin.buf:open:100 - Opening output file /home/lab1-student/baldaquindata/plasduino/0309_000087/0309_000087_data.txt {'mode': 'at', 'encoding': 'utf-8'}...
2026-03-12 16:07:50.504 | DEBUG    | baldaquin.buf:_write:285 - 1500 bytes written to disk.
2026-03-12 16:07:50.504 | DEBUG    | baldaquin.buf:open:104 - Ouput file /home/lab1-student/baldaquindata/plasduino/0309_000087/0309_000087_data.txt closed.
2026-03-12 16:07:50.504 | DEBUG    | baldaquin.buf:open:100 - Opening output file /home/lab1-student/baldaquindata/plasduino/0309_000088/0309_000088_data.txt {'mode': 'at', 'encoding': 'utf-8'}...
2026-03-12 16:07:50.504 | DEBUG    | baldaquin.buf:_write:285 - 1500 bytes written to disk.
2026-03-12 16:07:50.504 | DEBUG    | baldaquin.buf:open:104 - Ouput file /home/lab1-student/baldaquindata/plasduino/0309_000088/0309_000088_data.txt closed.
2026-03-12 16:07:50.505 | DEBUG    | baldaquin.buf:open:100 - Opening output file /home/lab1-student/baldaquindata/plasduino/0309_000089/0309_000089_data.txt {'mode': 'at', 'encoding': 'utf-8'}...
2026-03-12 16:07:50.505 | DEBUG    | baldaquin.buf:_write:285 - 1500 bytes written to disk.
2026-03-12 16:07:50.505 | DEBUG    | baldaquin.buf:open:104 - Ouput file /home/lab1-student/baldaquindata/plasduino/0309_000089/0309_000089_data.txt closed.
2026-03-12 16:07:50.505 | DEBUG    | baldaquin.buf:open:100 - Opening output file /home/lab1-student/baldaquindata/plasduino/0309_000090/0309_000090_data.txt {'mode': 'at', 'encoding': 'utf-8'}...
2026-03-12 16:07:50.506 | DEBUG    | baldaquin.buf:_write:285 - 1500 bytes written to disk.
2026-03-12 16:07:50.506 | DEBUG    | baldaquin.buf:open:104 - Ouput file /home/lab1-student/baldaquindata/plasduino/0309_000090/0309_000090_data.txt closed.
2026-03-12 16:07:50.506 | DEBUG    | baldaquin.buf:open:100 - Opening output file /home/lab1-student/baldaquindata/plasduino/0309_000091/0309_000091_data.txt {'mode': 'at', 'encoding': 'utf-8'}...
2026-03-12 16:07:50.507 | DEBUG    | baldaquin.buf:_write:285 - 1500 bytes written to disk.
2026-03-12 16:07:50.507 | DEBUG    | baldaquin.buf:open:104 - Ouput file /home/lab1-student/baldaquindata/plasduino/0309_000091/0309_000091_data.txt closed.
2026-03-12 16:07:50.507 | DEBUG    | baldaquin.buf:open:100 - Opening output file /home/lab1-student/baldaquindata/plasduino/0309_000092/0309_000092_data.txt {'mode': 'at', 'encoding': 'utf-8'}...
2026-03-12 16:07:50.507 | DEBUG    | baldaquin.buf:_write:285 - 1500 bytes written to disk.
2026-03-12 16:07:50.507 | DEBUG    | baldaquin.buf:open:104 - Ouput file /home/lab1-student/baldaquindata/plasduino/0309_000092/0309_000092_data.txt closed.
2026-03-12 16:07:50.508 | DEBUG    | baldaquin.buf:open:100 - Opening output file /home/lab1-student/baldaquindata/plasduino/0309_000093/0309_000093_data.txt {'mode': 'at', 'encoding': 'utf-8'}...
2026-03-12 16:07:50.508 | DEBUG    | baldaquin.buf:_write:285 - 1500 bytes written to disk.
2026-03-12 16:07:50.508 | DEBUG    | baldaquin.buf:open:104 - Ouput file /home/lab1-student/baldaquindata/plasduino/0309_000093/0309_000093_data.txt closed.
2026-03-12 16:07:50.508 | DEBUG    | baldaquin.buf:open:100 - Opening output file /home/lab1-student/baldaquindata/plasduino/0309_000094/0309_000094_data.txt {'mode': 'at', 'encoding': 'utf-8'}...
2026-03-12 16:07:50.509 | DEBUG    | baldaquin.buf:_write:285 - 1500 bytes written to disk.
2026-03-12 16:07:50.509 | DEBUG    | baldaquin.buf:open:104 - Ouput file /home/lab1-student/baldaquindata/plasduino/0309_000094/0309_000094_data.txt closed.
2026-03-12 16:07:50.509 | DEBUG    | baldaquin.buf:open:100 - Opening output file /home/lab1-student/baldaquindata/plasduino/0309_000095/0309_000095_data.txt {'mode': 'at', 'encoding': 'utf-8'}...
2026-03-12 16:07:50.509 | DEBUG    | baldaquin.buf:_write:285 - 1500 bytes written to disk.
2026-03-12 16:07:50.509 | DEBUG    | baldaquin.buf:open:104 - Ouput file /home/lab1-student/baldaquindata/plasduino/0309_000095/0309_000095_data.txt closed.
2026-03-12 16:07:50.510 | DEBUG    | baldaquin.buf:open:100 - Opening output file /home/lab1-student/baldaquindata/plasduino/0309_000096/0309_000096_data.txt {'mode': 'at', 'encoding': 'utf-8'}...
2026-03-12 16:07:50.510 | DEBUG    | baldaquin.buf:_write:285 - 1500 bytes written to disk.
2026-03-12 16:07:50.510 | DEBUG    | baldaquin.buf:open:104 - Ouput file /home/lab1-student/baldaquindata/plasduino/0309_000096/0309_000096_data.txt closed.
2026-03-12 16:07:50.510 | DEBUG    | baldaquin.buf:open:100 - Opening output file /home/lab1-student/baldaquindata/plasduino/0309_000097/0309_000097_data.txt {'mode': 'at', 'encoding': 'utf-8'}...
2026-03-12 16:07:50.511 | DEBUG    | baldaquin.buf:_write:285 - 1500 bytes written to disk.
2026-03-12 16:07:50.511 | DEBUG    | baldaquin.buf:open:104 - Ouput file /home/lab1-student/baldaquindata/plasduino/0309_000097/0309_000097_data.txt closed.
2026-03-12 16:07:50.511 | DEBUG    | baldaquin.buf:open:100 - Opening output file /home/lab1-student/baldaquindata/plasduino/0309_000098/0309_000098_data.txt {'mode': 'at', 'encoding': 'utf-8'}...
2026-03-12 16:07:50.511 | DEBUG    | baldaquin.buf:_write:285 - 1500 bytes written to disk.
2026-03-12 16:07:50.511 | DEBUG    | baldaquin.buf:open:104 - Ouput file /home/lab1-student/baldaquindata/plasduino/0309_000098/0309_000098_data.txt closed.
2026-03-12 16:07:50.512 | DEBUG    | baldaquin.buf:open:100 - Opening output file /home/lab1-student/baldaquindata/plasduino/0309_000099/0309_000099_data.txt {'mode': 'at', 'encoding': 'utf-8'}...
2026-03-12 16:07:50.512 | DEBUG    | baldaquin.buf:_write:285 - 1500 bytes written to disk.
2026-03-12 16:07:50.512 | DEBUG    | baldaquin.buf:open:104 - Ouput file /home/lab1-student/baldaquindata/plasduino/0309_000099/0309_000099_data.txt closed.
2026-03-12 16:07:50.512 | DEBUG    | baldaquin.buf:open:100 - Opening output file /home/lab1-student/baldaquindata/plasduino/0309_000100/0309_000100_data.txt {'mode': 'at', 'encoding': 'utf-8'}...
2026-03-12 16:07:50.513 | DEBUG    | baldaquin.buf:_write:285 - 1500 bytes written to disk.
2026-03-12 16:07:50.513 | DEBUG    | baldaquin.buf:open:104 - Ouput file /home/lab1-student/baldaquindata/plasduino/0309_000100/0309_000100_data.txt closed.
2026-03-12 16:07:50.513 | DEBUG    | baldaquin.buf:open:100 - Opening output file /home/lab1-student/baldaquindata/plasduino/0309_000101/0309_000101_data.txt {'mode': 'at', 'encoding': 'utf-8'}...
2026-03-12 16:07:50.513 | DEBUG    | baldaquin.buf:_write:285 - 1500 bytes written to disk.
2026-03-12 16:07:50.513 | DEBUG    | baldaquin.buf:open:104 - Ouput file /home/lab1-student/baldaquindata/plasduino/0309_000101/0309_000101_data.txt closed.
2026-03-12 16:07:50.514 | DEBUG    | baldaquin.buf:open:100 - Opening output file /home/lab1-student/baldaquindata/plasduino/0309_000102/0309_000102_data.txt {'mode': 'at', 'encoding': 'utf-8'}...
2026-03-12 16:07:50.514 | DEBUG    | baldaquin.buf:_write:285 - 1500 bytes written to disk.
2026-03-12 16:07:50.514 | DEBUG    | baldaquin.buf:open:104 - Ouput file /home/lab1-student/baldaquindata/plasduino/0309_000102/0309_000102_data.txt closed.
2026-03-12 16:07:50.514 | DEBUG    | baldaquin.buf:open:100 - Opening output file /home/lab1-student/baldaquindata/plasduino/0309_000103/0309_000103_data.txt {'mode': 'at', 'encoding': 'utf-8'}...
2026-03-12 16:07:50.515 | DEBUG    | baldaquin.buf:_write:285 - 1500 bytes written to disk.
2026-03-12 16:07:50.515 | DEBUG    | baldaquin.buf:open:104 - Ouput file /home/lab1-student/baldaquindata/plasduino/0309_000103/0309_000103_data.txt closed.
2026-03-12 16:07:50.515 | DEBUG    | baldaquin.buf:open:100 - Opening output file /home/lab1-student/baldaquindata/plasduino/0309_000104/0309_000104_data.txt {'mode': 'at', 'encoding': 'utf-8'}...
2026-03-12 16:07:50.515 | DEBUG    | baldaquin.buf:_write:285 - 1500 bytes written to disk.
2026-03-12 16:07:50.515 | DEBUG    | baldaquin.buf:open:104 - Ouput file /home/lab1-student/baldaquindata/plasduino/0309_000104/0309_000104_data.txt closed.
2026-03-12 16:07:50.516 | DEBUG    | baldaquin.buf:open:100 - Opening output file /home/lab1-student/baldaquindata/plasduino/0309_000105/0309_000105_data.txt {'mode': 'at', 'encoding': 'utf-8'}...
2026-03-12 16:07:50.516 | DEBUG    | baldaquin.buf:_write:285 - 1500 bytes written to disk.
2026-03-12 16:07:50.516 | DEBUG    | baldaquin.buf:open:104 - Ouput file /home/lab1-student/baldaquindata/plasduino/0309_000105/0309_000105_data.txt closed.
2026-03-12 16:07:50.516 | DEBUG    | baldaquin.buf:open:100 - Opening output file /home/lab1-student/baldaquindata/plasduino/0309_000105/0309_000105_data.dat {'mode': 'ab'}...
2026-03-12 16:07:50.516 | DEBUG    | baldaquin.buf:_pop_and_write_raw:259 - 800 bytes written to disk.
2026-03-12 16:07:50.516 | DEBUG    | baldaquin.buf:open:104 - Ouput file /home/lab1-student/baldaquindata/plasduino/0309_000105/0309_000105_data.dat closed.
2026-03-12 16:07:50.516 | INFO     | baldaquin.buf:flush:318 - 30800 bytes (800 raw bytes) written to disk.
2026-03-12 16:07:50.517 | DEBUG    | baldaquin.profile:wrap:32 - Running time for flush(): 0.018035 s
2026-03-12 16:07:53.047 | INFO     | baldaquin.buf:flush:309 - 100 packets ready to be written out...
2026-03-12 16:07:53.048 | DEBUG    | baldaquin.buf:open:100 - Opening output file /home/lab1-student/baldaquindata/plasduino/0309_000086/0309_000086_data.txt {'mode': 'at', 'encoding': 'utf-8'}...
2026-03-12 16:07:53.048 | DEBUG    | baldaquin.buf:_write:285 - 1500 bytes written to disk.
2026-03-12 16:07:53.048 | DEBUG    | baldaquin.buf:open:104 - Ouput file /home/lab1-student/baldaquindata/plasduino/0309_000086/0309_000086_data.txt closed.
2026-03-12 16:07:53.048 | DEBUG    | baldaquin.buf:open:100 - Opening output file /home/lab1-student/baldaquindata/plasduino/0309_000087/0309_000087_data.txt {'mode': 'at', 'encoding': 'utf-8'}...
2026-03-12 16:07:53.049 | DEBUG    | baldaquin.buf:_write:285 - 1500 bytes written to disk.
2026-03-12 16:07:53.049 | DEBUG    | baldaquin.buf:open:104 - Ouput file /home/lab1-student/baldaquindata/plasduino/0309_000087/0309_000087_data.txt closed.
2026-03-12 16:07:53.049 | DEBUG    | baldaquin.buf:open:100 - Opening output file /home/lab1-student/baldaquindata/plasduino/0309_000088/0309_000088_data.txt {'mode': 'at', 'encoding': 'utf-8'}...
2026-03-12 16:07:53.050 | DEBUG    | baldaquin.buf:_write:285 - 1500 bytes written to disk.
2026-03-12 16:07:53.050 | DEBUG    | baldaquin.buf:open:104 - Ouput file /home/lab1-student/baldaquindata/plasduino/0309_000088/0309_000088_data.txt closed.
2026-03-12 16:07:53.050 | DEBUG    | baldaquin.buf:open:100 - Opening output file /home/lab1-student/baldaquindata/plasduino/0309_000089/0309_000089_data.txt {'mode': 'at', 'encoding': 'utf-8'}...
2026-03-12 16:07:53.050 | DEBUG    | baldaquin.buf:_write:285 - 1500 bytes written to disk.
2026-03-12 16:07:53.051 | DEBUG    | baldaquin.buf:open:104 - Ouput file /home/lab1-student/baldaquindata/plasduino/0309_000089/0309_000089_data.txt closed.
2026-03-12 16:07:53.051 | DEBUG    | baldaquin.buf:open:100 - Opening output file /home/lab1-student/baldaquindata/plasduino/0309_000090/0309_000090_data.txt {'mode': 'at', 'encoding': 'utf-8'}...
2026-03-12 16:07:53.062 | DEBUG    | baldaquin.buf:_write:285 - 1500 bytes written to disk.
2026-03-12 16:07:53.063 | DEBUG    | baldaquin.buf:open:104 - Ouput file /home/lab1-student/baldaquindata/plasduino/0309_000090/0309_000090_data.txt closed.
2026-03-12 16:07:53.063 | DEBUG    | baldaquin.buf:open:100 - Opening output file /home/lab1-student/baldaquindata/plasduino/0309_000091/0309_000091_data.txt {'mode': 'at', 'encoding': 'utf-8'}...
2026-03-12 16:07:53.068 | DEBUG    | baldaquin.buf:_write:285 - 1500 bytes written to disk.
2026-03-12 16:07:53.068 | DEBUG    | baldaquin.buf:open:104 - Ouput file /home/lab1-student/baldaquindata/plasduino/0309_000091/0309_000091_data.txt closed.
2026-03-12 16:07:53.069 | DEBUG    | baldaquin.buf:open:100 - Opening output file /home/lab1-student/baldaquindata/plasduino/0309_000092/0309_000092_data.txt {'mode': 'at', 'encoding': 'utf-8'}...
2026-03-12 16:07:53.086 | DEBUG    | baldaquin.buf:_write:285 - 1500 bytes written to disk.
2026-03-12 16:07:53.087 | DEBUG    | baldaquin.buf:open:104 - Ouput file /home/lab1-student/baldaquindata/plasduino/0309_000092/0309_000092_data.txt closed.
2026-03-12 16:07:53.087 | DEBUG    | baldaquin.buf:open:100 - Opening output file /home/lab1-student/baldaquindata/plasduino/0309_000093/0309_000093_data.txt {'mode': 'at', 'encoding': 'utf-8'}...
2026-03-12 16:07:53.088 | DEBUG    | baldaquin.buf:_write:285 - 1500 bytes written to disk.
2026-03-12 16:07:53.093 | DEBUG    | baldaquin.buf:open:104 - Ouput file /home/lab1-student/baldaquindata/plasduino/0309_000093/0309_000093_data.txt closed.
2026-03-12 16:07:53.094 | DEBUG    | baldaquin.buf:open:100 - Opening output file /home/lab1-student/baldaquindata/plasduino/0309_000094/0309_000094_data.txt {'mode': 'at', 'encoding': 'utf-8'}...
2026-03-12 16:07:53.096 | DEBUG    | baldaquin.buf:_write:285 - 1500 bytes written to disk.
2026-03-12 16:07:53.098 | DEBUG    | baldaquin.buf:open:104 - Ouput file /home/lab1-student/baldaquindata/plasduino/0309_000094/0309_000094_data.txt closed.
2026-03-12 16:07:53.100 | DEBUG    | baldaquin.buf:open:100 - Opening output file /home/lab1-student/baldaquindata/plasduino/0309_000095/0309_000095_data.txt {'mode': 'at', 'encoding': 'utf-8'}...
2026-03-12 16:07:53.111 | DEBUG    | baldaquin.buf:_write:285 - 1500 bytes written to disk.
2026-03-12 16:07:53.112 | DEBUG    | baldaquin.buf:open:104 - Ouput file /home/lab1-student/baldaquindata/plasduino/0309_000095/0309_000095_data.txt closed.
2026-03-12 16:07:53.112 | DEBUG    | baldaquin.buf:open:100 - Opening output file /home/lab1-student/baldaquindata/plasduino/0309_000096/0309_000096_data.txt {'mode': 'at', 'encoding': 'utf-8'}...
2026-03-12 16:07:53.112 | DEBUG    | baldaquin.buf:_write:285 - 1500 bytes written to disk.
2026-03-12 16:07:53.113 | DEBUG    | baldaquin.buf:open:104 - Ouput file /home/lab1-student/baldaquindata/plasduino/0309_000096/0309_000096_data.txt closed.
2026-03-12 16:07:53.113 | DEBUG    | baldaquin.buf:open:100 - Opening output file /home/lab1-student/baldaquindata/plasduino/0309_000097/0309_000097_data.txt {'mode': 'at', 'encoding': 'utf-8'}...
2026-03-12 16:07:53.113 | DEBUG    | baldaquin.buf:_write:285 - 1500 bytes written to disk.
2026-03-12 16:07:53.113 | DEBUG    | baldaquin.buf:open:104 - Ouput file /home/lab1-student/baldaquindata/plasduino/0309_000097/0309_000097_data.txt closed.
2026-03-12 16:07:53.114 | DEBUG    | baldaquin.buf:open:100 - Opening output file /home/lab1-student/baldaquindata/plasduino/0309_000098/0309_000098_data.txt {'mode': 'at', 'encoding': 'utf-8'}...
2026-03-12 16:07:53.114 | DEBUG    | baldaquin.buf:_write:285 - 1500 bytes written to disk.
2026-03-12 16:07:53.114 | DEBUG    | baldaquin.buf:open:104 - Ouput file /home/lab1-student/baldaquindata/plasduino/0309_000098/0309_000098_data.txt closed.
2026-03-12 16:07:53.114 | DEBUG    | baldaquin.buf:open:100 - Opening output file /home/lab1-student/baldaquindata/plasduino/0309_000099/0309_000099_data.txt {'mode': 'at', 'encoding': 'utf-8'}...
2026-03-12 16:07:53.115 | DEBUG    | baldaquin.buf:_write:285 - 1500 bytes written to disk.
2026-03-12 16:07:53.115 | DEBUG    | baldaquin.buf:open:104 - Ouput file /home/lab1-student/baldaquindata/plasduino/0309_000099/0309_000099_data.txt closed.
2026-03-12 16:07:53.115 | DEBUG    | baldaquin.buf:open:100 - Opening output file /home/lab1-student/baldaquindata/plasduino/0309_000100/0309_000100_data.txt {'mode': 'at', 'encoding': 'utf-8'}...
2026-03-12 16:07:53.117 | DEBUG    | baldaquin.buf:_write:285 - 1500 bytes written to disk.
2026-03-12 16:07:53.129 | DEBUG    | baldaquin.buf:open:104 - Ouput file /home/lab1-student/baldaquindata/plasduino/0309_000100/0309_000100_data.txt closed.
2026-03-12 16:07:53.129 | DEBUG    | baldaquin.buf:open:100 - Opening output file /home/lab1-student/baldaquindata/plasduino/0309_000101/0309_000101_data.txt {'mode': 'at', 'encoding': 'utf-8'}...
2026-03-12 16:07:53.130 | DEBUG    | baldaquin.buf:_write:285 - 1500 bytes written to disk.
2026-03-12 16:07:53.131 | DEBUG    | baldaquin.buf:open:104 - Ouput file /home/lab1-student/baldaquindata/plasduino/0309_000101/0309_000101_data.txt closed.
2026-03-12 16:07:53.131 | DEBUG    | baldaquin.buf:open:100 - Opening output file /home/lab1-student/baldaquindata/plasduino/0309_000102/0309_000102_data.txt {'mode': 'at', 'encoding': 'utf-8'}...
2026-03-12 16:07:53.132 | DEBUG    | baldaquin.buf:_write:285 - 1500 bytes written to disk.
2026-03-12 16:07:53.132 | DEBUG    | baldaquin.buf:open:104 - Ouput file /home/lab1-student/baldaquindata/plasduino/0309_000102/0309_000102_data.txt closed.
2026-03-12 16:07:53.132 | DEBUG    | baldaquin.buf:open:100 - Opening output file /home/lab1-student/baldaquindata/plasduino/0309_000103/0309_000103_data.txt {'mode': 'at', 'encoding': 'utf-8'}...
2026-03-12 16:07:53.160 | DEBUG    | baldaquin.buf:_write:285 - 1500 bytes written to disk.
2026-03-12 16:07:53.160 | DEBUG    | baldaquin.buf:open:104 - Ouput file /home/lab1-student/baldaquindata/plasduino/0309_000103/0309_000103_data.txt closed.
2026-03-12 16:07:53.160 | DEBUG    | baldaquin.buf:open:100 - Opening output file /home/lab1-student/baldaquindata/plasduino/0309_000104/0309_000104_data.txt {'mode': 'at', 'encoding': 'utf-8'}...
2026-03-12 16:07:53.172 | DEBUG    | baldaquin.buf:_write:285 - 1500 bytes written to disk.
2026-03-12 16:07:53.178 | DEBUG    | baldaquin.buf:open:104 - Ouput file /home/lab1-student/baldaquindata/plasduino/0309_000104/0309_000104_data.txt closed.
2026-03-12 16:07:53.180 | DEBUG    | baldaquin.buf:open:100 - Opening output file /home/lab1-student/baldaquindata/plasduino/0309_000105/0309_000105_data.txt {'mode': 'at', 'encoding': 'utf-8'}...
2026-03-12 16:07:53.185 | DEBUG    | baldaquin.buf:_write:285 - 1500 bytes written to disk.
2026-03-12 16:07:53.185 | DEBUG    | baldaquin.buf:open:104 - Ouput file /home/lab1-student/baldaquindata/plasduino/0309_000105/0309_000105_data.txt closed.
2026-03-12 16:07:53.192 | DEBUG    | baldaquin.buf:open:100 - Opening output file /home/lab1-student/baldaquindata/plasduino/0309_000105/0309_000105_data.dat {'mode': 'ab'}...
2026-03-12 16:07:53.203 | DEBUG    | baldaquin.buf:_pop_and_write_raw:259 - 800 bytes written to disk.
2026-03-12 16:07:53.203 | DEBUG    | baldaquin.buf:open:104 - Ouput file /home/lab1-student/baldaquindata/plasduino/0309_000105/0309_000105_data.dat closed.
2026-03-12 16:07:53.203 | INFO     | baldaquin.buf:flush:318 - 30800 bytes (800 raw bytes) written to disk.
2026-03-12 16:07:53.203 | DEBUG    | baldaquin.profile:wrap:32 - Running time for flush(): 0.155650 s
2026-03-12 16:07:55.581 | INFO     | baldaquin.buf:flush:309 - 100 packets ready to be written out...
2026-03-12 16:07:55.585 | DEBUG    | baldaquin.buf:open:100 - Opening output file /home/lab1-student/baldaquindata/plasduino/0309_000086/0309_000086_data.txt {'mode': 'at', 'encoding': 'utf-8'}...
2026-03-12 16:07:55.586 | DEBUG    | baldaquin.buf:_write:285 - 1500 bytes written to disk.
2026-03-12 16:07:55.586 | DEBUG    | baldaquin.buf:open:104 - Ouput file /home/lab1-student/baldaquindata/plasduino/0309_000086/0309_000086_data.txt closed.
2026-03-12 16:07:55.593 | DEBUG    | baldaquin.buf:open:100 - Opening output file /home/lab1-student/baldaquindata/plasduino/0309_000087/0309_000087_data.txt {'mode': 'at', 'encoding': 'utf-8'}...
2026-03-12 16:07:55.595 | DEBUG    | baldaquin.buf:_write:285 - 1500 bytes written to disk.
2026-03-12 16:07:55.595 | DEBUG    | baldaquin.buf:open:104 - Ouput file /home/lab1-student/baldaquindata/plasduino/0309_000087/0309_000087_data.txt closed.
2026-03-12 16:07:55.597 | DEBUG    | baldaquin.buf:open:100 - Opening output file /home/lab1-student/baldaquindata/plasduino/0309_000088/0309_000088_data.txt {'mode': 'at', 'encoding': 'utf-8'}...
2026-03-12 16:07:55.603 | DEBUG    | baldaquin.buf:_write:285 - 1500 bytes written to disk.
2026-03-12 16:07:55.603 | DEBUG    | baldaquin.buf:open:104 - Ouput file /home/lab1-student/baldaquindata/plasduino/0309_000088/0309_000088_data.txt closed.
2026-03-12 16:07:55.603 | DEBUG    | baldaquin.buf:open:100 - Opening output file /home/lab1-student/baldaquindata/plasduino/0309_000089/0309_000089_data.txt {'mode': 'at', 'encoding': 'utf-8'}...
2026-03-12 16:07:55.604 | DEBUG    | baldaquin.buf:_write:285 - 1500 bytes written to disk.
2026-03-12 16:07:55.604 | DEBUG    | baldaquin.buf:open:104 - Ouput file /home/lab1-student/baldaquindata/plasduino/0309_000089/0309_000089_data.txt closed.
2026-03-12 16:07:55.604 | DEBUG    | baldaquin.buf:open:100 - Opening output file /home/lab1-student/baldaquindata/plasduino/0309_000090/0309_000090_data.txt {'mode': 'at', 'encoding': 'utf-8'}...
2026-03-12 16:07:55.605 | DEBUG    | baldaquin.buf:_write:285 - 1500 bytes written to disk.
2026-03-12 16:07:55.605 | DEBUG    | baldaquin.buf:open:104 - Ouput file /home/lab1-student/baldaquindata/plasduino/0309_000090/0309_000090_data.txt closed.
2026-03-12 16:07:55.605 | DEBUG    | baldaquin.buf:open:100 - Opening output file /home/lab1-student/baldaquindata/plasduino/0309_000091/0309_000091_data.txt {'mode': 'at', 'encoding': 'utf-8'}...
2026-03-12 16:07:55.606 | DEBUG    | baldaquin.buf:_write:285 - 1500 bytes written to disk.
2026-03-12 16:07:55.606 | DEBUG    | baldaquin.buf:open:104 - Ouput file /home/lab1-student/baldaquindata/plasduino/0309_000091/0309_000091_data.txt closed.
2026-03-12 16:07:55.606 | DEBUG    | baldaquin.buf:open:100 - Opening output file /home/lab1-student/baldaquindata/plasduino/0309_000092/0309_000092_data.txt {'mode': 'at', 'encoding': 'utf-8'}...
2026-03-12 16:07:55.619 | DEBUG    | baldaquin.buf:_write:285 - 1500 bytes written to disk.
2026-03-12 16:07:55.621 | DEBUG    | baldaquin.buf:open:104 - Ouput file /home/lab1-student/baldaquindata/plasduino/0309_000092/0309_000092_data.txt closed.
2026-03-12 16:07:55.621 | DEBUG    | baldaquin.buf:open:100 - Opening output file /home/lab1-student/baldaquindata/plasduino/0309_000093/0309_000093_data.txt {'mode': 'at', 'encoding': 'utf-8'}...
2026-03-12 16:07:55.622 | DEBUG    | baldaquin.buf:_write:285 - 1500 bytes written to disk.
2026-03-12 16:07:55.623 | DEBUG    | baldaquin.buf:open:104 - Ouput file /home/lab1-student/baldaquindata/plasduino/0309_000093/0309_000093_data.txt closed.
2026-03-12 16:07:55.623 | DEBUG    | baldaquin.buf:open:100 - Opening output file /home/lab1-student/baldaquindata/plasduino/0309_000094/0309_000094_data.txt {'mode': 'at', 'encoding': 'utf-8'}...
2026-03-12 16:07:55.624 | DEBUG    | baldaquin.buf:_write:285 - 1500 bytes written to disk.
2026-03-12 16:07:55.626 | DEBUG    | baldaquin.buf:open:104 - Ouput file /home/lab1-student/baldaquindata/plasduino/0309_000094/0309_000094_data.txt closed.
2026-03-12 16:07:55.648 | DEBUG    | baldaquin.buf:open:100 - Opening output file /home/lab1-student/baldaquindata/plasduino/0309_000095/0309_000095_data.txt {'mode': 'at', 'encoding': 'utf-8'}...
2026-03-12 16:07:55.660 | DEBUG    | baldaquin.buf:_write:285 - 1500 bytes written to disk.
2026-03-12 16:07:55.660 | DEBUG    | baldaquin.buf:open:104 - Ouput file /home/lab1-student/baldaquindata/plasduino/0309_000095/0309_000095_data.txt closed.
2026-03-12 16:07:55.663 | DEBUG    | baldaquin.buf:open:100 - Opening output file /home/lab1-student/baldaquindata/plasduino/0309_000096/0309_000096_data.txt {'mode': 'at', 'encoding': 'utf-8'}...
2026-03-12 16:07:55.671 | DEBUG    | baldaquin.buf:_write:285 - 1500 bytes written to disk.
2026-03-12 16:07:55.677 | DEBUG    | baldaquin.buf:open:104 - Ouput file /home/lab1-student/baldaquindata/plasduino/0309_000096/0309_000096_data.txt closed.
2026-03-12 16:07:55.689 | DEBUG    | baldaquin.buf:open:100 - Opening output file /home/lab1-student/baldaquindata/plasduino/0309_000097/0309_000097_data.txt {'mode': 'at', 'encoding': 'utf-8'}...
2026-03-12 16:07:55.696 | DEBUG    | baldaquin.buf:_write:285 - 1500 bytes written to disk.
2026-03-12 16:07:55.696 | DEBUG    | baldaquin.buf:open:104 - Ouput file /home/lab1-student/baldaquindata/plasduino/0309_000097/0309_000097_data.txt closed.
2026-03-12 16:07:55.703 | DEBUG    | baldaquin.buf:open:100 - Opening output file /home/lab1-student/baldaquindata/plasduino/0309_000098/0309_000098_data.txt {'mode': 'at', 'encoding': 'utf-8'}...
2026-03-12 16:07:55.708 | DEBUG    | baldaquin.buf:_write:285 - 1500 bytes written to disk.
2026-03-12 16:07:55.713 | DEBUG    | baldaquin.buf:open:104 - Ouput file /home/lab1-student/baldaquindata/plasduino/0309_000098/0309_000098_data.txt closed.
2026-03-12 16:07:55.717 | DEBUG    | baldaquin.buf:open:100 - Opening output file /home/lab1-student/baldaquindata/plasduino/0309_000099/0309_000099_data.txt {'mode': 'at', 'encoding': 'utf-8'}...
2026-03-12 16:07:55.717 | DEBUG    | baldaquin.buf:_write:285 - 1500 bytes written to disk.
2026-03-12 16:07:55.717 | DEBUG    | baldaquin.buf:open:104 - Ouput file /home/lab1-student/baldaquindata/plasduino/0309_000099/0309_000099_data.txt closed.
2026-03-12 16:07:55.717 | DEBUG    | baldaquin.buf:open:100 - Opening output file /home/lab1-student/baldaquindata/plasduino/0309_000100/0309_000100_data.txt {'mode': 'at', 'encoding': 'utf-8'}...
2026-03-12 16:07:55.718 | DEBUG    | baldaquin.buf:_write:285 - 1500 bytes written to disk.
2026-03-12 16:07:55.718 | DEBUG    | baldaquin.buf:open:104 - Ouput file /home/lab1-student/baldaquindata/plasduino/0309_000100/0309_000100_data.txt closed.
2026-03-12 16:07:55.718 | DEBUG    | baldaquin.buf:open:100 - Opening output file /home/lab1-student/baldaquindata/plasduino/0309_000101/0309_000101_data.txt {'mode': 'at', 'encoding': 'utf-8'}...
2026-03-12 16:07:55.719 | DEBUG    | baldaquin.buf:_write:285 - 1500 bytes written to disk.
2026-03-12 16:07:55.722 | DEBUG    | baldaquin.buf:open:104 - Ouput file /home/lab1-student/baldaquindata/plasduino/0309_000101/0309_000101_data.txt closed.
2026-03-12 16:07:55.722 | DEBUG    | baldaquin.buf:open:100 - Opening output file /home/lab1-student/baldaquindata/plasduino/0309_000102/0309_000102_data.txt {'mode': 'at', 'encoding': 'utf-8'}...
2026-03-12 16:07:55.722 | DEBUG    | baldaquin.buf:_write:285 - 1500 bytes written to disk.
2026-03-12 16:07:55.729 | DEBUG    | baldaquin.buf:open:104 - Ouput file /home/lab1-student/baldaquindata/plasduino/0309_000102/0309_000102_data.txt closed.
2026-03-12 16:07:55.730 | DEBUG    | baldaquin.buf:open:100 - Opening output file /home/lab1-student/baldaquindata/plasduino/0309_000103/0309_000103_data.txt {'mode': 'at', 'encoding': 'utf-8'}...
2026-03-12 16:07:55.735 | DEBUG    | baldaquin.buf:_write:285 - 1500 bytes written to disk.
2026-03-12 16:07:55.735 | DEBUG    | baldaquin.buf:open:104 - Ouput file /home/lab1-student/baldaquindata/plasduino/0309_000103/0309_000103_data.txt closed.
2026-03-12 16:07:55.735 | DEBUG    | baldaquin.buf:open:100 - Opening output file /home/lab1-student/baldaquindata/plasduino/0309_000104/0309_000104_data.txt {'mode': 'at', 'encoding': 'utf-8'}...
2026-03-12 16:07:55.736 | DEBUG    | baldaquin.buf:_write:285 - 1500 bytes written to disk.
2026-03-12 16:07:55.737 | DEBUG    | baldaquin.buf:open:104 - Ouput file /home/lab1-student/baldaquindata/plasduino/0309_000104/0309_000104_data.txt closed.
2026-03-12 16:07:55.737 | DEBUG    | baldaquin.buf:open:100 - Opening output file /home/lab1-student/baldaquindata/plasduino/0309_000105/0309_000105_data.txt {'mode': 'at', 'encoding': 'utf-8'}...
2026-03-12 16:07:55.737 | DEBUG    | baldaquin.buf:_write:285 - 1500 bytes written to disk.
2026-03-12 16:07:55.741 | DEBUG    | baldaquin.buf:open:104 - Ouput file /home/lab1-student/baldaquindata/plasduino/0309_000105/0309_000105_data.txt closed.
2026-03-12 16:07:55.741 | DEBUG    | baldaquin.buf:open:100 - Opening output file /home/lab1-student/baldaquindata/plasduino/0309_000105/0309_000105_data.dat {'mode': 'ab'}...
2026-03-12 16:07:55.741 | DEBUG    | baldaquin.buf:_pop_and_write_raw:259 - 800 bytes written to disk.
2026-03-12 16:07:55.741 | DEBUG    | baldaquin.buf:open:104 - Ouput file /home/lab1-student/baldaquindata/plasduino/0309_000105/0309_000105_data.dat closed.
2026-03-12 16:07:55.741 | INFO     | baldaquin.buf:flush:318 - 30800 bytes (800 raw bytes) written to disk.
2026-03-12 16:07:55.742 | DEBUG    | baldaquin.profile:wrap:32 - Running time for flush(): 0.160239 s
2026-03-12 16:07:58.108 | INFO     | baldaquin.buf:flush:309 - 100 packets ready to be written out...
2026-03-12 16:07:58.109 | DEBUG    | baldaquin.buf:open:100 - Opening output file /home/lab1-student/baldaquindata/plasduino/0309_000086/0309_000086_data.txt {'mode': 'at', 'encoding': 'utf-8'}...
2026-03-12 16:07:58.109 | DEBUG    | baldaquin.buf:_write:285 - 1500 bytes written to disk.
2026-03-12 16:07:58.110 | DEBUG    | baldaquin.buf:open:104 - Ouput file /home/lab1-student/baldaquindata/plasduino/0309_000086/0309_000086_data.txt closed.
2026-03-12 16:07:58.110 | DEBUG    | baldaquin.buf:open:100 - Opening output file /home/lab1-student/baldaquindata/plasduino/0309_000087/0309_000087_data.txt {'mode': 'at', 'encoding': 'utf-8'}...
2026-03-12 16:07:58.110 | DEBUG    | baldaquin.buf:_write:285 - 1500 bytes written to disk.
2026-03-12 16:07:58.110 | DEBUG    | baldaquin.buf:open:104 - Ouput file /home/lab1-student/baldaquindata/plasduino/0309_000087/0309_000087_data.txt closed.
2026-03-12 16:07:58.112 | DEBUG    | baldaquin.buf:open:100 - Opening output file /home/lab1-student/baldaquindata/plasduino/0309_000088/0309_000088_data.txt {'mode': 'at', 'encoding': 'utf-8'}...
2026-03-12 16:07:58.113 | DEBUG    | baldaquin.buf:_write:285 - 1500 bytes written to disk.
2026-03-12 16:07:58.113 | DEBUG    | baldaquin.buf:open:104 - Ouput file /home/lab1-student/baldaquindata/plasduino/0309_000088/0309_000088_data.txt closed.
2026-03-12 16:07:58.113 | DEBUG    | baldaquin.buf:open:100 - Opening output file /home/lab1-student/baldaquindata/plasduino/0309_000089/0309_000089_data.txt {'mode': 'at', 'encoding': 'utf-8'}...
2026-03-12 16:07:58.114 | DEBUG    | baldaquin.buf:_write:285 - 1500 bytes written to disk.
2026-03-12 16:07:58.114 | DEBUG    | baldaquin.buf:open:104 - Ouput file /home/lab1-student/baldaquindata/plasduino/0309_000089/0309_000089_data.txt closed.
2026-03-12 16:07:58.114 | DEBUG    | baldaquin.buf:open:100 - Opening output file /home/lab1-student/baldaquindata/plasduino/0309_000090/0309_000090_data.txt {'mode': 'at', 'encoding': 'utf-8'}...
2026-03-12 16:07:58.115 | DEBUG    | baldaquin.buf:_write:285 - 1500 bytes written to disk.
2026-03-12 16:07:58.115 | DEBUG    | baldaquin.buf:open:104 - Ouput file /home/lab1-student/baldaquindata/plasduino/0309_000090/0309_000090_data.txt closed.
2026-03-12 16:07:58.115 | DEBUG    | baldaquin.buf:open:100 - Opening output file /home/lab1-student/baldaquindata/plasduino/0309_000091/0309_000091_data.txt {'mode': 'at', 'encoding': 'utf-8'}...
2026-03-12 16:07:58.115 | DEBUG    | baldaquin.buf:_write:285 - 1500 bytes written to disk.
2026-03-12 16:07:58.115 | DEBUG    | baldaquin.buf:open:104 - Ouput file /home/lab1-student/baldaquindata/plasduino/0309_000091/0309_000091_data.txt closed.
2026-03-12 16:07:58.115 | DEBUG    | baldaquin.buf:open:100 - Opening output file /home/lab1-student/baldaquindata/plasduino/0309_000092/0309_000092_data.txt {'mode': 'at', 'encoding': 'utf-8'}...
2026-03-12 16:07:58.116 | DEBUG    | baldaquin.buf:_write:285 - 1500 bytes written to disk.
2026-03-12 16:07:58.116 | DEBUG    | baldaquin.buf:open:104 - Ouput file /home/lab1-student/baldaquindata/plasduino/0309_000092/0309_000092_data.txt closed.
2026-03-12 16:07:58.116 | DEBUG    | baldaquin.buf:open:100 - Opening output file /home/lab1-student/baldaquindata/plasduino/0309_000093/0309_000093_data.txt {'mode': 'at', 'encoding': 'utf-8'}...
2026-03-12 16:07:58.117 | DEBUG    | baldaquin.buf:_write:285 - 1500 bytes written to disk.
2026-03-12 16:07:58.117 | DEBUG    | baldaquin.buf:open:104 - Ouput file /home/lab1-student/baldaquindata/plasduino/0309_000093/0309_000093_data.txt closed.
2026-03-12 16:07:58.117 | DEBUG    | baldaquin.buf:open:100 - Opening output file /home/lab1-student/baldaquindata/plasduino/0309_000094/0309_000094_data.txt {'mode': 'at', 'encoding': 'utf-8'}...
2026-03-12 16:07:58.117 | DEBUG    | baldaquin.buf:_write:285 - 1500 bytes written to disk.
2026-03-12 16:07:58.117 | DEBUG    | baldaquin.buf:open:104 - Ouput file /home/lab1-student/baldaquindata/plasduino/0309_000094/0309_000094_data.txt closed.
2026-03-12 16:07:58.117 | DEBUG    | baldaquin.buf:open:100 - Opening output file /home/lab1-student/baldaquindata/plasduino/0309_000095/0309_000095_data.txt {'mode': 'at', 'encoding': 'utf-8'}...
2026-03-12 16:07:58.118 | DEBUG    | baldaquin.buf:_write:285 - 1500 bytes written to disk.
2026-03-12 16:07:58.118 | DEBUG    | baldaquin.buf:open:104 - Ouput file /home/lab1-student/baldaquindata/plasduino/0309_000095/0309_000095_data.txt closed.
2026-03-12 16:07:58.118 | DEBUG    | baldaquin.buf:open:100 - Opening output file /home/lab1-student/baldaquindata/plasduino/0309_000096/0309_000096_data.txt {'mode': 'at', 'encoding': 'utf-8'}...
2026-03-12 16:07:58.119 | DEBUG    | baldaquin.buf:_write:285 - 1500 bytes written to disk.
2026-03-12 16:07:58.119 | DEBUG    | baldaquin.buf:open:104 - Ouput file /home/lab1-student/baldaquindata/plasduino/0309_000096/0309_000096_data.txt closed.
2026-03-12 16:07:58.119 | DEBUG    | baldaquin.buf:open:100 - Opening output file /home/lab1-student/baldaquindata/plasduino/0309_000097/0309_000097_data.txt {'mode': 'at', 'encoding': 'utf-8'}...
2026-03-12 16:07:58.119 | DEBUG    | baldaquin.buf:_write:285 - 1500 bytes written to disk.
2026-03-12 16:07:58.119 | DEBUG    | baldaquin.buf:open:104 - Ouput file /home/lab1-student/baldaquindata/plasduino/0309_000097/0309_000097_data.txt closed.
2026-03-12 16:07:58.120 | DEBUG    | baldaquin.buf:open:100 - Opening output file /home/lab1-student/baldaquindata/plasduino/0309_000098/0309_000098_data.txt {'mode': 'at', 'encoding': 'utf-8'}...
2026-03-12 16:07:58.120 | DEBUG    | baldaquin.buf:_write:285 - 1500 bytes written to disk.
2026-03-12 16:07:58.120 | DEBUG    | baldaquin.buf:open:104 - Ouput file /home/lab1-student/baldaquindata/plasduino/0309_000098/0309_000098_data.txt closed.
2026-03-12 16:07:58.120 | DEBUG    | baldaquin.buf:open:100 - Opening output file /home/lab1-student/baldaquindata/plasduino/0309_000099/0309_000099_data.txt {'mode': 'at', 'encoding': 'utf-8'}...
2026-03-12 16:07:58.121 | DEBUG    | baldaquin.buf:_write:285 - 1500 bytes written to disk.
2026-03-12 16:07:58.121 | DEBUG    | baldaquin.buf:open:104 - Ouput file /home/lab1-student/baldaquindata/plasduino/0309_000099/0309_000099_data.txt closed.
2026-03-12 16:07:58.121 | DEBUG    | baldaquin.buf:open:100 - Opening output file /home/lab1-student/baldaquindata/plasduino/0309_000100/0309_000100_data.txt {'mode': 'at', 'encoding': 'utf-8'}...
2026-03-12 16:07:58.121 | DEBUG    | baldaquin.buf:_write:285 - 1500 bytes written to disk.
2026-03-12 16:07:58.122 | DEBUG    | baldaquin.buf:open:104 - Ouput file /home/lab1-student/baldaquindata/plasduino/0309_000100/0309_000100_data.txt closed.
2026-03-12 16:07:58.122 | DEBUG    | baldaquin.buf:open:100 - Opening output file /home/lab1-student/baldaquindata/plasduino/0309_000101/0309_000101_data.txt {'mode': 'at', 'encoding': 'utf-8'}...
2026-03-12 16:07:58.122 | DEBUG    | baldaquin.buf:_write:285 - 1500 bytes written to disk.
2026-03-12 16:07:58.122 | DEBUG    | baldaquin.buf:open:104 - Ouput file /home/lab1-student/baldaquindata/plasduino/0309_000101/0309_000101_data.txt closed.
2026-03-12 16:07:58.122 | DEBUG    | baldaquin.buf:open:100 - Opening output file /home/lab1-student/baldaquindata/plasduino/0309_000102/0309_000102_data.txt {'mode': 'at', 'encoding': 'utf-8'}...
2026-03-12 16:07:58.123 | DEBUG    | baldaquin.buf:_write:285 - 1500 bytes written to disk.
2026-03-12 16:07:58.123 | DEBUG    | baldaquin.buf:open:104 - Ouput file /home/lab1-student/baldaquindata/plasduino/0309_000102/0309_000102_data.txt closed.
2026-03-12 16:07:58.123 | DEBUG    | baldaquin.buf:open:100 - Opening output file /home/lab1-student/baldaquindata/plasduino/0309_000103/0309_000103_data.txt {'mode': 'at', 'encoding': 'utf-8'}...
2026-03-12 16:07:58.123 | DEBUG    | baldaquin.buf:_write:285 - 1500 bytes written to disk.
2026-03-12 16:07:58.129 | DEBUG    | baldaquin.buf:open:104 - Ouput file /home/lab1-student/baldaquindata/plasduino/0309_000103/0309_000103_data.txt closed.
2026-03-12 16:07:58.145 | DEBUG    | baldaquin.buf:open:100 - Opening output file /home/lab1-student/baldaquindata/plasduino/0309_000104/0309_000104_data.txt {'mode': 'at', 'encoding': 'utf-8'}...
2026-03-12 16:07:58.158 | DEBUG    | baldaquin.buf:_write:285 - 1500 bytes written to disk.
2026-03-12 16:07:58.159 | DEBUG    | baldaquin.buf:open:104 - Ouput file /home/lab1-student/baldaquindata/plasduino/0309_000104/0309_000104_data.txt closed.
2026-03-12 16:07:58.160 | DEBUG    | baldaquin.buf:open:100 - Opening output file /home/lab1-student/baldaquindata/plasduino/0309_000105/0309_000105_data.txt {'mode': 'at', 'encoding': 'utf-8'}...
2026-03-12 16:07:58.173 | DEBUG    | baldaquin.buf:_write:285 - 1500 bytes written to disk.
2026-03-12 16:07:58.188 | DEBUG    | baldaquin.buf:open:104 - Ouput file /home/lab1-student/baldaquindata/plasduino/0309_000105/0309_000105_data.txt closed.
2026-03-12 16:07:58.189 | DEBUG    | baldaquin.buf:open:100 - Opening output file /home/lab1-student/baldaquindata/plasduino/0309_000105/0309_000105_data.dat {'mode': 'ab'}...
2026-03-12 16:07:58.191 | DEBUG    | baldaquin.buf:_pop_and_write_raw:259 - 800 bytes written to disk.
2026-03-12 16:07:58.192 | DEBUG    | baldaquin.buf:open:104 - Ouput file /home/lab1-student/baldaquindata/plasduino/0309_000105/0309_000105_data.dat closed.
2026-03-12 16:07:58.194 | INFO     | baldaquin.buf:flush:318 - 30800 bytes (800 raw bytes) written to disk.
2026-03-12 16:07:58.196 | DEBUG    | baldaquin.profile:wrap:32 - Running time for flush(): 0.087620 s
2026-03-12 16:08:00.649 | INFO     | baldaquin.buf:flush:309 - 100 packets ready to be written out...
2026-03-12 16:08:00.652 | DEBUG    | baldaquin.buf:open:100 - Opening output file /home/lab1-student/baldaquindata/plasduino/0309_000086/0309_000086_data.txt {'mode': 'at', 'encoding': 'utf-8'}...
2026-03-12 16:08:00.658 | DEBUG    | baldaquin.buf:_write:285 - 1500 bytes written to disk.
2026-03-12 16:08:00.666 | DEBUG    | baldaquin.buf:open:104 - Ouput file /home/lab1-student/baldaquindata/plasduino/0309_000086/0309_000086_data.txt closed.
2026-03-12 16:08:00.666 | DEBUG    | baldaquin.buf:open:100 - Opening output file /home/lab1-student/baldaquindata/plasduino/0309_000087/0309_000087_data.txt {'mode': 'at', 'encoding': 'utf-8'}...
2026-03-12 16:08:00.687 | DEBUG    | baldaquin.buf:_write:285 - 1500 bytes written to disk.
2026-03-12 16:08:00.688 | DEBUG    | baldaquin.buf:open:104 - Ouput file /home/lab1-student/baldaquindata/plasduino/0309_000087/0309_000087_data.txt closed.
2026-03-12 16:08:00.689 | DEBUG    | baldaquin.buf:open:100 - Opening output file /home/lab1-student/baldaquindata/plasduino/0309_000088/0309_000088_data.txt {'mode': 'at', 'encoding': 'utf-8'}...
2026-03-12 16:08:00.692 | DEBUG    | baldaquin.buf:_write:285 - 1500 bytes written to disk.
2026-03-12 16:08:00.693 | DEBUG    | baldaquin.buf:open:104 - Ouput file /home/lab1-student/baldaquindata/plasduino/0309_000088/0309_000088_data.txt closed.
2026-03-12 16:08:00.694 | DEBUG    | baldaquin.buf:open:100 - Opening output file /home/lab1-student/baldaquindata/plasduino/0309_000089/0309_000089_data.txt {'mode': 'at', 'encoding': 'utf-8'}...
2026-03-12 16:08:00.705 | DEBUG    | baldaquin.buf:_write:285 - 1500 bytes written to disk.
2026-03-12 16:08:00.705 | DEBUG    | baldaquin.buf:open:104 - Ouput file /home/lab1-student/baldaquindata/plasduino/0309_000089/0309_000089_data.txt closed.
2026-03-12 16:08:00.706 | DEBUG    | baldaquin.buf:open:100 - Opening output file /home/lab1-student/baldaquindata/plasduino/0309_000090/0309_000090_data.txt {'mode': 'at', 'encoding': 'utf-8'}...
2026-03-12 16:08:00.706 | DEBUG    | baldaquin.buf:_write:285 - 1500 bytes written to disk.
2026-03-12 16:08:00.706 | DEBUG    | baldaquin.buf:open:104 - Ouput file /home/lab1-student/baldaquindata/plasduino/0309_000090/0309_000090_data.txt closed.
2026-03-12 16:08:00.707 | DEBUG    | baldaquin.buf:open:100 - Opening output file /home/lab1-student/baldaquindata/plasduino/0309_000091/0309_000091_data.txt {'mode': 'at', 'encoding': 'utf-8'}...
2026-03-12 16:08:00.707 | DEBUG    | baldaquin.buf:_write:285 - 1500 bytes written to disk.
2026-03-12 16:08:00.707 | DEBUG    | baldaquin.buf:open:104 - Ouput file /home/lab1-student/baldaquindata/plasduino/0309_000091/0309_000091_data.txt closed.
2026-03-12 16:08:00.708 | DEBUG    | baldaquin.buf:open:100 - Opening output file /home/lab1-student/baldaquindata/plasduino/0309_000092/0309_000092_data.txt {'mode': 'at', 'encoding': 'utf-8'}...
2026-03-12 16:08:00.716 | DEBUG    | baldaquin.buf:_write:285 - 1500 bytes written to disk.
2026-03-12 16:08:00.721 | DEBUG    | baldaquin.buf:open:104 - Ouput file /home/lab1-student/baldaquindata/plasduino/0309_000092/0309_000092_data.txt closed.
2026-03-12 16:08:00.721 | DEBUG    | baldaquin.buf:open:100 - Opening output file /home/lab1-student/baldaquindata/plasduino/0309_000093/0309_000093_data.txt {'mode': 'at', 'encoding': 'utf-8'}...
2026-03-12 16:08:00.722 | DEBUG    | baldaquin.buf:_write:285 - 1500 bytes written to disk.
2026-03-12 16:08:00.722 | DEBUG    | baldaquin.buf:open:104 - Ouput file /home/lab1-student/baldaquindata/plasduino/0309_000093/0309_000093_data.txt closed.
2026-03-12 16:08:00.723 | DEBUG    | baldaquin.buf:open:100 - Opening output file /home/lab1-student/baldaquindata/plasduino/0309_000094/0309_000094_data.txt {'mode': 'at', 'encoding': 'utf-8'}...
2026-03-12 16:08:00.723 | DEBUG    | baldaquin.buf:_write:285 - 1500 bytes written to disk.
2026-03-12 16:08:00.747 | DEBUG    | baldaquin.buf:open:104 - Ouput file /home/lab1-student/baldaquindata/plasduino/0309_000094/0309_000094_data.txt closed.
2026-03-12 16:08:00.758 | DEBUG    | baldaquin.buf:open:100 - Opening output file /home/lab1-student/baldaquindata/plasduino/0309_000095/0309_000095_data.txt {'mode': 'at', 'encoding': 'utf-8'}...
2026-03-12 16:08:00.779 | DEBUG    | baldaquin.buf:_write:285 - 1500 bytes written to disk.
2026-03-12 16:08:00.792 | DEBUG    | baldaquin.buf:open:104 - Ouput file /home/lab1-student/baldaquindata/plasduino/0309_000095/0309_000095_data.txt closed.
2026-03-12 16:08:00.793 | DEBUG    | baldaquin.buf:open:100 - Opening output file /home/lab1-student/baldaquindata/plasduino/0309_000096/0309_000096_data.txt {'mode': 'at', 'encoding': 'utf-8'}...
2026-03-12 16:08:00.796 | DEBUG    | baldaquin.buf:_write:285 - 1500 bytes written to disk.
2026-03-12 16:08:00.805 | DEBUG    | baldaquin.buf:open:104 - Ouput file /home/lab1-student/baldaquindata/plasduino/0309_000096/0309_000096_data.txt closed.
2026-03-12 16:08:00.805 | DEBUG    | baldaquin.buf:open:100 - Opening output file /home/lab1-student/baldaquindata/plasduino/0309_000097/0309_000097_data.txt {'mode': 'at', 'encoding': 'utf-8'}...
2026-03-12 16:08:00.806 | DEBUG    | baldaquin.buf:_write:285 - 1500 bytes written to disk.
2026-03-12 16:08:00.807 | DEBUG    | baldaquin.buf:open:104 - Ouput file /home/lab1-student/baldaquindata/plasduino/0309_000097/0309_000097_data.txt closed.
2026-03-12 16:08:00.807 | DEBUG    | baldaquin.buf:open:100 - Opening output file /home/lab1-student/baldaquindata/plasduino/0309_000098/0309_000098_data.txt {'mode': 'at', 'encoding': 'utf-8'}...
2026-03-12 16:08:00.807 | DEBUG    | baldaquin.buf:_write:285 - 1500 bytes written to disk.
2026-03-12 16:08:00.807 | DEBUG    | baldaquin.buf:open:104 - Ouput file /home/lab1-student/baldaquindata/plasduino/0309_000098/0309_000098_data.txt closed.
2026-03-12 16:08:00.808 | DEBUG    | baldaquin.buf:open:100 - Opening output file /home/lab1-student/baldaquindata/plasduino/0309_000099/0309_000099_data.txt {'mode': 'at', 'encoding': 'utf-8'}...
2026-03-12 16:08:00.808 | DEBUG    | baldaquin.buf:_write:285 - 1500 bytes written to disk.
2026-03-12 16:08:00.808 | DEBUG    | baldaquin.buf:open:104 - Ouput file /home/lab1-student/baldaquindata/plasduino/0309_000099/0309_000099_data.txt closed.
2026-03-12 16:08:00.809 | DEBUG    | baldaquin.buf:open:100 - Opening output file /home/lab1-student/baldaquindata/plasduino/0309_000100/0309_000100_data.txt {'mode': 'at', 'encoding': 'utf-8'}...
2026-03-12 16:08:00.810 | DEBUG    | baldaquin.buf:_write:285 - 1500 bytes written to disk.
2026-03-12 16:08:00.818 | DEBUG    | baldaquin.buf:open:104 - Ouput file /home/lab1-student/baldaquindata/plasduino/0309_000100/0309_000100_data.txt closed.
2026-03-12 16:08:00.818 | DEBUG    | baldaquin.buf:open:100 - Opening output file /home/lab1-student/baldaquindata/plasduino/0309_000101/0309_000101_data.txt {'mode': 'at', 'encoding': 'utf-8'}...
2026-03-12 16:08:00.818 | DEBUG    | baldaquin.buf:_write:285 - 1500 bytes written to disk.
2026-03-12 16:08:00.819 | DEBUG    | baldaquin.buf:open:104 - Ouput file /home/lab1-student/baldaquindata/plasduino/0309_000101/0309_000101_data.txt closed.
2026-03-12 16:08:00.819 | DEBUG    | baldaquin.buf:open:100 - Opening output file /home/lab1-student/baldaquindata/plasduino/0309_000102/0309_000102_data.txt {'mode': 'at', 'encoding': 'utf-8'}...
2026-03-12 16:08:00.819 | DEBUG    | baldaquin.buf:_write:285 - 1500 bytes written to disk.
2026-03-12 16:08:00.822 | DEBUG    | baldaquin.buf:open:104 - Ouput file /home/lab1-student/baldaquindata/plasduino/0309_000102/0309_000102_data.txt closed.
2026-03-12 16:08:00.824 | DEBUG    | baldaquin.buf:open:100 - Opening output file /home/lab1-student/baldaquindata/plasduino/0309_000103/0309_000103_data.txt {'mode': 'at', 'encoding': 'utf-8'}...
2026-03-12 16:08:00.824 | DEBUG    | baldaquin.buf:_write:285 - 1500 bytes written to disk.
2026-03-12 16:08:00.824 | DEBUG    | baldaquin.buf:open:104 - Ouput file /home/lab1-student/baldaquindata/plasduino/0309_000103/0309_000103_data.txt closed.
2026-03-12 16:08:00.824 | DEBUG    | baldaquin.buf:open:100 - Opening output file /home/lab1-student/baldaquindata/plasduino/0309_000104/0309_000104_data.txt {'mode': 'at', 'encoding': 'utf-8'}...
2026-03-12 16:08:00.825 | DEBUG    | baldaquin.buf:_write:285 - 1500 bytes written to disk.
2026-03-12 16:08:00.825 | DEBUG    | baldaquin.buf:open:104 - Ouput file /home/lab1-student/baldaquindata/plasduino/0309_000104/0309_000104_data.txt closed.
2026-03-12 16:08:00.825 | DEBUG    | baldaquin.buf:open:100 - Opening output file /home/lab1-student/baldaquindata/plasduino/0309_000105/0309_000105_data.txt {'mode': 'at', 'encoding': 'utf-8'}...
2026-03-12 16:08:00.826 | DEBUG    | baldaquin.buf:_write:285 - 1500 bytes written to disk.
2026-03-12 16:08:00.826 | DEBUG    | baldaquin.buf:open:104 - Ouput file /home/lab1-student/baldaquindata/plasduino/0309_000105/0309_000105_data.txt closed.
2026-03-12 16:08:00.826 | DEBUG    | baldaquin.buf:open:100 - Opening output file /home/lab1-student/baldaquindata/plasduino/0309_000105/0309_000105_data.dat {'mode': 'ab'}...
2026-03-12 16:08:00.826 | DEBUG    | baldaquin.buf:_pop_and_write_raw:259 - 800 bytes written to disk.
2026-03-12 16:08:00.826 | DEBUG    | baldaquin.buf:open:104 - Ouput file /home/lab1-student/baldaquindata/plasduino/0309_000105/0309_000105_data.dat closed.
2026-03-12 16:08:00.826 | INFO     | baldaquin.buf:flush:318 - 30800 bytes (800 raw bytes) written to disk.
2026-03-12 16:08:00.826 | DEBUG    | baldaquin.profile:wrap:32 - Running time for flush(): 0.177674 s
2026-03-12 16:08:03.179 | INFO     | baldaquin.buf:flush:309 - 100 packets ready to be written out...
2026-03-12 16:08:03.183 | DEBUG    | baldaquin.buf:open:100 - Opening output file /home/lab1-student/baldaquindata/plasduino/0309_000086/0309_000086_data.txt {'mode': 'at', 'encoding': 'utf-8'}...
2026-03-12 16:08:03.195 | DEBUG    | baldaquin.buf:_write:285 - 1500 bytes written to disk.
2026-03-12 16:08:03.195 | DEBUG    | baldaquin.buf:open:104 - Ouput file /home/lab1-student/baldaquindata/plasduino/0309_000086/0309_000086_data.txt closed.
2026-03-12 16:08:03.195 | DEBUG    | baldaquin.buf:open:100 - Opening output file /home/lab1-student/baldaquindata/plasduino/0309_000087/0309_000087_data.txt {'mode': 'at', 'encoding': 'utf-8'}...
2026-03-12 16:08:03.196 | DEBUG    | baldaquin.buf:_write:285 - 1500 bytes written to disk.
2026-03-12 16:08:03.196 | DEBUG    | baldaquin.buf:open:104 - Ouput file /home/lab1-student/baldaquindata/plasduino/0309_000087/0309_000087_data.txt closed.
2026-03-12 16:08:03.196 | DEBUG    | baldaquin.buf:open:100 - Opening output file /home/lab1-student/baldaquindata/plasduino/0309_000088/0309_000088_data.txt {'mode': 'at', 'encoding': 'utf-8'}...
2026-03-12 16:08:03.197 | DEBUG    | baldaquin.buf:_write:285 - 1500 bytes written to disk.
2026-03-12 16:08:03.197 | DEBUG    | baldaquin.buf:open:104 - Ouput file /home/lab1-student/baldaquindata/plasduino/0309_000088/0309_000088_data.txt closed.
2026-03-12 16:08:03.197 | DEBUG    | baldaquin.buf:open:100 - Opening output file /home/lab1-student/baldaquindata/plasduino/0309_000089/0309_000089_data.txt {'mode': 'at', 'encoding': 'utf-8'}...
2026-03-12 16:08:03.198 | DEBUG    | baldaquin.buf:_write:285 - 1500 bytes written to disk.
2026-03-12 16:08:03.198 | DEBUG    | baldaquin.buf:open:104 - Ouput file /home/lab1-student/baldaquindata/plasduino/0309_000089/0309_000089_data.txt closed.
2026-03-12 16:08:03.198 | DEBUG    | baldaquin.buf:open:100 - Opening output file /home/lab1-student/baldaquindata/plasduino/0309_000090/0309_000090_data.txt {'mode': 'at', 'encoding': 'utf-8'}...
2026-03-12 16:08:03.207 | DEBUG    | baldaquin.buf:_write:285 - 1500 bytes written to disk.
2026-03-12 16:08:03.209 | DEBUG    | baldaquin.buf:open:104 - Ouput file /home/lab1-student/baldaquindata/plasduino/0309_000090/0309_000090_data.txt closed.
2026-03-12 16:08:03.209 | DEBUG    | baldaquin.buf:open:100 - Opening output file /home/lab1-student/baldaquindata/plasduino/0309_000091/0309_000091_data.txt {'mode': 'at', 'encoding': 'utf-8'}...
2026-03-12 16:08:03.211 | DEBUG    | baldaquin.buf:_write:285 - 1500 bytes written to disk.
2026-03-12 16:08:03.211 | DEBUG    | baldaquin.buf:open:104 - Ouput file /home/lab1-student/baldaquindata/plasduino/0309_000091/0309_000091_data.txt closed.
2026-03-12 16:08:03.213 | DEBUG    | baldaquin.buf:open:100 - Opening output file /home/lab1-student/baldaquindata/plasduino/0309_000092/0309_000092_data.txt {'mode': 'at', 'encoding': 'utf-8'}...
2026-03-12 16:08:03.219 | DEBUG    | baldaquin.buf:_write:285 - 1500 bytes written to disk.
2026-03-12 16:08:03.220 | DEBUG    | baldaquin.buf:open:104 - Ouput file /home/lab1-student/baldaquindata/plasduino/0309_000092/0309_000092_data.txt closed.
2026-03-12 16:08:03.220 | DEBUG    | baldaquin.buf:open:100 - Opening output file /home/lab1-student/baldaquindata/plasduino/0309_000093/0309_000093_data.txt {'mode': 'at', 'encoding': 'utf-8'}...
2026-03-12 16:08:03.221 | DEBUG    | baldaquin.buf:_write:285 - 1500 bytes written to disk.
2026-03-12 16:08:03.222 | DEBUG    | baldaquin.buf:open:104 - Ouput file /home/lab1-student/baldaquindata/plasduino/0309_000093/0309_000093_data.txt closed.
2026-03-12 16:08:03.222 | DEBUG    | baldaquin.buf:open:100 - Opening output file /home/lab1-student/baldaquindata/plasduino/0309_000094/0309_000094_data.txt {'mode': 'at', 'encoding': 'utf-8'}...
2026-03-12 16:08:03.222 | DEBUG    | baldaquin.buf:_write:285 - 1500 bytes written to disk.
2026-03-12 16:08:03.223 | DEBUG    | baldaquin.buf:open:104 - Ouput file /home/lab1-student/baldaquindata/plasduino/0309_000094/0309_000094_data.txt closed.
2026-03-12 16:08:03.223 | DEBUG    | baldaquin.buf:open:100 - Opening output file /home/lab1-student/baldaquindata/plasduino/0309_000095/0309_000095_data.txt {'mode': 'at', 'encoding': 'utf-8'}...
2026-03-12 16:08:03.223 | DEBUG    | baldaquin.buf:_write:285 - 1500 bytes written to disk.
2026-03-12 16:08:03.254 | DEBUG    | baldaquin.buf:open:104 - Ouput file /home/lab1-student/baldaquindata/plasduino/0309_000095/0309_000095_data.txt closed.
2026-03-12 16:08:03.256 | DEBUG    | baldaquin.buf:open:100 - Opening output file /home/lab1-student/baldaquindata/plasduino/0309_000096/0309_000096_data.txt {'mode': 'at', 'encoding': 'utf-8'}...
2026-03-12 16:08:03.258 | DEBUG    | baldaquin.buf:_write:285 - 1500 bytes written to disk.
2026-03-12 16:08:03.264 | DEBUG    | baldaquin.buf:open:104 - Ouput file /home/lab1-student/baldaquindata/plasduino/0309_000096/0309_000096_data.txt closed.
2026-03-12 16:08:03.264 | DEBUG    | baldaquin.buf:open:100 - Opening output file /home/lab1-student/baldaquindata/plasduino/0309_000097/0309_000097_data.txt {'mode': 'at', 'encoding': 'utf-8'}...
2026-03-12 16:08:03.265 | DEBUG    | baldaquin.buf:_write:285 - 1500 bytes written to disk.
2026-03-12 16:08:03.287 | DEBUG    | baldaquin.buf:open:104 - Ouput file /home/lab1-student/baldaquindata/plasduino/0309_000097/0309_000097_data.txt closed.
2026-03-12 16:08:03.287 | DEBUG    | baldaquin.buf:open:100 - Opening output file /home/lab1-student/baldaquindata/plasduino/0309_000098/0309_000098_data.txt {'mode': 'at', 'encoding': 'utf-8'}...
2026-03-12 16:08:03.291 | DEBUG    | baldaquin.buf:_write:285 - 1500 bytes written to disk.
2026-03-12 16:08:03.291 | DEBUG    | baldaquin.buf:open:104 - Ouput file /home/lab1-student/baldaquindata/plasduino/0309_000098/0309_000098_data.txt closed.
2026-03-12 16:08:03.291 | DEBUG    | baldaquin.buf:open:100 - Opening output file /home/lab1-student/baldaquindata/plasduino/0309_000099/0309_000099_data.txt {'mode': 'at', 'encoding': 'utf-8'}...
2026-03-12 16:08:03.291 | DEBUG    | baldaquin.buf:_write:285 - 1500 bytes written to disk.
2026-03-12 16:08:03.292 | DEBUG    | baldaquin.buf:open:104 - Ouput file /home/lab1-student/baldaquindata/plasduino/0309_000099/0309_000099_data.txt closed.
2026-03-12 16:08:03.292 | DEBUG    | baldaquin.buf:open:100 - Opening output file /home/lab1-student/baldaquindata/plasduino/0309_000100/0309_000100_data.txt {'mode': 'at', 'encoding': 'utf-8'}...
2026-03-12 16:08:03.292 | DEBUG    | baldaquin.buf:_write:285 - 1500 bytes written to disk.
2026-03-12 16:08:03.292 | DEBUG    | baldaquin.buf:open:104 - Ouput file /home/lab1-student/baldaquindata/plasduino/0309_000100/0309_000100_data.txt closed.
2026-03-12 16:08:03.292 | DEBUG    | baldaquin.buf:open:100 - Opening output file /home/lab1-student/baldaquindata/plasduino/0309_000101/0309_000101_data.txt {'mode': 'at', 'encoding': 'utf-8'}...
2026-03-12 16:08:03.293 | DEBUG    | baldaquin.buf:_write:285 - 1500 bytes written to disk.
2026-03-12 16:08:03.293 | DEBUG    | baldaquin.buf:open:104 - Ouput file /home/lab1-student/baldaquindata/plasduino/0309_000101/0309_000101_data.txt closed.
2026-03-12 16:08:03.293 | DEBUG    | baldaquin.buf:open:100 - Opening output file /home/lab1-student/baldaquindata/plasduino/0309_000102/0309_000102_data.txt {'mode': 'at', 'encoding': 'utf-8'}...
2026-03-12 16:08:03.294 | DEBUG    | baldaquin.buf:_write:285 - 1500 bytes written to disk.
2026-03-12 16:08:03.296 | DEBUG    | baldaquin.buf:open:104 - Ouput file /home/lab1-student/baldaquindata/plasduino/0309_000102/0309_000102_data.txt closed.
2026-03-12 16:08:03.296 | DEBUG    | baldaquin.buf:open:100 - Opening output file /home/lab1-student/baldaquindata/plasduino/0309_000103/0309_000103_data.txt {'mode': 'at', 'encoding': 'utf-8'}...
2026-03-12 16:08:03.296 | DEBUG    | baldaquin.buf:_write:285 - 1500 bytes written to disk.
2026-03-12 16:08:03.297 | DEBUG    | baldaquin.buf:open:104 - Ouput file /home/lab1-student/baldaquindata/plasduino/0309_000103/0309_000103_data.txt closed.
2026-03-12 16:08:03.297 | DEBUG    | baldaquin.buf:open:100 - Opening output file /home/lab1-student/baldaquindata/plasduino/0309_000104/0309_000104_data.txt {'mode': 'at', 'encoding': 'utf-8'}...
2026-03-12 16:08:03.298 | DEBUG    | baldaquin.buf:_write:285 - 1500 bytes written to disk.
2026-03-12 16:08:03.300 | DEBUG    | baldaquin.buf:open:104 - Ouput file /home/lab1-student/baldaquindata/plasduino/0309_000104/0309_000104_data.txt closed.
2026-03-12 16:08:03.300 | DEBUG    | baldaquin.buf:open:100 - Opening output file /home/lab1-student/baldaquindata/plasduino/0309_000105/0309_000105_data.txt {'mode': 'at', 'encoding': 'utf-8'}...
2026-03-12 16:08:03.300 | DEBUG    | baldaquin.buf:_write:285 - 1500 bytes written to disk.
2026-03-12 16:08:03.301 | DEBUG    | baldaquin.buf:open:104 - Ouput file /home/lab1-student/baldaquindata/plasduino/0309_000105/0309_000105_data.txt closed.
2026-03-12 16:08:03.301 | DEBUG    | baldaquin.buf:open:100 - Opening output file /home/lab1-student/baldaquindata/plasduino/0309_000105/0309_000105_data.dat {'mode': 'ab'}...
2026-03-12 16:08:03.301 | DEBUG    | baldaquin.buf:_pop_and_write_raw:259 - 800 bytes written to disk.
2026-03-12 16:08:03.301 | DEBUG    | baldaquin.buf:open:104 - Ouput file /home/lab1-student/baldaquindata/plasduino/0309_000105/0309_000105_data.dat closed.
2026-03-12 16:08:03.301 | INFO     | baldaquin.buf:flush:318 - 30800 bytes (800 raw bytes) written to disk.
2026-03-12 16:08:03.301 | DEBUG    | baldaquin.profile:wrap:32 - Running time for flush(): 0.121919 s
2026-03-12 16:08:05.718 | INFO     | baldaquin.buf:flush:309 - 100 packets ready to be written out...
2026-03-12 16:08:05.718 | DEBUG    | baldaquin.buf:open:100 - Opening output file /home/lab1-student/baldaquindata/plasduino/0309_000086/0309_000086_data.txt {'mode': 'at', 'encoding': 'utf-8'}...
2026-03-12 16:08:05.720 | DEBUG    | baldaquin.buf:_write:285 - 1500 bytes written to disk.
2026-03-12 16:08:05.720 | DEBUG    | baldaquin.buf:open:104 - Ouput file /home/lab1-student/baldaquindata/plasduino/0309_000086/0309_000086_data.txt closed.
2026-03-12 16:08:05.720 | DEBUG    | baldaquin.buf:open:100 - Opening output file /home/lab1-student/baldaquindata/plasduino/0309_000087/0309_000087_data.txt {'mode': 'at', 'encoding': 'utf-8'}...
2026-03-12 16:08:05.721 | DEBUG    | baldaquin.buf:_write:285 - 1500 bytes written to disk.
2026-03-12 16:08:05.721 | DEBUG    | baldaquin.buf:open:104 - Ouput file /home/lab1-student/baldaquindata/plasduino/0309_000087/0309_000087_data.txt closed.
2026-03-12 16:08:05.721 | DEBUG    | baldaquin.buf:open:100 - Opening output file /home/lab1-student/baldaquindata/plasduino/0309_000088/0309_000088_data.txt {'mode': 'at', 'encoding': 'utf-8'}...
2026-03-12 16:08:05.722 | DEBUG    | baldaquin.buf:_write:285 - 1500 bytes written to disk.
2026-03-12 16:08:05.722 | DEBUG    | baldaquin.buf:open:104 - Ouput file /home/lab1-student/baldaquindata/plasduino/0309_000088/0309_000088_data.txt closed.
2026-03-12 16:08:05.722 | DEBUG    | baldaquin.buf:open:100 - Opening output file /home/lab1-student/baldaquindata/plasduino/0309_000089/0309_000089_data.txt {'mode': 'at', 'encoding': 'utf-8'}...
2026-03-12 16:08:05.722 | DEBUG    | baldaquin.buf:_write:285 - 1500 bytes written to disk.
2026-03-12 16:08:05.723 | DEBUG    | baldaquin.buf:open:104 - Ouput file /home/lab1-student/baldaquindata/plasduino/0309_000089/0309_000089_data.txt closed.
2026-03-12 16:08:05.723 | DEBUG    | baldaquin.buf:open:100 - Opening output file /home/lab1-student/baldaquindata/plasduino/0309_000090/0309_000090_data.txt {'mode': 'at', 'encoding': 'utf-8'}...
2026-03-12 16:08:05.734 | DEBUG    | baldaquin.buf:_write:285 - 1500 bytes written to disk.
2026-03-12 16:08:05.746 | DEBUG    | baldaquin.buf:open:104 - Ouput file /home/lab1-student/baldaquindata/plasduino/0309_000090/0309_000090_data.txt closed.
2026-03-12 16:08:05.758 | DEBUG    | baldaquin.buf:open:100 - Opening output file /home/lab1-student/baldaquindata/plasduino/0309_000091/0309_000091_data.txt {'mode': 'at', 'encoding': 'utf-8'}...
2026-03-12 16:08:05.760 | DEBUG    | baldaquin.buf:_write:285 - 1500 bytes written to disk.
2026-03-12 16:08:05.766 | DEBUG    | baldaquin.buf:open:104 - Ouput file /home/lab1-student/baldaquindata/plasduino/0309_000091/0309_000091_data.txt closed.
2026-03-12 16:08:05.772 | DEBUG    | baldaquin.buf:open:100 - Opening output file /home/lab1-student/baldaquindata/plasduino/0309_000092/0309_000092_data.txt {'mode': 'at', 'encoding': 'utf-8'}...
2026-03-12 16:08:05.773 | DEBUG    | baldaquin.buf:_write:285 - 1500 bytes written to disk.
2026-03-12 16:08:05.773 | DEBUG    | baldaquin.buf:open:104 - Ouput file /home/lab1-student/baldaquindata/plasduino/0309_000092/0309_000092_data.txt closed.
2026-03-12 16:08:05.785 | DEBUG    | baldaquin.buf:open:100 - Opening output file /home/lab1-student/baldaquindata/plasduino/0309_000093/0309_000093_data.txt {'mode': 'at', 'encoding': 'utf-8'}...
2026-03-12 16:08:05.798 | DEBUG    | baldaquin.buf:_write:285 - 1500 bytes written to disk.
2026-03-12 16:08:05.798 | DEBUG    | baldaquin.buf:open:104 - Ouput file /home/lab1-student/baldaquindata/plasduino/0309_000093/0309_000093_data.txt closed.
2026-03-12 16:08:05.798 | DEBUG    | baldaquin.buf:open:100 - Opening output file /home/lab1-student/baldaquindata/plasduino/0309_000094/0309_000094_data.txt {'mode': 'at', 'encoding': 'utf-8'}...
2026-03-12 16:08:05.799 | DEBUG    | baldaquin.buf:_write:285 - 1500 bytes written to disk.
2026-03-12 16:08:05.799 | DEBUG    | baldaquin.buf:open:104 - Ouput file /home/lab1-student/baldaquindata/plasduino/0309_000094/0309_000094_data.txt closed.
2026-03-12 16:08:05.799 | DEBUG    | baldaquin.buf:open:100 - Opening output file /home/lab1-student/baldaquindata/plasduino/0309_000095/0309_000095_data.txt {'mode': 'at', 'encoding': 'utf-8'}...
2026-03-12 16:08:05.802 | DEBUG    | baldaquin.buf:_write:285 - 1500 bytes written to disk.
2026-03-12 16:08:05.802 | DEBUG    | baldaquin.buf:open:104 - Ouput file /home/lab1-student/baldaquindata/plasduino/0309_000095/0309_000095_data.txt closed.
2026-03-12 16:08:05.802 | DEBUG    | baldaquin.buf:open:100 - Opening output file /home/lab1-student/baldaquindata/plasduino/0309_000096/0309_000096_data.txt {'mode': 'at', 'encoding': 'utf-8'}...
2026-03-12 16:08:05.805 | DEBUG    | baldaquin.buf:_write:285 - 1500 bytes written to disk.
2026-03-12 16:08:05.806 | DEBUG    | baldaquin.buf:open:104 - Ouput file /home/lab1-student/baldaquindata/plasduino/0309_000096/0309_000096_data.txt closed.
2026-03-12 16:08:05.806 | DEBUG    | baldaquin.buf:open:100 - Opening output file /home/lab1-student/baldaquindata/plasduino/0309_000097/0309_000097_data.txt {'mode': 'at', 'encoding': 'utf-8'}...
2026-03-12 16:08:05.808 | DEBUG    | baldaquin.buf:_write:285 - 1500 bytes written to disk.
2026-03-12 16:08:05.809 | DEBUG    | baldaquin.buf:open:104 - Ouput file /home/lab1-student/baldaquindata/plasduino/0309_000097/0309_000097_data.txt closed.
2026-03-12 16:08:05.809 | DEBUG    | baldaquin.buf:open:100 - Opening output file /home/lab1-student/baldaquindata/plasduino/0309_000098/0309_000098_data.txt {'mode': 'at', 'encoding': 'utf-8'}...
2026-03-12 16:08:05.809 | DEBUG    | baldaquin.buf:_write:285 - 1500 bytes written to disk.
2026-03-12 16:08:05.821 | DEBUG    | baldaquin.buf:open:104 - Ouput file /home/lab1-student/baldaquindata/plasduino/0309_000098/0309_000098_data.txt closed.
2026-03-12 16:08:05.821 | DEBUG    | baldaquin.buf:open:100 - Opening output file /home/lab1-student/baldaquindata/plasduino/0309_000099/0309_000099_data.txt {'mode': 'at', 'encoding': 'utf-8'}...
2026-03-12 16:08:05.821 | DEBUG    | baldaquin.buf:_write:285 - 1500 bytes written to disk.
2026-03-12 16:08:05.821 | DEBUG    | baldaquin.buf:open:104 - Ouput file /home/lab1-student/baldaquindata/plasduino/0309_000099/0309_000099_data.txt closed.
2026-03-12 16:08:05.822 | DEBUG    | baldaquin.buf:open:100 - Opening output file /home/lab1-student/baldaquindata/plasduino/0309_000100/0309_000100_data.txt {'mode': 'at', 'encoding': 'utf-8'}...
2026-03-12 16:08:05.822 | DEBUG    | baldaquin.buf:_write:285 - 1500 bytes written to disk.
2026-03-12 16:08:05.822 | DEBUG    | baldaquin.buf:open:104 - Ouput file /home/lab1-student/baldaquindata/plasduino/0309_000100/0309_000100_data.txt closed.
2026-03-12 16:08:05.822 | DEBUG    | baldaquin.buf:open:100 - Opening output file /home/lab1-student/baldaquindata/plasduino/0309_000101/0309_000101_data.txt {'mode': 'at', 'encoding': 'utf-8'}...
2026-03-12 16:08:05.823 | DEBUG    | baldaquin.buf:_write:285 - 1500 bytes written to disk.
2026-03-12 16:08:05.823 | DEBUG    | baldaquin.buf:open:104 - Ouput file /home/lab1-student/baldaquindata/plasduino/0309_000101/0309_000101_data.txt closed.
2026-03-12 16:08:05.823 | DEBUG    | baldaquin.buf:open:100 - Opening output file /home/lab1-student/baldaquindata/plasduino/0309_000102/0309_000102_data.txt {'mode': 'at', 'encoding': 'utf-8'}...
2026-03-12 16:08:05.824 | DEBUG    | baldaquin.buf:_write:285 - 1500 bytes written to disk.
2026-03-12 16:08:05.824 | DEBUG    | baldaquin.buf:open:104 - Ouput file /home/lab1-student/baldaquindata/plasduino/0309_000102/0309_000102_data.txt closed.
2026-03-12 16:08:05.824 | DEBUG    | baldaquin.buf:open:100 - Opening output file /home/lab1-student/baldaquindata/plasduino/0309_000103/0309_000103_data.txt {'mode': 'at', 'encoding': 'utf-8'}...
2026-03-12 16:08:05.825 | DEBUG    | baldaquin.buf:_write:285 - 1500 bytes written to disk.
2026-03-12 16:08:05.825 | DEBUG    | baldaquin.buf:open:104 - Ouput file /home/lab1-student/baldaquindata/plasduino/0309_000103/0309_000103_data.txt closed.
2026-03-12 16:08:05.825 | DEBUG    | baldaquin.buf:open:100 - Opening output file /home/lab1-student/baldaquindata/plasduino/0309_000104/0309_000104_data.txt {'mode': 'at', 'encoding': 'utf-8'}...
2026-03-12 16:08:05.826 | DEBUG    | baldaquin.buf:_write:285 - 1500 bytes written to disk.
2026-03-12 16:08:05.826 | DEBUG    | baldaquin.buf:open:104 - Ouput file /home/lab1-student/baldaquindata/plasduino/0309_000104/0309_000104_data.txt closed.
2026-03-12 16:08:05.826 | DEBUG    | baldaquin.buf:open:100 - Opening output file /home/lab1-student/baldaquindata/plasduino/0309_000105/0309_000105_data.txt {'mode': 'at', 'encoding': 'utf-8'}...
2026-03-12 16:08:05.835 | DEBUG    | baldaquin.buf:_write:285 - 1500 bytes written to disk.
2026-03-12 16:08:05.839 | DEBUG    | baldaquin.buf:open:104 - Ouput file /home/lab1-student/baldaquindata/plasduino/0309_000105/0309_000105_data.txt closed.
2026-03-12 16:08:05.840 | DEBUG    | baldaquin.buf:open:100 - Opening output file /home/lab1-student/baldaquindata/plasduino/0309_000105/0309_000105_data.dat {'mode': 'ab'}...
2026-03-12 16:08:05.841 | DEBUG    | baldaquin.buf:_pop_and_write_raw:259 - 800 bytes written to disk.
2026-03-12 16:08:05.841 | DEBUG    | baldaquin.buf:open:104 - Ouput file /home/lab1-student/baldaquindata/plasduino/0309_000105/0309_000105_data.dat closed.
2026-03-12 16:08:05.842 | INFO     | baldaquin.buf:flush:318 - 30800 bytes (800 raw bytes) written to disk.
2026-03-12 16:08:05.842 | DEBUG    | baldaquin.profile:wrap:32 - Running time for flush(): 0.123615 s
2026-03-12 16:08:08.253 | INFO     | baldaquin.buf:flush:309 - 100 packets ready to be written out...
2026-03-12 16:08:08.254 | DEBUG    | baldaquin.buf:open:100 - Opening output file /home/lab1-student/baldaquindata/plasduino/0309_000086/0309_000086_data.txt {'mode': 'at', 'encoding': 'utf-8'}...
2026-03-12 16:08:08.254 | DEBUG    | baldaquin.buf:_write:285 - 1500 bytes written to disk.
2026-03-12 16:08:08.255 | DEBUG    | baldaquin.buf:open:104 - Ouput file /home/lab1-student/baldaquindata/plasduino/0309_000086/0309_000086_data.txt closed.
2026-03-12 16:08:08.255 | DEBUG    | baldaquin.buf:open:100 - Opening output file /home/lab1-student/baldaquindata/plasduino/0309_000087/0309_000087_data.txt {'mode': 'at', 'encoding': 'utf-8'}...
2026-03-12 16:08:08.255 | DEBUG    | baldaquin.buf:_write:285 - 1500 bytes written to disk.
2026-03-12 16:08:08.255 | DEBUG    | baldaquin.buf:open:104 - Ouput file /home/lab1-student/baldaquindata/plasduino/0309_000087/0309_000087_data.txt closed.
2026-03-12 16:08:08.256 | DEBUG    | baldaquin.buf:open:100 - Opening output file /home/lab1-student/baldaquindata/plasduino/0309_000088/0309_000088_data.txt {'mode': 'at', 'encoding': 'utf-8'}...
2026-03-12 16:08:08.270 | DEBUG    | baldaquin.buf:_write:285 - 1500 bytes written to disk.
2026-03-12 16:08:08.281 | DEBUG    | baldaquin.buf:open:104 - Ouput file /home/lab1-student/baldaquindata/plasduino/0309_000088/0309_000088_data.txt closed.
2026-03-12 16:08:08.285 | DEBUG    | baldaquin.buf:open:100 - Opening output file /home/lab1-student/baldaquindata/plasduino/0309_000089/0309_000089_data.txt {'mode': 'at', 'encoding': 'utf-8'}...
2026-03-12 16:08:08.299 | DEBUG    | baldaquin.buf:_write:285 - 1500 bytes written to disk.
2026-03-12 16:08:08.300 | DEBUG    | baldaquin.buf:open:104 - Ouput file /home/lab1-student/baldaquindata/plasduino/0309_000089/0309_000089_data.txt closed.
2026-03-12 16:08:08.308 | DEBUG    | baldaquin.buf:open:100 - Opening output file /home/lab1-student/baldaquindata/plasduino/0309_000090/0309_000090_data.txt {'mode': 'at', 'encoding': 'utf-8'}...
2026-03-12 16:08:08.313 | DEBUG    | baldaquin.buf:_write:285 - 1500 bytes written to disk.
2026-03-12 16:08:08.318 | DEBUG    | baldaquin.buf:open:104 - Ouput file /home/lab1-student/baldaquindata/plasduino/0309_000090/0309_000090_data.txt closed.
2026-03-12 16:08:08.318 | DEBUG    | baldaquin.buf:open:100 - Opening output file /home/lab1-student/baldaquindata/plasduino/0309_000091/0309_000091_data.txt {'mode': 'at', 'encoding': 'utf-8'}...
2026-03-12 16:08:08.319 | DEBUG    | baldaquin.buf:_write:285 - 1500 bytes written to disk.
2026-03-12 16:08:08.320 | DEBUG    | baldaquin.buf:open:104 - Ouput file /home/lab1-student/baldaquindata/plasduino/0309_000091/0309_000091_data.txt closed.
2026-03-12 16:08:08.320 | DEBUG    | baldaquin.buf:open:100 - Opening output file /home/lab1-student/baldaquindata/plasduino/0309_000092/0309_000092_data.txt {'mode': 'at', 'encoding': 'utf-8'}...
2026-03-12 16:08:08.321 | DEBUG    | baldaquin.buf:_write:285 - 1500 bytes written to disk.
2026-03-12 16:08:08.321 | DEBUG    | baldaquin.buf:open:104 - Ouput file /home/lab1-student/baldaquindata/plasduino/0309_000092/0309_000092_data.txt closed.
2026-03-12 16:08:08.321 | DEBUG    | baldaquin.buf:open:100 - Opening output file /home/lab1-student/baldaquindata/plasduino/0309_000093/0309_000093_data.txt {'mode': 'at', 'encoding': 'utf-8'}...
2026-03-12 16:08:08.321 | DEBUG    | baldaquin.buf:_write:285 - 1500 bytes written to disk.
2026-03-12 16:08:08.321 | DEBUG    | baldaquin.buf:open:104 - Ouput file /home/lab1-student/baldaquindata/plasduino/0309_000093/0309_000093_data.txt closed.
2026-03-12 16:08:08.321 | DEBUG    | baldaquin.buf:open:100 - Opening output file /home/lab1-student/baldaquindata/plasduino/0309_000094/0309_000094_data.txt {'mode': 'at', 'encoding': 'utf-8'}...
2026-03-12 16:08:08.322 | DEBUG    | baldaquin.buf:_write:285 - 1500 bytes written to disk.
2026-03-12 16:08:08.322 | DEBUG    | baldaquin.buf:open:104 - Ouput file /home/lab1-student/baldaquindata/plasduino/0309_000094/0309_000094_data.txt closed.
2026-03-12 16:08:08.322 | DEBUG    | baldaquin.buf:open:100 - Opening output file /home/lab1-student/baldaquindata/plasduino/0309_000095/0309_000095_data.txt {'mode': 'at', 'encoding': 'utf-8'}...
2026-03-12 16:08:08.323 | DEBUG    | baldaquin.buf:_write:285 - 1500 bytes written to disk.
2026-03-12 16:08:08.350 | DEBUG    | baldaquin.buf:open:104 - Ouput file /home/lab1-student/baldaquindata/plasduino/0309_000095/0309_000095_data.txt closed.
2026-03-12 16:08:08.354 | DEBUG    | baldaquin.buf:open:100 - Opening output file /home/lab1-student/baldaquindata/plasduino/0309_000096/0309_000096_data.txt {'mode': 'at', 'encoding': 'utf-8'}...
2026-03-12 16:08:08.359 | DEBUG    | baldaquin.buf:_write:285 - 1500 bytes written to disk.
2026-03-12 16:08:08.364 | DEBUG    | baldaquin.buf:open:104 - Ouput file /home/lab1-student/baldaquindata/plasduino/0309_000096/0309_000096_data.txt closed.
2026-03-12 16:08:08.364 | DEBUG    | baldaquin.buf:open:100 - Opening output file /home/lab1-student/baldaquindata/plasduino/0309_000097/0309_000097_data.txt {'mode': 'at', 'encoding': 'utf-8'}...
2026-03-12 16:08:08.385 | DEBUG    | baldaquin.buf:_write:285 - 1500 bytes written to disk.
2026-03-12 16:08:08.385 | DEBUG    | baldaquin.buf:open:104 - Ouput file /home/lab1-student/baldaquindata/plasduino/0309_000097/0309_000097_data.txt closed.
2026-03-12 16:08:08.387 | DEBUG    | baldaquin.buf:open:100 - Opening output file /home/lab1-student/baldaquindata/plasduino/0309_000098/0309_000098_data.txt {'mode': 'at', 'encoding': 'utf-8'}...
2026-03-12 16:08:08.392 | DEBUG    | baldaquin.buf:_write:285 - 1500 bytes written to disk.
2026-03-12 16:08:08.393 | DEBUG    | baldaquin.buf:open:104 - Ouput file /home/lab1-student/baldaquindata/plasduino/0309_000098/0309_000098_data.txt closed.
2026-03-12 16:08:08.393 | DEBUG    | baldaquin.buf:open:100 - Opening output file /home/lab1-student/baldaquindata/plasduino/0309_000099/0309_000099_data.txt {'mode': 'at', 'encoding': 'utf-8'}...
2026-03-12 16:08:08.393 | DEBUG    | baldaquin.buf:_write:285 - 1500 bytes written to disk.
2026-03-12 16:08:08.394 | DEBUG    | baldaquin.buf:open:104 - Ouput file /home/lab1-student/baldaquindata/plasduino/0309_000099/0309_000099_data.txt closed.
2026-03-12 16:08:08.394 | DEBUG    | baldaquin.buf:open:100 - Opening output file /home/lab1-student/baldaquindata/plasduino/0309_000100/0309_000100_data.txt {'mode': 'at', 'encoding': 'utf-8'}...
2026-03-12 16:08:08.400 | DEBUG    | baldaquin.buf:_write:285 - 1500 bytes written to disk.
2026-03-12 16:08:08.402 | DEBUG    | baldaquin.buf:open:104 - Ouput file /home/lab1-student/baldaquindata/plasduino/0309_000100/0309_000100_data.txt closed.
2026-03-12 16:08:08.402 | DEBUG    | baldaquin.buf:open:100 - Opening output file /home/lab1-student/baldaquindata/plasduino/0309_000101/0309_000101_data.txt {'mode': 'at', 'encoding': 'utf-8'}...
2026-03-12 16:08:08.403 | DEBUG    | baldaquin.buf:_write:285 - 1500 bytes written to disk.
2026-03-12 16:08:08.403 | DEBUG    | baldaquin.buf:open:104 - Ouput file /home/lab1-student/baldaquindata/plasduino/0309_000101/0309_000101_data.txt closed.
2026-03-12 16:08:08.403 | DEBUG    | baldaquin.buf:open:100 - Opening output file /home/lab1-student/baldaquindata/plasduino/0309_000102/0309_000102_data.txt {'mode': 'at', 'encoding': 'utf-8'}...
2026-03-12 16:08:08.404 | DEBUG    | baldaquin.buf:_write:285 - 1500 bytes written to disk.
2026-03-12 16:08:08.404 | DEBUG    | baldaquin.buf:open:104 - Ouput file /home/lab1-student/baldaquindata/plasduino/0309_000102/0309_000102_data.txt closed.
2026-03-12 16:08:08.404 | DEBUG    | baldaquin.buf:open:100 - Opening output file /home/lab1-student/baldaquindata/plasduino/0309_000103/0309_000103_data.txt {'mode': 'at', 'encoding': 'utf-8'}...
2026-03-12 16:08:08.405 | DEBUG    | baldaquin.buf:_write:285 - 1500 bytes written to disk.
2026-03-12 16:08:08.405 | DEBUG    | baldaquin.buf:open:104 - Ouput file /home/lab1-student/baldaquindata/plasduino/0309_000103/0309_000103_data.txt closed.
2026-03-12 16:08:08.405 | DEBUG    | baldaquin.buf:open:100 - Opening output file /home/lab1-student/baldaquindata/plasduino/0309_000104/0309_000104_data.txt {'mode': 'at', 'encoding': 'utf-8'}...
2026-03-12 16:08:08.406 | DEBUG    | baldaquin.buf:_write:285 - 1500 bytes written to disk.
2026-03-12 16:08:08.406 | DEBUG    | baldaquin.buf:open:104 - Ouput file /home/lab1-student/baldaquindata/plasduino/0309_000104/0309_000104_data.txt closed.
2026-03-12 16:08:08.406 | DEBUG    | baldaquin.buf:open:100 - Opening output file /home/lab1-student/baldaquindata/plasduino/0309_000105/0309_000105_data.txt {'mode': 'at', 'encoding': 'utf-8'}...
2026-03-12 16:08:08.407 | DEBUG    | baldaquin.buf:_write:285 - 1500 bytes written to disk.
2026-03-12 16:08:08.420 | DEBUG    | baldaquin.buf:open:104 - Ouput file /home/lab1-student/baldaquindata/plasduino/0309_000105/0309_000105_data.txt closed.
2026-03-12 16:08:08.421 | DEBUG    | baldaquin.buf:open:100 - Opening output file /home/lab1-student/baldaquindata/plasduino/0309_000105/0309_000105_data.dat {'mode': 'ab'}...
2026-03-12 16:08:08.422 | DEBUG    | baldaquin.buf:_pop_and_write_raw:259 - 800 bytes written to disk.
2026-03-12 16:08:08.422 | DEBUG    | baldaquin.buf:open:104 - Ouput file /home/lab1-student/baldaquindata/plasduino/0309_000105/0309_000105_data.dat closed.
2026-03-12 16:08:08.423 | INFO     | baldaquin.buf:flush:318 - 30800 bytes (800 raw bytes) written to disk.
2026-03-12 16:08:08.423 | DEBUG    | baldaquin.profile:wrap:32 - Running time for flush(): 0.169281 s
2026-03-12 16:08:10.789 | INFO     | baldaquin.buf:flush:309 - 100 packets ready to be written out...
2026-03-12 16:08:10.798 | DEBUG    | baldaquin.buf:open:100 - Opening output file /home/lab1-student/baldaquindata/plasduino/0309_000086/0309_000086_data.txt {'mode': 'at', 'encoding': 'utf-8'}...
2026-03-12 16:08:10.802 | DEBUG    | baldaquin.buf:_write:285 - 1500 bytes written to disk.
2026-03-12 16:08:10.804 | DEBUG    | baldaquin.buf:open:104 - Ouput file /home/lab1-student/baldaquindata/plasduino/0309_000086/0309_000086_data.txt closed.
2026-03-12 16:08:10.804 | DEBUG    | baldaquin.buf:open:100 - Opening output file /home/lab1-student/baldaquindata/plasduino/0309_000087/0309_000087_data.txt {'mode': 'at', 'encoding': 'utf-8'}...
2026-03-12 16:08:10.805 | DEBUG    | baldaquin.buf:_write:285 - 1500 bytes written to disk.
2026-03-12 16:08:10.808 | DEBUG    | baldaquin.buf:open:104 - Ouput file /home/lab1-student/baldaquindata/plasduino/0309_000087/0309_000087_data.txt closed.
2026-03-12 16:08:10.808 | DEBUG    | baldaquin.buf:open:100 - Opening output file /home/lab1-student/baldaquindata/plasduino/0309_000088/0309_000088_data.txt {'mode': 'at', 'encoding': 'utf-8'}...
2026-03-12 16:08:10.810 | DEBUG    | baldaquin.buf:_write:285 - 1500 bytes written to disk.
2026-03-12 16:08:10.810 | DEBUG    | baldaquin.buf:open:104 - Ouput file /home/lab1-student/baldaquindata/plasduino/0309_000088/0309_000088_data.txt closed.
2026-03-12 16:08:10.810 | DEBUG    | baldaquin.buf:open:100 - Opening output file /home/lab1-student/baldaquindata/plasduino/0309_000089/0309_000089_data.txt {'mode': 'at', 'encoding': 'utf-8'}...
2026-03-12 16:08:10.810 | DEBUG    | baldaquin.buf:_write:285 - 1500 bytes written to disk.
2026-03-12 16:08:10.811 | DEBUG    | baldaquin.buf:open:104 - Ouput file /home/lab1-student/baldaquindata/plasduino/0309_000089/0309_000089_data.txt closed.
2026-03-12 16:08:10.811 | DEBUG    | baldaquin.buf:open:100 - Opening output file /home/lab1-student/baldaquindata/plasduino/0309_000090/0309_000090_data.txt {'mode': 'at', 'encoding': 'utf-8'}...
2026-03-12 16:08:10.811 | DEBUG    | baldaquin.buf:_write:285 - 1500 bytes written to disk.
2026-03-12 16:08:10.811 | DEBUG    | baldaquin.buf:open:104 - Ouput file /home/lab1-student/baldaquindata/plasduino/0309_000090/0309_000090_data.txt closed.
2026-03-12 16:08:10.811 | DEBUG    | baldaquin.buf:open:100 - Opening output file /home/lab1-student/baldaquindata/plasduino/0309_000091/0309_000091_data.txt {'mode': 'at', 'encoding': 'utf-8'}...
2026-03-12 16:08:10.812 | DEBUG    | baldaquin.buf:_write:285 - 1500 bytes written to disk.
2026-03-12 16:08:10.812 | DEBUG    | baldaquin.buf:open:104 - Ouput file /home/lab1-student/baldaquindata/plasduino/0309_000091/0309_000091_data.txt closed.
2026-03-12 16:08:10.812 | DEBUG    | baldaquin.buf:open:100 - Opening output file /home/lab1-student/baldaquindata/plasduino/0309_000092/0309_000092_data.txt {'mode': 'at', 'encoding': 'utf-8'}...
2026-03-12 16:08:10.813 | DEBUG    | baldaquin.buf:_write:285 - 1500 bytes written to disk.
2026-03-12 16:08:10.813 | DEBUG    | baldaquin.buf:open:104 - Ouput file /home/lab1-student/baldaquindata/plasduino/0309_000092/0309_000092_data.txt closed.
2026-03-12 16:08:10.813 | DEBUG    | baldaquin.buf:open:100 - Opening output file /home/lab1-student/baldaquindata/plasduino/0309_000093/0309_000093_data.txt {'mode': 'at', 'encoding': 'utf-8'}...
2026-03-12 16:08:10.813 | DEBUG    | baldaquin.buf:_write:285 - 1500 bytes written to disk.
2026-03-12 16:08:10.813 | DEBUG    | baldaquin.buf:open:104 - Ouput file /home/lab1-student/baldaquindata/plasduino/0309_000093/0309_000093_data.txt closed.
2026-03-12 16:08:10.813 | DEBUG    | baldaquin.buf:open:100 - Opening output file /home/lab1-student/baldaquindata/plasduino/0309_000094/0309_000094_data.txt {'mode': 'at', 'encoding': 'utf-8'}...
2026-03-12 16:08:10.814 | DEBUG    | baldaquin.buf:_write:285 - 1500 bytes written to disk.
2026-03-12 16:08:10.814 | DEBUG    | baldaquin.buf:open:104 - Ouput file /home/lab1-student/baldaquindata/plasduino/0309_000094/0309_000094_data.txt closed.
2026-03-12 16:08:10.814 | DEBUG    | baldaquin.buf:open:100 - Opening output file /home/lab1-student/baldaquindata/plasduino/0309_000095/0309_000095_data.txt {'mode': 'at', 'encoding': 'utf-8'}...
2026-03-12 16:08:10.815 | DEBUG    | baldaquin.buf:_write:285 - 1500 bytes written to disk.
2026-03-12 16:08:10.815 | DEBUG    | baldaquin.buf:open:104 - Ouput file /home/lab1-student/baldaquindata/plasduino/0309_000095/0309_000095_data.txt closed.
2026-03-12 16:08:10.815 | DEBUG    | baldaquin.buf:open:100 - Opening output file /home/lab1-student/baldaquindata/plasduino/0309_000096/0309_000096_data.txt {'mode': 'at', 'encoding': 'utf-8'}...
2026-03-12 16:08:10.815 | DEBUG    | baldaquin.buf:_write:285 - 1500 bytes written to disk.
2026-03-12 16:08:10.816 | DEBUG    | baldaquin.buf:open:104 - Ouput file /home/lab1-student/baldaquindata/plasduino/0309_000096/0309_000096_data.txt closed.
2026-03-12 16:08:10.816 | DEBUG    | baldaquin.buf:open:100 - Opening output file /home/lab1-student/baldaquindata/plasduino/0309_000097/0309_000097_data.txt {'mode': 'at', 'encoding': 'utf-8'}...
2026-03-12 16:08:10.816 | DEBUG    | baldaquin.buf:_write:285 - 1500 bytes written to disk.
2026-03-12 16:08:10.817 | DEBUG    | baldaquin.buf:open:104 - Ouput file /home/lab1-student/baldaquindata/plasduino/0309_000097/0309_000097_data.txt closed.
2026-03-12 16:08:10.817 | DEBUG    | baldaquin.buf:open:100 - Opening output file /home/lab1-student/baldaquindata/plasduino/0309_000098/0309_000098_data.txt {'mode': 'at', 'encoding': 'utf-8'}...
2026-03-12 16:08:10.817 | DEBUG    | baldaquin.buf:_write:285 - 1500 bytes written to disk.
2026-03-12 16:08:10.817 | DEBUG    | baldaquin.buf:open:104 - Ouput file /home/lab1-student/baldaquindata/plasduino/0309_000098/0309_000098_data.txt closed.
2026-03-12 16:08:10.818 | DEBUG    | baldaquin.buf:open:100 - Opening output file /home/lab1-student/baldaquindata/plasduino/0309_000099/0309_000099_data.txt {'mode': 'at', 'encoding': 'utf-8'}...
2026-03-12 16:08:10.818 | DEBUG    | baldaquin.buf:_write:285 - 1500 bytes written to disk.
2026-03-12 16:08:10.818 | DEBUG    | baldaquin.buf:open:104 - Ouput file /home/lab1-student/baldaquindata/plasduino/0309_000099/0309_000099_data.txt closed.
2026-03-12 16:08:10.818 | DEBUG    | baldaquin.buf:open:100 - Opening output file /home/lab1-student/baldaquindata/plasduino/0309_000100/0309_000100_data.txt {'mode': 'at', 'encoding': 'utf-8'}...
2026-03-12 16:08:10.819 | DEBUG    | baldaquin.buf:_write:285 - 1500 bytes written to disk.
2026-03-12 16:08:10.819 | DEBUG    | baldaquin.buf:open:104 - Ouput file /home/lab1-student/baldaquindata/plasduino/0309_000100/0309_000100_data.txt closed.
2026-03-12 16:08:10.819 | DEBUG    | baldaquin.buf:open:100 - Opening output file /home/lab1-student/baldaquindata/plasduino/0309_000101/0309_000101_data.txt {'mode': 'at', 'encoding': 'utf-8'}...
2026-03-12 16:08:10.820 | DEBUG    | baldaquin.buf:_write:285 - 1500 bytes written to disk.
2026-03-12 16:08:10.820 | DEBUG    | baldaquin.buf:open:104 - Ouput file /home/lab1-student/baldaquindata/plasduino/0309_000101/0309_000101_data.txt closed.
2026-03-12 16:08:10.820 | DEBUG    | baldaquin.buf:open:100 - Opening output file /home/lab1-student/baldaquindata/plasduino/0309_000102/0309_000102_data.txt {'mode': 'at', 'encoding': 'utf-8'}...
2026-03-12 16:08:10.820 | DEBUG    | baldaquin.buf:_write:285 - 1500 bytes written to disk.
2026-03-12 16:08:10.820 | DEBUG    | baldaquin.buf:open:104 - Ouput file /home/lab1-student/baldaquindata/plasduino/0309_000102/0309_000102_data.txt closed.
2026-03-12 16:08:10.820 | DEBUG    | baldaquin.buf:open:100 - Opening output file /home/lab1-student/baldaquindata/plasduino/0309_000103/0309_000103_data.txt {'mode': 'at', 'encoding': 'utf-8'}...
2026-03-12 16:08:10.821 | DEBUG    | baldaquin.buf:_write:285 - 1500 bytes written to disk.
2026-03-12 16:08:10.821 | DEBUG    | baldaquin.buf:open:104 - Ouput file /home/lab1-student/baldaquindata/plasduino/0309_000103/0309_000103_data.txt closed.
2026-03-12 16:08:10.821 | DEBUG    | baldaquin.buf:open:100 - Opening output file /home/lab1-student/baldaquindata/plasduino/0309_000104/0309_000104_data.txt {'mode': 'at', 'encoding': 'utf-8'}...
2026-03-12 16:08:10.822 | DEBUG    | baldaquin.buf:_write:285 - 1500 bytes written to disk.
2026-03-12 16:08:10.822 | DEBUG    | baldaquin.buf:open:104 - Ouput file /home/lab1-student/baldaquindata/plasduino/0309_000104/0309_000104_data.txt closed.
2026-03-12 16:08:10.822 | DEBUG    | baldaquin.buf:open:100 - Opening output file /home/lab1-student/baldaquindata/plasduino/0309_000105/0309_000105_data.txt {'mode': 'at', 'encoding': 'utf-8'}...
2026-03-12 16:08:10.822 | DEBUG    | baldaquin.buf:_write:285 - 1500 bytes written to disk.
2026-03-12 16:08:10.822 | DEBUG    | baldaquin.buf:open:104 - Ouput file /home/lab1-student/baldaquindata/plasduino/0309_000105/0309_000105_data.txt closed.
2026-03-12 16:08:10.822 | DEBUG    | baldaquin.buf:open:100 - Opening output file /home/lab1-student/baldaquindata/plasduino/0309_000105/0309_000105_data.dat {'mode': 'ab'}...
2026-03-12 16:08:10.850 | DEBUG    | baldaquin.buf:_pop_and_write_raw:259 - 800 bytes written to disk.
2026-03-12 16:08:10.856 | DEBUG    | baldaquin.buf:open:104 - Ouput file /home/lab1-student/baldaquindata/plasduino/0309_000105/0309_000105_data.dat closed.
2026-03-12 16:08:10.857 | INFO     | baldaquin.buf:flush:318 - 30800 bytes (800 raw bytes) written to disk.
2026-03-12 16:08:10.859 | DEBUG    | baldaquin.profile:wrap:32 - Running time for flush(): 0.069651 s
2026-03-12 16:08:13.342 | INFO     | baldaquin.buf:flush:309 - 100 packets ready to be written out...
2026-03-12 16:08:13.347 | DEBUG    | baldaquin.buf:open:100 - Opening output file /home/lab1-student/baldaquindata/plasduino/0309_000086/0309_000086_data.txt {'mode': 'at', 'encoding': 'utf-8'}...
2026-03-12 16:08:13.348 | DEBUG    | baldaquin.buf:_write:285 - 1500 bytes written to disk.
2026-03-12 16:08:13.348 | DEBUG    | baldaquin.buf:open:104 - Ouput file /home/lab1-student/baldaquindata/plasduino/0309_000086/0309_000086_data.txt closed.
2026-03-12 16:08:13.348 | DEBUG    | baldaquin.buf:open:100 - Opening output file /home/lab1-student/baldaquindata/plasduino/0309_000087/0309_000087_data.txt {'mode': 'at', 'encoding': 'utf-8'}...
2026-03-12 16:08:13.353 | DEBUG    | baldaquin.buf:_write:285 - 1500 bytes written to disk.
2026-03-12 16:08:13.355 | DEBUG    | baldaquin.buf:open:104 - Ouput file /home/lab1-student/baldaquindata/plasduino/0309_000087/0309_000087_data.txt closed.
2026-03-12 16:08:13.358 | DEBUG    | baldaquin.buf:open:100 - Opening output file /home/lab1-student/baldaquindata/plasduino/0309_000088/0309_000088_data.txt {'mode': 'at', 'encoding': 'utf-8'}...
2026-03-12 16:08:13.365 | DEBUG    | baldaquin.buf:_write:285 - 1500 bytes written to disk.
2026-03-12 16:08:13.365 | DEBUG    | baldaquin.buf:open:104 - Ouput file /home/lab1-student/baldaquindata/plasduino/0309_000088/0309_000088_data.txt closed.
2026-03-12 16:08:13.379 | DEBUG    | baldaquin.buf:open:100 - Opening output file /home/lab1-student/baldaquindata/plasduino/0309_000089/0309_000089_data.txt {'mode': 'at', 'encoding': 'utf-8'}...
2026-03-12 16:08:13.380 | DEBUG    | baldaquin.buf:_write:285 - 1500 bytes written to disk.
2026-03-12 16:08:13.380 | DEBUG    | baldaquin.buf:open:104 - Ouput file /home/lab1-student/baldaquindata/plasduino/0309_000089/0309_000089_data.txt closed.
2026-03-12 16:08:13.380 | DEBUG    | baldaquin.buf:open:100 - Opening output file /home/lab1-student/baldaquindata/plasduino/0309_000090/0309_000090_data.txt {'mode': 'at', 'encoding': 'utf-8'}...
2026-03-12 16:08:13.390 | DEBUG    | baldaquin.buf:_write:285 - 1500 bytes written to disk.
2026-03-12 16:08:13.391 | DEBUG    | baldaquin.buf:open:104 - Ouput file /home/lab1-student/baldaquindata/plasduino/0309_000090/0309_000090_data.txt closed.
2026-03-12 16:08:13.392 | DEBUG    | baldaquin.buf:open:100 - Opening output file /home/lab1-student/baldaquindata/plasduino/0309_000091/0309_000091_data.txt {'mode': 'at', 'encoding': 'utf-8'}...
2026-03-12 16:08:13.402 | DEBUG    | baldaquin.buf:_write:285 - 1500 bytes written to disk.
2026-03-12 16:08:13.402 | DEBUG    | baldaquin.buf:open:104 - Ouput file /home/lab1-student/baldaquindata/plasduino/0309_000091/0309_000091_data.txt closed.
2026-03-12 16:08:13.402 | DEBUG    | baldaquin.buf:open:100 - Opening output file /home/lab1-student/baldaquindata/plasduino/0309_000092/0309_000092_data.txt {'mode': 'at', 'encoding': 'utf-8'}...
2026-03-12 16:08:13.403 | DEBUG    | baldaquin.buf:_write:285 - 1500 bytes written to disk.
2026-03-12 16:08:13.403 | DEBUG    | baldaquin.buf:open:104 - Ouput file /home/lab1-student/baldaquindata/plasduino/0309_000092/0309_000092_data.txt closed.
2026-03-12 16:08:13.403 | DEBUG    | baldaquin.buf:open:100 - Opening output file /home/lab1-student/baldaquindata/plasduino/0309_000093/0309_000093_data.txt {'mode': 'at', 'encoding': 'utf-8'}...
2026-03-12 16:08:13.404 | DEBUG    | baldaquin.buf:_write:285 - 1500 bytes written to disk.
2026-03-12 16:08:13.404 | DEBUG    | baldaquin.buf:open:104 - Ouput file /home/lab1-student/baldaquindata/plasduino/0309_000093/0309_000093_data.txt closed.
2026-03-12 16:08:13.404 | DEBUG    | baldaquin.buf:open:100 - Opening output file /home/lab1-student/baldaquindata/plasduino/0309_000094/0309_000094_data.txt {'mode': 'at', 'encoding': 'utf-8'}...
2026-03-12 16:08:13.417 | DEBUG    | baldaquin.buf:_write:285 - 1500 bytes written to disk.
2026-03-12 16:08:13.417 | DEBUG    | baldaquin.buf:open:104 - Ouput file /home/lab1-student/baldaquindata/plasduino/0309_000094/0309_000094_data.txt closed.
2026-03-12 16:08:13.417 | DEBUG    | baldaquin.buf:open:100 - Opening output file /home/lab1-student/baldaquindata/plasduino/0309_000095/0309_000095_data.txt {'mode': 'at', 'encoding': 'utf-8'}...
2026-03-12 16:08:13.420 | DEBUG    | baldaquin.buf:_write:285 - 1500 bytes written to disk.
2026-03-12 16:08:13.420 | DEBUG    | baldaquin.buf:open:104 - Ouput file /home/lab1-student/baldaquindata/plasduino/0309_000095/0309_000095_data.txt closed.
2026-03-12 16:08:13.420 | DEBUG    | baldaquin.buf:open:100 - Opening output file /home/lab1-student/baldaquindata/plasduino/0309_000096/0309_000096_data.txt {'mode': 'at', 'encoding': 'utf-8'}...
2026-03-12 16:08:13.421 | DEBUG    | baldaquin.buf:_write:285 - 1500 bytes written to disk.
2026-03-12 16:08:13.423 | DEBUG    | baldaquin.buf:open:104 - Ouput file /home/lab1-student/baldaquindata/plasduino/0309_000096/0309_000096_data.txt closed.
2026-03-12 16:08:13.423 | DEBUG    | baldaquin.buf:open:100 - Opening output file /home/lab1-student/baldaquindata/plasduino/0309_000097/0309_000097_data.txt {'mode': 'at', 'encoding': 'utf-8'}...
2026-03-12 16:08:13.424 | DEBUG    | baldaquin.buf:_write:285 - 1500 bytes written to disk.
2026-03-12 16:08:13.443 | DEBUG    | baldaquin.buf:open:104 - Ouput file /home/lab1-student/baldaquindata/plasduino/0309_000097/0309_000097_data.txt closed.
2026-03-12 16:08:13.443 | DEBUG    | baldaquin.buf:open:100 - Opening output file /home/lab1-student/baldaquindata/plasduino/0309_000098/0309_000098_data.txt {'mode': 'at', 'encoding': 'utf-8'}...
2026-03-12 16:08:13.443 | DEBUG    | baldaquin.buf:_write:285 - 1500 bytes written to disk.
2026-03-12 16:08:13.444 | DEBUG    | baldaquin.buf:open:104 - Ouput file /home/lab1-student/baldaquindata/plasduino/0309_000098/0309_000098_data.txt closed.
2026-03-12 16:08:13.444 | DEBUG    | baldaquin.buf:open:100 - Opening output file /home/lab1-student/baldaquindata/plasduino/0309_000099/0309_000099_data.txt {'mode': 'at', 'encoding': 'utf-8'}...
2026-03-12 16:08:13.444 | DEBUG    | baldaquin.buf:_write:285 - 1500 bytes written to disk.
2026-03-12 16:08:13.451 | DEBUG    | baldaquin.buf:open:104 - Ouput file /home/lab1-student/baldaquindata/plasduino/0309_000099/0309_000099_data.txt closed.
2026-03-12 16:08:13.452 | DEBUG    | baldaquin.buf:open:100 - Opening output file /home/lab1-student/baldaquindata/plasduino/0309_000100/0309_000100_data.txt {'mode': 'at', 'encoding': 'utf-8'}...
2026-03-12 16:08:13.452 | DEBUG    | baldaquin.buf:_write:285 - 1500 bytes written to disk.
2026-03-12 16:08:13.457 | DEBUG    | baldaquin.buf:open:104 - Ouput file /home/lab1-student/baldaquindata/plasduino/0309_000100/0309_000100_data.txt closed.
2026-03-12 16:08:13.466 | DEBUG    | baldaquin.buf:open:100 - Opening output file /home/lab1-student/baldaquindata/plasduino/0309_000101/0309_000101_data.txt {'mode': 'at', 'encoding': 'utf-8'}...
2026-03-12 16:08:13.468 | DEBUG    | baldaquin.buf:_write:285 - 1500 bytes written to disk.
2026-03-12 16:08:13.474 | DEBUG    | baldaquin.buf:open:104 - Ouput file /home/lab1-student/baldaquindata/plasduino/0309_000101/0309_000101_data.txt closed.
2026-03-12 16:08:13.474 | DEBUG    | baldaquin.buf:open:100 - Opening output file /home/lab1-student/baldaquindata/plasduino/0309_000102/0309_000102_data.txt {'mode': 'at', 'encoding': 'utf-8'}...
2026-03-12 16:08:13.475 | DEBUG    | baldaquin.buf:_write:285 - 1500 bytes written to disk.
2026-03-12 16:08:13.475 | DEBUG    | baldaquin.buf:open:104 - Ouput file /home/lab1-student/baldaquindata/plasduino/0309_000102/0309_000102_data.txt closed.
2026-03-12 16:08:13.475 | DEBUG    | baldaquin.buf:open:100 - Opening output file /home/lab1-student/baldaquindata/plasduino/0309_000103/0309_000103_data.txt {'mode': 'at', 'encoding': 'utf-8'}...
2026-03-12 16:08:13.489 | DEBUG    | baldaquin.buf:_write:285 - 1500 bytes written to disk.
2026-03-12 16:08:13.497 | DEBUG    | baldaquin.buf:open:104 - Ouput file /home/lab1-student/baldaquindata/plasduino/0309_000103/0309_000103_data.txt closed.
2026-03-12 16:08:13.498 | DEBUG    | baldaquin.buf:open:100 - Opening output file /home/lab1-student/baldaquindata/plasduino/0309_000104/0309_000104_data.txt {'mode': 'at', 'encoding': 'utf-8'}...
2026-03-12 16:08:13.500 | DEBUG    | baldaquin.buf:_write:285 - 1500 bytes written to disk.
2026-03-12 16:08:13.501 | DEBUG    | baldaquin.buf:open:104 - Ouput file /home/lab1-student/baldaquindata/plasduino/0309_000104/0309_000104_data.txt closed.
2026-03-12 16:08:13.502 | DEBUG    | baldaquin.buf:open:100 - Opening output file /home/lab1-student/baldaquindata/plasduino/0309_000105/0309_000105_data.txt {'mode': 'at', 'encoding': 'utf-8'}...
2026-03-12 16:08:13.502 | DEBUG    | baldaquin.buf:_write:285 - 1500 bytes written to disk.
2026-03-12 16:08:13.504 | DEBUG    | baldaquin.buf:open:104 - Ouput file /home/lab1-student/baldaquindata/plasduino/0309_000105/0309_000105_data.txt closed.
2026-03-12 16:08:13.513 | DEBUG    | baldaquin.buf:open:100 - Opening output file /home/lab1-student/baldaquindata/plasduino/0309_000105/0309_000105_data.dat {'mode': 'ab'}...
2026-03-12 16:08:13.513 | DEBUG    | baldaquin.buf:_pop_and_write_raw:259 - 800 bytes written to disk.
2026-03-12 16:08:13.524 | DEBUG    | baldaquin.buf:open:104 - Ouput file /home/lab1-student/baldaquindata/plasduino/0309_000105/0309_000105_data.dat closed.
2026-03-12 16:08:13.526 | INFO     | baldaquin.buf:flush:318 - 30800 bytes (800 raw bytes) written to disk.
2026-03-12 16:08:13.530 | DEBUG    | baldaquin.profile:wrap:32 - Running time for flush(): 0.188638 s
2026-03-12 16:08:15.864 | INFO     | baldaquin.buf:flush:309 - 100 packets ready to be written out...
2026-03-12 16:08:15.864 | DEBUG    | baldaquin.buf:open:100 - Opening output file /home/lab1-student/baldaquindata/plasduino/0309_000086/0309_000086_data.txt {'mode': 'at', 'encoding': 'utf-8'}...
2026-03-12 16:08:15.874 | DEBUG    | baldaquin.buf:_write:285 - 1500 bytes written to disk.
2026-03-12 16:08:15.874 | DEBUG    | baldaquin.buf:open:104 - Ouput file /home/lab1-student/baldaquindata/plasduino/0309_000086/0309_000086_data.txt closed.
2026-03-12 16:08:15.874 | DEBUG    | baldaquin.buf:open:100 - Opening output file /home/lab1-student/baldaquindata/plasduino/0309_000087/0309_000087_data.txt {'mode': 'at', 'encoding': 'utf-8'}...
2026-03-12 16:08:15.875 | DEBUG    | baldaquin.buf:_write:285 - 1500 bytes written to disk.
2026-03-12 16:08:15.875 | DEBUG    | baldaquin.buf:open:104 - Ouput file /home/lab1-student/baldaquindata/plasduino/0309_000087/0309_000087_data.txt closed.
2026-03-12 16:08:15.876 | DEBUG    | baldaquin.buf:open:100 - Opening output file /home/lab1-student/baldaquindata/plasduino/0309_000088/0309_000088_data.txt {'mode': 'at', 'encoding': 'utf-8'}...
2026-03-12 16:08:15.876 | DEBUG    | baldaquin.buf:_write:285 - 1500 bytes written to disk.
2026-03-12 16:08:15.876 | DEBUG    | baldaquin.buf:open:104 - Ouput file /home/lab1-student/baldaquindata/plasduino/0309_000088/0309_000088_data.txt closed.
2026-03-12 16:08:15.877 | DEBUG    | baldaquin.buf:open:100 - Opening output file /home/lab1-student/baldaquindata/plasduino/0309_000089/0309_000089_data.txt {'mode': 'at', 'encoding': 'utf-8'}...
2026-03-12 16:08:15.887 | DEBUG    | baldaquin.buf:_write:285 - 1500 bytes written to disk.
2026-03-12 16:08:15.889 | INFO     | baldaquin.app:stop_run:90 - Stopping Pendulum View user application...
2026-03-12 16:08:15.889 | DEBUG    | baldaquin.buf:open:104 - Ouput file /home/lab1-student/baldaquindata/plasduino/0309_000089/0309_000089_data.txt closed.
2026-03-12 16:08:15.889 | DEBUG    | baldaquin.buf:open:100 - Opening output file /home/lab1-student/baldaquindata/plasduino/0309_000090/0309_000090_data.txt {'mode': 'at', 'encoding': 'utf-8'}...
2026-03-12 16:08:15.890 | DEBUG    | baldaquin.buf:_write:285 - 1500 bytes written to disk.
2026-03-12 16:08:15.890 | DEBUG    | baldaquin.buf:open:104 - Ouput file /home/lab1-student/baldaquindata/plasduino/0309_000090/0309_000090_data.txt closed.
2026-03-12 16:08:15.890 | DEBUG    | baldaquin.buf:open:100 - Opening output file /home/lab1-student/baldaquindata/plasduino/0309_000091/0309_000091_data.txt {'mode': 'at', 'encoding': 'utf-8'}...
2026-03-12 16:08:15.891 | DEBUG    | baldaquin.buf:_write:285 - 1500 bytes written to disk.
2026-03-12 16:08:15.891 | DEBUG    | baldaquin.buf:open:104 - Ouput file /home/lab1-student/baldaquindata/plasduino/0309_000091/0309_000091_data.txt closed.
2026-03-12 16:08:15.891 | DEBUG    | baldaquin.buf:open:100 - Opening output file /home/lab1-student/baldaquindata/plasduino/0309_000092/0309_000092_data.txt {'mode': 'at', 'encoding': 'utf-8'}...
2026-03-12 16:08:15.892 | DEBUG    | baldaquin.buf:_write:285 - 1500 bytes written to disk.
2026-03-12 16:08:15.892 | DEBUG    | baldaquin.buf:open:104 - Ouput file /home/lab1-student/baldaquindata/plasduino/0309_000092/0309_000092_data.txt closed.
2026-03-12 16:08:15.892 | DEBUG    | baldaquin.buf:open:100 - Opening output file /home/lab1-student/baldaquindata/plasduino/0309_000093/0309_000093_data.txt {'mode': 'at', 'encoding': 'utf-8'}...
2026-03-12 16:08:15.893 | DEBUG    | baldaquin.buf:_write:285 - 1500 bytes written to disk.
2026-03-12 16:08:15.893 | DEBUG    | baldaquin.buf:open:104 - Ouput file /home/lab1-student/baldaquindata/plasduino/0309_000093/0309_000093_data.txt closed.
2026-03-12 16:08:15.893 | DEBUG    | baldaquin.buf:open:100 - Opening output file /home/lab1-student/baldaquindata/plasduino/0309_000094/0309_000094_data.txt {'mode': 'at', 'encoding': 'utf-8'}...
2026-03-12 16:08:15.893 | DEBUG    | baldaquin.buf:_write:285 - 1500 bytes written to disk.
2026-03-12 16:08:15.894 | DEBUG    | baldaquin.buf:open:104 - Ouput file /home/lab1-student/baldaquindata/plasduino/0309_000094/0309_000094_data.txt closed.
2026-03-12 16:08:15.894 | DEBUG    | baldaquin.buf:open:100 - Opening output file /home/lab1-student/baldaquindata/plasduino/0309_000095/0309_000095_data.txt {'mode': 'at', 'encoding': 'utf-8'}...
2026-03-12 16:08:15.894 | DEBUG    | baldaquin.buf:_write:285 - 1500 bytes written to disk.
2026-03-12 16:08:15.894 | DEBUG    | baldaquin.buf:open:104 - Ouput file /home/lab1-student/baldaquindata/plasduino/0309_000095/0309_000095_data.txt closed.
2026-03-12 16:08:15.894 | DEBUG    | baldaquin.buf:open:100 - Opening output file /home/lab1-student/baldaquindata/plasduino/0309_000096/0309_000096_data.txt {'mode': 'at', 'encoding': 'utf-8'}...
2026-03-12 16:08:15.895 | DEBUG    | baldaquin.buf:_write:285 - 1500 bytes written to disk.
2026-03-12 16:08:15.895 | DEBUG    | baldaquin.buf:open:104 - Ouput file /home/lab1-student/baldaquindata/plasduino/0309_000096/0309_000096_data.txt closed.
2026-03-12 16:08:15.895 | DEBUG    | baldaquin.buf:open:100 - Opening output file /home/lab1-student/baldaquindata/plasduino/0309_000097/0309_000097_data.txt {'mode': 'at', 'encoding': 'utf-8'}...
2026-03-12 16:08:15.896 | DEBUG    | baldaquin.buf:_write:285 - 1500 bytes written to disk.
2026-03-12 16:08:15.896 | DEBUG    | baldaquin.buf:open:104 - Ouput file /home/lab1-student/baldaquindata/plasduino/0309_000097/0309_000097_data.txt closed.
2026-03-12 16:08:15.896 | DEBUG    | baldaquin.buf:open:100 - Opening output file /home/lab1-student/baldaquindata/plasduino/0309_000098/0309_000098_data.txt {'mode': 'at', 'encoding': 'utf-8'}...
2026-03-12 16:08:15.896 | DEBUG    | baldaquin.buf:_write:285 - 1500 bytes written to disk.
2026-03-12 16:08:15.897 | DEBUG    | baldaquin.buf:open:104 - Ouput file /home/lab1-student/baldaquindata/plasduino/0309_000098/0309_000098_data.txt closed.
2026-03-12 16:08:15.897 | DEBUG    | baldaquin.buf:open:100 - Opening output file /home/lab1-student/baldaquindata/plasduino/0309_000099/0309_000099_data.txt {'mode': 'at', 'encoding': 'utf-8'}...
2026-03-12 16:08:15.897 | DEBUG    | baldaquin.buf:_write:285 - 1500 bytes written to disk.
2026-03-12 16:08:15.897 | DEBUG    | baldaquin.buf:open:104 - Ouput file /home/lab1-student/baldaquindata/plasduino/0309_000099/0309_000099_data.txt closed.
2026-03-12 16:08:15.897 | DEBUG    | baldaquin.buf:open:100 - Opening output file /home/lab1-student/baldaquindata/plasduino/0309_000100/0309_000100_data.txt {'mode': 'at', 'encoding': 'utf-8'}...
2026-03-12 16:08:15.898 | DEBUG    | baldaquin.buf:_write:285 - 1500 bytes written to disk.
2026-03-12 16:08:15.898 | DEBUG    | baldaquin.buf:open:104 - Ouput file /home/lab1-student/baldaquindata/plasduino/0309_000100/0309_000100_data.txt closed.
2026-03-12 16:08:15.898 | DEBUG    | baldaquin.buf:open:100 - Opening output file /home/lab1-student/baldaquindata/plasduino/0309_000101/0309_000101_data.txt {'mode': 'at', 'encoding': 'utf-8'}...
2026-03-12 16:08:15.899 | DEBUG    | baldaquin.buf:_write:285 - 1500 bytes written to disk.
2026-03-12 16:08:15.899 | DEBUG    | baldaquin.buf:open:104 - Ouput file /home/lab1-student/baldaquindata/plasduino/0309_000101/0309_000101_data.txt closed.
2026-03-12 16:08:15.899 | DEBUG    | baldaquin.buf:open:100 - Opening output file /home/lab1-student/baldaquindata/plasduino/0309_000102/0309_000102_data.txt {'mode': 'at', 'encoding': 'utf-8'}...
2026-03-12 16:08:15.899 | DEBUG    | baldaquin.buf:_write:285 - 1500 bytes written to disk.
2026-03-12 16:08:15.899 | DEBUG    | baldaquin.buf:open:104 - Ouput file /home/lab1-student/baldaquindata/plasduino/0309_000102/0309_000102_data.txt closed.
2026-03-12 16:08:15.899 | DEBUG    | baldaquin.buf:open:100 - Opening output file /home/lab1-student/baldaquindata/plasduino/0309_000103/0309_000103_data.txt {'mode': 'at', 'encoding': 'utf-8'}...
2026-03-12 16:08:15.900 | DEBUG    | baldaquin.buf:_write:285 - 1500 bytes written to disk.
2026-03-12 16:08:15.900 | DEBUG    | baldaquin.buf:open:104 - Ouput file /home/lab1-student/baldaquindata/plasduino/0309_000103/0309_000103_data.txt closed.
2026-03-12 16:08:15.900 | DEBUG    | baldaquin.buf:open:100 - Opening output file /home/lab1-student/baldaquindata/plasduino/0309_000104/0309_000104_data.txt {'mode': 'at', 'encoding': 'utf-8'}...
2026-03-12 16:08:15.901 | DEBUG    | baldaquin.buf:_write:285 - 1500 bytes written to disk.
2026-03-12 16:08:15.901 | DEBUG    | baldaquin.buf:open:104 - Ouput file /home/lab1-student/baldaquindata/plasduino/0309_000104/0309_000104_data.txt closed.
2026-03-12 16:08:15.901 | DEBUG    | baldaquin.buf:open:100 - Opening output file /home/lab1-student/baldaquindata/plasduino/0309_000105/0309_000105_data.txt {'mode': 'at', 'encoding': 'utf-8'}...
2026-03-12 16:08:15.901 | DEBUG    | baldaquin.buf:_write:285 - 1500 bytes written to disk.
2026-03-12 16:08:15.901 | DEBUG    | baldaquin.buf:open:104 - Ouput file /home/lab1-student/baldaquindata/plasduino/0309_000105/0309_000105_data.txt closed.
2026-03-12 16:08:15.901 | DEBUG    | baldaquin.buf:open:100 - Opening output file /home/lab1-student/baldaquindata/plasduino/0309_000105/0309_000105_data.dat {'mode': 'ab'}...
2026-03-12 16:08:15.902 | DEBUG    | baldaquin.buf:_pop_and_write_raw:259 - 800 bytes written to disk.
2026-03-12 16:08:15.902 | DEBUG    | baldaquin.buf:open:104 - Ouput file /home/lab1-student/baldaquindata/plasduino/0309_000105/0309_000105_data.dat closed.
2026-03-12 16:08:15.902 | INFO     | baldaquin.buf:flush:318 - 30800 bytes (800 raw bytes) written to disk.
2026-03-12 16:08:15.902 | DEBUG    | baldaquin.profile:wrap:32 - Running time for flush(): 0.037747 s
2026-03-12 16:08:15.902 | DEBUG    | baldaquin.profile:wrap:32 - Running time for flush(): 0.000006 s
2026-03-12 16:08:15.902 | DEBUG    | baldaquin.plasduino.common:write_opcode:132 - Writing 2 to the serial port...
2026-03-12 16:08:15.903 | INFO     | baldaquin.plasduino.common:wait_pending_packets:321 - Waiting 250 ms for pending packet(s)...
2026-03-12 16:08:16.153 | INFO     | baldaquin.plasduino.common:wait_pending_packets:332 - Reading the last 3 packet(s) from the serial port...
2026-03-12 16:08:16.153 | INFO     | baldaquin.buf:flush:309 - 3 packets ready to be written out...
2026-03-12 16:08:16.153 | DEBUG    | baldaquin.buf:open:100 - Opening output file /home/lab1-student/baldaquindata/plasduino/0309_000086/0309_000086_data.txt {'mode': 'at', 'encoding': 'utf-8'}...
2026-03-12 16:08:16.153 | DEBUG    | baldaquin.buf:_write:285 - 45 bytes written to disk.
2026-03-12 16:08:16.154 | DEBUG    | baldaquin.buf:open:104 - Ouput file /home/lab1-student/baldaquindata/plasduino/0309_000086/0309_000086_data.txt closed.
2026-03-12 16:08:16.154 | DEBUG    | baldaquin.buf:open:100 - Opening output file /home/lab1-student/baldaquindata/plasduino/0309_000087/0309_000087_data.txt {'mode': 'at', 'encoding': 'utf-8'}...
2026-03-12 16:08:16.154 | DEBUG    | baldaquin.buf:_write:285 - 45 bytes written to disk.
2026-03-12 16:08:16.154 | DEBUG    | baldaquin.buf:open:104 - Ouput file /home/lab1-student/baldaquindata/plasduino/0309_000087/0309_000087_data.txt closed.
2026-03-12 16:08:16.154 | DEBUG    | baldaquin.buf:open:100 - Opening output file /home/lab1-student/baldaquindata/plasduino/0309_000088/0309_000088_data.txt {'mode': 'at', 'encoding': 'utf-8'}...
2026-03-12 16:08:16.154 | DEBUG    | baldaquin.buf:_write:285 - 45 bytes written to disk.
2026-03-12 16:08:16.154 | DEBUG    | baldaquin.buf:open:104 - Ouput file /home/lab1-student/baldaquindata/plasduino/0309_000088/0309_000088_data.txt closed.
2026-03-12 16:08:16.154 | DEBUG    | baldaquin.buf:open:100 - Opening output file /home/lab1-student/baldaquindata/plasduino/0309_000089/0309_000089_data.txt {'mode': 'at', 'encoding': 'utf-8'}...
2026-03-12 16:08:16.154 | DEBUG    | baldaquin.buf:_write:285 - 45 bytes written to disk.
2026-03-12 16:08:16.154 | DEBUG    | baldaquin.buf:open:104 - Ouput file /home/lab1-student/baldaquindata/plasduino/0309_000089/0309_000089_data.txt closed.
2026-03-12 16:08:16.155 | DEBUG    | baldaquin.buf:open:100 - Opening output file /home/lab1-student/baldaquindata/plasduino/0309_000090/0309_000090_data.txt {'mode': 'at', 'encoding': 'utf-8'}...
2026-03-12 16:08:16.155 | DEBUG    | baldaquin.buf:_write:285 - 45 bytes written to disk.
2026-03-12 16:08:16.155 | DEBUG    | baldaquin.buf:open:104 - Ouput file /home/lab1-student/baldaquindata/plasduino/0309_000090/0309_000090_data.txt closed.
2026-03-12 16:08:16.155 | DEBUG    | baldaquin.buf:open:100 - Opening output file /home/lab1-student/baldaquindata/plasduino/0309_000091/0309_000091_data.txt {'mode': 'at', 'encoding': 'utf-8'}...
2026-03-12 16:08:16.155 | DEBUG    | baldaquin.buf:_write:285 - 45 bytes written to disk.
2026-03-12 16:08:16.155 | DEBUG    | baldaquin.buf:open:104 - Ouput file /home/lab1-student/baldaquindata/plasduino/0309_000091/0309_000091_data.txt closed.
2026-03-12 16:08:16.155 | DEBUG    | baldaquin.buf:open:100 - Opening output file /home/lab1-student/baldaquindata/plasduino/0309_000092/0309_000092_data.txt {'mode': 'at', 'encoding': 'utf-8'}...
2026-03-12 16:08:16.155 | DEBUG    | baldaquin.buf:_write:285 - 45 bytes written to disk.
2026-03-12 16:08:16.155 | DEBUG    | baldaquin.buf:open:104 - Ouput file /home/lab1-student/baldaquindata/plasduino/0309_000092/0309_000092_data.txt closed.
2026-03-12 16:08:16.155 | DEBUG    | baldaquin.buf:open:100 - Opening output file /home/lab1-student/baldaquindata/plasduino/0309_000093/0309_000093_data.txt {'mode': 'at', 'encoding': 'utf-8'}...
2026-03-12 16:08:16.156 | DEBUG    | baldaquin.buf:_write:285 - 45 bytes written to disk.
2026-03-12 16:08:16.156 | DEBUG    | baldaquin.buf:open:104 - Ouput file /home/lab1-student/baldaquindata/plasduino/0309_000093/0309_000093_data.txt closed.
2026-03-12 16:08:16.156 | DEBUG    | baldaquin.buf:open:100 - Opening output file /home/lab1-student/baldaquindata/plasduino/0309_000094/0309_000094_data.txt {'mode': 'at', 'encoding': 'utf-8'}...
2026-03-12 16:08:16.156 | DEBUG    | baldaquin.buf:_write:285 - 45 bytes written to disk.
2026-03-12 16:08:16.156 | DEBUG    | baldaquin.buf:open:104 - Ouput file /home/lab1-student/baldaquindata/plasduino/0309_000094/0309_000094_data.txt closed.
2026-03-12 16:08:16.156 | DEBUG    | baldaquin.buf:open:100 - Opening output file /home/lab1-student/baldaquindata/plasduino/0309_000095/0309_000095_data.txt {'mode': 'at', 'encoding': 'utf-8'}...
2026-03-12 16:08:16.156 | DEBUG    | baldaquin.buf:_write:285 - 45 bytes written to disk.
2026-03-12 16:08:16.156 | DEBUG    | baldaquin.buf:open:104 - Ouput file /home/lab1-student/baldaquindata/plasduino/0309_000095/0309_000095_data.txt closed.
2026-03-12 16:08:16.156 | DEBUG    | baldaquin.buf:open:100 - Opening output file /home/lab1-student/baldaquindata/plasduino/0309_000096/0309_000096_data.txt {'mode': 'at', 'encoding': 'utf-8'}...
2026-03-12 16:08:16.156 | DEBUG    | baldaquin.buf:_write:285 - 45 bytes written to disk.
2026-03-12 16:08:16.157 | DEBUG    | baldaquin.buf:open:104 - Ouput file /home/lab1-student/baldaquindata/plasduino/0309_000096/0309_000096_data.txt closed.
2026-03-12 16:08:16.157 | DEBUG    | baldaquin.buf:open:100 - Opening output file /home/lab1-student/baldaquindata/plasduino/0309_000097/0309_000097_data.txt {'mode': 'at', 'encoding': 'utf-8'}...
2026-03-12 16:08:16.157 | DEBUG    | baldaquin.buf:_write:285 - 45 bytes written to disk.
2026-03-12 16:08:16.157 | DEBUG    | baldaquin.buf:open:104 - Ouput file /home/lab1-student/baldaquindata/plasduino/0309_000097/0309_000097_data.txt closed.
2026-03-12 16:08:16.157 | DEBUG    | baldaquin.buf:open:100 - Opening output file /home/lab1-student/baldaquindata/plasduino/0309_000098/0309_000098_data.txt {'mode': 'at', 'encoding': 'utf-8'}...
2026-03-12 16:08:16.157 | DEBUG    | baldaquin.buf:_write:285 - 45 bytes written to disk.
2026-03-12 16:08:16.157 | DEBUG    | baldaquin.buf:open:104 - Ouput file /home/lab1-student/baldaquindata/plasduino/0309_000098/0309_000098_data.txt closed.
2026-03-12 16:08:16.157 | DEBUG    | baldaquin.buf:open:100 - Opening output file /home/lab1-student/baldaquindata/plasduino/0309_000099/0309_000099_data.txt {'mode': 'at', 'encoding': 'utf-8'}...
2026-03-12 16:08:16.157 | DEBUG    | baldaquin.buf:_write:285 - 45 bytes written to disk.
2026-03-12 16:08:16.157 | DEBUG    | baldaquin.buf:open:104 - Ouput file /home/lab1-student/baldaquindata/plasduino/0309_000099/0309_000099_data.txt closed.
2026-03-12 16:08:16.157 | DEBUG    | baldaquin.buf:open:100 - Opening output file /home/lab1-student/baldaquindata/plasduino/0309_000100/0309_000100_data.txt {'mode': 'at', 'encoding': 'utf-8'}...
2026-03-12 16:08:16.158 | DEBUG    | baldaquin.buf:_write:285 - 45 bytes written to disk.
2026-03-12 16:08:16.158 | DEBUG    | baldaquin.buf:open:104 - Ouput file /home/lab1-student/baldaquindata/plasduino/0309_000100/0309_000100_data.txt closed.
2026-03-12 16:08:16.158 | DEBUG    | baldaquin.buf:open:100 - Opening output file /home/lab1-student/baldaquindata/plasduino/0309_000101/0309_000101_data.txt {'mode': 'at', 'encoding': 'utf-8'}...
2026-03-12 16:08:16.158 | DEBUG    | baldaquin.buf:_write:285 - 45 bytes written to disk.
2026-03-12 16:08:16.158 | DEBUG    | baldaquin.buf:open:104 - Ouput file /home/lab1-student/baldaquindata/plasduino/0309_000101/0309_000101_data.txt closed.
2026-03-12 16:08:16.158 | DEBUG    | baldaquin.buf:open:100 - Opening output file /home/lab1-student/baldaquindata/plasduino/0309_000102/0309_000102_data.txt {'mode': 'at', 'encoding': 'utf-8'}...
2026-03-12 16:08:16.158 | DEBUG    | baldaquin.buf:_write:285 - 45 bytes written to disk.
2026-03-12 16:08:16.158 | DEBUG    | baldaquin.buf:open:104 - Ouput file /home/lab1-student/baldaquindata/plasduino/0309_000102/0309_000102_data.txt closed.
2026-03-12 16:08:16.158 | DEBUG    | baldaquin.buf:open:100 - Opening output file /home/lab1-student/baldaquindata/plasduino/0309_000103/0309_000103_data.txt {'mode': 'at', 'encoding': 'utf-8'}...
2026-03-12 16:08:16.158 | DEBUG    | baldaquin.buf:_write:285 - 45 bytes written to disk.
2026-03-12 16:08:16.159 | DEBUG    | baldaquin.buf:open:104 - Ouput file /home/lab1-student/baldaquindata/plasduino/0309_000103/0309_000103_data.txt closed.
2026-03-12 16:08:16.159 | DEBUG    | baldaquin.buf:open:100 - Opening output file /home/lab1-student/baldaquindata/plasduino/0309_000104/0309_000104_data.txt {'mode': 'at', 'encoding': 'utf-8'}...
2026-03-12 16:08:16.159 | DEBUG    | baldaquin.buf:_write:285 - 45 bytes written to disk.
2026-03-12 16:08:16.159 | DEBUG    | baldaquin.buf:open:104 - Ouput file /home/lab1-student/baldaquindata/plasduino/0309_000104/0309_000104_data.txt closed.
2026-03-12 16:08:16.159 | DEBUG    | baldaquin.buf:open:100 - Opening output file /home/lab1-student/baldaquindata/plasduino/0309_000105/0309_000105_data.txt {'mode': 'at', 'encoding': 'utf-8'}...
2026-03-12 16:08:16.159 | DEBUG    | baldaquin.buf:_write:285 - 45 bytes written to disk.
2026-03-12 16:08:16.159 | DEBUG    | baldaquin.buf:open:104 - Ouput file /home/lab1-student/baldaquindata/plasduino/0309_000105/0309_000105_data.txt closed.
2026-03-12 16:08:16.159 | DEBUG    | baldaquin.buf:open:100 - Opening output file /home/lab1-student/baldaquindata/plasduino/0309_000105/0309_000105_data.dat {'mode': 'ab'}...
2026-03-12 16:08:16.159 | DEBUG    | baldaquin.buf:_pop_and_write_raw:259 - 24 bytes written to disk.
2026-03-12 16:08:16.159 | DEBUG    | baldaquin.buf:open:104 - Ouput file /home/lab1-student/baldaquindata/plasduino/0309_000105/0309_000105_data.dat closed.
2026-03-12 16:08:16.160 | INFO     | baldaquin.buf:flush:318 - 924 bytes (24 raw bytes) written to disk.
2026-03-12 16:08:16.160 | DEBUG    | baldaquin.profile:wrap:32 - Running time for flush(): 0.006438 s
2026-03-12 16:08:16.160 | INFO     | baldaquin.plasduino.common:read_run_end_marker:90 - Waiting for the run end marker...
2026-03-12 16:08:16.160 | INFO     | baldaquin.plasduino.common:read_run_end_marker:95 - Run end marker correctly read.
2026-03-12 16:08:16.160 | DEBUG    | __main__:post_stop:90 - Clearing strip charts...
2026-03-12 16:08:16.160 | DEBUG    | __main__:post_stop:99 - Re-reading all run data from disk...
2026-03-12 16:08:16.160 | DEBUG    | baldaquin.pkt:open:393 - Opening input packet file /home/lab1-student/baldaquindata/plasduino/0309_000105/0309_000105_data.dat...
2026-03-12 16:08:16.174 | DEBUG    | baldaquin.pkt:open:398 - Input file /home/lab1-student/baldaquindata/plasduino/0309_000105/0309_000105_data.dat closed.
2026-03-12 16:08:16.174 | DEBUG    | baldaquin.plasduino.common:activate_cursors:446 - Activating vertical cursor on strip charts...
2026-03-12 16:08:16.250 | INFO     | baldaquin.runctrl:stop_run:658 - Run Control stopped on 2026-03-12 16:08:16.250717+01:00 (1773328096.250717 s)
2026-03-12 16:08:16.251 | INFO     | baldaquin.runctrl:stop_run:659 - Total elapsed time: 51.145980 s.
