2026-03-12 15:55:01.811 | INFO     | baldaquin.runctrl:start_run:634 - Configuring packet buffering...
2026-03-12 15:55:01.811 | INFO     | baldaquin.buf:configure:144 - Configuring CircularBuffer with flush_size=100, flush_timeout=10.0 s...
2026-03-12 15:55:01.812 | INFO     | baldaquin.config:save:334 - Writing configuration dictionary to /home/lab1-student/baldaquindata/plasduino/0309_000096/0309_000096_config.json...
2026-03-12 15:55:01.812 | INFO     | baldaquin.runctrl:start_run:643 - Run Control started on 2026-03-12 15:55:01.812423+01:00 (1773327301.812423 s)
2026-03-12 15:55:01.812 | DEBUG    | baldaquin.buf:open:100 - Opening output file /home/lab1-student/baldaquindata/plasduino/0309_000096/0309_000096_data.dat {'mode': 'ab'}...
2026-03-12 15:55:01.812 | DEBUG    | baldaquin.buf:open:104 - Ouput file /home/lab1-student/baldaquindata/plasduino/0309_000096/0309_000096_data.dat closed.
2026-03-12 15:55:01.812 | INFO     | baldaquin.buf:set_primary_sink:216 - Connecting buffer to primary Sink -> /home/lab1-student/baldaquindata/plasduino/0309_000096/0309_000096_data.dat (WriteMode.BINARY)...
2026-03-12 15:55:01.813 | DEBUG    | baldaquin.buf:open:100 - Opening output file /home/lab1-student/baldaquindata/plasduino/0309_000096/0309_000096_data.txt {'mode': 'at', 'encoding': 'utf-8'}...
2026-03-12 15:55:01.813 | DEBUG    | baldaquin.buf:__init__:89 - Writing file header...
2026-03-12 15:55:01.813 | DEBUG    | baldaquin.buf:open:104 - Ouput file /home/lab1-student/baldaquindata/plasduino/0309_000096/0309_000096_data.txt closed.
2026-03-12 15:55:01.813 | INFO     | baldaquin.buf:add_custom_sink:228 - Connecting buffer to custom Sink -> /home/lab1-student/baldaquindata/plasduino/0309_000096/0309_000096_data.txt (WriteMode.TEXT, PlasduinoPacketBase.to_text)...
2026-03-12 15:55:01.813 | DEBUG    | baldaquin.plasduino.common:write_opcode:132 - Writing 1 to the serial port...
2026-03-12 15:55:01.813 | INFO     | baldaquin.app:start_run:83 - Starting Pendulum View user application...
2026-03-12 15:55:01.842 | INFO     | baldaquin.buf:flush:309 - 1 packets ready to be written out...
2026-03-12 15:55:01.843 | DEBUG    | baldaquin.buf:open:100 - Opening output file /home/lab1-student/baldaquindata/plasduino/0309_000086/0309_000086_data.txt {'mode': 'at', 'encoding': 'utf-8'}...
2026-03-12 15:55:01.843 | DEBUG    | baldaquin.buf:_write:285 - 14 bytes written to disk.
2026-03-12 15:55:01.843 | DEBUG    | baldaquin.buf:open:104 - Ouput file /home/lab1-student/baldaquindata/plasduino/0309_000086/0309_000086_data.txt closed.
2026-03-12 15:55:01.843 | DEBUG    | baldaquin.buf:open:100 - Opening output file /home/lab1-student/baldaquindata/plasduino/0309_000087/0309_000087_data.txt {'mode': 'at', 'encoding': 'utf-8'}...
2026-03-12 15:55:01.843 | DEBUG    | baldaquin.buf:_write:285 - 14 bytes written to disk.
2026-03-12 15:55:01.843 | DEBUG    | baldaquin.buf:open:104 - Ouput file /home/lab1-student/baldaquindata/plasduino/0309_000087/0309_000087_data.txt closed.
2026-03-12 15:55:01.843 | DEBUG    | baldaquin.buf:open:100 - Opening output file /home/lab1-student/baldaquindata/plasduino/0309_000088/0309_000088_data.txt {'mode': 'at', 'encoding': 'utf-8'}...
2026-03-12 15:55:01.843 | DEBUG    | baldaquin.buf:_write:285 - 14 bytes written to disk.
2026-03-12 15:55:01.843 | DEBUG    | baldaquin.buf:open:104 - Ouput file /home/lab1-student/baldaquindata/plasduino/0309_000088/0309_000088_data.txt closed.
2026-03-12 15:55:01.844 | DEBUG    | baldaquin.buf:open:100 - Opening output file /home/lab1-student/baldaquindata/plasduino/0309_000089/0309_000089_data.txt {'mode': 'at', 'encoding': 'utf-8'}...
2026-03-12 15:55:01.844 | DEBUG    | baldaquin.buf:_write:285 - 14 bytes written to disk.
2026-03-12 15:55:01.844 | DEBUG    | baldaquin.buf:open:104 - Ouput file /home/lab1-student/baldaquindata/plasduino/0309_000089/0309_000089_data.txt closed.
2026-03-12 15:55:01.844 | DEBUG    | baldaquin.buf:open:100 - Opening output file /home/lab1-student/baldaquindata/plasduino/0309_000090/0309_000090_data.txt {'mode': 'at', 'encoding': 'utf-8'}...
2026-03-12 15:55:01.844 | DEBUG    | baldaquin.buf:_write:285 - 14 bytes written to disk.
2026-03-12 15:55:01.844 | DEBUG    | baldaquin.buf:open:104 - Ouput file /home/lab1-student/baldaquindata/plasduino/0309_000090/0309_000090_data.txt closed.
2026-03-12 15:55:01.844 | DEBUG    | baldaquin.buf:open:100 - Opening output file /home/lab1-student/baldaquindata/plasduino/0309_000091/0309_000091_data.txt {'mode': 'at', 'encoding': 'utf-8'}...
2026-03-12 15:55:01.844 | DEBUG    | baldaquin.buf:_write:285 - 14 bytes written to disk.
2026-03-12 15:55:01.844 | DEBUG    | baldaquin.buf:open:104 - Ouput file /home/lab1-student/baldaquindata/plasduino/0309_000091/0309_000091_data.txt closed.
2026-03-12 15:55:01.844 | DEBUG    | baldaquin.buf:open:100 - Opening output file /home/lab1-student/baldaquindata/plasduino/0309_000092/0309_000092_data.txt {'mode': 'at', 'encoding': 'utf-8'}...
2026-03-12 15:55:01.844 | DEBUG    | baldaquin.buf:_write:285 - 14 bytes written to disk.
2026-03-12 15:55:01.845 | DEBUG    | baldaquin.buf:open:104 - Ouput file /home/lab1-student/baldaquindata/plasduino/0309_000092/0309_000092_data.txt closed.
2026-03-12 15:55:01.845 | DEBUG    | baldaquin.buf:open:100 - Opening output file /home/lab1-student/baldaquindata/plasduino/0309_000093/0309_000093_data.txt {'mode': 'at', 'encoding': 'utf-8'}...
2026-03-12 15:55:01.845 | DEBUG    | baldaquin.buf:_write:285 - 14 bytes written to disk.
2026-03-12 15:55:01.845 | DEBUG    | baldaquin.buf:open:104 - Ouput file /home/lab1-student/baldaquindata/plasduino/0309_000093/0309_000093_data.txt closed.
2026-03-12 15:55:01.845 | DEBUG    | baldaquin.buf:open:100 - Opening output file /home/lab1-student/baldaquindata/plasduino/0309_000094/0309_000094_data.txt {'mode': 'at', 'encoding': 'utf-8'}...
2026-03-12 15:55:01.845 | DEBUG    | baldaquin.buf:_write:285 - 14 bytes written to disk.
2026-03-12 15:55:01.845 | DEBUG    | baldaquin.buf:open:104 - Ouput file /home/lab1-student/baldaquindata/plasduino/0309_000094/0309_000094_data.txt closed.
2026-03-12 15:55:01.845 | DEBUG    | baldaquin.buf:open:100 - Opening output file /home/lab1-student/baldaquindata/plasduino/0309_000095/0309_000095_data.txt {'mode': 'at', 'encoding': 'utf-8'}...
2026-03-12 15:55:01.845 | DEBUG    | baldaquin.buf:_write:285 - 14 bytes written to disk.
2026-03-12 15:55:01.845 | DEBUG    | baldaquin.buf:open:104 - Ouput file /home/lab1-student/baldaquindata/plasduino/0309_000095/0309_000095_data.txt closed.
2026-03-12 15:55:01.845 | DEBUG    | baldaquin.buf:open:100 - Opening output file /home/lab1-student/baldaquindata/plasduino/0309_000096/0309_000096_data.txt {'mode': 'at', 'encoding': 'utf-8'}...
2026-03-12 15:55:01.846 | DEBUG    | baldaquin.buf:_write:285 - 14 bytes written to disk.
2026-03-12 15:55:01.846 | DEBUG    | baldaquin.buf:open:104 - Ouput file /home/lab1-student/baldaquindata/plasduino/0309_000096/0309_000096_data.txt closed.
2026-03-12 15:55:01.846 | DEBUG    | baldaquin.buf:open:100 - Opening output file /home/lab1-student/baldaquindata/plasduino/0309_000096/0309_000096_data.dat {'mode': 'ab'}...
2026-03-12 15:55:01.846 | DEBUG    | baldaquin.buf:_pop_and_write_raw:259 - 8 bytes written to disk.
2026-03-12 15:55:01.846 | DEBUG    | baldaquin.buf:open:104 - Ouput file /home/lab1-student/baldaquindata/plasduino/0309_000096/0309_000096_data.dat closed.
2026-03-12 15:55:01.846 | INFO     | baldaquin.buf:flush:318 - 162 bytes (8 raw bytes) written to disk.
2026-03-12 15:55:01.846 | DEBUG    | baldaquin.profile:wrap:32 - Running time for flush(): 0.003818 s
2026-03-12 15:55:04.381 | INFO     | baldaquin.buf:flush:309 - 100 packets ready to be written out...
2026-03-12 15:55:04.382 | DEBUG    | baldaquin.buf:open:100 - Opening output file /home/lab1-student/baldaquindata/plasduino/0309_000086/0309_000086_data.txt {'mode': 'at', 'encoding': 'utf-8'}...
2026-03-12 15:55:04.383 | DEBUG    | baldaquin.buf:_write:285 - 1400 bytes written to disk.
2026-03-12 15:55:04.384 | DEBUG    | baldaquin.buf:open:104 - Ouput file /home/lab1-student/baldaquindata/plasduino/0309_000086/0309_000086_data.txt closed.
2026-03-12 15:55:04.385 | DEBUG    | baldaquin.buf:open:100 - Opening output file /home/lab1-student/baldaquindata/plasduino/0309_000087/0309_000087_data.txt {'mode': 'at', 'encoding': 'utf-8'}...
2026-03-12 15:55:04.390 | DEBUG    | baldaquin.buf:_write:285 - 1400 bytes written to disk.
2026-03-12 15:55:04.390 | DEBUG    | baldaquin.buf:open:104 - Ouput file /home/lab1-student/baldaquindata/plasduino/0309_000087/0309_000087_data.txt closed.
2026-03-12 15:55:04.390 | DEBUG    | baldaquin.buf:open:100 - Opening output file /home/lab1-student/baldaquindata/plasduino/0309_000088/0309_000088_data.txt {'mode': 'at', 'encoding': 'utf-8'}...
2026-03-12 15:55:04.391 | DEBUG    | baldaquin.buf:_write:285 - 1400 bytes written to disk.
2026-03-12 15:55:04.391 | DEBUG    | baldaquin.buf:open:104 - Ouput file /home/lab1-student/baldaquindata/plasduino/0309_000088/0309_000088_data.txt closed.
2026-03-12 15:55:04.391 | DEBUG    | baldaquin.buf:open:100 - Opening output file /home/lab1-student/baldaquindata/plasduino/0309_000089/0309_000089_data.txt {'mode': 'at', 'encoding': 'utf-8'}...
2026-03-12 15:55:04.392 | DEBUG    | baldaquin.buf:_write:285 - 1400 bytes written to disk.
2026-03-12 15:55:04.392 | DEBUG    | baldaquin.buf:open:104 - Ouput file /home/lab1-student/baldaquindata/plasduino/0309_000089/0309_000089_data.txt closed.
2026-03-12 15:55:04.392 | DEBUG    | baldaquin.buf:open:100 - Opening output file /home/lab1-student/baldaquindata/plasduino/0309_000090/0309_000090_data.txt {'mode': 'at', 'encoding': 'utf-8'}...
2026-03-12 15:55:04.393 | DEBUG    | baldaquin.buf:_write:285 - 1400 bytes written to disk.
2026-03-12 15:55:04.393 | DEBUG    | baldaquin.buf:open:104 - Ouput file /home/lab1-student/baldaquindata/plasduino/0309_000090/0309_000090_data.txt closed.
2026-03-12 15:55:04.393 | DEBUG    | baldaquin.buf:open:100 - Opening output file /home/lab1-student/baldaquindata/plasduino/0309_000091/0309_000091_data.txt {'mode': 'at', 'encoding': 'utf-8'}...
2026-03-12 15:55:04.401 | DEBUG    | baldaquin.buf:_write:285 - 1400 bytes written to disk.
2026-03-12 15:55:04.402 | DEBUG    | baldaquin.buf:open:104 - Ouput file /home/lab1-student/baldaquindata/plasduino/0309_000091/0309_000091_data.txt closed.
2026-03-12 15:55:04.403 | DEBUG    | baldaquin.buf:open:100 - Opening output file /home/lab1-student/baldaquindata/plasduino/0309_000092/0309_000092_data.txt {'mode': 'at', 'encoding': 'utf-8'}...
2026-03-12 15:55:04.403 | DEBUG    | baldaquin.buf:_write:285 - 1400 bytes written to disk.
2026-03-12 15:55:04.404 | DEBUG    | baldaquin.buf:open:104 - Ouput file /home/lab1-student/baldaquindata/plasduino/0309_000092/0309_000092_data.txt closed.
2026-03-12 15:55:04.404 | DEBUG    | baldaquin.buf:open:100 - Opening output file /home/lab1-student/baldaquindata/plasduino/0309_000093/0309_000093_data.txt {'mode': 'at', 'encoding': 'utf-8'}...
2026-03-12 15:55:04.405 | DEBUG    | baldaquin.buf:_write:285 - 1400 bytes written to disk.
2026-03-12 15:55:04.407 | DEBUG    | baldaquin.buf:open:104 - Ouput file /home/lab1-student/baldaquindata/plasduino/0309_000093/0309_000093_data.txt closed.
2026-03-12 15:55:04.407 | DEBUG    | baldaquin.buf:open:100 - Opening output file /home/lab1-student/baldaquindata/plasduino/0309_000094/0309_000094_data.txt {'mode': 'at', 'encoding': 'utf-8'}...
2026-03-12 15:55:04.408 | DEBUG    | baldaquin.buf:_write:285 - 1400 bytes written to disk.
2026-03-12 15:55:04.409 | DEBUG    | baldaquin.buf:open:104 - Ouput file /home/lab1-student/baldaquindata/plasduino/0309_000094/0309_000094_data.txt closed.
2026-03-12 15:55:04.409 | DEBUG    | baldaquin.buf:open:100 - Opening output file /home/lab1-student/baldaquindata/plasduino/0309_000095/0309_000095_data.txt {'mode': 'at', 'encoding': 'utf-8'}...
2026-03-12 15:55:04.409 | DEBUG    | baldaquin.buf:_write:285 - 1400 bytes written to disk.
2026-03-12 15:55:04.409 | DEBUG    | baldaquin.buf:open:104 - Ouput file /home/lab1-student/baldaquindata/plasduino/0309_000095/0309_000095_data.txt closed.
2026-03-12 15:55:04.409 | DEBUG    | baldaquin.buf:open:100 - Opening output file /home/lab1-student/baldaquindata/plasduino/0309_000096/0309_000096_data.txt {'mode': 'at', 'encoding': 'utf-8'}...
2026-03-12 15:55:04.410 | DEBUG    | baldaquin.buf:_write:285 - 1400 bytes written to disk.
2026-03-12 15:55:04.410 | DEBUG    | baldaquin.buf:open:104 - Ouput file /home/lab1-student/baldaquindata/plasduino/0309_000096/0309_000096_data.txt closed.
2026-03-12 15:55:04.410 | DEBUG    | baldaquin.buf:open:100 - Opening output file /home/lab1-student/baldaquindata/plasduino/0309_000096/0309_000096_data.dat {'mode': 'ab'}...
2026-03-12 15:55:04.410 | DEBUG    | baldaquin.buf:_pop_and_write_raw:259 - 800 bytes written to disk.
2026-03-12 15:55:04.411 | DEBUG    | baldaquin.buf:open:104 - Ouput file /home/lab1-student/baldaquindata/plasduino/0309_000096/0309_000096_data.dat closed.
2026-03-12 15:55:04.411 | INFO     | baldaquin.buf:flush:318 - 16200 bytes (800 raw bytes) written to disk.
2026-03-12 15:55:04.411 | DEBUG    | baldaquin.profile:wrap:32 - Running time for flush(): 0.029482 s
2026-03-12 15:55:06.913 | INFO     | baldaquin.buf:flush:309 - 100 packets ready to be written out...
2026-03-12 15:55:06.913 | DEBUG    | baldaquin.buf:open:100 - Opening output file /home/lab1-student/baldaquindata/plasduino/0309_000086/0309_000086_data.txt {'mode': 'at', 'encoding': 'utf-8'}...
2026-03-12 15:55:06.914 | DEBUG    | baldaquin.buf:_write:285 - 1400 bytes written to disk.
2026-03-12 15:55:06.914 | DEBUG    | baldaquin.buf:open:104 - Ouput file /home/lab1-student/baldaquindata/plasduino/0309_000086/0309_000086_data.txt closed.
2026-03-12 15:55:06.915 | DEBUG    | baldaquin.buf:open:100 - Opening output file /home/lab1-student/baldaquindata/plasduino/0309_000087/0309_000087_data.txt {'mode': 'at', 'encoding': 'utf-8'}...
2026-03-12 15:55:06.915 | DEBUG    | baldaquin.buf:_write:285 - 1400 bytes written to disk.
2026-03-12 15:55:06.915 | DEBUG    | baldaquin.buf:open:104 - Ouput file /home/lab1-student/baldaquindata/plasduino/0309_000087/0309_000087_data.txt closed.
2026-03-12 15:55:06.915 | DEBUG    | baldaquin.buf:open:100 - Opening output file /home/lab1-student/baldaquindata/plasduino/0309_000088/0309_000088_data.txt {'mode': 'at', 'encoding': 'utf-8'}...
2026-03-12 15:55:06.916 | DEBUG    | baldaquin.buf:_write:285 - 1400 bytes written to disk.
2026-03-12 15:55:06.916 | DEBUG    | baldaquin.buf:open:104 - Ouput file /home/lab1-student/baldaquindata/plasduino/0309_000088/0309_000088_data.txt closed.
2026-03-12 15:55:06.916 | DEBUG    | baldaquin.buf:open:100 - Opening output file /home/lab1-student/baldaquindata/plasduino/0309_000089/0309_000089_data.txt {'mode': 'at', 'encoding': 'utf-8'}...
2026-03-12 15:55:06.917 | DEBUG    | baldaquin.buf:_write:285 - 1400 bytes written to disk.
2026-03-12 15:55:06.917 | DEBUG    | baldaquin.buf:open:104 - Ouput file /home/lab1-student/baldaquindata/plasduino/0309_000089/0309_000089_data.txt closed.
2026-03-12 15:55:06.917 | DEBUG    | baldaquin.buf:open:100 - Opening output file /home/lab1-student/baldaquindata/plasduino/0309_000090/0309_000090_data.txt {'mode': 'at', 'encoding': 'utf-8'}...
2026-03-12 15:55:06.918 | DEBUG    | baldaquin.buf:_write:285 - 1400 bytes written to disk.
2026-03-12 15:55:06.918 | DEBUG    | baldaquin.buf:open:104 - Ouput file /home/lab1-student/baldaquindata/plasduino/0309_000090/0309_000090_data.txt closed.
2026-03-12 15:55:06.918 | DEBUG    | baldaquin.buf:open:100 - Opening output file /home/lab1-student/baldaquindata/plasduino/0309_000091/0309_000091_data.txt {'mode': 'at', 'encoding': 'utf-8'}...
2026-03-12 15:55:06.919 | DEBUG    | baldaquin.buf:_write:285 - 1400 bytes written to disk.
2026-03-12 15:55:06.919 | DEBUG    | baldaquin.buf:open:104 - Ouput file /home/lab1-student/baldaquindata/plasduino/0309_000091/0309_000091_data.txt closed.
2026-03-12 15:55:06.919 | DEBUG    | baldaquin.buf:open:100 - Opening output file /home/lab1-student/baldaquindata/plasduino/0309_000092/0309_000092_data.txt {'mode': 'at', 'encoding': 'utf-8'}...
2026-03-12 15:55:06.919 | DEBUG    | baldaquin.buf:_write:285 - 1400 bytes written to disk.
2026-03-12 15:55:06.919 | DEBUG    | baldaquin.buf:open:104 - Ouput file /home/lab1-student/baldaquindata/plasduino/0309_000092/0309_000092_data.txt closed.
2026-03-12 15:55:06.920 | DEBUG    | baldaquin.buf:open:100 - Opening output file /home/lab1-student/baldaquindata/plasduino/0309_000093/0309_000093_data.txt {'mode': 'at', 'encoding': 'utf-8'}...
2026-03-12 15:55:06.920 | DEBUG    | baldaquin.buf:_write:285 - 1400 bytes written to disk.
2026-03-12 15:55:06.920 | DEBUG    | baldaquin.buf:open:104 - Ouput file /home/lab1-student/baldaquindata/plasduino/0309_000093/0309_000093_data.txt closed.
2026-03-12 15:55:06.920 | DEBUG    | baldaquin.buf:open:100 - Opening output file /home/lab1-student/baldaquindata/plasduino/0309_000094/0309_000094_data.txt {'mode': 'at', 'encoding': 'utf-8'}...
2026-03-12 15:55:06.921 | DEBUG    | baldaquin.buf:_write:285 - 1400 bytes written to disk.
2026-03-12 15:55:06.921 | DEBUG    | baldaquin.buf:open:104 - Ouput file /home/lab1-student/baldaquindata/plasduino/0309_000094/0309_000094_data.txt closed.
2026-03-12 15:55:06.921 | DEBUG    | baldaquin.buf:open:100 - Opening output file /home/lab1-student/baldaquindata/plasduino/0309_000095/0309_000095_data.txt {'mode': 'at', 'encoding': 'utf-8'}...
2026-03-12 15:55:06.922 | DEBUG    | baldaquin.buf:_write:285 - 1400 bytes written to disk.
2026-03-12 15:55:06.922 | DEBUG    | baldaquin.buf:open:104 - Ouput file /home/lab1-student/baldaquindata/plasduino/0309_000095/0309_000095_data.txt closed.
2026-03-12 15:55:06.922 | DEBUG    | baldaquin.buf:open:100 - Opening output file /home/lab1-student/baldaquindata/plasduino/0309_000096/0309_000096_data.txt {'mode': 'at', 'encoding': 'utf-8'}...
2026-03-12 15:55:06.922 | DEBUG    | baldaquin.buf:_write:285 - 1400 bytes written to disk.
2026-03-12 15:55:06.928 | DEBUG    | baldaquin.buf:open:104 - Ouput file /home/lab1-student/baldaquindata/plasduino/0309_000096/0309_000096_data.txt closed.
2026-03-12 15:55:06.945 | DEBUG    | baldaquin.buf:open:100 - Opening output file /home/lab1-student/baldaquindata/plasduino/0309_000096/0309_000096_data.dat {'mode': 'ab'}...
2026-03-12 15:55:06.959 | DEBUG    | baldaquin.buf:_pop_and_write_raw:259 - 800 bytes written to disk.
2026-03-12 15:55:06.968 | DEBUG    | baldaquin.buf:open:104 - Ouput file /home/lab1-student/baldaquindata/plasduino/0309_000096/0309_000096_data.dat closed.
2026-03-12 15:55:06.975 | INFO     | baldaquin.buf:flush:318 - 16200 bytes (800 raw bytes) written to disk.
2026-03-12 15:55:06.987 | DEBUG    | baldaquin.profile:wrap:32 - Running time for flush(): 0.073682 s
2026-03-12 15:55:09.453 | INFO     | baldaquin.buf:flush:309 - 100 packets ready to be written out...
2026-03-12 15:55:09.454 | DEBUG    | baldaquin.buf:open:100 - Opening output file /home/lab1-student/baldaquindata/plasduino/0309_000086/0309_000086_data.txt {'mode': 'at', 'encoding': 'utf-8'}...
2026-03-12 15:55:09.464 | DEBUG    | baldaquin.buf:_write:285 - 1400 bytes written to disk.
2026-03-12 15:55:09.472 | DEBUG    | baldaquin.buf:open:104 - Ouput file /home/lab1-student/baldaquindata/plasduino/0309_000086/0309_000086_data.txt closed.
2026-03-12 15:55:09.472 | DEBUG    | baldaquin.buf:open:100 - Opening output file /home/lab1-student/baldaquindata/plasduino/0309_000087/0309_000087_data.txt {'mode': 'at', 'encoding': 'utf-8'}...
2026-03-12 15:55:09.473 | DEBUG    | baldaquin.buf:_write:285 - 1400 bytes written to disk.
2026-03-12 15:55:09.473 | DEBUG    | baldaquin.buf:open:104 - Ouput file /home/lab1-student/baldaquindata/plasduino/0309_000087/0309_000087_data.txt closed.
2026-03-12 15:55:09.473 | DEBUG    | baldaquin.buf:open:100 - Opening output file /home/lab1-student/baldaquindata/plasduino/0309_000088/0309_000088_data.txt {'mode': 'at', 'encoding': 'utf-8'}...
2026-03-12 15:55:09.474 | DEBUG    | baldaquin.buf:_write:285 - 1400 bytes written to disk.
2026-03-12 15:55:09.498 | DEBUG    | baldaquin.buf:open:104 - Ouput file /home/lab1-student/baldaquindata/plasduino/0309_000088/0309_000088_data.txt closed.
2026-03-12 15:55:09.498 | DEBUG    | baldaquin.buf:open:100 - Opening output file /home/lab1-student/baldaquindata/plasduino/0309_000089/0309_000089_data.txt {'mode': 'at', 'encoding': 'utf-8'}...
2026-03-12 15:55:09.502 | DEBUG    | baldaquin.buf:_write:285 - 1400 bytes written to disk.
2026-03-12 15:55:09.503 | DEBUG    | baldaquin.buf:open:104 - Ouput file /home/lab1-student/baldaquindata/plasduino/0309_000089/0309_000089_data.txt closed.
2026-03-12 15:55:09.506 | DEBUG    | baldaquin.buf:open:100 - Opening output file /home/lab1-student/baldaquindata/plasduino/0309_000090/0309_000090_data.txt {'mode': 'at', 'encoding': 'utf-8'}...
2026-03-12 15:55:09.508 | DEBUG    | baldaquin.buf:_write:285 - 1400 bytes written to disk.
2026-03-12 15:55:09.523 | DEBUG    | baldaquin.buf:open:104 - Ouput file /home/lab1-student/baldaquindata/plasduino/0309_000090/0309_000090_data.txt closed.
2026-03-12 15:55:09.523 | DEBUG    | baldaquin.buf:open:100 - Opening output file /home/lab1-student/baldaquindata/plasduino/0309_000091/0309_000091_data.txt {'mode': 'at', 'encoding': 'utf-8'}...
2026-03-12 15:55:09.524 | DEBUG    | baldaquin.buf:_write:285 - 1400 bytes written to disk.
2026-03-12 15:55:09.526 | DEBUG    | baldaquin.buf:open:104 - Ouput file /home/lab1-student/baldaquindata/plasduino/0309_000091/0309_000091_data.txt closed.
2026-03-12 15:55:09.526 | DEBUG    | baldaquin.buf:open:100 - Opening output file /home/lab1-student/baldaquindata/plasduino/0309_000092/0309_000092_data.txt {'mode': 'at', 'encoding': 'utf-8'}...
2026-03-12 15:55:09.527 | DEBUG    | baldaquin.buf:_write:285 - 1400 bytes written to disk.
2026-03-12 15:55:09.541 | DEBUG    | baldaquin.buf:open:104 - Ouput file /home/lab1-student/baldaquindata/plasduino/0309_000092/0309_000092_data.txt closed.
2026-03-12 15:55:09.560 | DEBUG    | baldaquin.buf:open:100 - Opening output file /home/lab1-student/baldaquindata/plasduino/0309_000093/0309_000093_data.txt {'mode': 'at', 'encoding': 'utf-8'}...
2026-03-12 15:55:09.572 | DEBUG    | baldaquin.buf:_write:285 - 1400 bytes written to disk.
2026-03-12 15:55:09.588 | DEBUG    | baldaquin.buf:open:104 - Ouput file /home/lab1-student/baldaquindata/plasduino/0309_000093/0309_000093_data.txt closed.
2026-03-12 15:55:09.588 | DEBUG    | baldaquin.buf:open:100 - Opening output file /home/lab1-student/baldaquindata/plasduino/0309_000094/0309_000094_data.txt {'mode': 'at', 'encoding': 'utf-8'}...
2026-03-12 15:55:09.589 | DEBUG    | baldaquin.buf:_write:285 - 1400 bytes written to disk.
2026-03-12 15:55:09.589 | DEBUG    | baldaquin.buf:open:104 - Ouput file /home/lab1-student/baldaquindata/plasduino/0309_000094/0309_000094_data.txt closed.
2026-03-12 15:55:09.589 | DEBUG    | baldaquin.buf:open:100 - Opening output file /home/lab1-student/baldaquindata/plasduino/0309_000095/0309_000095_data.txt {'mode': 'at', 'encoding': 'utf-8'}...
2026-03-12 15:55:09.590 | DEBUG    | baldaquin.buf:_write:285 - 1400 bytes written to disk.
2026-03-12 15:55:09.607 | DEBUG    | baldaquin.buf:open:104 - Ouput file /home/lab1-student/baldaquindata/plasduino/0309_000095/0309_000095_data.txt closed.
2026-03-12 15:55:09.607 | DEBUG    | baldaquin.buf:open:100 - Opening output file /home/lab1-student/baldaquindata/plasduino/0309_000096/0309_000096_data.txt {'mode': 'at', 'encoding': 'utf-8'}...
2026-03-12 15:55:09.617 | DEBUG    | baldaquin.buf:_write:285 - 1400 bytes written to disk.
2026-03-12 15:55:09.618 | DEBUG    | baldaquin.buf:open:104 - Ouput file /home/lab1-student/baldaquindata/plasduino/0309_000096/0309_000096_data.txt closed.
2026-03-12 15:55:09.618 | DEBUG    | baldaquin.buf:open:100 - Opening output file /home/lab1-student/baldaquindata/plasduino/0309_000096/0309_000096_data.dat {'mode': 'ab'}...
2026-03-12 15:55:09.619 | DEBUG    | baldaquin.buf:_pop_and_write_raw:259 - 800 bytes written to disk.
2026-03-12 15:55:09.621 | DEBUG    | baldaquin.buf:open:104 - Ouput file /home/lab1-student/baldaquindata/plasduino/0309_000096/0309_000096_data.dat closed.
2026-03-12 15:55:09.621 | INFO     | baldaquin.buf:flush:318 - 16200 bytes (800 raw bytes) written to disk.
2026-03-12 15:55:09.621 | DEBUG    | baldaquin.profile:wrap:32 - Running time for flush(): 0.167656 s
2026-03-12 15:55:11.988 | INFO     | baldaquin.buf:flush:309 - 100 packets ready to be written out...
2026-03-12 15:55:11.988 | DEBUG    | baldaquin.buf:open:100 - Opening output file /home/lab1-student/baldaquindata/plasduino/0309_000086/0309_000086_data.txt {'mode': 'at', 'encoding': 'utf-8'}...
2026-03-12 15:55:11.990 | DEBUG    | baldaquin.buf:_write:285 - 1407 bytes written to disk.
2026-03-12 15:55:11.991 | DEBUG    | baldaquin.buf:open:104 - Ouput file /home/lab1-student/baldaquindata/plasduino/0309_000086/0309_000086_data.txt closed.
2026-03-12 15:55:11.992 | DEBUG    | baldaquin.buf:open:100 - Opening output file /home/lab1-student/baldaquindata/plasduino/0309_000087/0309_000087_data.txt {'mode': 'at', 'encoding': 'utf-8'}...
2026-03-12 15:55:11.997 | DEBUG    | baldaquin.buf:_write:285 - 1407 bytes written to disk.
2026-03-12 15:55:11.999 | DEBUG    | baldaquin.buf:open:104 - Ouput file /home/lab1-student/baldaquindata/plasduino/0309_000087/0309_000087_data.txt closed.
2026-03-12 15:55:11.999 | DEBUG    | baldaquin.buf:open:100 - Opening output file /home/lab1-student/baldaquindata/plasduino/0309_000088/0309_000088_data.txt {'mode': 'at', 'encoding': 'utf-8'}...
2026-03-12 15:55:12.005 | DEBUG    | baldaquin.buf:_write:285 - 1407 bytes written to disk.
2026-03-12 15:55:12.006 | DEBUG    | baldaquin.buf:open:104 - Ouput file /home/lab1-student/baldaquindata/plasduino/0309_000088/0309_000088_data.txt closed.
2026-03-12 15:55:12.006 | DEBUG    | baldaquin.buf:open:100 - Opening output file /home/lab1-student/baldaquindata/plasduino/0309_000089/0309_000089_data.txt {'mode': 'at', 'encoding': 'utf-8'}...
2026-03-12 15:55:12.006 | DEBUG    | baldaquin.buf:_write:285 - 1407 bytes written to disk.
2026-03-12 15:55:12.007 | DEBUG    | baldaquin.buf:open:104 - Ouput file /home/lab1-student/baldaquindata/plasduino/0309_000089/0309_000089_data.txt closed.
2026-03-12 15:55:12.007 | DEBUG    | baldaquin.buf:open:100 - Opening output file /home/lab1-student/baldaquindata/plasduino/0309_000090/0309_000090_data.txt {'mode': 'at', 'encoding': 'utf-8'}...
2026-03-12 15:55:12.008 | DEBUG    | baldaquin.buf:_write:285 - 1407 bytes written to disk.
2026-03-12 15:55:12.008 | DEBUG    | baldaquin.buf:open:104 - Ouput file /home/lab1-student/baldaquindata/plasduino/0309_000090/0309_000090_data.txt closed.
2026-03-12 15:55:12.008 | DEBUG    | baldaquin.buf:open:100 - Opening output file /home/lab1-student/baldaquindata/plasduino/0309_000091/0309_000091_data.txt {'mode': 'at', 'encoding': 'utf-8'}...
2026-03-12 15:55:12.009 | DEBUG    | baldaquin.buf:_write:285 - 1407 bytes written to disk.
2026-03-12 15:55:12.009 | DEBUG    | baldaquin.buf:open:104 - Ouput file /home/lab1-student/baldaquindata/plasduino/0309_000091/0309_000091_data.txt closed.
2026-03-12 15:55:12.009 | DEBUG    | baldaquin.buf:open:100 - Opening output file /home/lab1-student/baldaquindata/plasduino/0309_000092/0309_000092_data.txt {'mode': 'at', 'encoding': 'utf-8'}...
2026-03-12 15:55:12.009 | DEBUG    | baldaquin.buf:_write:285 - 1407 bytes written to disk.
2026-03-12 15:55:12.010 | DEBUG    | baldaquin.buf:open:104 - Ouput file /home/lab1-student/baldaquindata/plasduino/0309_000092/0309_000092_data.txt closed.
2026-03-12 15:55:12.018 | DEBUG    | baldaquin.buf:open:100 - Opening output file /home/lab1-student/baldaquindata/plasduino/0309_000093/0309_000093_data.txt {'mode': 'at', 'encoding': 'utf-8'}...
2026-03-12 15:55:12.020 | DEBUG    | baldaquin.buf:_write:285 - 1407 bytes written to disk.
2026-03-12 15:55:12.021 | DEBUG    | baldaquin.buf:open:104 - Ouput file /home/lab1-student/baldaquindata/plasduino/0309_000093/0309_000093_data.txt closed.
2026-03-12 15:55:12.021 | DEBUG    | baldaquin.buf:open:100 - Opening output file /home/lab1-student/baldaquindata/plasduino/0309_000094/0309_000094_data.txt {'mode': 'at', 'encoding': 'utf-8'}...
2026-03-12 15:55:12.023 | DEBUG    | baldaquin.buf:_write:285 - 1407 bytes written to disk.
2026-03-12 15:55:12.025 | DEBUG    | baldaquin.buf:open:104 - Ouput file /home/lab1-student/baldaquindata/plasduino/0309_000094/0309_000094_data.txt closed.
2026-03-12 15:55:12.025 | DEBUG    | baldaquin.buf:open:100 - Opening output file /home/lab1-student/baldaquindata/plasduino/0309_000095/0309_000095_data.txt {'mode': 'at', 'encoding': 'utf-8'}...
2026-03-12 15:55:12.026 | DEBUG    | baldaquin.buf:_write:285 - 1407 bytes written to disk.
2026-03-12 15:55:12.026 | DEBUG    | baldaquin.buf:open:104 - Ouput file /home/lab1-student/baldaquindata/plasduino/0309_000095/0309_000095_data.txt closed.
2026-03-12 15:55:12.026 | DEBUG    | baldaquin.buf:open:100 - Opening output file /home/lab1-student/baldaquindata/plasduino/0309_000096/0309_000096_data.txt {'mode': 'at', 'encoding': 'utf-8'}...
2026-03-12 15:55:12.027 | DEBUG    | baldaquin.buf:_write:285 - 1407 bytes written to disk.
2026-03-12 15:55:12.043 | DEBUG    | baldaquin.buf:open:104 - Ouput file /home/lab1-student/baldaquindata/plasduino/0309_000096/0309_000096_data.txt closed.
2026-03-12 15:55:12.043 | DEBUG    | baldaquin.buf:open:100 - Opening output file /home/lab1-student/baldaquindata/plasduino/0309_000096/0309_000096_data.dat {'mode': 'ab'}...
2026-03-12 15:55:12.043 | DEBUG    | baldaquin.buf:_pop_and_write_raw:259 - 800 bytes written to disk.
2026-03-12 15:55:12.052 | DEBUG    | baldaquin.buf:open:104 - Ouput file /home/lab1-student/baldaquindata/plasduino/0309_000096/0309_000096_data.dat closed.
2026-03-12 15:55:12.057 | INFO     | baldaquin.buf:flush:318 - 16277 bytes (800 raw bytes) written to disk.
2026-03-12 15:55:12.064 | DEBUG    | baldaquin.profile:wrap:32 - Running time for flush(): 0.075620 s
2026-03-12 15:55:14.534 | INFO     | baldaquin.buf:flush:309 - 100 packets ready to be written out...
2026-03-12 15:55:14.534 | DEBUG    | baldaquin.buf:open:100 - Opening output file /home/lab1-student/baldaquindata/plasduino/0309_000086/0309_000086_data.txt {'mode': 'at', 'encoding': 'utf-8'}...
2026-03-12 15:55:14.556 | DEBUG    | baldaquin.buf:_write:285 - 1500 bytes written to disk.
2026-03-12 15:55:14.571 | DEBUG    | baldaquin.buf:open:104 - Ouput file /home/lab1-student/baldaquindata/plasduino/0309_000086/0309_000086_data.txt closed.
2026-03-12 15:55:14.571 | DEBUG    | baldaquin.buf:open:100 - Opening output file /home/lab1-student/baldaquindata/plasduino/0309_000087/0309_000087_data.txt {'mode': 'at', 'encoding': 'utf-8'}...
2026-03-12 15:55:14.572 | DEBUG    | baldaquin.buf:_write:285 - 1500 bytes written to disk.
2026-03-12 15:55:14.572 | DEBUG    | baldaquin.buf:open:104 - Ouput file /home/lab1-student/baldaquindata/plasduino/0309_000087/0309_000087_data.txt closed.
2026-03-12 15:55:14.572 | DEBUG    | baldaquin.buf:open:100 - Opening output file /home/lab1-student/baldaquindata/plasduino/0309_000088/0309_000088_data.txt {'mode': 'at', 'encoding': 'utf-8'}...
2026-03-12 15:55:14.580 | DEBUG    | baldaquin.buf:_write:285 - 1500 bytes written to disk.
2026-03-12 15:55:14.595 | DEBUG    | baldaquin.buf:open:104 - Ouput file /home/lab1-student/baldaquindata/plasduino/0309_000088/0309_000088_data.txt closed.
2026-03-12 15:55:14.596 | DEBUG    | baldaquin.buf:open:100 - Opening output file /home/lab1-student/baldaquindata/plasduino/0309_000089/0309_000089_data.txt {'mode': 'at', 'encoding': 'utf-8'}...
2026-03-12 15:55:14.600 | DEBUG    | baldaquin.buf:_write:285 - 1500 bytes written to disk.
2026-03-12 15:55:14.601 | DEBUG    | baldaquin.buf:open:104 - Ouput file /home/lab1-student/baldaquindata/plasduino/0309_000089/0309_000089_data.txt closed.
2026-03-12 15:55:14.602 | DEBUG    | baldaquin.buf:open:100 - Opening output file /home/lab1-student/baldaquindata/plasduino/0309_000090/0309_000090_data.txt {'mode': 'at', 'encoding': 'utf-8'}...
2026-03-12 15:55:14.606 | DEBUG    | baldaquin.buf:_write:285 - 1500 bytes written to disk.
2026-03-12 15:55:14.607 | DEBUG    | baldaquin.buf:open:104 - Ouput file /home/lab1-student/baldaquindata/plasduino/0309_000090/0309_000090_data.txt closed.
2026-03-12 15:55:14.607 | DEBUG    | baldaquin.buf:open:100 - Opening output file /home/lab1-student/baldaquindata/plasduino/0309_000091/0309_000091_data.txt {'mode': 'at', 'encoding': 'utf-8'}...
2026-03-12 15:55:14.615 | DEBUG    | baldaquin.buf:_write:285 - 1500 bytes written to disk.
2026-03-12 15:55:14.615 | DEBUG    | baldaquin.buf:open:104 - Ouput file /home/lab1-student/baldaquindata/plasduino/0309_000091/0309_000091_data.txt closed.
2026-03-12 15:55:14.615 | DEBUG    | baldaquin.buf:open:100 - Opening output file /home/lab1-student/baldaquindata/plasduino/0309_000092/0309_000092_data.txt {'mode': 'at', 'encoding': 'utf-8'}...
2026-03-12 15:55:14.616 | DEBUG    | baldaquin.buf:_write:285 - 1500 bytes written to disk.
2026-03-12 15:55:14.624 | DEBUG    | baldaquin.buf:open:104 - Ouput file /home/lab1-student/baldaquindata/plasduino/0309_000092/0309_000092_data.txt closed.
2026-03-12 15:55:14.624 | DEBUG    | baldaquin.buf:open:100 - Opening output file /home/lab1-student/baldaquindata/plasduino/0309_000093/0309_000093_data.txt {'mode': 'at', 'encoding': 'utf-8'}...
2026-03-12 15:55:14.627 | DEBUG    | baldaquin.buf:_write:285 - 1500 bytes written to disk.
2026-03-12 15:55:14.637 | DEBUG    | baldaquin.buf:open:104 - Ouput file /home/lab1-student/baldaquindata/plasduino/0309_000093/0309_000093_data.txt closed.
2026-03-12 15:55:14.638 | DEBUG    | baldaquin.buf:open:100 - Opening output file /home/lab1-student/baldaquindata/plasduino/0309_000094/0309_000094_data.txt {'mode': 'at', 'encoding': 'utf-8'}...
2026-03-12 15:55:14.638 | DEBUG    | baldaquin.buf:_write:285 - 1500 bytes written to disk.
2026-03-12 15:55:14.655 | DEBUG    | baldaquin.buf:open:104 - Ouput file /home/lab1-student/baldaquindata/plasduino/0309_000094/0309_000094_data.txt closed.
2026-03-12 15:55:14.662 | DEBUG    | baldaquin.buf:open:100 - Opening output file /home/lab1-student/baldaquindata/plasduino/0309_000095/0309_000095_data.txt {'mode': 'at', 'encoding': 'utf-8'}...
2026-03-12 15:55:14.684 | DEBUG    | baldaquin.buf:_write:285 - 1500 bytes written to disk.
2026-03-12 15:55:14.685 | DEBUG    | baldaquin.buf:open:104 - Ouput file /home/lab1-student/baldaquindata/plasduino/0309_000095/0309_000095_data.txt closed.
2026-03-12 15:55:14.692 | DEBUG    | baldaquin.buf:open:100 - Opening output file /home/lab1-student/baldaquindata/plasduino/0309_000096/0309_000096_data.txt {'mode': 'at', 'encoding': 'utf-8'}...
2026-03-12 15:55:14.709 | DEBUG    | baldaquin.buf:_write:285 - 1500 bytes written to disk.
2026-03-12 15:55:14.715 | DEBUG    | baldaquin.buf:open:104 - Ouput file /home/lab1-student/baldaquindata/plasduino/0309_000096/0309_000096_data.txt closed.
2026-03-12 15:55:14.715 | DEBUG    | baldaquin.buf:open:100 - Opening output file /home/lab1-student/baldaquindata/plasduino/0309_000096/0309_000096_data.dat {'mode': 'ab'}...
2026-03-12 15:55:14.719 | DEBUG    | baldaquin.buf:_pop_and_write_raw:259 - 800 bytes written to disk.
2026-03-12 15:55:14.719 | DEBUG    | baldaquin.buf:open:104 - Ouput file /home/lab1-student/baldaquindata/plasduino/0309_000096/0309_000096_data.dat closed.
2026-03-12 15:55:14.721 | INFO     | baldaquin.buf:flush:318 - 17300 bytes (800 raw bytes) written to disk.
2026-03-12 15:55:14.721 | DEBUG    | baldaquin.profile:wrap:32 - Running time for flush(): 0.187310 s
2026-03-12 15:55:17.058 | INFO     | baldaquin.buf:flush:309 - 100 packets ready to be written out...
2026-03-12 15:55:17.059 | DEBUG    | baldaquin.buf:open:100 - Opening output file /home/lab1-student/baldaquindata/plasduino/0309_000086/0309_000086_data.txt {'mode': 'at', 'encoding': 'utf-8'}...
2026-03-12 15:55:17.059 | DEBUG    | baldaquin.buf:_write:285 - 1500 bytes written to disk.
2026-03-12 15:55:17.060 | DEBUG    | baldaquin.buf:open:104 - Ouput file /home/lab1-student/baldaquindata/plasduino/0309_000086/0309_000086_data.txt closed.
2026-03-12 15:55:17.063 | DEBUG    | baldaquin.buf:open:100 - Opening output file /home/lab1-student/baldaquindata/plasduino/0309_000087/0309_000087_data.txt {'mode': 'at', 'encoding': 'utf-8'}...
2026-03-12 15:55:17.066 | DEBUG    | baldaquin.buf:_write:285 - 1500 bytes written to disk.
2026-03-12 15:55:17.072 | DEBUG    | baldaquin.buf:open:104 - Ouput file /home/lab1-student/baldaquindata/plasduino/0309_000087/0309_000087_data.txt closed.
2026-03-12 15:55:17.073 | DEBUG    | baldaquin.buf:open:100 - Opening output file /home/lab1-student/baldaquindata/plasduino/0309_000088/0309_000088_data.txt {'mode': 'at', 'encoding': 'utf-8'}...
2026-03-12 15:55:17.087 | DEBUG    | baldaquin.buf:_write:285 - 1500 bytes written to disk.
2026-03-12 15:55:17.098 | DEBUG    | baldaquin.buf:open:104 - Ouput file /home/lab1-student/baldaquindata/plasduino/0309_000088/0309_000088_data.txt closed.
2026-03-12 15:55:17.098 | DEBUG    | baldaquin.buf:open:100 - Opening output file /home/lab1-student/baldaquindata/plasduino/0309_000089/0309_000089_data.txt {'mode': 'at', 'encoding': 'utf-8'}...
2026-03-12 15:55:17.101 | DEBUG    | baldaquin.buf:_write:285 - 1500 bytes written to disk.
2026-03-12 15:55:17.101 | DEBUG    | baldaquin.buf:open:104 - Ouput file /home/lab1-student/baldaquindata/plasduino/0309_000089/0309_000089_data.txt closed.
2026-03-12 15:55:17.101 | DEBUG    | baldaquin.buf:open:100 - Opening output file /home/lab1-student/baldaquindata/plasduino/0309_000090/0309_000090_data.txt {'mode': 'at', 'encoding': 'utf-8'}...
2026-03-12 15:55:17.103 | DEBUG    | baldaquin.buf:_write:285 - 1500 bytes written to disk.
2026-03-12 15:55:17.104 | DEBUG    | baldaquin.buf:open:104 - Ouput file /home/lab1-student/baldaquindata/plasduino/0309_000090/0309_000090_data.txt closed.
2026-03-12 15:55:17.105 | DEBUG    | baldaquin.buf:open:100 - Opening output file /home/lab1-student/baldaquindata/plasduino/0309_000091/0309_000091_data.txt {'mode': 'at', 'encoding': 'utf-8'}...
2026-03-12 15:55:17.106 | DEBUG    | baldaquin.buf:_write:285 - 1500 bytes written to disk.
2026-03-12 15:55:17.114 | DEBUG    | baldaquin.buf:open:104 - Ouput file /home/lab1-student/baldaquindata/plasduino/0309_000091/0309_000091_data.txt closed.
2026-03-12 15:55:17.115 | DEBUG    | baldaquin.buf:open:100 - Opening output file /home/lab1-student/baldaquindata/plasduino/0309_000092/0309_000092_data.txt {'mode': 'at', 'encoding': 'utf-8'}...
2026-03-12 15:55:17.116 | DEBUG    | baldaquin.buf:_write:285 - 1500 bytes written to disk.
2026-03-12 15:55:17.116 | DEBUG    | baldaquin.buf:open:104 - Ouput file /home/lab1-student/baldaquindata/plasduino/0309_000092/0309_000092_data.txt closed.
2026-03-12 15:55:17.116 | DEBUG    | baldaquin.buf:open:100 - Opening output file /home/lab1-student/baldaquindata/plasduino/0309_000093/0309_000093_data.txt {'mode': 'at', 'encoding': 'utf-8'}...
2026-03-12 15:55:17.116 | DEBUG    | baldaquin.buf:_write:285 - 1500 bytes written to disk.
2026-03-12 15:55:17.117 | DEBUG    | baldaquin.buf:open:104 - Ouput file /home/lab1-student/baldaquindata/plasduino/0309_000093/0309_000093_data.txt closed.
2026-03-12 15:55:17.117 | DEBUG    | baldaquin.buf:open:100 - Opening output file /home/lab1-student/baldaquindata/plasduino/0309_000094/0309_000094_data.txt {'mode': 'at', 'encoding': 'utf-8'}...
2026-03-12 15:55:17.117 | DEBUG    | baldaquin.buf:_write:285 - 1500 bytes written to disk.
2026-03-12 15:55:17.117 | DEBUG    | baldaquin.buf:open:104 - Ouput file /home/lab1-student/baldaquindata/plasduino/0309_000094/0309_000094_data.txt closed.
2026-03-12 15:55:17.117 | DEBUG    | baldaquin.buf:open:100 - Opening output file /home/lab1-student/baldaquindata/plasduino/0309_000095/0309_000095_data.txt {'mode': 'at', 'encoding': 'utf-8'}...
2026-03-12 15:55:17.118 | DEBUG    | baldaquin.buf:_write:285 - 1500 bytes written to disk.
2026-03-12 15:55:17.118 | DEBUG    | baldaquin.buf:open:104 - Ouput file /home/lab1-student/baldaquindata/plasduino/0309_000095/0309_000095_data.txt closed.
2026-03-12 15:55:17.118 | DEBUG    | baldaquin.buf:open:100 - Opening output file /home/lab1-student/baldaquindata/plasduino/0309_000096/0309_000096_data.txt {'mode': 'at', 'encoding': 'utf-8'}...
2026-03-12 15:55:17.119 | DEBUG    | baldaquin.buf:_write:285 - 1500 bytes written to disk.
2026-03-12 15:55:17.119 | DEBUG    | baldaquin.buf:open:104 - Ouput file /home/lab1-student/baldaquindata/plasduino/0309_000096/0309_000096_data.txt closed.
2026-03-12 15:55:17.119 | DEBUG    | baldaquin.buf:open:100 - Opening output file /home/lab1-student/baldaquindata/plasduino/0309_000096/0309_000096_data.dat {'mode': 'ab'}...
2026-03-12 15:55:17.119 | DEBUG    | baldaquin.buf:_pop_and_write_raw:259 - 800 bytes written to disk.
2026-03-12 15:55:17.120 | DEBUG    | baldaquin.buf:open:104 - Ouput file /home/lab1-student/baldaquindata/plasduino/0309_000096/0309_000096_data.dat closed.
2026-03-12 15:55:17.127 | INFO     | baldaquin.buf:flush:318 - 17300 bytes (800 raw bytes) written to disk.
2026-03-12 15:55:17.127 | DEBUG    | baldaquin.profile:wrap:32 - Running time for flush(): 0.068752 s
2026-03-12 15:55:19.598 | INFO     | baldaquin.buf:flush:309 - 100 packets ready to be written out...
2026-03-12 15:55:19.598 | DEBUG    | baldaquin.buf:open:100 - Opening output file /home/lab1-student/baldaquindata/plasduino/0309_000086/0309_000086_data.txt {'mode': 'at', 'encoding': 'utf-8'}...
2026-03-12 15:55:19.601 | DEBUG    | baldaquin.buf:_write:285 - 1500 bytes written to disk.
2026-03-12 15:55:19.606 | DEBUG    | baldaquin.buf:open:104 - Ouput file /home/lab1-student/baldaquindata/plasduino/0309_000086/0309_000086_data.txt closed.
2026-03-12 15:55:19.606 | DEBUG    | baldaquin.buf:open:100 - Opening output file /home/lab1-student/baldaquindata/plasduino/0309_000087/0309_000087_data.txt {'mode': 'at', 'encoding': 'utf-8'}...
2026-03-12 15:55:19.607 | DEBUG    | baldaquin.buf:_write:285 - 1500 bytes written to disk.
2026-03-12 15:55:19.607 | DEBUG    | baldaquin.buf:open:104 - Ouput file /home/lab1-student/baldaquindata/plasduino/0309_000087/0309_000087_data.txt closed.
2026-03-12 15:55:19.607 | DEBUG    | baldaquin.buf:open:100 - Opening output file /home/lab1-student/baldaquindata/plasduino/0309_000088/0309_000088_data.txt {'mode': 'at', 'encoding': 'utf-8'}...
2026-03-12 15:55:19.608 | DEBUG    | baldaquin.buf:_write:285 - 1500 bytes written to disk.
2026-03-12 15:55:19.618 | DEBUG    | baldaquin.buf:open:104 - Ouput file /home/lab1-student/baldaquindata/plasduino/0309_000088/0309_000088_data.txt closed.
2026-03-12 15:55:19.618 | DEBUG    | baldaquin.buf:open:100 - Opening output file /home/lab1-student/baldaquindata/plasduino/0309_000089/0309_000089_data.txt {'mode': 'at', 'encoding': 'utf-8'}...
2026-03-12 15:55:19.620 | DEBUG    | baldaquin.buf:_write:285 - 1500 bytes written to disk.
2026-03-12 15:55:19.620 | DEBUG    | baldaquin.buf:open:104 - Ouput file /home/lab1-student/baldaquindata/plasduino/0309_000089/0309_000089_data.txt closed.
2026-03-12 15:55:19.620 | DEBUG    | baldaquin.buf:open:100 - Opening output file /home/lab1-student/baldaquindata/plasduino/0309_000090/0309_000090_data.txt {'mode': 'at', 'encoding': 'utf-8'}...
2026-03-12 15:55:19.621 | DEBUG    | baldaquin.buf:_write:285 - 1500 bytes written to disk.
2026-03-12 15:55:19.652 | DEBUG    | baldaquin.buf:open:104 - Ouput file /home/lab1-student/baldaquindata/plasduino/0309_000090/0309_000090_data.txt closed.
2026-03-12 15:55:19.663 | DEBUG    | baldaquin.buf:open:100 - Opening output file /home/lab1-student/baldaquindata/plasduino/0309_000091/0309_000091_data.txt {'mode': 'at', 'encoding': 'utf-8'}...
2026-03-12 15:55:19.667 | DEBUG    | baldaquin.buf:_write:285 - 1500 bytes written to disk.
2026-03-12 15:55:19.667 | DEBUG    | baldaquin.buf:open:104 - Ouput file /home/lab1-student/baldaquindata/plasduino/0309_000091/0309_000091_data.txt closed.
2026-03-12 15:55:19.668 | DEBUG    | baldaquin.buf:open:100 - Opening output file /home/lab1-student/baldaquindata/plasduino/0309_000092/0309_000092_data.txt {'mode': 'at', 'encoding': 'utf-8'}...
2026-03-12 15:55:19.669 | DEBUG    | baldaquin.buf:_write:285 - 1500 bytes written to disk.
2026-03-12 15:55:19.670 | DEBUG    | baldaquin.buf:open:104 - Ouput file /home/lab1-student/baldaquindata/plasduino/0309_000092/0309_000092_data.txt closed.
2026-03-12 15:55:19.671 | DEBUG    | baldaquin.buf:open:100 - Opening output file /home/lab1-student/baldaquindata/plasduino/0309_000093/0309_000093_data.txt {'mode': 'at', 'encoding': 'utf-8'}...
2026-03-12 15:55:19.672 | DEBUG    | baldaquin.buf:_write:285 - 1500 bytes written to disk.
2026-03-12 15:55:19.672 | DEBUG    | baldaquin.buf:open:104 - Ouput file /home/lab1-student/baldaquindata/plasduino/0309_000093/0309_000093_data.txt closed.
2026-03-12 15:55:19.680 | DEBUG    | baldaquin.buf:open:100 - Opening output file /home/lab1-student/baldaquindata/plasduino/0309_000094/0309_000094_data.txt {'mode': 'at', 'encoding': 'utf-8'}...
2026-03-12 15:55:19.681 | DEBUG    | baldaquin.buf:_write:285 - 1500 bytes written to disk.
2026-03-12 15:55:19.681 | DEBUG    | baldaquin.buf:open:104 - Ouput file /home/lab1-student/baldaquindata/plasduino/0309_000094/0309_000094_data.txt closed.
2026-03-12 15:55:19.681 | DEBUG    | baldaquin.buf:open:100 - Opening output file /home/lab1-student/baldaquindata/plasduino/0309_000095/0309_000095_data.txt {'mode': 'at', 'encoding': 'utf-8'}...
2026-03-12 15:55:19.682 | DEBUG    | baldaquin.buf:_write:285 - 1500 bytes written to disk.
2026-03-12 15:55:19.682 | DEBUG    | baldaquin.buf:open:104 - Ouput file /home/lab1-student/baldaquindata/plasduino/0309_000095/0309_000095_data.txt closed.
2026-03-12 15:55:19.682 | DEBUG    | baldaquin.buf:open:100 - Opening output file /home/lab1-student/baldaquindata/plasduino/0309_000096/0309_000096_data.txt {'mode': 'at', 'encoding': 'utf-8'}...
2026-03-12 15:55:19.683 | DEBUG    | baldaquin.buf:_write:285 - 1500 bytes written to disk.
2026-03-12 15:55:19.695 | DEBUG    | baldaquin.buf:open:104 - Ouput file /home/lab1-student/baldaquindata/plasduino/0309_000096/0309_000096_data.txt closed.
2026-03-12 15:55:19.700 | DEBUG    | baldaquin.buf:open:100 - Opening output file /home/lab1-student/baldaquindata/plasduino/0309_000096/0309_000096_data.dat {'mode': 'ab'}...
2026-03-12 15:55:19.706 | DEBUG    | baldaquin.buf:_pop_and_write_raw:259 - 800 bytes written to disk.
2026-03-12 15:55:19.707 | DEBUG    | baldaquin.buf:open:104 - Ouput file /home/lab1-student/baldaquindata/plasduino/0309_000096/0309_000096_data.dat closed.
2026-03-12 15:55:19.713 | INFO     | baldaquin.buf:flush:318 - 17300 bytes (800 raw bytes) written to disk.
2026-03-12 15:55:19.713 | DEBUG    | baldaquin.profile:wrap:32 - Running time for flush(): 0.115223 s
2026-03-12 15:55:22.149 | INFO     | baldaquin.buf:flush:309 - 100 packets ready to be written out...
2026-03-12 15:55:22.161 | DEBUG    | baldaquin.buf:open:100 - Opening output file /home/lab1-student/baldaquindata/plasduino/0309_000086/0309_000086_data.txt {'mode': 'at', 'encoding': 'utf-8'}...
2026-03-12 15:55:22.162 | DEBUG    | baldaquin.buf:_write:285 - 1500 bytes written to disk.
2026-03-12 15:55:22.164 | DEBUG    | baldaquin.buf:open:104 - Ouput file /home/lab1-student/baldaquindata/plasduino/0309_000086/0309_000086_data.txt closed.
2026-03-12 15:55:22.166 | DEBUG    | baldaquin.buf:open:100 - Opening output file /home/lab1-student/baldaquindata/plasduino/0309_000087/0309_000087_data.txt {'mode': 'at', 'encoding': 'utf-8'}...
2026-03-12 15:55:22.167 | DEBUG    | baldaquin.buf:_write:285 - 1500 bytes written to disk.
2026-03-12 15:55:22.169 | DEBUG    | baldaquin.buf:open:104 - Ouput file /home/lab1-student/baldaquindata/plasduino/0309_000087/0309_000087_data.txt closed.
2026-03-12 15:55:22.169 | DEBUG    | baldaquin.buf:open:100 - Opening output file /home/lab1-student/baldaquindata/plasduino/0309_000088/0309_000088_data.txt {'mode': 'at', 'encoding': 'utf-8'}...
2026-03-12 15:55:22.170 | DEBUG    | baldaquin.buf:_write:285 - 1500 bytes written to disk.
2026-03-12 15:55:22.172 | DEBUG    | baldaquin.buf:open:104 - Ouput file /home/lab1-student/baldaquindata/plasduino/0309_000088/0309_000088_data.txt closed.
2026-03-12 15:55:22.175 | DEBUG    | baldaquin.buf:open:100 - Opening output file /home/lab1-student/baldaquindata/plasduino/0309_000089/0309_000089_data.txt {'mode': 'at', 'encoding': 'utf-8'}...
2026-03-12 15:55:22.176 | DEBUG    | baldaquin.buf:_write:285 - 1500 bytes written to disk.
2026-03-12 15:55:22.176 | DEBUG    | baldaquin.buf:open:104 - Ouput file /home/lab1-student/baldaquindata/plasduino/0309_000089/0309_000089_data.txt closed.
2026-03-12 15:55:22.176 | DEBUG    | baldaquin.buf:open:100 - Opening output file /home/lab1-student/baldaquindata/plasduino/0309_000090/0309_000090_data.txt {'mode': 'at', 'encoding': 'utf-8'}...
2026-03-12 15:55:22.177 | DEBUG    | baldaquin.buf:_write:285 - 1500 bytes written to disk.
2026-03-12 15:55:22.179 | DEBUG    | baldaquin.buf:open:104 - Ouput file /home/lab1-student/baldaquindata/plasduino/0309_000090/0309_000090_data.txt closed.
2026-03-12 15:55:22.179 | DEBUG    | baldaquin.buf:open:100 - Opening output file /home/lab1-student/baldaquindata/plasduino/0309_000091/0309_000091_data.txt {'mode': 'at', 'encoding': 'utf-8'}...
2026-03-12 15:55:22.183 | DEBUG    | baldaquin.buf:_write:285 - 1500 bytes written to disk.
2026-03-12 15:55:22.183 | DEBUG    | baldaquin.buf:open:104 - Ouput file /home/lab1-student/baldaquindata/plasduino/0309_000091/0309_000091_data.txt closed.
2026-03-12 15:55:22.191 | DEBUG    | baldaquin.buf:open:100 - Opening output file /home/lab1-student/baldaquindata/plasduino/0309_000092/0309_000092_data.txt {'mode': 'at', 'encoding': 'utf-8'}...
2026-03-12 15:55:22.192 | DEBUG    | baldaquin.buf:_write:285 - 1500 bytes written to disk.
2026-03-12 15:55:22.209 | DEBUG    | baldaquin.buf:open:104 - Ouput file /home/lab1-student/baldaquindata/plasduino/0309_000092/0309_000092_data.txt closed.
2026-03-12 15:55:22.214 | DEBUG    | baldaquin.buf:open:100 - Opening output file /home/lab1-student/baldaquindata/plasduino/0309_000093/0309_000093_data.txt {'mode': 'at', 'encoding': 'utf-8'}...
2026-03-12 15:55:22.216 | DEBUG    | baldaquin.buf:_write:285 - 1500 bytes written to disk.
2026-03-12 15:55:22.217 | DEBUG    | baldaquin.buf:open:104 - Ouput file /home/lab1-student/baldaquindata/plasduino/0309_000093/0309_000093_data.txt closed.
2026-03-12 15:55:22.218 | DEBUG    | baldaquin.buf:open:100 - Opening output file /home/lab1-student/baldaquindata/plasduino/0309_000094/0309_000094_data.txt {'mode': 'at', 'encoding': 'utf-8'}...
2026-03-12 15:55:22.220 | DEBUG    | baldaquin.buf:_write:285 - 1500 bytes written to disk.
2026-03-12 15:55:22.220 | DEBUG    | baldaquin.buf:open:104 - Ouput file /home/lab1-student/baldaquindata/plasduino/0309_000094/0309_000094_data.txt closed.
2026-03-12 15:55:22.221 | DEBUG    | baldaquin.buf:open:100 - Opening output file /home/lab1-student/baldaquindata/plasduino/0309_000095/0309_000095_data.txt {'mode': 'at', 'encoding': 'utf-8'}...
2026-03-12 15:55:22.223 | DEBUG    | baldaquin.buf:_write:285 - 1500 bytes written to disk.
2026-03-12 15:55:22.225 | DEBUG    | baldaquin.buf:open:104 - Ouput file /home/lab1-student/baldaquindata/plasduino/0309_000095/0309_000095_data.txt closed.
2026-03-12 15:55:22.228 | DEBUG    | baldaquin.buf:open:100 - Opening output file /home/lab1-student/baldaquindata/plasduino/0309_000096/0309_000096_data.txt {'mode': 'at', 'encoding': 'utf-8'}...
2026-03-12 15:55:22.230 | DEBUG    | baldaquin.buf:_write:285 - 1500 bytes written to disk.
2026-03-12 15:55:22.231 | DEBUG    | baldaquin.buf:open:104 - Ouput file /home/lab1-student/baldaquindata/plasduino/0309_000096/0309_000096_data.txt closed.
2026-03-12 15:55:22.231 | DEBUG    | baldaquin.buf:open:100 - Opening output file /home/lab1-student/baldaquindata/plasduino/0309_000096/0309_000096_data.dat {'mode': 'ab'}...
2026-03-12 15:55:22.236 | DEBUG    | baldaquin.buf:_pop_and_write_raw:259 - 800 bytes written to disk.
2026-03-12 15:55:22.237 | DEBUG    | baldaquin.buf:open:104 - Ouput file /home/lab1-student/baldaquindata/plasduino/0309_000096/0309_000096_data.dat closed.
2026-03-12 15:55:22.237 | INFO     | baldaquin.buf:flush:318 - 17300 bytes (800 raw bytes) written to disk.
2026-03-12 15:55:22.237 | DEBUG    | baldaquin.profile:wrap:32 - Running time for flush(): 0.087837 s
2026-03-12 15:55:24.674 | INFO     | baldaquin.buf:flush:309 - 100 packets ready to be written out...
2026-03-12 15:55:24.682 | DEBUG    | baldaquin.buf:open:100 - Opening output file /home/lab1-student/baldaquindata/plasduino/0309_000086/0309_000086_data.txt {'mode': 'at', 'encoding': 'utf-8'}...
2026-03-12 15:55:24.684 | DEBUG    | baldaquin.buf:_write:285 - 1500 bytes written to disk.
2026-03-12 15:55:24.685 | DEBUG    | baldaquin.buf:open:104 - Ouput file /home/lab1-student/baldaquindata/plasduino/0309_000086/0309_000086_data.txt closed.
2026-03-12 15:55:24.686 | DEBUG    | baldaquin.buf:open:100 - Opening output file /home/lab1-student/baldaquindata/plasduino/0309_000087/0309_000087_data.txt {'mode': 'at', 'encoding': 'utf-8'}...
2026-03-12 15:55:24.692 | DEBUG    | baldaquin.buf:_write:285 - 1500 bytes written to disk.
2026-03-12 15:55:24.699 | DEBUG    | baldaquin.buf:open:104 - Ouput file /home/lab1-student/baldaquindata/plasduino/0309_000087/0309_000087_data.txt closed.
2026-03-12 15:55:24.699 | DEBUG    | baldaquin.buf:open:100 - Opening output file /home/lab1-student/baldaquindata/plasduino/0309_000088/0309_000088_data.txt {'mode': 'at', 'encoding': 'utf-8'}...
2026-03-12 15:55:24.700 | DEBUG    | baldaquin.buf:_write:285 - 1500 bytes written to disk.
2026-03-12 15:55:24.700 | DEBUG    | baldaquin.buf:open:104 - Ouput file /home/lab1-student/baldaquindata/plasduino/0309_000088/0309_000088_data.txt closed.
2026-03-12 15:55:24.700 | DEBUG    | baldaquin.buf:open:100 - Opening output file /home/lab1-student/baldaquindata/plasduino/0309_000089/0309_000089_data.txt {'mode': 'at', 'encoding': 'utf-8'}...
2026-03-12 15:55:24.701 | DEBUG    | baldaquin.buf:_write:285 - 1500 bytes written to disk.
2026-03-12 15:55:24.701 | DEBUG    | baldaquin.buf:open:104 - Ouput file /home/lab1-student/baldaquindata/plasduino/0309_000089/0309_000089_data.txt closed.
2026-03-12 15:55:24.701 | DEBUG    | baldaquin.buf:open:100 - Opening output file /home/lab1-student/baldaquindata/plasduino/0309_000090/0309_000090_data.txt {'mode': 'at', 'encoding': 'utf-8'}...
2026-03-12 15:55:24.711 | DEBUG    | baldaquin.buf:_write:285 - 1500 bytes written to disk.
2026-03-12 15:55:24.711 | DEBUG    | baldaquin.buf:open:104 - Ouput file /home/lab1-student/baldaquindata/plasduino/0309_000090/0309_000090_data.txt closed.
2026-03-12 15:55:24.713 | DEBUG    | baldaquin.buf:open:100 - Opening output file /home/lab1-student/baldaquindata/plasduino/0309_000091/0309_000091_data.txt {'mode': 'at', 'encoding': 'utf-8'}...
2026-03-12 15:55:24.714 | DEBUG    | baldaquin.buf:_write:285 - 1500 bytes written to disk.
2026-03-12 15:55:24.717 | DEBUG    | baldaquin.buf:open:104 - Ouput file /home/lab1-student/baldaquindata/plasduino/0309_000091/0309_000091_data.txt closed.
2026-03-12 15:55:24.717 | DEBUG    | baldaquin.buf:open:100 - Opening output file /home/lab1-student/baldaquindata/plasduino/0309_000092/0309_000092_data.txt {'mode': 'at', 'encoding': 'utf-8'}...
2026-03-12 15:55:24.718 | DEBUG    | baldaquin.buf:_write:285 - 1500 bytes written to disk.
2026-03-12 15:55:24.718 | DEBUG    | baldaquin.buf:open:104 - Ouput file /home/lab1-student/baldaquindata/plasduino/0309_000092/0309_000092_data.txt closed.
2026-03-12 15:55:24.718 | DEBUG    | baldaquin.buf:open:100 - Opening output file /home/lab1-student/baldaquindata/plasduino/0309_000093/0309_000093_data.txt {'mode': 'at', 'encoding': 'utf-8'}...
2026-03-12 15:55:24.719 | DEBUG    | baldaquin.buf:_write:285 - 1500 bytes written to disk.
2026-03-12 15:55:24.719 | DEBUG    | baldaquin.buf:open:104 - Ouput file /home/lab1-student/baldaquindata/plasduino/0309_000093/0309_000093_data.txt closed.
2026-03-12 15:55:24.719 | DEBUG    | baldaquin.buf:open:100 - Opening output file /home/lab1-student/baldaquindata/plasduino/0309_000094/0309_000094_data.txt {'mode': 'at', 'encoding': 'utf-8'}...
2026-03-12 15:55:24.720 | DEBUG    | baldaquin.buf:_write:285 - 1500 bytes written to disk.
2026-03-12 15:55:24.720 | DEBUG    | baldaquin.buf:open:104 - Ouput file /home/lab1-student/baldaquindata/plasduino/0309_000094/0309_000094_data.txt closed.
2026-03-12 15:55:24.720 | DEBUG    | baldaquin.buf:open:100 - Opening output file /home/lab1-student/baldaquindata/plasduino/0309_000095/0309_000095_data.txt {'mode': 'at', 'encoding': 'utf-8'}...
2026-03-12 15:55:24.721 | DEBUG    | baldaquin.buf:_write:285 - 1500 bytes written to disk.
2026-03-12 15:55:24.721 | DEBUG    | baldaquin.buf:open:104 - Ouput file /home/lab1-student/baldaquindata/plasduino/0309_000095/0309_000095_data.txt closed.
2026-03-12 15:55:24.721 | DEBUG    | baldaquin.buf:open:100 - Opening output file /home/lab1-student/baldaquindata/plasduino/0309_000096/0309_000096_data.txt {'mode': 'at', 'encoding': 'utf-8'}...
2026-03-12 15:55:24.721 | DEBUG    | baldaquin.buf:_write:285 - 1500 bytes written to disk.
2026-03-12 15:55:24.722 | DEBUG    | baldaquin.buf:open:104 - Ouput file /home/lab1-student/baldaquindata/plasduino/0309_000096/0309_000096_data.txt closed.
2026-03-12 15:55:24.722 | DEBUG    | baldaquin.buf:open:100 - Opening output file /home/lab1-student/baldaquindata/plasduino/0309_000096/0309_000096_data.dat {'mode': 'ab'}...
2026-03-12 15:55:24.722 | DEBUG    | baldaquin.buf:_pop_and_write_raw:259 - 800 bytes written to disk.
2026-03-12 15:55:24.722 | DEBUG    | baldaquin.buf:open:104 - Ouput file /home/lab1-student/baldaquindata/plasduino/0309_000096/0309_000096_data.dat closed.
2026-03-12 15:55:24.722 | INFO     | baldaquin.buf:flush:318 - 17300 bytes (800 raw bytes) written to disk.
2026-03-12 15:55:24.722 | DEBUG    | baldaquin.profile:wrap:32 - Running time for flush(): 0.048606 s
2026-03-12 15:55:27.208 | INFO     | baldaquin.buf:flush:309 - 100 packets ready to be written out...
2026-03-12 15:55:27.208 | DEBUG    | baldaquin.buf:open:100 - Opening output file /home/lab1-student/baldaquindata/plasduino/0309_000086/0309_000086_data.txt {'mode': 'at', 'encoding': 'utf-8'}...
2026-03-12 15:55:27.209 | DEBUG    | baldaquin.buf:_write:285 - 1500 bytes written to disk.
2026-03-12 15:55:27.212 | DEBUG    | baldaquin.buf:open:104 - Ouput file /home/lab1-student/baldaquindata/plasduino/0309_000086/0309_000086_data.txt closed.
2026-03-12 15:55:27.212 | DEBUG    | baldaquin.buf:open:100 - Opening output file /home/lab1-student/baldaquindata/plasduino/0309_000087/0309_000087_data.txt {'mode': 'at', 'encoding': 'utf-8'}...
2026-03-12 15:55:27.213 | DEBUG    | baldaquin.buf:_write:285 - 1500 bytes written to disk.
2026-03-12 15:55:27.213 | DEBUG    | baldaquin.buf:open:104 - Ouput file /home/lab1-student/baldaquindata/plasduino/0309_000087/0309_000087_data.txt closed.
2026-03-12 15:55:27.213 | DEBUG    | baldaquin.buf:open:100 - Opening output file /home/lab1-student/baldaquindata/plasduino/0309_000088/0309_000088_data.txt {'mode': 'at', 'encoding': 'utf-8'}...
2026-03-12 15:55:27.214 | DEBUG    | baldaquin.buf:_write:285 - 1500 bytes written to disk.
2026-03-12 15:55:27.214 | DEBUG    | baldaquin.buf:open:104 - Ouput file /home/lab1-student/baldaquindata/plasduino/0309_000088/0309_000088_data.txt closed.
2026-03-12 15:55:27.214 | DEBUG    | baldaquin.buf:open:100 - Opening output file /home/lab1-student/baldaquindata/plasduino/0309_000089/0309_000089_data.txt {'mode': 'at', 'encoding': 'utf-8'}...
2026-03-12 15:55:27.215 | DEBUG    | baldaquin.buf:_write:285 - 1500 bytes written to disk.
2026-03-12 15:55:27.215 | DEBUG    | baldaquin.buf:open:104 - Ouput file /home/lab1-student/baldaquindata/plasduino/0309_000089/0309_000089_data.txt closed.
2026-03-12 15:55:27.215 | DEBUG    | baldaquin.buf:open:100 - Opening output file /home/lab1-student/baldaquindata/plasduino/0309_000090/0309_000090_data.txt {'mode': 'at', 'encoding': 'utf-8'}...
2026-03-12 15:55:27.215 | DEBUG    | baldaquin.buf:_write:285 - 1500 bytes written to disk.
2026-03-12 15:55:27.216 | DEBUG    | baldaquin.buf:open:104 - Ouput file /home/lab1-student/baldaquindata/plasduino/0309_000090/0309_000090_data.txt closed.
2026-03-12 15:55:27.216 | DEBUG    | baldaquin.buf:open:100 - Opening output file /home/lab1-student/baldaquindata/plasduino/0309_000091/0309_000091_data.txt {'mode': 'at', 'encoding': 'utf-8'}...
2026-03-12 15:55:27.216 | DEBUG    | baldaquin.buf:_write:285 - 1500 bytes written to disk.
2026-03-12 15:55:27.216 | DEBUG    | baldaquin.buf:open:104 - Ouput file /home/lab1-student/baldaquindata/plasduino/0309_000091/0309_000091_data.txt closed.
2026-03-12 15:55:27.216 | DEBUG    | baldaquin.buf:open:100 - Opening output file /home/lab1-student/baldaquindata/plasduino/0309_000092/0309_000092_data.txt {'mode': 'at', 'encoding': 'utf-8'}...
2026-03-12 15:55:27.217 | DEBUG    | baldaquin.buf:_write:285 - 1500 bytes written to disk.
2026-03-12 15:55:27.217 | DEBUG    | baldaquin.buf:open:104 - Ouput file /home/lab1-student/baldaquindata/plasduino/0309_000092/0309_000092_data.txt closed.
2026-03-12 15:55:27.217 | DEBUG    | baldaquin.buf:open:100 - Opening output file /home/lab1-student/baldaquindata/plasduino/0309_000093/0309_000093_data.txt {'mode': 'at', 'encoding': 'utf-8'}...
2026-03-12 15:55:27.217 | DEBUG    | baldaquin.buf:_write:285 - 1500 bytes written to disk.
2026-03-12 15:55:27.218 | DEBUG    | baldaquin.buf:open:104 - Ouput file /home/lab1-student/baldaquindata/plasduino/0309_000093/0309_000093_data.txt closed.
2026-03-12 15:55:27.218 | DEBUG    | baldaquin.buf:open:100 - Opening output file /home/lab1-student/baldaquindata/plasduino/0309_000094/0309_000094_data.txt {'mode': 'at', 'encoding': 'utf-8'}...
2026-03-12 15:55:27.218 | DEBUG    | baldaquin.buf:_write:285 - 1500 bytes written to disk.
2026-03-12 15:55:27.218 | DEBUG    | baldaquin.buf:open:104 - Ouput file /home/lab1-student/baldaquindata/plasduino/0309_000094/0309_000094_data.txt closed.
2026-03-12 15:55:27.218 | DEBUG    | baldaquin.buf:open:100 - Opening output file /home/lab1-student/baldaquindata/plasduino/0309_000095/0309_000095_data.txt {'mode': 'at', 'encoding': 'utf-8'}...
2026-03-12 15:55:27.219 | DEBUG    | baldaquin.buf:_write:285 - 1500 bytes written to disk.
2026-03-12 15:55:27.219 | DEBUG    | baldaquin.buf:open:104 - Ouput file /home/lab1-student/baldaquindata/plasduino/0309_000095/0309_000095_data.txt closed.
2026-03-12 15:55:27.219 | DEBUG    | baldaquin.buf:open:100 - Opening output file /home/lab1-student/baldaquindata/plasduino/0309_000096/0309_000096_data.txt {'mode': 'at', 'encoding': 'utf-8'}...
2026-03-12 15:55:27.219 | DEBUG    | baldaquin.buf:_write:285 - 1500 bytes written to disk.
2026-03-12 15:55:27.220 | DEBUG    | baldaquin.buf:open:104 - Ouput file /home/lab1-student/baldaquindata/plasduino/0309_000096/0309_000096_data.txt closed.
2026-03-12 15:55:27.220 | DEBUG    | baldaquin.buf:open:100 - Opening output file /home/lab1-student/baldaquindata/plasduino/0309_000096/0309_000096_data.dat {'mode': 'ab'}...
2026-03-12 15:55:27.220 | DEBUG    | baldaquin.buf:_pop_and_write_raw:259 - 800 bytes written to disk.
2026-03-12 15:55:27.220 | DEBUG    | baldaquin.buf:open:104 - Ouput file /home/lab1-student/baldaquindata/plasduino/0309_000096/0309_000096_data.dat closed.
2026-03-12 15:55:27.220 | INFO     | baldaquin.buf:flush:318 - 17300 bytes (800 raw bytes) written to disk.
2026-03-12 15:55:27.220 | DEBUG    | baldaquin.profile:wrap:32 - Running time for flush(): 0.012034 s
2026-03-12 15:55:29.748 | INFO     | baldaquin.buf:flush:309 - 100 packets ready to be written out...
2026-03-12 15:55:29.748 | DEBUG    | baldaquin.buf:open:100 - Opening output file /home/lab1-student/baldaquindata/plasduino/0309_000086/0309_000086_data.txt {'mode': 'at', 'encoding': 'utf-8'}...
2026-03-12 15:55:29.757 | DEBUG    | baldaquin.buf:_write:285 - 1500 bytes written to disk.
2026-03-12 15:55:29.758 | DEBUG    | baldaquin.buf:open:104 - Ouput file /home/lab1-student/baldaquindata/plasduino/0309_000086/0309_000086_data.txt closed.
2026-03-12 15:55:29.758 | DEBUG    | baldaquin.buf:open:100 - Opening output file /home/lab1-student/baldaquindata/plasduino/0309_000087/0309_000087_data.txt {'mode': 'at', 'encoding': 'utf-8'}...
2026-03-12 15:55:29.760 | DEBUG    | baldaquin.buf:_write:285 - 1500 bytes written to disk.
2026-03-12 15:55:29.765 | DEBUG    | baldaquin.buf:open:104 - Ouput file /home/lab1-student/baldaquindata/plasduino/0309_000087/0309_000087_data.txt closed.
2026-03-12 15:55:29.765 | DEBUG    | baldaquin.buf:open:100 - Opening output file /home/lab1-student/baldaquindata/plasduino/0309_000088/0309_000088_data.txt {'mode': 'at', 'encoding': 'utf-8'}...
2026-03-12 15:55:29.766 | DEBUG    | baldaquin.buf:_write:285 - 1500 bytes written to disk.
2026-03-12 15:55:29.766 | DEBUG    | baldaquin.buf:open:104 - Ouput file /home/lab1-student/baldaquindata/plasduino/0309_000088/0309_000088_data.txt closed.
2026-03-12 15:55:29.778 | DEBUG    | baldaquin.buf:open:100 - Opening output file /home/lab1-student/baldaquindata/plasduino/0309_000089/0309_000089_data.txt {'mode': 'at', 'encoding': 'utf-8'}...
2026-03-12 15:55:29.790 | DEBUG    | baldaquin.buf:_write:285 - 1500 bytes written to disk.
2026-03-12 15:55:29.793 | DEBUG    | baldaquin.buf:open:104 - Ouput file /home/lab1-student/baldaquindata/plasduino/0309_000089/0309_000089_data.txt closed.
2026-03-12 15:55:29.796 | DEBUG    | baldaquin.buf:open:100 - Opening output file /home/lab1-student/baldaquindata/plasduino/0309_000090/0309_000090_data.txt {'mode': 'at', 'encoding': 'utf-8'}...
2026-03-12 15:55:29.798 | DEBUG    | baldaquin.buf:_write:285 - 1500 bytes written to disk.
2026-03-12 15:55:29.799 | DEBUG    | baldaquin.buf:open:104 - Ouput file /home/lab1-student/baldaquindata/plasduino/0309_000090/0309_000090_data.txt closed.
2026-03-12 15:55:29.800 | DEBUG    | baldaquin.buf:open:100 - Opening output file /home/lab1-student/baldaquindata/plasduino/0309_000091/0309_000091_data.txt {'mode': 'at', 'encoding': 'utf-8'}...
2026-03-12 15:55:29.808 | DEBUG    | baldaquin.buf:_write:285 - 1500 bytes written to disk.
2026-03-12 15:55:29.808 | DEBUG    | baldaquin.buf:open:104 - Ouput file /home/lab1-student/baldaquindata/plasduino/0309_000091/0309_000091_data.txt closed.
2026-03-12 15:55:29.809 | DEBUG    | baldaquin.buf:open:100 - Opening output file /home/lab1-student/baldaquindata/plasduino/0309_000092/0309_000092_data.txt {'mode': 'at', 'encoding': 'utf-8'}...
2026-03-12 15:55:29.817 | DEBUG    | baldaquin.buf:_write:285 - 1500 bytes written to disk.
2026-03-12 15:55:29.819 | DEBUG    | baldaquin.buf:open:104 - Ouput file /home/lab1-student/baldaquindata/plasduino/0309_000092/0309_000092_data.txt closed.
2026-03-12 15:55:29.819 | DEBUG    | baldaquin.buf:open:100 - Opening output file /home/lab1-student/baldaquindata/plasduino/0309_000093/0309_000093_data.txt {'mode': 'at', 'encoding': 'utf-8'}...
2026-03-12 15:55:29.822 | DEBUG    | baldaquin.buf:_write:285 - 1500 bytes written to disk.
2026-03-12 15:55:29.823 | DEBUG    | baldaquin.buf:open:104 - Ouput file /home/lab1-student/baldaquindata/plasduino/0309_000093/0309_000093_data.txt closed.
2026-03-12 15:55:29.823 | DEBUG    | baldaquin.buf:open:100 - Opening output file /home/lab1-student/baldaquindata/plasduino/0309_000094/0309_000094_data.txt {'mode': 'at', 'encoding': 'utf-8'}...
2026-03-12 15:55:29.833 | DEBUG    | baldaquin.buf:_write:285 - 1500 bytes written to disk.
2026-03-12 15:55:29.833 | DEBUG    | baldaquin.buf:open:104 - Ouput file /home/lab1-student/baldaquindata/plasduino/0309_000094/0309_000094_data.txt closed.
2026-03-12 15:55:29.834 | DEBUG    | baldaquin.buf:open:100 - Opening output file /home/lab1-student/baldaquindata/plasduino/0309_000095/0309_000095_data.txt {'mode': 'at', 'encoding': 'utf-8'}...
2026-03-12 15:55:29.862 | DEBUG    | baldaquin.buf:_write:285 - 1500 bytes written to disk.
2026-03-12 15:55:29.863 | DEBUG    | baldaquin.buf:open:104 - Ouput file /home/lab1-student/baldaquindata/plasduino/0309_000095/0309_000095_data.txt closed.
2026-03-12 15:55:29.865 | DEBUG    | baldaquin.buf:open:100 - Opening output file /home/lab1-student/baldaquindata/plasduino/0309_000096/0309_000096_data.txt {'mode': 'at', 'encoding': 'utf-8'}...
2026-03-12 15:55:29.866 | DEBUG    | baldaquin.buf:_write:285 - 1500 bytes written to disk.
2026-03-12 15:55:29.871 | DEBUG    | baldaquin.buf:open:104 - Ouput file /home/lab1-student/baldaquindata/plasduino/0309_000096/0309_000096_data.txt closed.
2026-03-12 15:55:29.873 | DEBUG    | baldaquin.buf:open:100 - Opening output file /home/lab1-student/baldaquindata/plasduino/0309_000096/0309_000096_data.dat {'mode': 'ab'}...
2026-03-12 15:55:29.895 | DEBUG    | baldaquin.buf:_pop_and_write_raw:259 - 800 bytes written to disk.
2026-03-12 15:55:29.896 | DEBUG    | baldaquin.buf:open:104 - Ouput file /home/lab1-student/baldaquindata/plasduino/0309_000096/0309_000096_data.dat closed.
2026-03-12 15:55:29.897 | INFO     | baldaquin.buf:flush:318 - 17300 bytes (800 raw bytes) written to disk.
2026-03-12 15:55:29.897 | DEBUG    | baldaquin.profile:wrap:32 - Running time for flush(): 0.148906 s
2026-03-12 15:55:32.280 | INFO     | baldaquin.buf:flush:309 - 100 packets ready to be written out...
2026-03-12 15:55:32.280 | DEBUG    | baldaquin.buf:open:100 - Opening output file /home/lab1-student/baldaquindata/plasduino/0309_000086/0309_000086_data.txt {'mode': 'at', 'encoding': 'utf-8'}...
2026-03-12 15:55:32.285 | DEBUG    | baldaquin.buf:_write:285 - 1500 bytes written to disk.
2026-03-12 15:55:32.289 | DEBUG    | baldaquin.buf:open:104 - Ouput file /home/lab1-student/baldaquindata/plasduino/0309_000086/0309_000086_data.txt closed.
2026-03-12 15:55:32.294 | DEBUG    | baldaquin.buf:open:100 - Opening output file /home/lab1-student/baldaquindata/plasduino/0309_000087/0309_000087_data.txt {'mode': 'at', 'encoding': 'utf-8'}...
2026-03-12 15:55:32.296 | DEBUG    | baldaquin.buf:_write:285 - 1500 bytes written to disk.
2026-03-12 15:55:32.297 | DEBUG    | baldaquin.buf:open:104 - Ouput file /home/lab1-student/baldaquindata/plasduino/0309_000087/0309_000087_data.txt closed.
2026-03-12 15:55:32.303 | DEBUG    | baldaquin.buf:open:100 - Opening output file /home/lab1-student/baldaquindata/plasduino/0309_000088/0309_000088_data.txt {'mode': 'at', 'encoding': 'utf-8'}...
2026-03-12 15:55:32.315 | DEBUG    | baldaquin.buf:_write:285 - 1500 bytes written to disk.
2026-03-12 15:55:32.315 | DEBUG    | baldaquin.buf:open:104 - Ouput file /home/lab1-student/baldaquindata/plasduino/0309_000088/0309_000088_data.txt closed.
2026-03-12 15:55:32.315 | DEBUG    | baldaquin.buf:open:100 - Opening output file /home/lab1-student/baldaquindata/plasduino/0309_000089/0309_000089_data.txt {'mode': 'at', 'encoding': 'utf-8'}...
2026-03-12 15:55:32.316 | DEBUG    | baldaquin.buf:_write:285 - 1500 bytes written to disk.
2026-03-12 15:55:32.317 | DEBUG    | baldaquin.buf:open:104 - Ouput file /home/lab1-student/baldaquindata/plasduino/0309_000089/0309_000089_data.txt closed.
2026-03-12 15:55:32.317 | DEBUG    | baldaquin.buf:open:100 - Opening output file /home/lab1-student/baldaquindata/plasduino/0309_000090/0309_000090_data.txt {'mode': 'at', 'encoding': 'utf-8'}...
2026-03-12 15:55:32.318 | DEBUG    | baldaquin.buf:_write:285 - 1500 bytes written to disk.
2026-03-12 15:55:32.318 | DEBUG    | baldaquin.buf:open:104 - Ouput file /home/lab1-student/baldaquindata/plasduino/0309_000090/0309_000090_data.txt closed.
2026-03-12 15:55:32.319 | DEBUG    | baldaquin.buf:open:100 - Opening output file /home/lab1-student/baldaquindata/plasduino/0309_000091/0309_000091_data.txt {'mode': 'at', 'encoding': 'utf-8'}...
2026-03-12 15:55:32.321 | DEBUG    | baldaquin.buf:_write:285 - 1500 bytes written to disk.
2026-03-12 15:55:32.321 | DEBUG    | baldaquin.buf:open:104 - Ouput file /home/lab1-student/baldaquindata/plasduino/0309_000091/0309_000091_data.txt closed.
2026-03-12 15:55:32.321 | DEBUG    | baldaquin.buf:open:100 - Opening output file /home/lab1-student/baldaquindata/plasduino/0309_000092/0309_000092_data.txt {'mode': 'at', 'encoding': 'utf-8'}...
2026-03-12 15:55:32.326 | DEBUG    | baldaquin.buf:_write:285 - 1500 bytes written to disk.
2026-03-12 15:55:32.327 | DEBUG    | baldaquin.buf:open:104 - Ouput file /home/lab1-student/baldaquindata/plasduino/0309_000092/0309_000092_data.txt closed.
2026-03-12 15:55:32.327 | DEBUG    | baldaquin.buf:open:100 - Opening output file /home/lab1-student/baldaquindata/plasduino/0309_000093/0309_000093_data.txt {'mode': 'at', 'encoding': 'utf-8'}...
2026-03-12 15:55:32.327 | DEBUG    | baldaquin.buf:_write:285 - 1500 bytes written to disk.
2026-03-12 15:55:32.327 | DEBUG    | baldaquin.buf:open:104 - Ouput file /home/lab1-student/baldaquindata/plasduino/0309_000093/0309_000093_data.txt closed.
2026-03-12 15:55:32.327 | DEBUG    | baldaquin.buf:open:100 - Opening output file /home/lab1-student/baldaquindata/plasduino/0309_000094/0309_000094_data.txt {'mode': 'at', 'encoding': 'utf-8'}...
2026-03-12 15:55:32.333 | DEBUG    | baldaquin.buf:_write:285 - 1500 bytes written to disk.
2026-03-12 15:55:32.339 | DEBUG    | baldaquin.buf:open:104 - Ouput file /home/lab1-student/baldaquindata/plasduino/0309_000094/0309_000094_data.txt closed.
2026-03-12 15:55:32.340 | DEBUG    | baldaquin.buf:open:100 - Opening output file /home/lab1-student/baldaquindata/plasduino/0309_000095/0309_000095_data.txt {'mode': 'at', 'encoding': 'utf-8'}...
2026-03-12 15:55:32.340 | DEBUG    | baldaquin.buf:_write:285 - 1500 bytes written to disk.
2026-03-12 15:55:32.340 | DEBUG    | baldaquin.buf:open:104 - Ouput file /home/lab1-student/baldaquindata/plasduino/0309_000095/0309_000095_data.txt closed.
2026-03-12 15:55:32.341 | DEBUG    | baldaquin.buf:open:100 - Opening output file /home/lab1-student/baldaquindata/plasduino/0309_000096/0309_000096_data.txt {'mode': 'at', 'encoding': 'utf-8'}...
2026-03-12 15:55:32.364 | DEBUG    | baldaquin.buf:_write:285 - 1500 bytes written to disk.
2026-03-12 15:55:32.366 | DEBUG    | baldaquin.buf:open:104 - Ouput file /home/lab1-student/baldaquindata/plasduino/0309_000096/0309_000096_data.txt closed.
2026-03-12 15:55:32.366 | DEBUG    | baldaquin.buf:open:100 - Opening output file /home/lab1-student/baldaquindata/plasduino/0309_000096/0309_000096_data.dat {'mode': 'ab'}...
2026-03-12 15:55:32.366 | DEBUG    | baldaquin.buf:_pop_and_write_raw:259 - 800 bytes written to disk.
2026-03-12 15:55:32.366 | DEBUG    | baldaquin.buf:open:104 - Ouput file /home/lab1-student/baldaquindata/plasduino/0309_000096/0309_000096_data.dat closed.
2026-03-12 15:55:32.366 | INFO     | baldaquin.buf:flush:318 - 17300 bytes (800 raw bytes) written to disk.
2026-03-12 15:55:32.368 | DEBUG    | baldaquin.profile:wrap:32 - Running time for flush(): 0.087999 s
2026-03-12 15:55:34.814 | INFO     | baldaquin.buf:flush:309 - 100 packets ready to be written out...
2026-03-12 15:55:34.814 | DEBUG    | baldaquin.buf:open:100 - Opening output file /home/lab1-student/baldaquindata/plasduino/0309_000086/0309_000086_data.txt {'mode': 'at', 'encoding': 'utf-8'}...
2026-03-12 15:55:34.814 | DEBUG    | baldaquin.buf:_write:285 - 1500 bytes written to disk.
2026-03-12 15:55:34.815 | DEBUG    | baldaquin.buf:open:104 - Ouput file /home/lab1-student/baldaquindata/plasduino/0309_000086/0309_000086_data.txt closed.
2026-03-12 15:55:34.815 | DEBUG    | baldaquin.buf:open:100 - Opening output file /home/lab1-student/baldaquindata/plasduino/0309_000087/0309_000087_data.txt {'mode': 'at', 'encoding': 'utf-8'}...
2026-03-12 15:55:34.815 | DEBUG    | baldaquin.buf:_write:285 - 1500 bytes written to disk.
2026-03-12 15:55:34.815 | DEBUG    | baldaquin.buf:open:104 - Ouput file /home/lab1-student/baldaquindata/plasduino/0309_000087/0309_000087_data.txt closed.
2026-03-12 15:55:34.815 | DEBUG    | baldaquin.buf:open:100 - Opening output file /home/lab1-student/baldaquindata/plasduino/0309_000088/0309_000088_data.txt {'mode': 'at', 'encoding': 'utf-8'}...
2026-03-12 15:55:34.816 | DEBUG    | baldaquin.buf:_write:285 - 1500 bytes written to disk.
2026-03-12 15:55:34.816 | DEBUG    | baldaquin.buf:open:104 - Ouput file /home/lab1-student/baldaquindata/plasduino/0309_000088/0309_000088_data.txt closed.
2026-03-12 15:55:34.816 | DEBUG    | baldaquin.buf:open:100 - Opening output file /home/lab1-student/baldaquindata/plasduino/0309_000089/0309_000089_data.txt {'mode': 'at', 'encoding': 'utf-8'}...
2026-03-12 15:55:34.816 | DEBUG    | baldaquin.buf:_write:285 - 1500 bytes written to disk.
2026-03-12 15:55:34.817 | DEBUG    | baldaquin.buf:open:104 - Ouput file /home/lab1-student/baldaquindata/plasduino/0309_000089/0309_000089_data.txt closed.
2026-03-12 15:55:34.817 | DEBUG    | baldaquin.buf:open:100 - Opening output file /home/lab1-student/baldaquindata/plasduino/0309_000090/0309_000090_data.txt {'mode': 'at', 'encoding': 'utf-8'}...
2026-03-12 15:55:34.817 | DEBUG    | baldaquin.buf:_write:285 - 1500 bytes written to disk.
2026-03-12 15:55:34.817 | DEBUG    | baldaquin.buf:open:104 - Ouput file /home/lab1-student/baldaquindata/plasduino/0309_000090/0309_000090_data.txt closed.
2026-03-12 15:55:34.817 | DEBUG    | baldaquin.buf:open:100 - Opening output file /home/lab1-student/baldaquindata/plasduino/0309_000091/0309_000091_data.txt {'mode': 'at', 'encoding': 'utf-8'}...
2026-03-12 15:55:34.818 | DEBUG    | baldaquin.buf:_write:285 - 1500 bytes written to disk.
2026-03-12 15:55:34.818 | DEBUG    | baldaquin.buf:open:104 - Ouput file /home/lab1-student/baldaquindata/plasduino/0309_000091/0309_000091_data.txt closed.
2026-03-12 15:55:34.818 | DEBUG    | baldaquin.buf:open:100 - Opening output file /home/lab1-student/baldaquindata/plasduino/0309_000092/0309_000092_data.txt {'mode': 'at', 'encoding': 'utf-8'}...
2026-03-12 15:55:34.821 | DEBUG    | baldaquin.buf:_write:285 - 1500 bytes written to disk.
2026-03-12 15:55:34.821 | DEBUG    | baldaquin.buf:open:104 - Ouput file /home/lab1-student/baldaquindata/plasduino/0309_000092/0309_000092_data.txt closed.
2026-03-12 15:55:34.821 | DEBUG    | baldaquin.buf:open:100 - Opening output file /home/lab1-student/baldaquindata/plasduino/0309_000093/0309_000093_data.txt {'mode': 'at', 'encoding': 'utf-8'}...
2026-03-12 15:55:34.822 | DEBUG    | baldaquin.buf:_write:285 - 1500 bytes written to disk.
2026-03-12 15:55:34.822 | DEBUG    | baldaquin.buf:open:104 - Ouput file /home/lab1-student/baldaquindata/plasduino/0309_000093/0309_000093_data.txt closed.
2026-03-12 15:55:34.822 | DEBUG    | baldaquin.buf:open:100 - Opening output file /home/lab1-student/baldaquindata/plasduino/0309_000094/0309_000094_data.txt {'mode': 'at', 'encoding': 'utf-8'}...
2026-03-12 15:55:34.823 | DEBUG    | baldaquin.buf:_write:285 - 1500 bytes written to disk.
2026-03-12 15:55:34.828 | DEBUG    | baldaquin.buf:open:104 - Ouput file /home/lab1-student/baldaquindata/plasduino/0309_000094/0309_000094_data.txt closed.
2026-03-12 15:55:34.840 | DEBUG    | baldaquin.buf:open:100 - Opening output file /home/lab1-student/baldaquindata/plasduino/0309_000095/0309_000095_data.txt {'mode': 'at', 'encoding': 'utf-8'}...
2026-03-12 15:55:34.853 | DEBUG    | baldaquin.buf:_write:285 - 1500 bytes written to disk.
2026-03-12 15:55:34.858 | DEBUG    | baldaquin.buf:open:104 - Ouput file /home/lab1-student/baldaquindata/plasduino/0309_000095/0309_000095_data.txt closed.
2026-03-12 15:55:34.861 | DEBUG    | baldaquin.buf:open:100 - Opening output file /home/lab1-student/baldaquindata/plasduino/0309_000096/0309_000096_data.txt {'mode': 'at', 'encoding': 'utf-8'}...
2026-03-12 15:55:34.864 | DEBUG    | baldaquin.buf:_write:285 - 1500 bytes written to disk.
2026-03-12 15:55:34.875 | DEBUG    | baldaquin.buf:open:104 - Ouput file /home/lab1-student/baldaquindata/plasduino/0309_000096/0309_000096_data.txt closed.
2026-03-12 15:55:34.875 | DEBUG    | baldaquin.buf:open:100 - Opening output file /home/lab1-student/baldaquindata/plasduino/0309_000096/0309_000096_data.dat {'mode': 'ab'}...
2026-03-12 15:55:34.892 | DEBUG    | baldaquin.buf:_pop_and_write_raw:259 - 800 bytes written to disk.
2026-03-12 15:55:34.893 | DEBUG    | baldaquin.buf:open:104 - Ouput file /home/lab1-student/baldaquindata/plasduino/0309_000096/0309_000096_data.dat closed.
2026-03-12 15:55:34.896 | INFO     | baldaquin.buf:flush:318 - 17300 bytes (800 raw bytes) written to disk.
2026-03-12 15:55:34.896 | DEBUG    | baldaquin.profile:wrap:32 - Running time for flush(): 0.082435 s
2026-03-12 15:55:37.354 | INFO     | baldaquin.buf:flush:309 - 100 packets ready to be written out...
2026-03-12 15:55:37.354 | DEBUG    | baldaquin.buf:open:100 - Opening output file /home/lab1-student/baldaquindata/plasduino/0309_000086/0309_000086_data.txt {'mode': 'at', 'encoding': 'utf-8'}...
2026-03-12 15:55:37.356 | DEBUG    | baldaquin.buf:_write:285 - 1500 bytes written to disk.
2026-03-12 15:55:37.358 | DEBUG    | baldaquin.buf:open:104 - Ouput file /home/lab1-student/baldaquindata/plasduino/0309_000086/0309_000086_data.txt closed.
2026-03-12 15:55:37.359 | DEBUG    | baldaquin.buf:open:100 - Opening output file /home/lab1-student/baldaquindata/plasduino/0309_000087/0309_000087_data.txt {'mode': 'at', 'encoding': 'utf-8'}...
2026-03-12 15:55:37.369 | DEBUG    | baldaquin.buf:_write:285 - 1500 bytes written to disk.
2026-03-12 15:55:37.380 | DEBUG    | baldaquin.buf:open:104 - Ouput file /home/lab1-student/baldaquindata/plasduino/0309_000087/0309_000087_data.txt closed.
2026-03-12 15:55:37.391 | DEBUG    | baldaquin.buf:open:100 - Opening output file /home/lab1-student/baldaquindata/plasduino/0309_000088/0309_000088_data.txt {'mode': 'at', 'encoding': 'utf-8'}...
2026-03-12 15:55:37.394 | DEBUG    | baldaquin.buf:_write:285 - 1500 bytes written to disk.
2026-03-12 15:55:37.396 | DEBUG    | baldaquin.buf:open:104 - Ouput file /home/lab1-student/baldaquindata/plasduino/0309_000088/0309_000088_data.txt closed.
2026-03-12 15:55:37.396 | DEBUG    | baldaquin.buf:open:100 - Opening output file /home/lab1-student/baldaquindata/plasduino/0309_000089/0309_000089_data.txt {'mode': 'at', 'encoding': 'utf-8'}...
2026-03-12 15:55:37.409 | DEBUG    | baldaquin.buf:_write:285 - 1500 bytes written to disk.
2026-03-12 15:55:37.409 | DEBUG    | baldaquin.buf:open:104 - Ouput file /home/lab1-student/baldaquindata/plasduino/0309_000089/0309_000089_data.txt closed.
2026-03-12 15:55:37.410 | DEBUG    | baldaquin.buf:open:100 - Opening output file /home/lab1-student/baldaquindata/plasduino/0309_000090/0309_000090_data.txt {'mode': 'at', 'encoding': 'utf-8'}...
2026-03-12 15:55:37.410 | DEBUG    | baldaquin.buf:_write:285 - 1500 bytes written to disk.
2026-03-12 15:55:37.410 | DEBUG    | baldaquin.buf:open:104 - Ouput file /home/lab1-student/baldaquindata/plasduino/0309_000090/0309_000090_data.txt closed.
2026-03-12 15:55:37.411 | DEBUG    | baldaquin.buf:open:100 - Opening output file /home/lab1-student/baldaquindata/plasduino/0309_000091/0309_000091_data.txt {'mode': 'at', 'encoding': 'utf-8'}...
2026-03-12 15:55:37.411 | DEBUG    | baldaquin.buf:_write:285 - 1500 bytes written to disk.
2026-03-12 15:55:37.411 | DEBUG    | baldaquin.buf:open:104 - Ouput file /home/lab1-student/baldaquindata/plasduino/0309_000091/0309_000091_data.txt closed.
2026-03-12 15:55:37.412 | DEBUG    | baldaquin.buf:open:100 - Opening output file /home/lab1-student/baldaquindata/plasduino/0309_000092/0309_000092_data.txt {'mode': 'at', 'encoding': 'utf-8'}...
2026-03-12 15:55:37.412 | DEBUG    | baldaquin.buf:_write:285 - 1500 bytes written to disk.
2026-03-12 15:55:37.412 | DEBUG    | baldaquin.buf:open:104 - Ouput file /home/lab1-student/baldaquindata/plasduino/0309_000092/0309_000092_data.txt closed.
2026-03-12 15:55:37.412 | DEBUG    | baldaquin.buf:open:100 - Opening output file /home/lab1-student/baldaquindata/plasduino/0309_000093/0309_000093_data.txt {'mode': 'at', 'encoding': 'utf-8'}...
2026-03-12 15:55:37.413 | DEBUG    | baldaquin.buf:_write:285 - 1500 bytes written to disk.
2026-03-12 15:55:37.414 | DEBUG    | baldaquin.buf:open:104 - Ouput file /home/lab1-student/baldaquindata/plasduino/0309_000093/0309_000093_data.txt closed.
2026-03-12 15:55:37.424 | DEBUG    | baldaquin.buf:open:100 - Opening output file /home/lab1-student/baldaquindata/plasduino/0309_000094/0309_000094_data.txt {'mode': 'at', 'encoding': 'utf-8'}...
2026-03-12 15:55:37.424 | DEBUG    | baldaquin.buf:_write:285 - 1500 bytes written to disk.
2026-03-12 15:55:37.425 | DEBUG    | baldaquin.buf:open:104 - Ouput file /home/lab1-student/baldaquindata/plasduino/0309_000094/0309_000094_data.txt closed.
2026-03-12 15:55:37.425 | DEBUG    | baldaquin.buf:open:100 - Opening output file /home/lab1-student/baldaquindata/plasduino/0309_000095/0309_000095_data.txt {'mode': 'at', 'encoding': 'utf-8'}...
2026-03-12 15:55:37.427 | DEBUG    | baldaquin.buf:_write:285 - 1500 bytes written to disk.
2026-03-12 15:55:37.427 | DEBUG    | baldaquin.buf:open:104 - Ouput file /home/lab1-student/baldaquindata/plasduino/0309_000095/0309_000095_data.txt closed.
2026-03-12 15:55:37.427 | DEBUG    | baldaquin.buf:open:100 - Opening output file /home/lab1-student/baldaquindata/plasduino/0309_000096/0309_000096_data.txt {'mode': 'at', 'encoding': 'utf-8'}...
2026-03-12 15:55:37.428 | DEBUG    | baldaquin.buf:_write:285 - 1500 bytes written to disk.
2026-03-12 15:55:37.443 | DEBUG    | baldaquin.buf:open:104 - Ouput file /home/lab1-student/baldaquindata/plasduino/0309_000096/0309_000096_data.txt closed.
2026-03-12 15:55:37.454 | DEBUG    | baldaquin.buf:open:100 - Opening output file /home/lab1-student/baldaquindata/plasduino/0309_000096/0309_000096_data.dat {'mode': 'ab'}...
2026-03-12 15:55:37.455 | DEBUG    | baldaquin.buf:_pop_and_write_raw:259 - 800 bytes written to disk.
2026-03-12 15:55:37.455 | DEBUG    | baldaquin.buf:open:104 - Ouput file /home/lab1-student/baldaquindata/plasduino/0309_000096/0309_000096_data.dat closed.
2026-03-12 15:55:37.455 | INFO     | baldaquin.buf:flush:318 - 17300 bytes (800 raw bytes) written to disk.
2026-03-12 15:55:37.455 | DEBUG    | baldaquin.profile:wrap:32 - Running time for flush(): 0.101367 s
2026-03-12 15:55:39.892 | INFO     | baldaquin.buf:flush:309 - 100 packets ready to be written out...
2026-03-12 15:55:39.893 | DEBUG    | baldaquin.buf:open:100 - Opening output file /home/lab1-student/baldaquindata/plasduino/0309_000086/0309_000086_data.txt {'mode': 'at', 'encoding': 'utf-8'}...
2026-03-12 15:55:39.905 | DEBUG    | baldaquin.buf:_write:285 - 1500 bytes written to disk.
2026-03-12 15:55:39.906 | DEBUG    | baldaquin.buf:open:104 - Ouput file /home/lab1-student/baldaquindata/plasduino/0309_000086/0309_000086_data.txt closed.
2026-03-12 15:55:39.907 | DEBUG    | baldaquin.buf:open:100 - Opening output file /home/lab1-student/baldaquindata/plasduino/0309_000087/0309_000087_data.txt {'mode': 'at', 'encoding': 'utf-8'}...
2026-03-12 15:55:39.907 | DEBUG    | baldaquin.buf:_write:285 - 1500 bytes written to disk.
2026-03-12 15:55:39.908 | DEBUG    | baldaquin.buf:open:104 - Ouput file /home/lab1-student/baldaquindata/plasduino/0309_000087/0309_000087_data.txt closed.
2026-03-12 15:55:39.908 | DEBUG    | baldaquin.buf:open:100 - Opening output file /home/lab1-student/baldaquindata/plasduino/0309_000088/0309_000088_data.txt {'mode': 'at', 'encoding': 'utf-8'}...
2026-03-12 15:55:39.909 | DEBUG    | baldaquin.buf:_write:285 - 1500 bytes written to disk.
2026-03-12 15:55:39.912 | DEBUG    | baldaquin.buf:open:104 - Ouput file /home/lab1-student/baldaquindata/plasduino/0309_000088/0309_000088_data.txt closed.
2026-03-12 15:55:39.912 | DEBUG    | baldaquin.buf:open:100 - Opening output file /home/lab1-student/baldaquindata/plasduino/0309_000089/0309_000089_data.txt {'mode': 'at', 'encoding': 'utf-8'}...
2026-03-12 15:55:39.913 | DEBUG    | baldaquin.buf:_write:285 - 1500 bytes written to disk.
2026-03-12 15:55:39.913 | DEBUG    | baldaquin.buf:open:104 - Ouput file /home/lab1-student/baldaquindata/plasduino/0309_000089/0309_000089_data.txt closed.
2026-03-12 15:55:39.913 | DEBUG    | baldaquin.buf:open:100 - Opening output file /home/lab1-student/baldaquindata/plasduino/0309_000090/0309_000090_data.txt {'mode': 'at', 'encoding': 'utf-8'}...
2026-03-12 15:55:39.914 | DEBUG    | baldaquin.buf:_write:285 - 1500 bytes written to disk.
2026-03-12 15:55:39.914 | DEBUG    | baldaquin.buf:open:104 - Ouput file /home/lab1-student/baldaquindata/plasduino/0309_000090/0309_000090_data.txt closed.
2026-03-12 15:55:39.914 | DEBUG    | baldaquin.buf:open:100 - Opening output file /home/lab1-student/baldaquindata/plasduino/0309_000091/0309_000091_data.txt {'mode': 'at', 'encoding': 'utf-8'}...
2026-03-12 15:55:39.915 | DEBUG    | baldaquin.buf:_write:285 - 1500 bytes written to disk.
2026-03-12 15:55:39.915 | DEBUG    | baldaquin.buf:open:104 - Ouput file /home/lab1-student/baldaquindata/plasduino/0309_000091/0309_000091_data.txt closed.
2026-03-12 15:55:39.915 | DEBUG    | baldaquin.buf:open:100 - Opening output file /home/lab1-student/baldaquindata/plasduino/0309_000092/0309_000092_data.txt {'mode': 'at', 'encoding': 'utf-8'}...
2026-03-12 15:55:39.916 | DEBUG    | baldaquin.buf:_write:285 - 1500 bytes written to disk.
2026-03-12 15:55:39.916 | DEBUG    | baldaquin.buf:open:104 - Ouput file /home/lab1-student/baldaquindata/plasduino/0309_000092/0309_000092_data.txt closed.
2026-03-12 15:55:39.916 | DEBUG    | baldaquin.buf:open:100 - Opening output file /home/lab1-student/baldaquindata/plasduino/0309_000093/0309_000093_data.txt {'mode': 'at', 'encoding': 'utf-8'}...
2026-03-12 15:55:39.918 | DEBUG    | baldaquin.buf:_write:285 - 1500 bytes written to disk.
2026-03-12 15:55:39.918 | DEBUG    | baldaquin.buf:open:104 - Ouput file /home/lab1-student/baldaquindata/plasduino/0309_000093/0309_000093_data.txt closed.
2026-03-12 15:55:39.919 | DEBUG    | baldaquin.buf:open:100 - Opening output file /home/lab1-student/baldaquindata/plasduino/0309_000094/0309_000094_data.txt {'mode': 'at', 'encoding': 'utf-8'}...
2026-03-12 15:55:39.919 | DEBUG    | baldaquin.buf:_write:285 - 1500 bytes written to disk.
2026-03-12 15:55:39.919 | DEBUG    | baldaquin.buf:open:104 - Ouput file /home/lab1-student/baldaquindata/plasduino/0309_000094/0309_000094_data.txt closed.
2026-03-12 15:55:39.919 | DEBUG    | baldaquin.buf:open:100 - Opening output file /home/lab1-student/baldaquindata/plasduino/0309_000095/0309_000095_data.txt {'mode': 'at', 'encoding': 'utf-8'}...
2026-03-12 15:55:39.920 | DEBUG    | baldaquin.buf:_write:285 - 1500 bytes written to disk.
2026-03-12 15:55:39.920 | DEBUG    | baldaquin.buf:open:104 - Ouput file /home/lab1-student/baldaquindata/plasduino/0309_000095/0309_000095_data.txt closed.
2026-03-12 15:55:39.920 | DEBUG    | baldaquin.buf:open:100 - Opening output file /home/lab1-student/baldaquindata/plasduino/0309_000096/0309_000096_data.txt {'mode': 'at', 'encoding': 'utf-8'}...
2026-03-12 15:55:39.921 | DEBUG    | baldaquin.buf:_write:285 - 1500 bytes written to disk.
2026-03-12 15:55:39.921 | DEBUG    | baldaquin.buf:open:104 - Ouput file /home/lab1-student/baldaquindata/plasduino/0309_000096/0309_000096_data.txt closed.
2026-03-12 15:55:39.921 | DEBUG    | baldaquin.buf:open:100 - Opening output file /home/lab1-student/baldaquindata/plasduino/0309_000096/0309_000096_data.dat {'mode': 'ab'}...
2026-03-12 15:55:39.921 | DEBUG    | baldaquin.buf:_pop_and_write_raw:259 - 800 bytes written to disk.
2026-03-12 15:55:39.921 | DEBUG    | baldaquin.buf:open:104 - Ouput file /home/lab1-student/baldaquindata/plasduino/0309_000096/0309_000096_data.dat closed.
2026-03-12 15:55:39.922 | INFO     | baldaquin.buf:flush:318 - 17300 bytes (800 raw bytes) written to disk.
2026-03-12 15:55:39.922 | DEBUG    | baldaquin.profile:wrap:32 - Running time for flush(): 0.029324 s
2026-03-12 15:55:42.442 | INFO     | baldaquin.buf:flush:309 - 100 packets ready to be written out...
2026-03-12 15:55:42.448 | DEBUG    | baldaquin.buf:open:100 - Opening output file /home/lab1-student/baldaquindata/plasduino/0309_000086/0309_000086_data.txt {'mode': 'at', 'encoding': 'utf-8'}...
2026-03-12 15:55:42.458 | DEBUG    | baldaquin.buf:_write:285 - 1500 bytes written to disk.
2026-03-12 15:55:42.458 | DEBUG    | baldaquin.buf:open:104 - Ouput file /home/lab1-student/baldaquindata/plasduino/0309_000086/0309_000086_data.txt closed.
2026-03-12 15:55:42.459 | DEBUG    | baldaquin.buf:open:100 - Opening output file /home/lab1-student/baldaquindata/plasduino/0309_000087/0309_000087_data.txt {'mode': 'at', 'encoding': 'utf-8'}...
2026-03-12 15:55:42.463 | DEBUG    | baldaquin.buf:_write:285 - 1500 bytes written to disk.
2026-03-12 15:55:42.484 | DEBUG    | baldaquin.buf:open:104 - Ouput file /home/lab1-student/baldaquindata/plasduino/0309_000087/0309_000087_data.txt closed.
2026-03-12 15:55:42.488 | DEBUG    | baldaquin.buf:open:100 - Opening output file /home/lab1-student/baldaquindata/plasduino/0309_000088/0309_000088_data.txt {'mode': 'at', 'encoding': 'utf-8'}...
2026-03-12 15:55:42.489 | DEBUG    | baldaquin.buf:_write:285 - 1500 bytes written to disk.
2026-03-12 15:55:42.489 | DEBUG    | baldaquin.buf:open:104 - Ouput file /home/lab1-student/baldaquindata/plasduino/0309_000088/0309_000088_data.txt closed.
2026-03-12 15:55:42.492 | DEBUG    | baldaquin.buf:open:100 - Opening output file /home/lab1-student/baldaquindata/plasduino/0309_000089/0309_000089_data.txt {'mode': 'at', 'encoding': 'utf-8'}...
2026-03-12 15:55:42.493 | DEBUG    | baldaquin.buf:_write:285 - 1500 bytes written to disk.
2026-03-12 15:55:42.495 | DEBUG    | baldaquin.buf:open:104 - Ouput file /home/lab1-student/baldaquindata/plasduino/0309_000089/0309_000089_data.txt closed.
2026-03-12 15:55:42.495 | DEBUG    | baldaquin.buf:open:100 - Opening output file /home/lab1-student/baldaquindata/plasduino/0309_000090/0309_000090_data.txt {'mode': 'at', 'encoding': 'utf-8'}...
2026-03-12 15:55:42.495 | DEBUG    | baldaquin.buf:_write:285 - 1500 bytes written to disk.
2026-03-12 15:55:42.496 | DEBUG    | baldaquin.buf:open:104 - Ouput file /home/lab1-student/baldaquindata/plasduino/0309_000090/0309_000090_data.txt closed.
2026-03-12 15:55:42.496 | DEBUG    | baldaquin.buf:open:100 - Opening output file /home/lab1-student/baldaquindata/plasduino/0309_000091/0309_000091_data.txt {'mode': 'at', 'encoding': 'utf-8'}...
2026-03-12 15:55:42.500 | DEBUG    | baldaquin.buf:_write:285 - 1500 bytes written to disk.
2026-03-12 15:55:42.506 | DEBUG    | baldaquin.buf:open:104 - Ouput file /home/lab1-student/baldaquindata/plasduino/0309_000091/0309_000091_data.txt closed.
2026-03-12 15:55:42.506 | DEBUG    | baldaquin.buf:open:100 - Opening output file /home/lab1-student/baldaquindata/plasduino/0309_000092/0309_000092_data.txt {'mode': 'at', 'encoding': 'utf-8'}...
2026-03-12 15:55:42.506 | DEBUG    | baldaquin.buf:_write:285 - 1500 bytes written to disk.
2026-03-12 15:55:42.507 | DEBUG    | baldaquin.buf:open:104 - Ouput file /home/lab1-student/baldaquindata/plasduino/0309_000092/0309_000092_data.txt closed.
2026-03-12 15:55:42.507 | DEBUG    | baldaquin.buf:open:100 - Opening output file /home/lab1-student/baldaquindata/plasduino/0309_000093/0309_000093_data.txt {'mode': 'at', 'encoding': 'utf-8'}...
2026-03-12 15:55:42.508 | DEBUG    | baldaquin.buf:_write:285 - 1500 bytes written to disk.
2026-03-12 15:55:42.508 | DEBUG    | baldaquin.buf:open:104 - Ouput file /home/lab1-student/baldaquindata/plasduino/0309_000093/0309_000093_data.txt closed.
2026-03-12 15:55:42.508 | DEBUG    | baldaquin.buf:open:100 - Opening output file /home/lab1-student/baldaquindata/plasduino/0309_000094/0309_000094_data.txt {'mode': 'at', 'encoding': 'utf-8'}...
2026-03-12 15:55:42.509 | DEBUG    | baldaquin.buf:_write:285 - 1500 bytes written to disk.
2026-03-12 15:55:42.509 | DEBUG    | baldaquin.buf:open:104 - Ouput file /home/lab1-student/baldaquindata/plasduino/0309_000094/0309_000094_data.txt closed.
2026-03-12 15:55:42.509 | DEBUG    | baldaquin.buf:open:100 - Opening output file /home/lab1-student/baldaquindata/plasduino/0309_000095/0309_000095_data.txt {'mode': 'at', 'encoding': 'utf-8'}...
2026-03-12 15:55:42.521 | DEBUG    | baldaquin.buf:_write:285 - 1500 bytes written to disk.
2026-03-12 15:55:42.521 | DEBUG    | baldaquin.buf:open:104 - Ouput file /home/lab1-student/baldaquindata/plasduino/0309_000095/0309_000095_data.txt closed.
2026-03-12 15:55:42.521 | DEBUG    | baldaquin.buf:open:100 - Opening output file /home/lab1-student/baldaquindata/plasduino/0309_000096/0309_000096_data.txt {'mode': 'at', 'encoding': 'utf-8'}...
2026-03-12 15:55:42.522 | DEBUG    | baldaquin.buf:_write:285 - 1500 bytes written to disk.
2026-03-12 15:55:42.523 | DEBUG    | baldaquin.buf:open:104 - Ouput file /home/lab1-student/baldaquindata/plasduino/0309_000096/0309_000096_data.txt closed.
2026-03-12 15:55:42.531 | DEBUG    | baldaquin.buf:open:100 - Opening output file /home/lab1-student/baldaquindata/plasduino/0309_000096/0309_000096_data.dat {'mode': 'ab'}...
2026-03-12 15:55:42.558 | DEBUG    | baldaquin.buf:_pop_and_write_raw:259 - 800 bytes written to disk.
2026-03-12 15:55:42.564 | DEBUG    | baldaquin.buf:open:104 - Ouput file /home/lab1-student/baldaquindata/plasduino/0309_000096/0309_000096_data.dat closed.
2026-03-12 15:55:42.564 | INFO     | baldaquin.buf:flush:318 - 17300 bytes (800 raw bytes) written to disk.
2026-03-12 15:55:42.576 | DEBUG    | baldaquin.profile:wrap:32 - Running time for flush(): 0.133768 s
2026-03-12 15:55:44.959 | INFO     | baldaquin.buf:flush:309 - 100 packets ready to be written out...
2026-03-12 15:55:44.960 | DEBUG    | baldaquin.buf:open:100 - Opening output file /home/lab1-student/baldaquindata/plasduino/0309_000086/0309_000086_data.txt {'mode': 'at', 'encoding': 'utf-8'}...
2026-03-12 15:55:44.962 | DEBUG    | baldaquin.buf:_write:285 - 1500 bytes written to disk.
2026-03-12 15:55:44.985 | DEBUG    | baldaquin.buf:open:104 - Ouput file /home/lab1-student/baldaquindata/plasduino/0309_000086/0309_000086_data.txt closed.
2026-03-12 15:55:44.987 | DEBUG    | baldaquin.buf:open:100 - Opening output file /home/lab1-student/baldaquindata/plasduino/0309_000087/0309_000087_data.txt {'mode': 'at', 'encoding': 'utf-8'}...
2026-03-12 15:55:44.990 | DEBUG    | baldaquin.buf:_write:285 - 1500 bytes written to disk.
2026-03-12 15:55:44.991 | DEBUG    | baldaquin.buf:open:104 - Ouput file /home/lab1-student/baldaquindata/plasduino/0309_000087/0309_000087_data.txt closed.
2026-03-12 15:55:44.991 | DEBUG    | baldaquin.buf:open:100 - Opening output file /home/lab1-student/baldaquindata/plasduino/0309_000088/0309_000088_data.txt {'mode': 'at', 'encoding': 'utf-8'}...
2026-03-12 15:55:44.992 | DEBUG    | baldaquin.buf:_write:285 - 1500 bytes written to disk.
2026-03-12 15:55:44.994 | DEBUG    | baldaquin.buf:open:104 - Ouput file /home/lab1-student/baldaquindata/plasduino/0309_000088/0309_000088_data.txt closed.
2026-03-12 15:55:44.996 | DEBUG    | baldaquin.buf:open:100 - Opening output file /home/lab1-student/baldaquindata/plasduino/0309_000089/0309_000089_data.txt {'mode': 'at', 'encoding': 'utf-8'}...
2026-03-12 15:55:45.011 | DEBUG    | baldaquin.buf:_write:285 - 1500 bytes written to disk.
2026-03-12 15:55:45.011 | DEBUG    | baldaquin.buf:open:104 - Ouput file /home/lab1-student/baldaquindata/plasduino/0309_000089/0309_000089_data.txt closed.
2026-03-12 15:55:45.012 | DEBUG    | baldaquin.buf:open:100 - Opening output file /home/lab1-student/baldaquindata/plasduino/0309_000090/0309_000090_data.txt {'mode': 'at', 'encoding': 'utf-8'}...
2026-03-12 15:55:45.013 | DEBUG    | baldaquin.buf:_write:285 - 1500 bytes written to disk.
2026-03-12 15:55:45.016 | DEBUG    | baldaquin.buf:open:104 - Ouput file /home/lab1-student/baldaquindata/plasduino/0309_000090/0309_000090_data.txt closed.
2026-03-12 15:55:45.017 | DEBUG    | baldaquin.buf:open:100 - Opening output file /home/lab1-student/baldaquindata/plasduino/0309_000091/0309_000091_data.txt {'mode': 'at', 'encoding': 'utf-8'}...
2026-03-12 15:55:45.017 | DEBUG    | baldaquin.buf:_write:285 - 1500 bytes written to disk.
2026-03-12 15:55:45.017 | DEBUG    | baldaquin.buf:open:104 - Ouput file /home/lab1-student/baldaquindata/plasduino/0309_000091/0309_000091_data.txt closed.
2026-03-12 15:55:45.019 | DEBUG    | baldaquin.buf:open:100 - Opening output file /home/lab1-student/baldaquindata/plasduino/0309_000092/0309_000092_data.txt {'mode': 'at', 'encoding': 'utf-8'}...
2026-03-12 15:55:45.021 | DEBUG    | baldaquin.buf:_write:285 - 1500 bytes written to disk.
2026-03-12 15:55:45.021 | DEBUG    | baldaquin.buf:open:104 - Ouput file /home/lab1-student/baldaquindata/plasduino/0309_000092/0309_000092_data.txt closed.
2026-03-12 15:55:45.021 | DEBUG    | baldaquin.buf:open:100 - Opening output file /home/lab1-student/baldaquindata/plasduino/0309_000093/0309_000093_data.txt {'mode': 'at', 'encoding': 'utf-8'}...
2026-03-12 15:55:45.022 | DEBUG    | baldaquin.buf:_write:285 - 1500 bytes written to disk.
2026-03-12 15:55:45.022 | DEBUG    | baldaquin.buf:open:104 - Ouput file /home/lab1-student/baldaquindata/plasduino/0309_000093/0309_000093_data.txt closed.
2026-03-12 15:55:45.022 | DEBUG    | baldaquin.buf:open:100 - Opening output file /home/lab1-student/baldaquindata/plasduino/0309_000094/0309_000094_data.txt {'mode': 'at', 'encoding': 'utf-8'}...
2026-03-12 15:55:45.022 | DEBUG    | baldaquin.buf:_write:285 - 1500 bytes written to disk.
2026-03-12 15:55:45.023 | DEBUG    | baldaquin.buf:open:104 - Ouput file /home/lab1-student/baldaquindata/plasduino/0309_000094/0309_000094_data.txt closed.
2026-03-12 15:55:45.023 | DEBUG    | baldaquin.buf:open:100 - Opening output file /home/lab1-student/baldaquindata/plasduino/0309_000095/0309_000095_data.txt {'mode': 'at', 'encoding': 'utf-8'}...
2026-03-12 15:55:45.023 | DEBUG    | baldaquin.buf:_write:285 - 1500 bytes written to disk.
2026-03-12 15:55:45.049 | DEBUG    | baldaquin.buf:open:104 - Ouput file /home/lab1-student/baldaquindata/plasduino/0309_000095/0309_000095_data.txt closed.
2026-03-12 15:55:45.055 | DEBUG    | baldaquin.buf:open:100 - Opening output file /home/lab1-student/baldaquindata/plasduino/0309_000096/0309_000096_data.txt {'mode': 'at', 'encoding': 'utf-8'}...
2026-03-12 15:55:45.058 | DEBUG    | baldaquin.buf:_write:285 - 1500 bytes written to disk.
2026-03-12 15:55:45.058 | DEBUG    | baldaquin.buf:open:104 - Ouput file /home/lab1-student/baldaquindata/plasduino/0309_000096/0309_000096_data.txt closed.
2026-03-12 15:55:45.058 | DEBUG    | baldaquin.buf:open:100 - Opening output file /home/lab1-student/baldaquindata/plasduino/0309_000096/0309_000096_data.dat {'mode': 'ab'}...
2026-03-12 15:55:45.058 | DEBUG    | baldaquin.buf:_pop_and_write_raw:259 - 800 bytes written to disk.
2026-03-12 15:55:45.058 | DEBUG    | baldaquin.buf:open:104 - Ouput file /home/lab1-student/baldaquindata/plasduino/0309_000096/0309_000096_data.dat closed.
2026-03-12 15:55:45.058 | INFO     | baldaquin.buf:flush:318 - 17300 bytes (800 raw bytes) written to disk.
2026-03-12 15:55:45.059 | DEBUG    | baldaquin.profile:wrap:32 - Running time for flush(): 0.099255 s
2026-03-12 15:55:47.499 | INFO     | baldaquin.buf:flush:309 - 100 packets ready to be written out...
2026-03-12 15:55:47.500 | DEBUG    | baldaquin.buf:open:100 - Opening output file /home/lab1-student/baldaquindata/plasduino/0309_000086/0309_000086_data.txt {'mode': 'at', 'encoding': 'utf-8'}...
2026-03-12 15:55:47.501 | DEBUG    | baldaquin.buf:_write:285 - 1500 bytes written to disk.
2026-03-12 15:55:47.501 | DEBUG    | baldaquin.buf:open:104 - Ouput file /home/lab1-student/baldaquindata/plasduino/0309_000086/0309_000086_data.txt closed.
2026-03-12 15:55:47.501 | DEBUG    | baldaquin.buf:open:100 - Opening output file /home/lab1-student/baldaquindata/plasduino/0309_000087/0309_000087_data.txt {'mode': 'at', 'encoding': 'utf-8'}...
2026-03-12 15:55:47.501 | DEBUG    | baldaquin.buf:_write:285 - 1500 bytes written to disk.
2026-03-12 15:55:47.502 | DEBUG    | baldaquin.buf:open:104 - Ouput file /home/lab1-student/baldaquindata/plasduino/0309_000087/0309_000087_data.txt closed.
2026-03-12 15:55:47.502 | DEBUG    | baldaquin.buf:open:100 - Opening output file /home/lab1-student/baldaquindata/plasduino/0309_000088/0309_000088_data.txt {'mode': 'at', 'encoding': 'utf-8'}...
2026-03-12 15:55:47.502 | DEBUG    | baldaquin.buf:_write:285 - 1500 bytes written to disk.
2026-03-12 15:55:47.505 | DEBUG    | baldaquin.buf:open:104 - Ouput file /home/lab1-student/baldaquindata/plasduino/0309_000088/0309_000088_data.txt closed.
2026-03-12 15:55:47.507 | DEBUG    | baldaquin.buf:open:100 - Opening output file /home/lab1-student/baldaquindata/plasduino/0309_000089/0309_000089_data.txt {'mode': 'at', 'encoding': 'utf-8'}...
2026-03-12 15:55:47.508 | DEBUG    | baldaquin.buf:_write:285 - 1500 bytes written to disk.
2026-03-12 15:55:47.508 | DEBUG    | baldaquin.buf:open:104 - Ouput file /home/lab1-student/baldaquindata/plasduino/0309_000089/0309_000089_data.txt closed.
2026-03-12 15:55:47.508 | DEBUG    | baldaquin.buf:open:100 - Opening output file /home/lab1-student/baldaquindata/plasduino/0309_000090/0309_000090_data.txt {'mode': 'at', 'encoding': 'utf-8'}...
2026-03-12 15:55:47.510 | DEBUG    | baldaquin.buf:_write:285 - 1500 bytes written to disk.
2026-03-12 15:55:47.511 | DEBUG    | baldaquin.buf:open:104 - Ouput file /home/lab1-student/baldaquindata/plasduino/0309_000090/0309_000090_data.txt closed.
2026-03-12 15:55:47.511 | DEBUG    | baldaquin.buf:open:100 - Opening output file /home/lab1-student/baldaquindata/plasduino/0309_000091/0309_000091_data.txt {'mode': 'at', 'encoding': 'utf-8'}...
2026-03-12 15:55:47.511 | DEBUG    | baldaquin.buf:_write:285 - 1500 bytes written to disk.
2026-03-12 15:55:47.511 | DEBUG    | baldaquin.buf:open:104 - Ouput file /home/lab1-student/baldaquindata/plasduino/0309_000091/0309_000091_data.txt closed.
2026-03-12 15:55:47.512 | DEBUG    | baldaquin.buf:open:100 - Opening output file /home/lab1-student/baldaquindata/plasduino/0309_000092/0309_000092_data.txt {'mode': 'at', 'encoding': 'utf-8'}...
2026-03-12 15:55:47.512 | DEBUG    | baldaquin.buf:_write:285 - 1500 bytes written to disk.
2026-03-12 15:55:47.512 | DEBUG    | baldaquin.buf:open:104 - Ouput file /home/lab1-student/baldaquindata/plasduino/0309_000092/0309_000092_data.txt closed.
2026-03-12 15:55:47.513 | DEBUG    | baldaquin.buf:open:100 - Opening output file /home/lab1-student/baldaquindata/plasduino/0309_000093/0309_000093_data.txt {'mode': 'at', 'encoding': 'utf-8'}...
2026-03-12 15:55:47.513 | DEBUG    | baldaquin.buf:_write:285 - 1500 bytes written to disk.
2026-03-12 15:55:47.514 | DEBUG    | baldaquin.buf:open:104 - Ouput file /home/lab1-student/baldaquindata/plasduino/0309_000093/0309_000093_data.txt closed.
2026-03-12 15:55:47.514 | DEBUG    | baldaquin.buf:open:100 - Opening output file /home/lab1-student/baldaquindata/plasduino/0309_000094/0309_000094_data.txt {'mode': 'at', 'encoding': 'utf-8'}...
2026-03-12 15:55:47.514 | DEBUG    | baldaquin.buf:_write:285 - 1500 bytes written to disk.
2026-03-12 15:55:47.515 | DEBUG    | baldaquin.buf:open:104 - Ouput file /home/lab1-student/baldaquindata/plasduino/0309_000094/0309_000094_data.txt closed.
2026-03-12 15:55:47.515 | DEBUG    | baldaquin.buf:open:100 - Opening output file /home/lab1-student/baldaquindata/plasduino/0309_000095/0309_000095_data.txt {'mode': 'at', 'encoding': 'utf-8'}...
2026-03-12 15:55:47.515 | DEBUG    | baldaquin.buf:_write:285 - 1500 bytes written to disk.
2026-03-12 15:55:47.515 | DEBUG    | baldaquin.buf:open:104 - Ouput file /home/lab1-student/baldaquindata/plasduino/0309_000095/0309_000095_data.txt closed.
2026-03-12 15:55:47.515 | DEBUG    | baldaquin.buf:open:100 - Opening output file /home/lab1-student/baldaquindata/plasduino/0309_000096/0309_000096_data.txt {'mode': 'at', 'encoding': 'utf-8'}...
2026-03-12 15:55:47.516 | DEBUG    | baldaquin.buf:_write:285 - 1500 bytes written to disk.
2026-03-12 15:55:47.516 | DEBUG    | baldaquin.buf:open:104 - Ouput file /home/lab1-student/baldaquindata/plasduino/0309_000096/0309_000096_data.txt closed.
2026-03-12 15:55:47.516 | DEBUG    | baldaquin.buf:open:100 - Opening output file /home/lab1-student/baldaquindata/plasduino/0309_000096/0309_000096_data.dat {'mode': 'ab'}...
2026-03-12 15:55:47.516 | DEBUG    | baldaquin.buf:_pop_and_write_raw:259 - 800 bytes written to disk.
2026-03-12 15:55:47.516 | DEBUG    | baldaquin.buf:open:104 - Ouput file /home/lab1-student/baldaquindata/plasduino/0309_000096/0309_000096_data.dat closed.
2026-03-12 15:55:47.516 | INFO     | baldaquin.buf:flush:318 - 17300 bytes (800 raw bytes) written to disk.
2026-03-12 15:55:47.517 | DEBUG    | baldaquin.profile:wrap:32 - Running time for flush(): 0.017539 s
2026-03-12 15:55:50.043 | INFO     | baldaquin.buf:flush:309 - 100 packets ready to be written out...
2026-03-12 15:55:50.048 | DEBUG    | baldaquin.buf:open:100 - Opening output file /home/lab1-student/baldaquindata/plasduino/0309_000086/0309_000086_data.txt {'mode': 'at', 'encoding': 'utf-8'}...
2026-03-12 15:55:50.059 | DEBUG    | baldaquin.buf:_write:285 - 1500 bytes written to disk.
2026-03-12 15:55:50.064 | DEBUG    | baldaquin.buf:open:104 - Ouput file /home/lab1-student/baldaquindata/plasduino/0309_000086/0309_000086_data.txt closed.
2026-03-12 15:55:50.064 | DEBUG    | baldaquin.buf:open:100 - Opening output file /home/lab1-student/baldaquindata/plasduino/0309_000087/0309_000087_data.txt {'mode': 'at', 'encoding': 'utf-8'}...
2026-03-12 15:55:50.065 | DEBUG    | baldaquin.buf:_write:285 - 1500 bytes written to disk.
2026-03-12 15:55:50.086 | DEBUG    | baldaquin.buf:open:104 - Ouput file /home/lab1-student/baldaquindata/plasduino/0309_000087/0309_000087_data.txt closed.
2026-03-12 15:55:50.088 | DEBUG    | baldaquin.buf:open:100 - Opening output file /home/lab1-student/baldaquindata/plasduino/0309_000088/0309_000088_data.txt {'mode': 'at', 'encoding': 'utf-8'}...
2026-03-12 15:55:50.090 | DEBUG    | baldaquin.buf:_write:285 - 1500 bytes written to disk.
2026-03-12 15:55:50.092 | DEBUG    | baldaquin.buf:open:104 - Ouput file /home/lab1-student/baldaquindata/plasduino/0309_000088/0309_000088_data.txt closed.
2026-03-12 15:55:50.092 | DEBUG    | baldaquin.buf:open:100 - Opening output file /home/lab1-student/baldaquindata/plasduino/0309_000089/0309_000089_data.txt {'mode': 'at', 'encoding': 'utf-8'}...
2026-03-12 15:55:50.093 | DEBUG    | baldaquin.buf:_write:285 - 1500 bytes written to disk.
2026-03-12 15:55:50.100 | DEBUG    | baldaquin.buf:open:104 - Ouput file /home/lab1-student/baldaquindata/plasduino/0309_000089/0309_000089_data.txt closed.
2026-03-12 15:55:50.100 | DEBUG    | baldaquin.buf:open:100 - Opening output file /home/lab1-student/baldaquindata/plasduino/0309_000090/0309_000090_data.txt {'mode': 'at', 'encoding': 'utf-8'}...
2026-03-12 15:55:50.101 | DEBUG    | baldaquin.buf:_write:285 - 1500 bytes written to disk.
2026-03-12 15:55:50.103 | DEBUG    | baldaquin.buf:open:104 - Ouput file /home/lab1-student/baldaquindata/plasduino/0309_000090/0309_000090_data.txt closed.
2026-03-12 15:55:50.111 | DEBUG    | baldaquin.buf:open:100 - Opening output file /home/lab1-student/baldaquindata/plasduino/0309_000091/0309_000091_data.txt {'mode': 'at', 'encoding': 'utf-8'}...
2026-03-12 15:55:50.113 | DEBUG    | baldaquin.buf:_write:285 - 1500 bytes written to disk.
2026-03-12 15:55:50.113 | DEBUG    | baldaquin.buf:open:104 - Ouput file /home/lab1-student/baldaquindata/plasduino/0309_000091/0309_000091_data.txt closed.
2026-03-12 15:55:50.113 | DEBUG    | baldaquin.buf:open:100 - Opening output file /home/lab1-student/baldaquindata/plasduino/0309_000092/0309_000092_data.txt {'mode': 'at', 'encoding': 'utf-8'}...
2026-03-12 15:55:50.116 | DEBUG    | baldaquin.buf:_write:285 - 1500 bytes written to disk.
2026-03-12 15:55:50.118 | DEBUG    | baldaquin.buf:open:104 - Ouput file /home/lab1-student/baldaquindata/plasduino/0309_000092/0309_000092_data.txt closed.
2026-03-12 15:55:50.118 | DEBUG    | baldaquin.buf:open:100 - Opening output file /home/lab1-student/baldaquindata/plasduino/0309_000093/0309_000093_data.txt {'mode': 'at', 'encoding': 'utf-8'}...
2026-03-12 15:55:50.120 | DEBUG    | baldaquin.buf:_write:285 - 1500 bytes written to disk.
2026-03-12 15:55:50.147 | DEBUG    | baldaquin.buf:open:104 - Ouput file /home/lab1-student/baldaquindata/plasduino/0309_000093/0309_000093_data.txt closed.
2026-03-12 15:55:50.156 | DEBUG    | baldaquin.buf:open:100 - Opening output file /home/lab1-student/baldaquindata/plasduino/0309_000094/0309_000094_data.txt {'mode': 'at', 'encoding': 'utf-8'}...
2026-03-12 15:55:50.165 | DEBUG    | baldaquin.buf:_write:285 - 1500 bytes written to disk.
2026-03-12 15:55:50.165 | DEBUG    | baldaquin.buf:open:104 - Ouput file /home/lab1-student/baldaquindata/plasduino/0309_000094/0309_000094_data.txt closed.
2026-03-12 15:55:50.172 | DEBUG    | baldaquin.buf:open:100 - Opening output file /home/lab1-student/baldaquindata/plasduino/0309_000095/0309_000095_data.txt {'mode': 'at', 'encoding': 'utf-8'}...
2026-03-12 15:55:50.183 | DEBUG    | baldaquin.buf:_write:285 - 1500 bytes written to disk.
2026-03-12 15:55:50.186 | DEBUG    | baldaquin.buf:open:104 - Ouput file /home/lab1-student/baldaquindata/plasduino/0309_000095/0309_000095_data.txt closed.
2026-03-12 15:55:50.186 | DEBUG    | baldaquin.buf:open:100 - Opening output file /home/lab1-student/baldaquindata/plasduino/0309_000096/0309_000096_data.txt {'mode': 'at', 'encoding': 'utf-8'}...
2026-03-12 15:55:50.188 | DEBUG    | baldaquin.buf:_write:285 - 1500 bytes written to disk.
2026-03-12 15:55:50.188 | DEBUG    | baldaquin.buf:open:104 - Ouput file /home/lab1-student/baldaquindata/plasduino/0309_000096/0309_000096_data.txt closed.
2026-03-12 15:55:50.188 | DEBUG    | baldaquin.buf:open:100 - Opening output file /home/lab1-student/baldaquindata/plasduino/0309_000096/0309_000096_data.dat {'mode': 'ab'}...
2026-03-12 15:55:50.190 | DEBUG    | baldaquin.buf:_pop_and_write_raw:259 - 800 bytes written to disk.
2026-03-12 15:55:50.190 | DEBUG    | baldaquin.buf:open:104 - Ouput file /home/lab1-student/baldaquindata/plasduino/0309_000096/0309_000096_data.dat closed.
2026-03-12 15:55:50.190 | INFO     | baldaquin.buf:flush:318 - 17300 bytes (800 raw bytes) written to disk.
2026-03-12 15:55:50.190 | DEBUG    | baldaquin.profile:wrap:32 - Running time for flush(): 0.147498 s
2026-03-12 15:55:51.984 | INFO     | baldaquin.app:stop_run:90 - Stopping Pendulum View user application...
2026-03-12 15:55:51.988 | INFO     | baldaquin.buf:flush:309 - 77 packets ready to be written out...
2026-03-12 15:55:51.988 | DEBUG    | baldaquin.buf:open:100 - Opening output file /home/lab1-student/baldaquindata/plasduino/0309_000086/0309_000086_data.txt {'mode': 'at', 'encoding': 'utf-8'}...
2026-03-12 15:55:51.989 | DEBUG    | baldaquin.buf:_write:285 - 1155 bytes written to disk.
2026-03-12 15:55:51.989 | DEBUG    | baldaquin.buf:open:104 - Ouput file /home/lab1-student/baldaquindata/plasduino/0309_000086/0309_000086_data.txt closed.
2026-03-12 15:55:51.989 | DEBUG    | baldaquin.buf:open:100 - Opening output file /home/lab1-student/baldaquindata/plasduino/0309_000087/0309_000087_data.txt {'mode': 'at', 'encoding': 'utf-8'}...
2026-03-12 15:55:51.990 | DEBUG    | baldaquin.buf:_write:285 - 1155 bytes written to disk.
2026-03-12 15:55:51.990 | DEBUG    | baldaquin.buf:open:104 - Ouput file /home/lab1-student/baldaquindata/plasduino/0309_000087/0309_000087_data.txt closed.
2026-03-12 15:55:51.990 | DEBUG    | baldaquin.buf:open:100 - Opening output file /home/lab1-student/baldaquindata/plasduino/0309_000088/0309_000088_data.txt {'mode': 'at', 'encoding': 'utf-8'}...
2026-03-12 15:55:51.990 | DEBUG    | baldaquin.buf:_write:285 - 1155 bytes written to disk.
2026-03-12 15:55:51.990 | DEBUG    | baldaquin.buf:open:104 - Ouput file /home/lab1-student/baldaquindata/plasduino/0309_000088/0309_000088_data.txt closed.
2026-03-12 15:55:51.991 | DEBUG    | baldaquin.buf:open:100 - Opening output file /home/lab1-student/baldaquindata/plasduino/0309_000089/0309_000089_data.txt {'mode': 'at', 'encoding': 'utf-8'}...
2026-03-12 15:55:51.991 | DEBUG    | baldaquin.buf:_write:285 - 1155 bytes written to disk.
2026-03-12 15:55:51.991 | DEBUG    | baldaquin.buf:open:104 - Ouput file /home/lab1-student/baldaquindata/plasduino/0309_000089/0309_000089_data.txt closed.
2026-03-12 15:55:51.991 | DEBUG    | baldaquin.buf:open:100 - Opening output file /home/lab1-student/baldaquindata/plasduino/0309_000090/0309_000090_data.txt {'mode': 'at', 'encoding': 'utf-8'}...
2026-03-12 15:55:51.992 | DEBUG    | baldaquin.buf:_write:285 - 1155 bytes written to disk.
2026-03-12 15:55:51.992 | DEBUG    | baldaquin.buf:open:104 - Ouput file /home/lab1-student/baldaquindata/plasduino/0309_000090/0309_000090_data.txt closed.
2026-03-12 15:55:51.992 | DEBUG    | baldaquin.buf:open:100 - Opening output file /home/lab1-student/baldaquindata/plasduino/0309_000091/0309_000091_data.txt {'mode': 'at', 'encoding': 'utf-8'}...
2026-03-12 15:55:51.993 | DEBUG    | baldaquin.buf:_write:285 - 1155 bytes written to disk.
2026-03-12 15:55:51.993 | DEBUG    | baldaquin.buf:open:104 - Ouput file /home/lab1-student/baldaquindata/plasduino/0309_000091/0309_000091_data.txt closed.
2026-03-12 15:55:51.993 | DEBUG    | baldaquin.buf:open:100 - Opening output file /home/lab1-student/baldaquindata/plasduino/0309_000092/0309_000092_data.txt {'mode': 'at', 'encoding': 'utf-8'}...
2026-03-12 15:55:51.994 | DEBUG    | baldaquin.buf:_write:285 - 1155 bytes written to disk.
2026-03-12 15:55:51.994 | DEBUG    | baldaquin.buf:open:104 - Ouput file /home/lab1-student/baldaquindata/plasduino/0309_000092/0309_000092_data.txt closed.
2026-03-12 15:55:51.994 | DEBUG    | baldaquin.buf:open:100 - Opening output file /home/lab1-student/baldaquindata/plasduino/0309_000093/0309_000093_data.txt {'mode': 'at', 'encoding': 'utf-8'}...
2026-03-12 15:55:51.995 | DEBUG    | baldaquin.buf:_write:285 - 1155 bytes written to disk.
2026-03-12 15:55:51.995 | DEBUG    | baldaquin.buf:open:104 - Ouput file /home/lab1-student/baldaquindata/plasduino/0309_000093/0309_000093_data.txt closed.
2026-03-12 15:55:51.995 | DEBUG    | baldaquin.buf:open:100 - Opening output file /home/lab1-student/baldaquindata/plasduino/0309_000094/0309_000094_data.txt {'mode': 'at', 'encoding': 'utf-8'}...
2026-03-12 15:55:51.995 | DEBUG    | baldaquin.buf:_write:285 - 1155 bytes written to disk.
2026-03-12 15:55:51.995 | DEBUG    | baldaquin.buf:open:104 - Ouput file /home/lab1-student/baldaquindata/plasduino/0309_000094/0309_000094_data.txt closed.
2026-03-12 15:55:51.995 | DEBUG    | baldaquin.buf:open:100 - Opening output file /home/lab1-student/baldaquindata/plasduino/0309_000095/0309_000095_data.txt {'mode': 'at', 'encoding': 'utf-8'}...
2026-03-12 15:55:51.996 | DEBUG    | baldaquin.buf:_write:285 - 1155 bytes written to disk.
2026-03-12 15:55:51.996 | DEBUG    | baldaquin.buf:open:104 - Ouput file /home/lab1-student/baldaquindata/plasduino/0309_000095/0309_000095_data.txt closed.
2026-03-12 15:55:51.996 | DEBUG    | baldaquin.buf:open:100 - Opening output file /home/lab1-student/baldaquindata/plasduino/0309_000096/0309_000096_data.txt {'mode': 'at', 'encoding': 'utf-8'}...
2026-03-12 15:55:51.997 | DEBUG    | baldaquin.buf:_write:285 - 1155 bytes written to disk.
2026-03-12 15:55:51.997 | DEBUG    | baldaquin.buf:open:104 - Ouput file /home/lab1-student/baldaquindata/plasduino/0309_000096/0309_000096_data.txt closed.
2026-03-12 15:55:51.997 | DEBUG    | baldaquin.buf:open:100 - Opening output file /home/lab1-student/baldaquindata/plasduino/0309_000096/0309_000096_data.dat {'mode': 'ab'}...
2026-03-12 15:55:51.997 | DEBUG    | baldaquin.buf:_pop_and_write_raw:259 - 616 bytes written to disk.
2026-03-12 15:55:51.997 | DEBUG    | baldaquin.buf:open:104 - Ouput file /home/lab1-student/baldaquindata/plasduino/0309_000096/0309_000096_data.dat closed.
2026-03-12 15:55:51.997 | INFO     | baldaquin.buf:flush:318 - 13321 bytes (616 raw bytes) written to disk.
2026-03-12 15:55:51.997 | DEBUG    | baldaquin.profile:wrap:32 - Running time for flush(): 0.009459 s
2026-03-12 15:55:51.997 | DEBUG    | baldaquin.plasduino.common:write_opcode:132 - Writing 2 to the serial port...
2026-03-12 15:55:51.998 | INFO     | baldaquin.plasduino.common:wait_pending_packets:321 - Waiting 250 ms for pending packet(s)...
2026-03-12 15:55:52.248 | INFO     | baldaquin.plasduino.common:wait_pending_packets:332 - Reading the last 2 packet(s) from the serial port...
2026-03-12 15:55:52.248 | INFO     | baldaquin.buf:flush:309 - 2 packets ready to be written out...
2026-03-12 15:55:52.248 | DEBUG    | baldaquin.buf:open:100 - Opening output file /home/lab1-student/baldaquindata/plasduino/0309_000086/0309_000086_data.txt {'mode': 'at', 'encoding': 'utf-8'}...
2026-03-12 15:55:52.249 | DEBUG    | baldaquin.buf:_write:285 - 30 bytes written to disk.
2026-03-12 15:55:52.249 | DEBUG    | baldaquin.buf:open:104 - Ouput file /home/lab1-student/baldaquindata/plasduino/0309_000086/0309_000086_data.txt closed.
2026-03-12 15:55:52.249 | DEBUG    | baldaquin.buf:open:100 - Opening output file /home/lab1-student/baldaquindata/plasduino/0309_000087/0309_000087_data.txt {'mode': 'at', 'encoding': 'utf-8'}...
2026-03-12 15:55:52.249 | DEBUG    | baldaquin.buf:_write:285 - 30 bytes written to disk.
2026-03-12 15:55:52.249 | DEBUG    | baldaquin.buf:open:104 - Ouput file /home/lab1-student/baldaquindata/plasduino/0309_000087/0309_000087_data.txt closed.
2026-03-12 15:55:52.249 | DEBUG    | baldaquin.buf:open:100 - Opening output file /home/lab1-student/baldaquindata/plasduino/0309_000088/0309_000088_data.txt {'mode': 'at', 'encoding': 'utf-8'}...
2026-03-12 15:55:52.249 | DEBUG    | baldaquin.buf:_write:285 - 30 bytes written to disk.
2026-03-12 15:55:52.249 | DEBUG    | baldaquin.buf:open:104 - Ouput file /home/lab1-student/baldaquindata/plasduino/0309_000088/0309_000088_data.txt closed.
2026-03-12 15:55:52.249 | DEBUG    | baldaquin.buf:open:100 - Opening output file /home/lab1-student/baldaquindata/plasduino/0309_000089/0309_000089_data.txt {'mode': 'at', 'encoding': 'utf-8'}...
2026-03-12 15:55:52.250 | DEBUG    | baldaquin.buf:_write:285 - 30 bytes written to disk.
2026-03-12 15:55:52.250 | DEBUG    | baldaquin.buf:open:104 - Ouput file /home/lab1-student/baldaquindata/plasduino/0309_000089/0309_000089_data.txt closed.
2026-03-12 15:55:52.250 | DEBUG    | baldaquin.buf:open:100 - Opening output file /home/lab1-student/baldaquindata/plasduino/0309_000090/0309_000090_data.txt {'mode': 'at', 'encoding': 'utf-8'}...
2026-03-12 15:55:52.250 | DEBUG    | baldaquin.buf:_write:285 - 30 bytes written to disk.
2026-03-12 15:55:52.250 | DEBUG    | baldaquin.buf:open:104 - Ouput file /home/lab1-student/baldaquindata/plasduino/0309_000090/0309_000090_data.txt closed.
2026-03-12 15:55:52.250 | DEBUG    | baldaquin.buf:open:100 - Opening output file /home/lab1-student/baldaquindata/plasduino/0309_000091/0309_000091_data.txt {'mode': 'at', 'encoding': 'utf-8'}...
2026-03-12 15:55:52.250 | DEBUG    | baldaquin.buf:_write:285 - 30 bytes written to disk.
2026-03-12 15:55:52.250 | DEBUG    | baldaquin.buf:open:104 - Ouput file /home/lab1-student/baldaquindata/plasduino/0309_000091/0309_000091_data.txt closed.
2026-03-12 15:55:52.250 | DEBUG    | baldaquin.buf:open:100 - Opening output file /home/lab1-student/baldaquindata/plasduino/0309_000092/0309_000092_data.txt {'mode': 'at', 'encoding': 'utf-8'}...
2026-03-12 15:55:52.250 | DEBUG    | baldaquin.buf:_write:285 - 30 bytes written to disk.
2026-03-12 15:55:52.250 | DEBUG    | baldaquin.buf:open:104 - Ouput file /home/lab1-student/baldaquindata/plasduino/0309_000092/0309_000092_data.txt closed.
2026-03-12 15:55:52.251 | DEBUG    | baldaquin.buf:open:100 - Opening output file /home/lab1-student/baldaquindata/plasduino/0309_000093/0309_000093_data.txt {'mode': 'at', 'encoding': 'utf-8'}...
2026-03-12 15:55:52.251 | DEBUG    | baldaquin.buf:_write:285 - 30 bytes written to disk.
2026-03-12 15:55:52.251 | DEBUG    | baldaquin.buf:open:104 - Ouput file /home/lab1-student/baldaquindata/plasduino/0309_000093/0309_000093_data.txt closed.
2026-03-12 15:55:52.251 | DEBUG    | baldaquin.buf:open:100 - Opening output file /home/lab1-student/baldaquindata/plasduino/0309_000094/0309_000094_data.txt {'mode': 'at', 'encoding': 'utf-8'}...
2026-03-12 15:55:52.251 | DEBUG    | baldaquin.buf:_write:285 - 30 bytes written to disk.
2026-03-12 15:55:52.251 | DEBUG    | baldaquin.buf:open:104 - Ouput file /home/lab1-student/baldaquindata/plasduino/0309_000094/0309_000094_data.txt closed.
2026-03-12 15:55:52.251 | DEBUG    | baldaquin.buf:open:100 - Opening output file /home/lab1-student/baldaquindata/plasduino/0309_000095/0309_000095_data.txt {'mode': 'at', 'encoding': 'utf-8'}...
2026-03-12 15:55:52.251 | DEBUG    | baldaquin.buf:_write:285 - 30 bytes written to disk.
2026-03-12 15:55:52.251 | DEBUG    | baldaquin.buf:open:104 - Ouput file /home/lab1-student/baldaquindata/plasduino/0309_000095/0309_000095_data.txt closed.
2026-03-12 15:55:52.251 | DEBUG    | baldaquin.buf:open:100 - Opening output file /home/lab1-student/baldaquindata/plasduino/0309_000096/0309_000096_data.txt {'mode': 'at', 'encoding': 'utf-8'}...
2026-03-12 15:55:52.252 | DEBUG    | baldaquin.buf:_write:285 - 30 bytes written to disk.
2026-03-12 15:55:52.252 | DEBUG    | baldaquin.buf:open:104 - Ouput file /home/lab1-student/baldaquindata/plasduino/0309_000096/0309_000096_data.txt closed.
2026-03-12 15:55:52.252 | DEBUG    | baldaquin.buf:open:100 - Opening output file /home/lab1-student/baldaquindata/plasduino/0309_000096/0309_000096_data.dat {'mode': 'ab'}...
2026-03-12 15:55:52.252 | DEBUG    | baldaquin.buf:_pop_and_write_raw:259 - 16 bytes written to disk.
2026-03-12 15:55:52.252 | DEBUG    | baldaquin.buf:open:104 - Ouput file /home/lab1-student/baldaquindata/plasduino/0309_000096/0309_000096_data.dat closed.
2026-03-12 15:55:52.252 | INFO     | baldaquin.buf:flush:318 - 346 bytes (16 raw bytes) written to disk.
2026-03-12 15:55:52.252 | DEBUG    | baldaquin.profile:wrap:32 - Running time for flush(): 0.003777 s
2026-03-12 15:55:52.252 | INFO     | baldaquin.plasduino.common:read_run_end_marker:90 - Waiting for the run end marker...
2026-03-12 15:55:52.252 | INFO     | baldaquin.plasduino.common:read_run_end_marker:95 - Run end marker correctly read.
2026-03-12 15:55:52.252 | DEBUG    | __main__:post_stop:90 - Clearing strip charts...
2026-03-12 15:55:52.252 | DEBUG    | __main__:post_stop:99 - Re-reading all run data from disk...
2026-03-12 15:55:52.253 | DEBUG    | baldaquin.pkt:open:393 - Opening input packet file /home/lab1-student/baldaquindata/plasduino/0309_000096/0309_000096_data.dat...
2026-03-12 15:55:52.265 | DEBUG    | baldaquin.pkt:open:398 - Input file /home/lab1-student/baldaquindata/plasduino/0309_000096/0309_000096_data.dat closed.
2026-03-12 15:55:52.265 | DEBUG    | baldaquin.plasduino.common:activate_cursors:446 - Activating vertical cursor on strip charts...
2026-03-12 15:55:52.356 | INFO     | baldaquin.runctrl:stop_run:658 - Run Control stopped on 2026-03-12 15:55:52.356736+01:00 (1773327352.356736 s)
2026-03-12 15:55:52.357 | INFO     | baldaquin.runctrl:stop_run:659 - Total elapsed time: 50.544613 s.
