2026-03-12 15:49:15.134 | INFO     | baldaquin.runctrl:start_run:634 - Configuring packet buffering...
2026-03-12 15:49:15.135 | INFO     | baldaquin.buf:configure:144 - Configuring CircularBuffer with flush_size=100, flush_timeout=10.0 s...
2026-03-12 15:49:15.135 | INFO     | baldaquin.config:save:334 - Writing configuration dictionary to /home/lab1-student/baldaquindata/plasduino/0309_000095/0309_000095_config.json...
2026-03-12 15:49:15.135 | INFO     | baldaquin.runctrl:start_run:643 - Run Control started on 2026-03-12 15:49:15.135488+01:00 (1773326955.135488 s)
2026-03-12 15:49:15.135 | DEBUG    | baldaquin.buf:open:100 - Opening output file /home/lab1-student/baldaquindata/plasduino/0309_000095/0309_000095_data.dat {'mode': 'ab'}...
2026-03-12 15:49:15.135 | DEBUG    | baldaquin.buf:open:104 - Ouput file /home/lab1-student/baldaquindata/plasduino/0309_000095/0309_000095_data.dat closed.
2026-03-12 15:49:15.135 | INFO     | baldaquin.buf:set_primary_sink:216 - Connecting buffer to primary Sink -> /home/lab1-student/baldaquindata/plasduino/0309_000095/0309_000095_data.dat (WriteMode.BINARY)...
2026-03-12 15:49:15.136 | DEBUG    | baldaquin.buf:open:100 - Opening output file /home/lab1-student/baldaquindata/plasduino/0309_000095/0309_000095_data.txt {'mode': 'at', 'encoding': 'utf-8'}...
2026-03-12 15:49:15.136 | DEBUG    | baldaquin.buf:__init__:89 - Writing file header...
2026-03-12 15:49:15.136 | DEBUG    | baldaquin.buf:open:104 - Ouput file /home/lab1-student/baldaquindata/plasduino/0309_000095/0309_000095_data.txt closed.
2026-03-12 15:49:15.136 | INFO     | baldaquin.buf:add_custom_sink:228 - Connecting buffer to custom Sink -> /home/lab1-student/baldaquindata/plasduino/0309_000095/0309_000095_data.txt (WriteMode.TEXT, PlasduinoPacketBase.to_text)...
2026-03-12 15:49:15.136 | DEBUG    | baldaquin.plasduino.common:write_opcode:132 - Writing 1 to the serial port...
2026-03-12 15:49:15.137 | INFO     | baldaquin.app:start_run:83 - Starting Pendulum View user application...
2026-03-12 15:49:15.165 | INFO     | baldaquin.buf:flush:309 - 1 packets ready to be written out...
2026-03-12 15:49:15.166 | DEBUG    | baldaquin.buf:open:100 - Opening output file /home/lab1-student/baldaquindata/plasduino/0309_000086/0309_000086_data.txt {'mode': 'at', 'encoding': 'utf-8'}...
2026-03-12 15:49:15.166 | DEBUG    | baldaquin.buf:_write:285 - 14 bytes written to disk.
2026-03-12 15:49:15.166 | DEBUG    | baldaquin.buf:open:104 - Ouput file /home/lab1-student/baldaquindata/plasduino/0309_000086/0309_000086_data.txt closed.
2026-03-12 15:49:15.166 | DEBUG    | baldaquin.buf:open:100 - Opening output file /home/lab1-student/baldaquindata/plasduino/0309_000087/0309_000087_data.txt {'mode': 'at', 'encoding': 'utf-8'}...
2026-03-12 15:49:15.166 | DEBUG    | baldaquin.buf:_write:285 - 14 bytes written to disk.
2026-03-12 15:49:15.167 | DEBUG    | baldaquin.buf:open:104 - Ouput file /home/lab1-student/baldaquindata/plasduino/0309_000087/0309_000087_data.txt closed.
2026-03-12 15:49:15.167 | DEBUG    | baldaquin.buf:open:100 - Opening output file /home/lab1-student/baldaquindata/plasduino/0309_000088/0309_000088_data.txt {'mode': 'at', 'encoding': 'utf-8'}...
2026-03-12 15:49:15.167 | DEBUG    | baldaquin.buf:_write:285 - 14 bytes written to disk.
2026-03-12 15:49:15.167 | DEBUG    | baldaquin.buf:open:104 - Ouput file /home/lab1-student/baldaquindata/plasduino/0309_000088/0309_000088_data.txt closed.
2026-03-12 15:49:15.167 | DEBUG    | baldaquin.buf:open:100 - Opening output file /home/lab1-student/baldaquindata/plasduino/0309_000089/0309_000089_data.txt {'mode': 'at', 'encoding': 'utf-8'}...
2026-03-12 15:49:15.167 | DEBUG    | baldaquin.buf:_write:285 - 14 bytes written to disk.
2026-03-12 15:49:15.167 | DEBUG    | baldaquin.buf:open:104 - Ouput file /home/lab1-student/baldaquindata/plasduino/0309_000089/0309_000089_data.txt closed.
2026-03-12 15:49:15.167 | DEBUG    | baldaquin.buf:open:100 - Opening output file /home/lab1-student/baldaquindata/plasduino/0309_000090/0309_000090_data.txt {'mode': 'at', 'encoding': 'utf-8'}...
2026-03-12 15:49:15.167 | DEBUG    | baldaquin.buf:_write:285 - 14 bytes written to disk.
2026-03-12 15:49:15.168 | DEBUG    | baldaquin.buf:open:104 - Ouput file /home/lab1-student/baldaquindata/plasduino/0309_000090/0309_000090_data.txt closed.
2026-03-12 15:49:15.168 | DEBUG    | baldaquin.buf:open:100 - Opening output file /home/lab1-student/baldaquindata/plasduino/0309_000091/0309_000091_data.txt {'mode': 'at', 'encoding': 'utf-8'}...
2026-03-12 15:49:15.168 | DEBUG    | baldaquin.buf:_write:285 - 14 bytes written to disk.
2026-03-12 15:49:15.168 | DEBUG    | baldaquin.buf:open:104 - Ouput file /home/lab1-student/baldaquindata/plasduino/0309_000091/0309_000091_data.txt closed.
2026-03-12 15:49:15.168 | DEBUG    | baldaquin.buf:open:100 - Opening output file /home/lab1-student/baldaquindata/plasduino/0309_000092/0309_000092_data.txt {'mode': 'at', 'encoding': 'utf-8'}...
2026-03-12 15:49:15.168 | DEBUG    | baldaquin.buf:_write:285 - 14 bytes written to disk.
2026-03-12 15:49:15.168 | DEBUG    | baldaquin.buf:open:104 - Ouput file /home/lab1-student/baldaquindata/plasduino/0309_000092/0309_000092_data.txt closed.
2026-03-12 15:49:15.169 | DEBUG    | baldaquin.buf:open:100 - Opening output file /home/lab1-student/baldaquindata/plasduino/0309_000093/0309_000093_data.txt {'mode': 'at', 'encoding': 'utf-8'}...
2026-03-12 15:49:15.169 | DEBUG    | baldaquin.buf:_write:285 - 14 bytes written to disk.
2026-03-12 15:49:15.169 | DEBUG    | baldaquin.buf:open:104 - Ouput file /home/lab1-student/baldaquindata/plasduino/0309_000093/0309_000093_data.txt closed.
2026-03-12 15:49:15.169 | DEBUG    | baldaquin.buf:open:100 - Opening output file /home/lab1-student/baldaquindata/plasduino/0309_000094/0309_000094_data.txt {'mode': 'at', 'encoding': 'utf-8'}...
2026-03-12 15:49:15.169 | DEBUG    | baldaquin.buf:_write:285 - 14 bytes written to disk.
2026-03-12 15:49:15.169 | DEBUG    | baldaquin.buf:open:104 - Ouput file /home/lab1-student/baldaquindata/plasduino/0309_000094/0309_000094_data.txt closed.
2026-03-12 15:49:15.169 | DEBUG    | baldaquin.buf:open:100 - Opening output file /home/lab1-student/baldaquindata/plasduino/0309_000095/0309_000095_data.txt {'mode': 'at', 'encoding': 'utf-8'}...
2026-03-12 15:49:15.169 | DEBUG    | baldaquin.buf:_write:285 - 14 bytes written to disk.
2026-03-12 15:49:15.169 | DEBUG    | baldaquin.buf:open:104 - Ouput file /home/lab1-student/baldaquindata/plasduino/0309_000095/0309_000095_data.txt closed.
2026-03-12 15:49:15.169 | DEBUG    | baldaquin.buf:open:100 - Opening output file /home/lab1-student/baldaquindata/plasduino/0309_000095/0309_000095_data.dat {'mode': 'ab'}...
2026-03-12 15:49:15.170 | DEBUG    | baldaquin.buf:_pop_and_write_raw:259 - 8 bytes written to disk.
2026-03-12 15:49:15.170 | DEBUG    | baldaquin.buf:open:104 - Ouput file /home/lab1-student/baldaquindata/plasduino/0309_000095/0309_000095_data.dat closed.
2026-03-12 15:49:15.170 | INFO     | baldaquin.buf:flush:318 - 148 bytes (8 raw bytes) written to disk.
2026-03-12 15:49:15.170 | DEBUG    | baldaquin.profile:wrap:32 - Running time for flush(): 0.004677 s
2026-03-12 15:49:17.702 | INFO     | baldaquin.buf:flush:309 - 100 packets ready to be written out...
2026-03-12 15:49:17.703 | DEBUG    | baldaquin.buf:open:100 - Opening output file /home/lab1-student/baldaquindata/plasduino/0309_000086/0309_000086_data.txt {'mode': 'at', 'encoding': 'utf-8'}...
2026-03-12 15:49:17.703 | DEBUG    | baldaquin.buf:_write:285 - 1400 bytes written to disk.
2026-03-12 15:49:17.703 | DEBUG    | baldaquin.buf:open:104 - Ouput file /home/lab1-student/baldaquindata/plasduino/0309_000086/0309_000086_data.txt closed.
2026-03-12 15:49:17.704 | DEBUG    | baldaquin.buf:open:100 - Opening output file /home/lab1-student/baldaquindata/plasduino/0309_000087/0309_000087_data.txt {'mode': 'at', 'encoding': 'utf-8'}...
2026-03-12 15:49:17.704 | DEBUG    | baldaquin.buf:_write:285 - 1400 bytes written to disk.
2026-03-12 15:49:17.704 | DEBUG    | baldaquin.buf:open:104 - Ouput file /home/lab1-student/baldaquindata/plasduino/0309_000087/0309_000087_data.txt closed.
2026-03-12 15:49:17.704 | DEBUG    | baldaquin.buf:open:100 - Opening output file /home/lab1-student/baldaquindata/plasduino/0309_000088/0309_000088_data.txt {'mode': 'at', 'encoding': 'utf-8'}...
2026-03-12 15:49:17.705 | DEBUG    | baldaquin.buf:_write:285 - 1400 bytes written to disk.
2026-03-12 15:49:17.705 | DEBUG    | baldaquin.buf:open:104 - Ouput file /home/lab1-student/baldaquindata/plasduino/0309_000088/0309_000088_data.txt closed.
2026-03-12 15:49:17.705 | DEBUG    | baldaquin.buf:open:100 - Opening output file /home/lab1-student/baldaquindata/plasduino/0309_000089/0309_000089_data.txt {'mode': 'at', 'encoding': 'utf-8'}...
2026-03-12 15:49:17.705 | DEBUG    | baldaquin.buf:_write:285 - 1400 bytes written to disk.
2026-03-12 15:49:17.706 | DEBUG    | baldaquin.buf:open:104 - Ouput file /home/lab1-student/baldaquindata/plasduino/0309_000089/0309_000089_data.txt closed.
2026-03-12 15:49:17.706 | DEBUG    | baldaquin.buf:open:100 - Opening output file /home/lab1-student/baldaquindata/plasduino/0309_000090/0309_000090_data.txt {'mode': 'at', 'encoding': 'utf-8'}...
2026-03-12 15:49:17.706 | DEBUG    | baldaquin.buf:_write:285 - 1400 bytes written to disk.
2026-03-12 15:49:17.706 | DEBUG    | baldaquin.buf:open:104 - Ouput file /home/lab1-student/baldaquindata/plasduino/0309_000090/0309_000090_data.txt closed.
2026-03-12 15:49:17.706 | DEBUG    | baldaquin.buf:open:100 - Opening output file /home/lab1-student/baldaquindata/plasduino/0309_000091/0309_000091_data.txt {'mode': 'at', 'encoding': 'utf-8'}...
2026-03-12 15:49:17.707 | DEBUG    | baldaquin.buf:_write:285 - 1400 bytes written to disk.
2026-03-12 15:49:17.707 | DEBUG    | baldaquin.buf:open:104 - Ouput file /home/lab1-student/baldaquindata/plasduino/0309_000091/0309_000091_data.txt closed.
2026-03-12 15:49:17.707 | DEBUG    | baldaquin.buf:open:100 - Opening output file /home/lab1-student/baldaquindata/plasduino/0309_000092/0309_000092_data.txt {'mode': 'at', 'encoding': 'utf-8'}...
2026-03-12 15:49:17.707 | DEBUG    | baldaquin.buf:_write:285 - 1400 bytes written to disk.
2026-03-12 15:49:17.707 | DEBUG    | baldaquin.buf:open:104 - Ouput file /home/lab1-student/baldaquindata/plasduino/0309_000092/0309_000092_data.txt closed.
2026-03-12 15:49:17.708 | DEBUG    | baldaquin.buf:open:100 - Opening output file /home/lab1-student/baldaquindata/plasduino/0309_000093/0309_000093_data.txt {'mode': 'at', 'encoding': 'utf-8'}...
2026-03-12 15:49:17.708 | DEBUG    | baldaquin.buf:_write:285 - 1400 bytes written to disk.
2026-03-12 15:49:17.708 | DEBUG    | baldaquin.buf:open:104 - Ouput file /home/lab1-student/baldaquindata/plasduino/0309_000093/0309_000093_data.txt closed.
2026-03-12 15:49:17.708 | DEBUG    | baldaquin.buf:open:100 - Opening output file /home/lab1-student/baldaquindata/plasduino/0309_000094/0309_000094_data.txt {'mode': 'at', 'encoding': 'utf-8'}...
2026-03-12 15:49:17.709 | DEBUG    | baldaquin.buf:_write:285 - 1400 bytes written to disk.
2026-03-12 15:49:17.709 | DEBUG    | baldaquin.buf:open:104 - Ouput file /home/lab1-student/baldaquindata/plasduino/0309_000094/0309_000094_data.txt closed.
2026-03-12 15:49:17.709 | DEBUG    | baldaquin.buf:open:100 - Opening output file /home/lab1-student/baldaquindata/plasduino/0309_000095/0309_000095_data.txt {'mode': 'at', 'encoding': 'utf-8'}...
2026-03-12 15:49:17.710 | DEBUG    | baldaquin.buf:_write:285 - 1400 bytes written to disk.
2026-03-12 15:49:17.710 | DEBUG    | baldaquin.buf:open:104 - Ouput file /home/lab1-student/baldaquindata/plasduino/0309_000095/0309_000095_data.txt closed.
2026-03-12 15:49:17.710 | DEBUG    | baldaquin.buf:open:100 - Opening output file /home/lab1-student/baldaquindata/plasduino/0309_000095/0309_000095_data.dat {'mode': 'ab'}...
2026-03-12 15:49:17.710 | DEBUG    | baldaquin.buf:_pop_and_write_raw:259 - 800 bytes written to disk.
2026-03-12 15:49:17.710 | DEBUG    | baldaquin.buf:open:104 - Ouput file /home/lab1-student/baldaquindata/plasduino/0309_000095/0309_000095_data.dat closed.
2026-03-12 15:49:17.710 | INFO     | baldaquin.buf:flush:318 - 14800 bytes (800 raw bytes) written to disk.
2026-03-12 15:49:17.710 | DEBUG    | baldaquin.profile:wrap:32 - Running time for flush(): 0.008687 s
2026-03-12 15:49:20.243 | INFO     | baldaquin.buf:flush:309 - 100 packets ready to be written out...
2026-03-12 15:49:20.248 | DEBUG    | baldaquin.buf:open:100 - Opening output file /home/lab1-student/baldaquindata/plasduino/0309_000086/0309_000086_data.txt {'mode': 'at', 'encoding': 'utf-8'}...
2026-03-12 15:49:20.249 | DEBUG    | baldaquin.buf:_write:285 - 1400 bytes written to disk.
2026-03-12 15:49:20.255 | DEBUG    | baldaquin.buf:open:104 - Ouput file /home/lab1-student/baldaquindata/plasduino/0309_000086/0309_000086_data.txt closed.
2026-03-12 15:49:20.256 | DEBUG    | baldaquin.buf:open:100 - Opening output file /home/lab1-student/baldaquindata/plasduino/0309_000087/0309_000087_data.txt {'mode': 'at', 'encoding': 'utf-8'}...
2026-03-12 15:49:20.278 | DEBUG    | baldaquin.buf:_write:285 - 1400 bytes written to disk.
2026-03-12 15:49:20.285 | DEBUG    | baldaquin.buf:open:104 - Ouput file /home/lab1-student/baldaquindata/plasduino/0309_000087/0309_000087_data.txt closed.
2026-03-12 15:49:20.289 | DEBUG    | baldaquin.buf:open:100 - Opening output file /home/lab1-student/baldaquindata/plasduino/0309_000088/0309_000088_data.txt {'mode': 'at', 'encoding': 'utf-8'}...
2026-03-12 15:49:20.291 | DEBUG    | baldaquin.buf:_write:285 - 1400 bytes written to disk.
2026-03-12 15:49:20.293 | DEBUG    | baldaquin.buf:open:104 - Ouput file /home/lab1-student/baldaquindata/plasduino/0309_000088/0309_000088_data.txt closed.
2026-03-12 15:49:20.293 | DEBUG    | baldaquin.buf:open:100 - Opening output file /home/lab1-student/baldaquindata/plasduino/0309_000089/0309_000089_data.txt {'mode': 'at', 'encoding': 'utf-8'}...
2026-03-12 15:49:20.298 | DEBUG    | baldaquin.buf:_write:285 - 1400 bytes written to disk.
2026-03-12 15:49:20.307 | DEBUG    | baldaquin.buf:open:104 - Ouput file /home/lab1-student/baldaquindata/plasduino/0309_000089/0309_000089_data.txt closed.
2026-03-12 15:49:20.307 | DEBUG    | baldaquin.buf:open:100 - Opening output file /home/lab1-student/baldaquindata/plasduino/0309_000090/0309_000090_data.txt {'mode': 'at', 'encoding': 'utf-8'}...
2026-03-12 15:49:20.308 | DEBUG    | baldaquin.buf:_write:285 - 1400 bytes written to disk.
2026-03-12 15:49:20.308 | DEBUG    | baldaquin.buf:open:104 - Ouput file /home/lab1-student/baldaquindata/plasduino/0309_000090/0309_000090_data.txt closed.
2026-03-12 15:49:20.309 | DEBUG    | baldaquin.buf:open:100 - Opening output file /home/lab1-student/baldaquindata/plasduino/0309_000091/0309_000091_data.txt {'mode': 'at', 'encoding': 'utf-8'}...
2026-03-12 15:49:20.310 | DEBUG    | baldaquin.buf:_write:285 - 1400 bytes written to disk.
2026-03-12 15:49:20.311 | DEBUG    | baldaquin.buf:open:104 - Ouput file /home/lab1-student/baldaquindata/plasduino/0309_000091/0309_000091_data.txt closed.
2026-03-12 15:49:20.311 | DEBUG    | baldaquin.buf:open:100 - Opening output file /home/lab1-student/baldaquindata/plasduino/0309_000092/0309_000092_data.txt {'mode': 'at', 'encoding': 'utf-8'}...
2026-03-12 15:49:20.311 | DEBUG    | baldaquin.buf:_write:285 - 1400 bytes written to disk.
2026-03-12 15:49:20.316 | DEBUG    | baldaquin.buf:open:104 - Ouput file /home/lab1-student/baldaquindata/plasduino/0309_000092/0309_000092_data.txt closed.
2026-03-12 15:49:20.316 | DEBUG    | baldaquin.buf:open:100 - Opening output file /home/lab1-student/baldaquindata/plasduino/0309_000093/0309_000093_data.txt {'mode': 'at', 'encoding': 'utf-8'}...
2026-03-12 15:49:20.317 | DEBUG    | baldaquin.buf:_write:285 - 1400 bytes written to disk.
2026-03-12 15:49:20.317 | DEBUG    | baldaquin.buf:open:104 - Ouput file /home/lab1-student/baldaquindata/plasduino/0309_000093/0309_000093_data.txt closed.
2026-03-12 15:49:20.317 | DEBUG    | baldaquin.buf:open:100 - Opening output file /home/lab1-student/baldaquindata/plasduino/0309_000094/0309_000094_data.txt {'mode': 'at', 'encoding': 'utf-8'}...
2026-03-12 15:49:20.318 | DEBUG    | baldaquin.buf:_write:285 - 1400 bytes written to disk.
2026-03-12 15:49:20.318 | DEBUG    | baldaquin.buf:open:104 - Ouput file /home/lab1-student/baldaquindata/plasduino/0309_000094/0309_000094_data.txt closed.
2026-03-12 15:49:20.318 | DEBUG    | baldaquin.buf:open:100 - Opening output file /home/lab1-student/baldaquindata/plasduino/0309_000095/0309_000095_data.txt {'mode': 'at', 'encoding': 'utf-8'}...
2026-03-12 15:49:20.319 | DEBUG    | baldaquin.buf:_write:285 - 1400 bytes written to disk.
2026-03-12 15:49:20.319 | DEBUG    | baldaquin.buf:open:104 - Ouput file /home/lab1-student/baldaquindata/plasduino/0309_000095/0309_000095_data.txt closed.
2026-03-12 15:49:20.319 | DEBUG    | baldaquin.buf:open:100 - Opening output file /home/lab1-student/baldaquindata/plasduino/0309_000095/0309_000095_data.dat {'mode': 'ab'}...
2026-03-12 15:49:20.320 | DEBUG    | baldaquin.buf:_pop_and_write_raw:259 - 800 bytes written to disk.
2026-03-12 15:49:20.320 | DEBUG    | baldaquin.buf:open:104 - Ouput file /home/lab1-student/baldaquindata/plasduino/0309_000095/0309_000095_data.dat closed.
2026-03-12 15:49:20.320 | INFO     | baldaquin.buf:flush:318 - 14800 bytes (800 raw bytes) written to disk.
2026-03-12 15:49:20.320 | DEBUG    | baldaquin.profile:wrap:32 - Running time for flush(): 0.077159 s
2026-03-12 15:49:22.781 | INFO     | baldaquin.buf:flush:309 - 100 packets ready to be written out...
2026-03-12 15:49:22.781 | DEBUG    | baldaquin.buf:open:100 - Opening output file /home/lab1-student/baldaquindata/plasduino/0309_000086/0309_000086_data.txt {'mode': 'at', 'encoding': 'utf-8'}...
2026-03-12 15:49:22.796 | DEBUG    | baldaquin.buf:_write:285 - 1400 bytes written to disk.
2026-03-12 15:49:22.796 | DEBUG    | baldaquin.buf:open:104 - Ouput file /home/lab1-student/baldaquindata/plasduino/0309_000086/0309_000086_data.txt closed.
2026-03-12 15:49:22.796 | DEBUG    | baldaquin.buf:open:100 - Opening output file /home/lab1-student/baldaquindata/plasduino/0309_000087/0309_000087_data.txt {'mode': 'at', 'encoding': 'utf-8'}...
2026-03-12 15:49:22.797 | DEBUG    | baldaquin.buf:_write:285 - 1400 bytes written to disk.
2026-03-12 15:49:22.798 | DEBUG    | baldaquin.buf:open:104 - Ouput file /home/lab1-student/baldaquindata/plasduino/0309_000087/0309_000087_data.txt closed.
2026-03-12 15:49:22.799 | DEBUG    | baldaquin.buf:open:100 - Opening output file /home/lab1-student/baldaquindata/plasduino/0309_000088/0309_000088_data.txt {'mode': 'at', 'encoding': 'utf-8'}...
2026-03-12 15:49:22.800 | DEBUG    | baldaquin.buf:_write:285 - 1400 bytes written to disk.
2026-03-12 15:49:22.806 | DEBUG    | baldaquin.buf:open:104 - Ouput file /home/lab1-student/baldaquindata/plasduino/0309_000088/0309_000088_data.txt closed.
2026-03-12 15:49:22.807 | DEBUG    | baldaquin.buf:open:100 - Opening output file /home/lab1-student/baldaquindata/plasduino/0309_000089/0309_000089_data.txt {'mode': 'at', 'encoding': 'utf-8'}...
2026-03-12 15:49:22.809 | DEBUG    | baldaquin.buf:_write:285 - 1400 bytes written to disk.
2026-03-12 15:49:22.809 | DEBUG    | baldaquin.buf:open:104 - Ouput file /home/lab1-student/baldaquindata/plasduino/0309_000089/0309_000089_data.txt closed.
2026-03-12 15:49:22.809 | DEBUG    | baldaquin.buf:open:100 - Opening output file /home/lab1-student/baldaquindata/plasduino/0309_000090/0309_000090_data.txt {'mode': 'at', 'encoding': 'utf-8'}...
2026-03-12 15:49:22.810 | DEBUG    | baldaquin.buf:_write:285 - 1400 bytes written to disk.
2026-03-12 15:49:22.813 | DEBUG    | baldaquin.buf:open:104 - Ouput file /home/lab1-student/baldaquindata/plasduino/0309_000090/0309_000090_data.txt closed.
2026-03-12 15:49:22.814 | DEBUG    | baldaquin.buf:open:100 - Opening output file /home/lab1-student/baldaquindata/plasduino/0309_000091/0309_000091_data.txt {'mode': 'at', 'encoding': 'utf-8'}...
2026-03-12 15:49:22.814 | DEBUG    | baldaquin.buf:_write:285 - 1400 bytes written to disk.
2026-03-12 15:49:22.814 | DEBUG    | baldaquin.buf:open:104 - Ouput file /home/lab1-student/baldaquindata/plasduino/0309_000091/0309_000091_data.txt closed.
2026-03-12 15:49:22.815 | DEBUG    | baldaquin.buf:open:100 - Opening output file /home/lab1-student/baldaquindata/plasduino/0309_000092/0309_000092_data.txt {'mode': 'at', 'encoding': 'utf-8'}...
2026-03-12 15:49:22.815 | DEBUG    | baldaquin.buf:_write:285 - 1400 bytes written to disk.
2026-03-12 15:49:22.816 | DEBUG    | baldaquin.buf:open:104 - Ouput file /home/lab1-student/baldaquindata/plasduino/0309_000092/0309_000092_data.txt closed.
2026-03-12 15:49:22.816 | DEBUG    | baldaquin.buf:open:100 - Opening output file /home/lab1-student/baldaquindata/plasduino/0309_000093/0309_000093_data.txt {'mode': 'at', 'encoding': 'utf-8'}...
2026-03-12 15:49:22.817 | DEBUG    | baldaquin.buf:_write:285 - 1400 bytes written to disk.
2026-03-12 15:49:22.817 | DEBUG    | baldaquin.buf:open:104 - Ouput file /home/lab1-student/baldaquindata/plasduino/0309_000093/0309_000093_data.txt closed.
2026-03-12 15:49:22.817 | DEBUG    | baldaquin.buf:open:100 - Opening output file /home/lab1-student/baldaquindata/plasduino/0309_000094/0309_000094_data.txt {'mode': 'at', 'encoding': 'utf-8'}...
2026-03-12 15:49:22.818 | DEBUG    | baldaquin.buf:_write:285 - 1400 bytes written to disk.
2026-03-12 15:49:22.818 | DEBUG    | baldaquin.buf:open:104 - Ouput file /home/lab1-student/baldaquindata/plasduino/0309_000094/0309_000094_data.txt closed.
2026-03-12 15:49:22.818 | DEBUG    | baldaquin.buf:open:100 - Opening output file /home/lab1-student/baldaquindata/plasduino/0309_000095/0309_000095_data.txt {'mode': 'at', 'encoding': 'utf-8'}...
2026-03-12 15:49:22.818 | DEBUG    | baldaquin.buf:_write:285 - 1400 bytes written to disk.
2026-03-12 15:49:22.818 | DEBUG    | baldaquin.buf:open:104 - Ouput file /home/lab1-student/baldaquindata/plasduino/0309_000095/0309_000095_data.txt closed.
2026-03-12 15:49:22.818 | DEBUG    | baldaquin.buf:open:100 - Opening output file /home/lab1-student/baldaquindata/plasduino/0309_000095/0309_000095_data.dat {'mode': 'ab'}...
2026-03-12 15:49:22.819 | DEBUG    | baldaquin.buf:_pop_and_write_raw:259 - 800 bytes written to disk.
2026-03-12 15:49:22.819 | DEBUG    | baldaquin.buf:open:104 - Ouput file /home/lab1-student/baldaquindata/plasduino/0309_000095/0309_000095_data.dat closed.
2026-03-12 15:49:22.819 | INFO     | baldaquin.buf:flush:318 - 14800 bytes (800 raw bytes) written to disk.
2026-03-12 15:49:22.819 | DEBUG    | baldaquin.profile:wrap:32 - Running time for flush(): 0.038202 s
2026-03-12 15:49:25.310 | INFO     | baldaquin.buf:flush:309 - 100 packets ready to be written out...
2026-03-12 15:49:25.311 | DEBUG    | baldaquin.buf:open:100 - Opening output file /home/lab1-student/baldaquindata/plasduino/0309_000086/0309_000086_data.txt {'mode': 'at', 'encoding': 'utf-8'}...
2026-03-12 15:49:25.311 | DEBUG    | baldaquin.buf:_write:285 - 1407 bytes written to disk.
2026-03-12 15:49:25.311 | DEBUG    | baldaquin.buf:open:104 - Ouput file /home/lab1-student/baldaquindata/plasduino/0309_000086/0309_000086_data.txt closed.
2026-03-12 15:49:25.311 | DEBUG    | baldaquin.buf:open:100 - Opening output file /home/lab1-student/baldaquindata/plasduino/0309_000087/0309_000087_data.txt {'mode': 'at', 'encoding': 'utf-8'}...
2026-03-12 15:49:25.312 | DEBUG    | baldaquin.buf:_write:285 - 1407 bytes written to disk.
2026-03-12 15:49:25.312 | DEBUG    | baldaquin.buf:open:104 - Ouput file /home/lab1-student/baldaquindata/plasduino/0309_000087/0309_000087_data.txt closed.
2026-03-12 15:49:25.312 | DEBUG    | baldaquin.buf:open:100 - Opening output file /home/lab1-student/baldaquindata/plasduino/0309_000088/0309_000088_data.txt {'mode': 'at', 'encoding': 'utf-8'}...
2026-03-12 15:49:25.314 | DEBUG    | baldaquin.buf:_write:285 - 1407 bytes written to disk.
2026-03-12 15:49:25.314 | DEBUG    | baldaquin.buf:open:104 - Ouput file /home/lab1-student/baldaquindata/plasduino/0309_000088/0309_000088_data.txt closed.
2026-03-12 15:49:25.314 | DEBUG    | baldaquin.buf:open:100 - Opening output file /home/lab1-student/baldaquindata/plasduino/0309_000089/0309_000089_data.txt {'mode': 'at', 'encoding': 'utf-8'}...
2026-03-12 15:49:25.315 | DEBUG    | baldaquin.buf:_write:285 - 1407 bytes written to disk.
2026-03-12 15:49:25.315 | DEBUG    | baldaquin.buf:open:104 - Ouput file /home/lab1-student/baldaquindata/plasduino/0309_000089/0309_000089_data.txt closed.
2026-03-12 15:49:25.315 | DEBUG    | baldaquin.buf:open:100 - Opening output file /home/lab1-student/baldaquindata/plasduino/0309_000090/0309_000090_data.txt {'mode': 'at', 'encoding': 'utf-8'}...
2026-03-12 15:49:25.316 | DEBUG    | baldaquin.buf:_write:285 - 1407 bytes written to disk.
2026-03-12 15:49:25.316 | DEBUG    | baldaquin.buf:open:104 - Ouput file /home/lab1-student/baldaquindata/plasduino/0309_000090/0309_000090_data.txt closed.
2026-03-12 15:49:25.316 | DEBUG    | baldaquin.buf:open:100 - Opening output file /home/lab1-student/baldaquindata/plasduino/0309_000091/0309_000091_data.txt {'mode': 'at', 'encoding': 'utf-8'}...
2026-03-12 15:49:25.317 | DEBUG    | baldaquin.buf:_write:285 - 1407 bytes written to disk.
2026-03-12 15:49:25.317 | DEBUG    | baldaquin.buf:open:104 - Ouput file /home/lab1-student/baldaquindata/plasduino/0309_000091/0309_000091_data.txt closed.
2026-03-12 15:49:25.317 | DEBUG    | baldaquin.buf:open:100 - Opening output file /home/lab1-student/baldaquindata/plasduino/0309_000092/0309_000092_data.txt {'mode': 'at', 'encoding': 'utf-8'}...
2026-03-12 15:49:25.317 | DEBUG    | baldaquin.buf:_write:285 - 1407 bytes written to disk.
2026-03-12 15:49:25.318 | DEBUG    | baldaquin.buf:open:104 - Ouput file /home/lab1-student/baldaquindata/plasduino/0309_000092/0309_000092_data.txt closed.
2026-03-12 15:49:25.318 | DEBUG    | baldaquin.buf:open:100 - Opening output file /home/lab1-student/baldaquindata/plasduino/0309_000093/0309_000093_data.txt {'mode': 'at', 'encoding': 'utf-8'}...
2026-03-12 15:49:25.318 | DEBUG    | baldaquin.buf:_write:285 - 1407 bytes written to disk.
2026-03-12 15:49:25.318 | DEBUG    | baldaquin.buf:open:104 - Ouput file /home/lab1-student/baldaquindata/plasduino/0309_000093/0309_000093_data.txt closed.
2026-03-12 15:49:25.318 | DEBUG    | baldaquin.buf:open:100 - Opening output file /home/lab1-student/baldaquindata/plasduino/0309_000094/0309_000094_data.txt {'mode': 'at', 'encoding': 'utf-8'}...
2026-03-12 15:49:25.319 | DEBUG    | baldaquin.buf:_write:285 - 1407 bytes written to disk.
2026-03-12 15:49:25.319 | DEBUG    | baldaquin.buf:open:104 - Ouput file /home/lab1-student/baldaquindata/plasduino/0309_000094/0309_000094_data.txt closed.
2026-03-12 15:49:25.319 | DEBUG    | baldaquin.buf:open:100 - Opening output file /home/lab1-student/baldaquindata/plasduino/0309_000095/0309_000095_data.txt {'mode': 'at', 'encoding': 'utf-8'}...
2026-03-12 15:49:25.320 | DEBUG    | baldaquin.buf:_write:285 - 1407 bytes written to disk.
2026-03-12 15:49:25.320 | DEBUG    | baldaquin.buf:open:104 - Ouput file /home/lab1-student/baldaquindata/plasduino/0309_000095/0309_000095_data.txt closed.
2026-03-12 15:49:25.320 | DEBUG    | baldaquin.buf:open:100 - Opening output file /home/lab1-student/baldaquindata/plasduino/0309_000095/0309_000095_data.dat {'mode': 'ab'}...
2026-03-12 15:49:25.320 | DEBUG    | baldaquin.buf:_pop_and_write_raw:259 - 800 bytes written to disk.
2026-03-12 15:49:25.320 | DEBUG    | baldaquin.buf:open:104 - Ouput file /home/lab1-student/baldaquindata/plasduino/0309_000095/0309_000095_data.dat closed.
2026-03-12 15:49:25.320 | INFO     | baldaquin.buf:flush:318 - 14870 bytes (800 raw bytes) written to disk.
2026-03-12 15:49:25.320 | DEBUG    | baldaquin.profile:wrap:32 - Running time for flush(): 0.009794 s
2026-03-12 15:49:27.853 | INFO     | baldaquin.buf:flush:309 - 100 packets ready to be written out...
2026-03-12 15:49:27.853 | DEBUG    | baldaquin.buf:open:100 - Opening output file /home/lab1-student/baldaquindata/plasduino/0309_000086/0309_000086_data.txt {'mode': 'at', 'encoding': 'utf-8'}...
2026-03-12 15:49:27.854 | DEBUG    | baldaquin.buf:_write:285 - 1500 bytes written to disk.
2026-03-12 15:49:27.854 | DEBUG    | baldaquin.buf:open:104 - Ouput file /home/lab1-student/baldaquindata/plasduino/0309_000086/0309_000086_data.txt closed.
2026-03-12 15:49:27.854 | DEBUG    | baldaquin.buf:open:100 - Opening output file /home/lab1-student/baldaquindata/plasduino/0309_000087/0309_000087_data.txt {'mode': 'at', 'encoding': 'utf-8'}...
2026-03-12 15:49:27.855 | DEBUG    | baldaquin.buf:_write:285 - 1500 bytes written to disk.
2026-03-12 15:49:27.855 | DEBUG    | baldaquin.buf:open:104 - Ouput file /home/lab1-student/baldaquindata/plasduino/0309_000087/0309_000087_data.txt closed.
2026-03-12 15:49:27.855 | DEBUG    | baldaquin.buf:open:100 - Opening output file /home/lab1-student/baldaquindata/plasduino/0309_000088/0309_000088_data.txt {'mode': 'at', 'encoding': 'utf-8'}...
2026-03-12 15:49:27.855 | DEBUG    | baldaquin.buf:_write:285 - 1500 bytes written to disk.
2026-03-12 15:49:27.856 | DEBUG    | baldaquin.buf:open:104 - Ouput file /home/lab1-student/baldaquindata/plasduino/0309_000088/0309_000088_data.txt closed.
2026-03-12 15:49:27.858 | DEBUG    | baldaquin.buf:open:100 - Opening output file /home/lab1-student/baldaquindata/plasduino/0309_000089/0309_000089_data.txt {'mode': 'at', 'encoding': 'utf-8'}...
2026-03-12 15:49:27.866 | DEBUG    | baldaquin.buf:_write:285 - 1500 bytes written to disk.
2026-03-12 15:49:27.871 | DEBUG    | baldaquin.buf:open:104 - Ouput file /home/lab1-student/baldaquindata/plasduino/0309_000089/0309_000089_data.txt closed.
2026-03-12 15:49:27.876 | DEBUG    | baldaquin.buf:open:100 - Opening output file /home/lab1-student/baldaquindata/plasduino/0309_000090/0309_000090_data.txt {'mode': 'at', 'encoding': 'utf-8'}...
2026-03-12 15:49:27.877 | DEBUG    | baldaquin.buf:_write:285 - 1500 bytes written to disk.
2026-03-12 15:49:27.877 | DEBUG    | baldaquin.buf:open:104 - Ouput file /home/lab1-student/baldaquindata/plasduino/0309_000090/0309_000090_data.txt closed.
2026-03-12 15:49:27.878 | DEBUG    | baldaquin.buf:open:100 - Opening output file /home/lab1-student/baldaquindata/plasduino/0309_000091/0309_000091_data.txt {'mode': 'at', 'encoding': 'utf-8'}...
2026-03-12 15:49:27.878 | DEBUG    | baldaquin.buf:_write:285 - 1500 bytes written to disk.
2026-03-12 15:49:27.878 | DEBUG    | baldaquin.buf:open:104 - Ouput file /home/lab1-student/baldaquindata/plasduino/0309_000091/0309_000091_data.txt closed.
2026-03-12 15:49:27.878 | DEBUG    | baldaquin.buf:open:100 - Opening output file /home/lab1-student/baldaquindata/plasduino/0309_000092/0309_000092_data.txt {'mode': 'at', 'encoding': 'utf-8'}...
2026-03-12 15:49:27.899 | DEBUG    | baldaquin.buf:_write:285 - 1500 bytes written to disk.
2026-03-12 15:49:27.899 | DEBUG    | baldaquin.buf:open:104 - Ouput file /home/lab1-student/baldaquindata/plasduino/0309_000092/0309_000092_data.txt closed.
2026-03-12 15:49:27.899 | DEBUG    | baldaquin.buf:open:100 - Opening output file /home/lab1-student/baldaquindata/plasduino/0309_000093/0309_000093_data.txt {'mode': 'at', 'encoding': 'utf-8'}...
2026-03-12 15:49:27.900 | DEBUG    | baldaquin.buf:_write:285 - 1500 bytes written to disk.
2026-03-12 15:49:27.902 | DEBUG    | baldaquin.buf:open:104 - Ouput file /home/lab1-student/baldaquindata/plasduino/0309_000093/0309_000093_data.txt closed.
2026-03-12 15:49:27.902 | DEBUG    | baldaquin.buf:open:100 - Opening output file /home/lab1-student/baldaquindata/plasduino/0309_000094/0309_000094_data.txt {'mode': 'at', 'encoding': 'utf-8'}...
2026-03-12 15:49:27.903 | DEBUG    | baldaquin.buf:_write:285 - 1500 bytes written to disk.
2026-03-12 15:49:27.903 | DEBUG    | baldaquin.buf:open:104 - Ouput file /home/lab1-student/baldaquindata/plasduino/0309_000094/0309_000094_data.txt closed.
2026-03-12 15:49:27.903 | DEBUG    | baldaquin.buf:open:100 - Opening output file /home/lab1-student/baldaquindata/plasduino/0309_000095/0309_000095_data.txt {'mode': 'at', 'encoding': 'utf-8'}...
2026-03-12 15:49:27.904 | DEBUG    | baldaquin.buf:_write:285 - 1500 bytes written to disk.
2026-03-12 15:49:27.904 | DEBUG    | baldaquin.buf:open:104 - Ouput file /home/lab1-student/baldaquindata/plasduino/0309_000095/0309_000095_data.txt closed.
2026-03-12 15:49:27.904 | DEBUG    | baldaquin.buf:open:100 - Opening output file /home/lab1-student/baldaquindata/plasduino/0309_000095/0309_000095_data.dat {'mode': 'ab'}...
2026-03-12 15:49:27.905 | DEBUG    | baldaquin.buf:_pop_and_write_raw:259 - 800 bytes written to disk.
2026-03-12 15:49:27.906 | DEBUG    | baldaquin.buf:open:104 - Ouput file /home/lab1-student/baldaquindata/plasduino/0309_000095/0309_000095_data.dat closed.
2026-03-12 15:49:27.906 | INFO     | baldaquin.buf:flush:318 - 15800 bytes (800 raw bytes) written to disk.
2026-03-12 15:49:27.921 | DEBUG    | baldaquin.profile:wrap:32 - Running time for flush(): 0.067743 s
2026-03-12 15:49:30.387 | INFO     | baldaquin.buf:flush:309 - 100 packets ready to be written out...
2026-03-12 15:49:30.387 | DEBUG    | baldaquin.buf:open:100 - Opening output file /home/lab1-student/baldaquindata/plasduino/0309_000086/0309_000086_data.txt {'mode': 'at', 'encoding': 'utf-8'}...
2026-03-12 15:49:30.390 | DEBUG    | baldaquin.buf:_write:285 - 1500 bytes written to disk.
2026-03-12 15:49:30.392 | DEBUG    | baldaquin.buf:open:104 - Ouput file /home/lab1-student/baldaquindata/plasduino/0309_000086/0309_000086_data.txt closed.
2026-03-12 15:49:30.392 | DEBUG    | baldaquin.buf:open:100 - Opening output file /home/lab1-student/baldaquindata/plasduino/0309_000087/0309_000087_data.txt {'mode': 'at', 'encoding': 'utf-8'}...
2026-03-12 15:49:30.400 | DEBUG    | baldaquin.buf:_write:285 - 1500 bytes written to disk.
2026-03-12 15:49:30.400 | DEBUG    | baldaquin.buf:open:104 - Ouput file /home/lab1-student/baldaquindata/plasduino/0309_000087/0309_000087_data.txt closed.
2026-03-12 15:49:30.400 | DEBUG    | baldaquin.buf:open:100 - Opening output file /home/lab1-student/baldaquindata/plasduino/0309_000088/0309_000088_data.txt {'mode': 'at', 'encoding': 'utf-8'}...
2026-03-12 15:49:30.401 | DEBUG    | baldaquin.buf:_write:285 - 1500 bytes written to disk.
2026-03-12 15:49:30.401 | DEBUG    | baldaquin.buf:open:104 - Ouput file /home/lab1-student/baldaquindata/plasduino/0309_000088/0309_000088_data.txt closed.
2026-03-12 15:49:30.401 | DEBUG    | baldaquin.buf:open:100 - Opening output file /home/lab1-student/baldaquindata/plasduino/0309_000089/0309_000089_data.txt {'mode': 'at', 'encoding': 'utf-8'}...
2026-03-12 15:49:30.402 | DEBUG    | baldaquin.buf:_write:285 - 1500 bytes written to disk.
2026-03-12 15:49:30.402 | DEBUG    | baldaquin.buf:open:104 - Ouput file /home/lab1-student/baldaquindata/plasduino/0309_000089/0309_000089_data.txt closed.
2026-03-12 15:49:30.402 | DEBUG    | baldaquin.buf:open:100 - Opening output file /home/lab1-student/baldaquindata/plasduino/0309_000090/0309_000090_data.txt {'mode': 'at', 'encoding': 'utf-8'}...
2026-03-12 15:49:30.403 | DEBUG    | baldaquin.buf:_write:285 - 1500 bytes written to disk.
2026-03-12 15:49:30.403 | DEBUG    | baldaquin.buf:open:104 - Ouput file /home/lab1-student/baldaquindata/plasduino/0309_000090/0309_000090_data.txt closed.
2026-03-12 15:49:30.403 | DEBUG    | baldaquin.buf:open:100 - Opening output file /home/lab1-student/baldaquindata/plasduino/0309_000091/0309_000091_data.txt {'mode': 'at', 'encoding': 'utf-8'}...
2026-03-12 15:49:30.404 | DEBUG    | baldaquin.buf:_write:285 - 1500 bytes written to disk.
2026-03-12 15:49:30.413 | DEBUG    | baldaquin.buf:open:104 - Ouput file /home/lab1-student/baldaquindata/plasduino/0309_000091/0309_000091_data.txt closed.
2026-03-12 15:49:30.413 | DEBUG    | baldaquin.buf:open:100 - Opening output file /home/lab1-student/baldaquindata/plasduino/0309_000092/0309_000092_data.txt {'mode': 'at', 'encoding': 'utf-8'}...
2026-03-12 15:49:30.417 | DEBUG    | baldaquin.buf:_write:285 - 1500 bytes written to disk.
2026-03-12 15:49:30.421 | DEBUG    | baldaquin.buf:open:104 - Ouput file /home/lab1-student/baldaquindata/plasduino/0309_000092/0309_000092_data.txt closed.
2026-03-12 15:49:30.421 | DEBUG    | baldaquin.buf:open:100 - Opening output file /home/lab1-student/baldaquindata/plasduino/0309_000093/0309_000093_data.txt {'mode': 'at', 'encoding': 'utf-8'}...
2026-03-12 15:49:30.421 | DEBUG    | baldaquin.buf:_write:285 - 1500 bytes written to disk.
2026-03-12 15:49:30.421 | DEBUG    | baldaquin.buf:open:104 - Ouput file /home/lab1-student/baldaquindata/plasduino/0309_000093/0309_000093_data.txt closed.
2026-03-12 15:49:30.422 | DEBUG    | baldaquin.buf:open:100 - Opening output file /home/lab1-student/baldaquindata/plasduino/0309_000094/0309_000094_data.txt {'mode': 'at', 'encoding': 'utf-8'}...
2026-03-12 15:49:30.422 | DEBUG    | baldaquin.buf:_write:285 - 1500 bytes written to disk.
2026-03-12 15:49:30.422 | DEBUG    | baldaquin.buf:open:104 - Ouput file /home/lab1-student/baldaquindata/plasduino/0309_000094/0309_000094_data.txt closed.
2026-03-12 15:49:30.422 | DEBUG    | baldaquin.buf:open:100 - Opening output file /home/lab1-student/baldaquindata/plasduino/0309_000095/0309_000095_data.txt {'mode': 'at', 'encoding': 'utf-8'}...
2026-03-12 15:49:30.423 | DEBUG    | baldaquin.buf:_write:285 - 1500 bytes written to disk.
2026-03-12 15:49:30.447 | DEBUG    | baldaquin.buf:open:104 - Ouput file /home/lab1-student/baldaquindata/plasduino/0309_000095/0309_000095_data.txt closed.
2026-03-12 15:49:30.455 | DEBUG    | baldaquin.buf:open:100 - Opening output file /home/lab1-student/baldaquindata/plasduino/0309_000095/0309_000095_data.dat {'mode': 'ab'}...
2026-03-12 15:49:30.458 | DEBUG    | baldaquin.buf:_pop_and_write_raw:259 - 800 bytes written to disk.
2026-03-12 15:49:30.464 | DEBUG    | baldaquin.buf:open:104 - Ouput file /home/lab1-student/baldaquindata/plasduino/0309_000095/0309_000095_data.dat closed.
2026-03-12 15:49:30.465 | INFO     | baldaquin.buf:flush:318 - 15800 bytes (800 raw bytes) written to disk.
2026-03-12 15:49:30.468 | DEBUG    | baldaquin.profile:wrap:32 - Running time for flush(): 0.080763 s
2026-03-12 15:49:32.920 | INFO     | baldaquin.buf:flush:309 - 100 packets ready to be written out...
2026-03-12 15:49:32.921 | DEBUG    | baldaquin.buf:open:100 - Opening output file /home/lab1-student/baldaquindata/plasduino/0309_000086/0309_000086_data.txt {'mode': 'at', 'encoding': 'utf-8'}...
2026-03-12 15:49:32.921 | DEBUG    | baldaquin.buf:_write:285 - 1500 bytes written to disk.
2026-03-12 15:49:32.921 | DEBUG    | baldaquin.buf:open:104 - Ouput file /home/lab1-student/baldaquindata/plasduino/0309_000086/0309_000086_data.txt closed.
2026-03-12 15:49:32.921 | DEBUG    | baldaquin.buf:open:100 - Opening output file /home/lab1-student/baldaquindata/plasduino/0309_000087/0309_000087_data.txt {'mode': 'at', 'encoding': 'utf-8'}...
2026-03-12 15:49:32.922 | DEBUG    | baldaquin.buf:_write:285 - 1500 bytes written to disk.
2026-03-12 15:49:32.922 | DEBUG    | baldaquin.buf:open:104 - Ouput file /home/lab1-student/baldaquindata/plasduino/0309_000087/0309_000087_data.txt closed.
2026-03-12 15:49:32.922 | DEBUG    | baldaquin.buf:open:100 - Opening output file /home/lab1-student/baldaquindata/plasduino/0309_000088/0309_000088_data.txt {'mode': 'at', 'encoding': 'utf-8'}...
2026-03-12 15:49:32.923 | DEBUG    | baldaquin.buf:_write:285 - 1500 bytes written to disk.
2026-03-12 15:49:32.923 | DEBUG    | baldaquin.buf:open:104 - Ouput file /home/lab1-student/baldaquindata/plasduino/0309_000088/0309_000088_data.txt closed.
2026-03-12 15:49:32.923 | DEBUG    | baldaquin.buf:open:100 - Opening output file /home/lab1-student/baldaquindata/plasduino/0309_000089/0309_000089_data.txt {'mode': 'at', 'encoding': 'utf-8'}...
2026-03-12 15:49:32.923 | DEBUG    | baldaquin.buf:_write:285 - 1500 bytes written to disk.
2026-03-12 15:49:32.944 | DEBUG    | baldaquin.buf:open:104 - Ouput file /home/lab1-student/baldaquindata/plasduino/0309_000089/0309_000089_data.txt closed.
2026-03-12 15:49:32.957 | DEBUG    | baldaquin.buf:open:100 - Opening output file /home/lab1-student/baldaquindata/plasduino/0309_000090/0309_000090_data.txt {'mode': 'at', 'encoding': 'utf-8'}...
2026-03-12 15:49:32.964 | DEBUG    | baldaquin.buf:_write:285 - 1500 bytes written to disk.
2026-03-12 15:49:32.965 | DEBUG    | baldaquin.buf:open:104 - Ouput file /home/lab1-student/baldaquindata/plasduino/0309_000090/0309_000090_data.txt closed.
2026-03-12 15:49:32.965 | DEBUG    | baldaquin.buf:open:100 - Opening output file /home/lab1-student/baldaquindata/plasduino/0309_000091/0309_000091_data.txt {'mode': 'at', 'encoding': 'utf-8'}...
2026-03-12 15:49:32.969 | DEBUG    | baldaquin.buf:_write:285 - 1500 bytes written to disk.
2026-03-12 15:49:32.970 | DEBUG    | baldaquin.buf:open:104 - Ouput file /home/lab1-student/baldaquindata/plasduino/0309_000091/0309_000091_data.txt closed.
2026-03-12 15:49:32.970 | DEBUG    | baldaquin.buf:open:100 - Opening output file /home/lab1-student/baldaquindata/plasduino/0309_000092/0309_000092_data.txt {'mode': 'at', 'encoding': 'utf-8'}...
2026-03-12 15:49:32.971 | DEBUG    | baldaquin.buf:_write:285 - 1500 bytes written to disk.
2026-03-12 15:49:32.972 | DEBUG    | baldaquin.buf:open:104 - Ouput file /home/lab1-student/baldaquindata/plasduino/0309_000092/0309_000092_data.txt closed.
2026-03-12 15:49:32.973 | DEBUG    | baldaquin.buf:open:100 - Opening output file /home/lab1-student/baldaquindata/plasduino/0309_000093/0309_000093_data.txt {'mode': 'at', 'encoding': 'utf-8'}...
2026-03-12 15:49:32.974 | DEBUG    | baldaquin.buf:_write:285 - 1500 bytes written to disk.
2026-03-12 15:49:32.980 | DEBUG    | baldaquin.buf:open:104 - Ouput file /home/lab1-student/baldaquindata/plasduino/0309_000093/0309_000093_data.txt closed.
2026-03-12 15:49:32.987 | DEBUG    | baldaquin.buf:open:100 - Opening output file /home/lab1-student/baldaquindata/plasduino/0309_000094/0309_000094_data.txt {'mode': 'at', 'encoding': 'utf-8'}...
2026-03-12 15:49:32.999 | DEBUG    | baldaquin.buf:_write:285 - 1500 bytes written to disk.
2026-03-12 15:49:33.001 | DEBUG    | baldaquin.buf:open:104 - Ouput file /home/lab1-student/baldaquindata/plasduino/0309_000094/0309_000094_data.txt closed.
2026-03-12 15:49:33.002 | DEBUG    | baldaquin.buf:open:100 - Opening output file /home/lab1-student/baldaquindata/plasduino/0309_000095/0309_000095_data.txt {'mode': 'at', 'encoding': 'utf-8'}...
2026-03-12 15:49:33.005 | DEBUG    | baldaquin.buf:_write:285 - 1500 bytes written to disk.
2026-03-12 15:49:33.006 | DEBUG    | baldaquin.buf:open:104 - Ouput file /home/lab1-student/baldaquindata/plasduino/0309_000095/0309_000095_data.txt closed.
2026-03-12 15:49:33.006 | DEBUG    | baldaquin.buf:open:100 - Opening output file /home/lab1-student/baldaquindata/plasduino/0309_000095/0309_000095_data.dat {'mode': 'ab'}...
2026-03-12 15:49:33.006 | DEBUG    | baldaquin.buf:_pop_and_write_raw:259 - 800 bytes written to disk.
2026-03-12 15:49:33.012 | DEBUG    | baldaquin.buf:open:104 - Ouput file /home/lab1-student/baldaquindata/plasduino/0309_000095/0309_000095_data.dat closed.
2026-03-12 15:49:33.013 | INFO     | baldaquin.buf:flush:318 - 15800 bytes (800 raw bytes) written to disk.
2026-03-12 15:49:33.013 | DEBUG    | baldaquin.profile:wrap:32 - Running time for flush(): 0.092765 s
2026-03-12 15:49:35.459 | INFO     | baldaquin.buf:flush:309 - 100 packets ready to be written out...
2026-03-12 15:49:35.459 | DEBUG    | baldaquin.buf:open:100 - Opening output file /home/lab1-student/baldaquindata/plasduino/0309_000086/0309_000086_data.txt {'mode': 'at', 'encoding': 'utf-8'}...
2026-03-12 15:49:35.461 | DEBUG    | baldaquin.buf:_write:285 - 1500 bytes written to disk.
2026-03-12 15:49:35.463 | DEBUG    | baldaquin.buf:open:104 - Ouput file /home/lab1-student/baldaquindata/plasduino/0309_000086/0309_000086_data.txt closed.
2026-03-12 15:49:35.463 | DEBUG    | baldaquin.buf:open:100 - Opening output file /home/lab1-student/baldaquindata/plasduino/0309_000087/0309_000087_data.txt {'mode': 'at', 'encoding': 'utf-8'}...
2026-03-12 15:49:35.465 | DEBUG    | baldaquin.buf:_write:285 - 1500 bytes written to disk.
2026-03-12 15:49:35.466 | DEBUG    | baldaquin.buf:open:104 - Ouput file /home/lab1-student/baldaquindata/plasduino/0309_000087/0309_000087_data.txt closed.
2026-03-12 15:49:35.466 | DEBUG    | baldaquin.buf:open:100 - Opening output file /home/lab1-student/baldaquindata/plasduino/0309_000088/0309_000088_data.txt {'mode': 'at', 'encoding': 'utf-8'}...
2026-03-12 15:49:35.468 | DEBUG    | baldaquin.buf:_write:285 - 1500 bytes written to disk.
2026-03-12 15:49:35.468 | DEBUG    | baldaquin.buf:open:104 - Ouput file /home/lab1-student/baldaquindata/plasduino/0309_000088/0309_000088_data.txt closed.
2026-03-12 15:49:35.469 | DEBUG    | baldaquin.buf:open:100 - Opening output file /home/lab1-student/baldaquindata/plasduino/0309_000089/0309_000089_data.txt {'mode': 'at', 'encoding': 'utf-8'}...
2026-03-12 15:49:35.472 | DEBUG    | baldaquin.buf:_write:285 - 1500 bytes written to disk.
2026-03-12 15:49:35.472 | DEBUG    | baldaquin.buf:open:104 - Ouput file /home/lab1-student/baldaquindata/plasduino/0309_000089/0309_000089_data.txt closed.
2026-03-12 15:49:35.472 | DEBUG    | baldaquin.buf:open:100 - Opening output file /home/lab1-student/baldaquindata/plasduino/0309_000090/0309_000090_data.txt {'mode': 'at', 'encoding': 'utf-8'}...
2026-03-12 15:49:35.474 | DEBUG    | baldaquin.buf:_write:285 - 1500 bytes written to disk.
2026-03-12 15:49:35.474 | DEBUG    | baldaquin.buf:open:104 - Ouput file /home/lab1-student/baldaquindata/plasduino/0309_000090/0309_000090_data.txt closed.
2026-03-12 15:49:35.474 | DEBUG    | baldaquin.buf:open:100 - Opening output file /home/lab1-student/baldaquindata/plasduino/0309_000091/0309_000091_data.txt {'mode': 'at', 'encoding': 'utf-8'}...
2026-03-12 15:49:35.475 | DEBUG    | baldaquin.buf:_write:285 - 1500 bytes written to disk.
2026-03-12 15:49:35.476 | DEBUG    | baldaquin.buf:open:104 - Ouput file /home/lab1-student/baldaquindata/plasduino/0309_000091/0309_000091_data.txt closed.
2026-03-12 15:49:35.476 | DEBUG    | baldaquin.buf:open:100 - Opening output file /home/lab1-student/baldaquindata/plasduino/0309_000092/0309_000092_data.txt {'mode': 'at', 'encoding': 'utf-8'}...
2026-03-12 15:49:35.476 | DEBUG    | baldaquin.buf:_write:285 - 1500 bytes written to disk.
2026-03-12 15:49:35.477 | DEBUG    | baldaquin.buf:open:104 - Ouput file /home/lab1-student/baldaquindata/plasduino/0309_000092/0309_000092_data.txt closed.
2026-03-12 15:49:35.477 | DEBUG    | baldaquin.buf:open:100 - Opening output file /home/lab1-student/baldaquindata/plasduino/0309_000093/0309_000093_data.txt {'mode': 'at', 'encoding': 'utf-8'}...
2026-03-12 15:49:35.477 | DEBUG    | baldaquin.buf:_write:285 - 1500 bytes written to disk.
2026-03-12 15:49:35.484 | DEBUG    | baldaquin.buf:open:104 - Ouput file /home/lab1-student/baldaquindata/plasduino/0309_000093/0309_000093_data.txt closed.
2026-03-12 15:49:35.484 | DEBUG    | baldaquin.buf:open:100 - Opening output file /home/lab1-student/baldaquindata/plasduino/0309_000094/0309_000094_data.txt {'mode': 'at', 'encoding': 'utf-8'}...
2026-03-12 15:49:35.485 | DEBUG    | baldaquin.buf:_write:285 - 1500 bytes written to disk.
2026-03-12 15:49:35.485 | DEBUG    | baldaquin.buf:open:104 - Ouput file /home/lab1-student/baldaquindata/plasduino/0309_000094/0309_000094_data.txt closed.
2026-03-12 15:49:35.485 | DEBUG    | baldaquin.buf:open:100 - Opening output file /home/lab1-student/baldaquindata/plasduino/0309_000095/0309_000095_data.txt {'mode': 'at', 'encoding': 'utf-8'}...
2026-03-12 15:49:35.503 | DEBUG    | baldaquin.buf:_write:285 - 1500 bytes written to disk.
2026-03-12 15:49:35.506 | DEBUG    | baldaquin.buf:open:104 - Ouput file /home/lab1-student/baldaquindata/plasduino/0309_000095/0309_000095_data.txt closed.
2026-03-12 15:49:35.514 | DEBUG    | baldaquin.buf:open:100 - Opening output file /home/lab1-student/baldaquindata/plasduino/0309_000095/0309_000095_data.dat {'mode': 'ab'}...
2026-03-12 15:49:35.515 | DEBUG    | baldaquin.buf:_pop_and_write_raw:259 - 800 bytes written to disk.
2026-03-12 15:49:35.515 | DEBUG    | baldaquin.buf:open:104 - Ouput file /home/lab1-student/baldaquindata/plasduino/0309_000095/0309_000095_data.dat closed.
2026-03-12 15:49:35.515 | INFO     | baldaquin.buf:flush:318 - 15800 bytes (800 raw bytes) written to disk.
2026-03-12 15:49:35.515 | DEBUG    | baldaquin.profile:wrap:32 - Running time for flush(): 0.056783 s
2026-03-12 15:49:37.996 | INFO     | baldaquin.buf:flush:309 - 100 packets ready to be written out...
2026-03-12 15:49:37.996 | DEBUG    | baldaquin.buf:open:100 - Opening output file /home/lab1-student/baldaquindata/plasduino/0309_000086/0309_000086_data.txt {'mode': 'at', 'encoding': 'utf-8'}...
2026-03-12 15:49:37.998 | DEBUG    | baldaquin.buf:_write:285 - 1500 bytes written to disk.
2026-03-12 15:49:37.999 | DEBUG    | baldaquin.buf:open:104 - Ouput file /home/lab1-student/baldaquindata/plasduino/0309_000086/0309_000086_data.txt closed.
2026-03-12 15:49:37.999 | DEBUG    | baldaquin.buf:open:100 - Opening output file /home/lab1-student/baldaquindata/plasduino/0309_000087/0309_000087_data.txt {'mode': 'at', 'encoding': 'utf-8'}...
2026-03-12 15:49:38.000 | DEBUG    | baldaquin.buf:_write:285 - 1500 bytes written to disk.
2026-03-12 15:49:38.003 | DEBUG    | baldaquin.buf:open:104 - Ouput file /home/lab1-student/baldaquindata/plasduino/0309_000087/0309_000087_data.txt closed.
2026-03-12 15:49:38.004 | DEBUG    | baldaquin.buf:open:100 - Opening output file /home/lab1-student/baldaquindata/plasduino/0309_000088/0309_000088_data.txt {'mode': 'at', 'encoding': 'utf-8'}...
2026-03-12 15:49:38.004 | DEBUG    | baldaquin.buf:_write:285 - 1500 bytes written to disk.
2026-03-12 15:49:38.004 | DEBUG    | baldaquin.buf:open:104 - Ouput file /home/lab1-student/baldaquindata/plasduino/0309_000088/0309_000088_data.txt closed.
2026-03-12 15:49:38.004 | DEBUG    | baldaquin.buf:open:100 - Opening output file /home/lab1-student/baldaquindata/plasduino/0309_000089/0309_000089_data.txt {'mode': 'at', 'encoding': 'utf-8'}...
2026-03-12 15:49:38.005 | DEBUG    | baldaquin.buf:_write:285 - 1500 bytes written to disk.
2026-03-12 15:49:38.005 | DEBUG    | baldaquin.buf:open:104 - Ouput file /home/lab1-student/baldaquindata/plasduino/0309_000089/0309_000089_data.txt closed.
2026-03-12 15:49:38.005 | DEBUG    | baldaquin.buf:open:100 - Opening output file /home/lab1-student/baldaquindata/plasduino/0309_000090/0309_000090_data.txt {'mode': 'at', 'encoding': 'utf-8'}...
2026-03-12 15:49:38.006 | DEBUG    | baldaquin.buf:_write:285 - 1500 bytes written to disk.
2026-03-12 15:49:38.006 | DEBUG    | baldaquin.buf:open:104 - Ouput file /home/lab1-student/baldaquindata/plasduino/0309_000090/0309_000090_data.txt closed.
2026-03-12 15:49:38.006 | DEBUG    | baldaquin.buf:open:100 - Opening output file /home/lab1-student/baldaquindata/plasduino/0309_000091/0309_000091_data.txt {'mode': 'at', 'encoding': 'utf-8'}...
2026-03-12 15:49:38.006 | DEBUG    | baldaquin.buf:_write:285 - 1500 bytes written to disk.
2026-03-12 15:49:38.006 | DEBUG    | baldaquin.buf:open:104 - Ouput file /home/lab1-student/baldaquindata/plasduino/0309_000091/0309_000091_data.txt closed.
2026-03-12 15:49:38.007 | DEBUG    | baldaquin.buf:open:100 - Opening output file /home/lab1-student/baldaquindata/plasduino/0309_000092/0309_000092_data.txt {'mode': 'at', 'encoding': 'utf-8'}...
2026-03-12 15:49:38.007 | DEBUG    | baldaquin.buf:_write:285 - 1500 bytes written to disk.
2026-03-12 15:49:38.007 | DEBUG    | baldaquin.buf:open:104 - Ouput file /home/lab1-student/baldaquindata/plasduino/0309_000092/0309_000092_data.txt closed.
2026-03-12 15:49:38.007 | DEBUG    | baldaquin.buf:open:100 - Opening output file /home/lab1-student/baldaquindata/plasduino/0309_000093/0309_000093_data.txt {'mode': 'at', 'encoding': 'utf-8'}...
2026-03-12 15:49:38.008 | DEBUG    | baldaquin.buf:_write:285 - 1500 bytes written to disk.
2026-03-12 15:49:38.008 | DEBUG    | baldaquin.buf:open:104 - Ouput file /home/lab1-student/baldaquindata/plasduino/0309_000093/0309_000093_data.txt closed.
2026-03-12 15:49:38.008 | DEBUG    | baldaquin.buf:open:100 - Opening output file /home/lab1-student/baldaquindata/plasduino/0309_000094/0309_000094_data.txt {'mode': 'at', 'encoding': 'utf-8'}...
2026-03-12 15:49:38.009 | DEBUG    | baldaquin.buf:_write:285 - 1500 bytes written to disk.
2026-03-12 15:49:38.009 | DEBUG    | baldaquin.buf:open:104 - Ouput file /home/lab1-student/baldaquindata/plasduino/0309_000094/0309_000094_data.txt closed.
2026-03-12 15:49:38.009 | DEBUG    | baldaquin.buf:open:100 - Opening output file /home/lab1-student/baldaquindata/plasduino/0309_000095/0309_000095_data.txt {'mode': 'at', 'encoding': 'utf-8'}...
2026-03-12 15:49:38.010 | DEBUG    | baldaquin.buf:_write:285 - 1500 bytes written to disk.
2026-03-12 15:49:38.010 | DEBUG    | baldaquin.buf:open:104 - Ouput file /home/lab1-student/baldaquindata/plasduino/0309_000095/0309_000095_data.txt closed.
2026-03-12 15:49:38.010 | DEBUG    | baldaquin.buf:open:100 - Opening output file /home/lab1-student/baldaquindata/plasduino/0309_000095/0309_000095_data.dat {'mode': 'ab'}...
2026-03-12 15:49:38.010 | DEBUG    | baldaquin.buf:_pop_and_write_raw:259 - 800 bytes written to disk.
2026-03-12 15:49:38.010 | DEBUG    | baldaquin.buf:open:104 - Ouput file /home/lab1-student/baldaquindata/plasduino/0309_000095/0309_000095_data.dat closed.
2026-03-12 15:49:38.010 | INFO     | baldaquin.buf:flush:318 - 15800 bytes (800 raw bytes) written to disk.
2026-03-12 15:49:38.010 | DEBUG    | baldaquin.profile:wrap:32 - Running time for flush(): 0.014506 s
2026-03-12 15:49:40.543 | INFO     | baldaquin.buf:flush:309 - 100 packets ready to be written out...
2026-03-12 15:49:40.548 | DEBUG    | baldaquin.buf:open:100 - Opening output file /home/lab1-student/baldaquindata/plasduino/0309_000086/0309_000086_data.txt {'mode': 'at', 'encoding': 'utf-8'}...
2026-03-12 15:49:40.557 | DEBUG    | baldaquin.buf:_write:285 - 1500 bytes written to disk.
2026-03-12 15:49:40.557 | DEBUG    | baldaquin.buf:open:104 - Ouput file /home/lab1-student/baldaquindata/plasduino/0309_000086/0309_000086_data.txt closed.
2026-03-12 15:49:40.557 | DEBUG    | baldaquin.buf:open:100 - Opening output file /home/lab1-student/baldaquindata/plasduino/0309_000087/0309_000087_data.txt {'mode': 'at', 'encoding': 'utf-8'}...
2026-03-12 15:49:40.558 | DEBUG    | baldaquin.buf:_write:285 - 1500 bytes written to disk.
2026-03-12 15:49:40.559 | DEBUG    | baldaquin.buf:open:104 - Ouput file /home/lab1-student/baldaquindata/plasduino/0309_000087/0309_000087_data.txt closed.
2026-03-12 15:49:40.559 | DEBUG    | baldaquin.buf:open:100 - Opening output file /home/lab1-student/baldaquindata/plasduino/0309_000088/0309_000088_data.txt {'mode': 'at', 'encoding': 'utf-8'}...
2026-03-12 15:49:40.560 | DEBUG    | baldaquin.buf:_write:285 - 1500 bytes written to disk.
2026-03-12 15:49:40.562 | DEBUG    | baldaquin.buf:open:104 - Ouput file /home/lab1-student/baldaquindata/plasduino/0309_000088/0309_000088_data.txt closed.
2026-03-12 15:49:40.562 | DEBUG    | baldaquin.buf:open:100 - Opening output file /home/lab1-student/baldaquindata/plasduino/0309_000089/0309_000089_data.txt {'mode': 'at', 'encoding': 'utf-8'}...
2026-03-12 15:49:40.570 | DEBUG    | baldaquin.buf:_write:285 - 1500 bytes written to disk.
2026-03-12 15:49:40.571 | DEBUG    | baldaquin.buf:open:104 - Ouput file /home/lab1-student/baldaquindata/plasduino/0309_000089/0309_000089_data.txt closed.
2026-03-12 15:49:40.571 | DEBUG    | baldaquin.buf:open:100 - Opening output file /home/lab1-student/baldaquindata/plasduino/0309_000090/0309_000090_data.txt {'mode': 'at', 'encoding': 'utf-8'}...
2026-03-12 15:49:40.579 | DEBUG    | baldaquin.buf:_write:285 - 1500 bytes written to disk.
2026-03-12 15:49:40.584 | DEBUG    | baldaquin.buf:open:104 - Ouput file /home/lab1-student/baldaquindata/plasduino/0309_000090/0309_000090_data.txt closed.
2026-03-12 15:49:40.588 | DEBUG    | baldaquin.buf:open:100 - Opening output file /home/lab1-student/baldaquindata/plasduino/0309_000091/0309_000091_data.txt {'mode': 'at', 'encoding': 'utf-8'}...
2026-03-12 15:49:40.597 | DEBUG    | baldaquin.buf:_write:285 - 1500 bytes written to disk.
2026-03-12 15:49:40.603 | DEBUG    | baldaquin.buf:open:104 - Ouput file /home/lab1-student/baldaquindata/plasduino/0309_000091/0309_000091_data.txt closed.
2026-03-12 15:49:40.604 | DEBUG    | baldaquin.buf:open:100 - Opening output file /home/lab1-student/baldaquindata/plasduino/0309_000092/0309_000092_data.txt {'mode': 'at', 'encoding': 'utf-8'}...
2026-03-12 15:49:40.604 | DEBUG    | baldaquin.buf:_write:285 - 1500 bytes written to disk.
2026-03-12 15:49:40.605 | DEBUG    | baldaquin.buf:open:104 - Ouput file /home/lab1-student/baldaquindata/plasduino/0309_000092/0309_000092_data.txt closed.
2026-03-12 15:49:40.605 | DEBUG    | baldaquin.buf:open:100 - Opening output file /home/lab1-student/baldaquindata/plasduino/0309_000093/0309_000093_data.txt {'mode': 'at', 'encoding': 'utf-8'}...
2026-03-12 15:49:40.605 | DEBUG    | baldaquin.buf:_write:285 - 1500 bytes written to disk.
2026-03-12 15:49:40.605 | DEBUG    | baldaquin.buf:open:104 - Ouput file /home/lab1-student/baldaquindata/plasduino/0309_000093/0309_000093_data.txt closed.
2026-03-12 15:49:40.606 | DEBUG    | baldaquin.buf:open:100 - Opening output file /home/lab1-student/baldaquindata/plasduino/0309_000094/0309_000094_data.txt {'mode': 'at', 'encoding': 'utf-8'}...
2026-03-12 15:49:40.616 | DEBUG    | baldaquin.buf:_write:285 - 1500 bytes written to disk.
2026-03-12 15:49:40.617 | DEBUG    | baldaquin.buf:open:104 - Ouput file /home/lab1-student/baldaquindata/plasduino/0309_000094/0309_000094_data.txt closed.
2026-03-12 15:49:40.617 | DEBUG    | baldaquin.buf:open:100 - Opening output file /home/lab1-student/baldaquindata/plasduino/0309_000095/0309_000095_data.txt {'mode': 'at', 'encoding': 'utf-8'}...
2026-03-12 15:49:40.617 | DEBUG    | baldaquin.buf:_write:285 - 1500 bytes written to disk.
2026-03-12 15:49:40.619 | DEBUG    | baldaquin.buf:open:104 - Ouput file /home/lab1-student/baldaquindata/plasduino/0309_000095/0309_000095_data.txt closed.
2026-03-12 15:49:40.619 | DEBUG    | baldaquin.buf:open:100 - Opening output file /home/lab1-student/baldaquindata/plasduino/0309_000095/0309_000095_data.dat {'mode': 'ab'}...
2026-03-12 15:49:40.619 | DEBUG    | baldaquin.buf:_pop_and_write_raw:259 - 800 bytes written to disk.
2026-03-12 15:49:40.620 | DEBUG    | baldaquin.buf:open:104 - Ouput file /home/lab1-student/baldaquindata/plasduino/0309_000095/0309_000095_data.dat closed.
2026-03-12 15:49:40.620 | INFO     | baldaquin.buf:flush:318 - 15800 bytes (800 raw bytes) written to disk.
2026-03-12 15:49:40.620 | DEBUG    | baldaquin.profile:wrap:32 - Running time for flush(): 0.077189 s
2026-03-12 15:49:43.071 | INFO     | baldaquin.buf:flush:309 - 100 packets ready to be written out...
2026-03-12 15:49:43.071 | DEBUG    | baldaquin.buf:open:100 - Opening output file /home/lab1-student/baldaquindata/plasduino/0309_000086/0309_000086_data.txt {'mode': 'at', 'encoding': 'utf-8'}...
2026-03-12 15:49:43.072 | DEBUG    | baldaquin.buf:_write:285 - 1500 bytes written to disk.
2026-03-12 15:49:43.078 | DEBUG    | baldaquin.buf:open:104 - Ouput file /home/lab1-student/baldaquindata/plasduino/0309_000086/0309_000086_data.txt closed.
2026-03-12 15:49:43.078 | DEBUG    | baldaquin.buf:open:100 - Opening output file /home/lab1-student/baldaquindata/plasduino/0309_000087/0309_000087_data.txt {'mode': 'at', 'encoding': 'utf-8'}...
2026-03-12 15:49:43.080 | DEBUG    | baldaquin.buf:_write:285 - 1500 bytes written to disk.
2026-03-12 15:49:43.081 | DEBUG    | baldaquin.buf:open:104 - Ouput file /home/lab1-student/baldaquindata/plasduino/0309_000087/0309_000087_data.txt closed.
2026-03-12 15:49:43.083 | DEBUG    | baldaquin.buf:open:100 - Opening output file /home/lab1-student/baldaquindata/plasduino/0309_000088/0309_000088_data.txt {'mode': 'at', 'encoding': 'utf-8'}...
2026-03-12 15:49:43.085 | DEBUG    | baldaquin.buf:_write:285 - 1500 bytes written to disk.
2026-03-12 15:49:43.090 | DEBUG    | baldaquin.buf:open:104 - Ouput file /home/lab1-student/baldaquindata/plasduino/0309_000088/0309_000088_data.txt closed.
2026-03-12 15:49:43.090 | DEBUG    | baldaquin.buf:open:100 - Opening output file /home/lab1-student/baldaquindata/plasduino/0309_000089/0309_000089_data.txt {'mode': 'at', 'encoding': 'utf-8'}...
2026-03-12 15:49:43.091 | DEBUG    | baldaquin.buf:_write:285 - 1500 bytes written to disk.
2026-03-12 15:49:43.091 | DEBUG    | baldaquin.buf:open:104 - Ouput file /home/lab1-student/baldaquindata/plasduino/0309_000089/0309_000089_data.txt closed.
2026-03-12 15:49:43.101 | DEBUG    | baldaquin.buf:open:100 - Opening output file /home/lab1-student/baldaquindata/plasduino/0309_000090/0309_000090_data.txt {'mode': 'at', 'encoding': 'utf-8'}...
2026-03-12 15:49:43.103 | DEBUG    | baldaquin.buf:_write:285 - 1500 bytes written to disk.
2026-03-12 15:49:43.103 | DEBUG    | baldaquin.buf:open:104 - Ouput file /home/lab1-student/baldaquindata/plasduino/0309_000090/0309_000090_data.txt closed.
2026-03-12 15:49:43.108 | DEBUG    | baldaquin.buf:open:100 - Opening output file /home/lab1-student/baldaquindata/plasduino/0309_000091/0309_000091_data.txt {'mode': 'at', 'encoding': 'utf-8'}...
2026-03-12 15:49:43.109 | DEBUG    | baldaquin.buf:_write:285 - 1500 bytes written to disk.
2026-03-12 15:49:43.109 | DEBUG    | baldaquin.buf:open:104 - Ouput file /home/lab1-student/baldaquindata/plasduino/0309_000091/0309_000091_data.txt closed.
2026-03-12 15:49:43.109 | DEBUG    | baldaquin.buf:open:100 - Opening output file /home/lab1-student/baldaquindata/plasduino/0309_000092/0309_000092_data.txt {'mode': 'at', 'encoding': 'utf-8'}...
2026-03-12 15:49:43.110 | DEBUG    | baldaquin.buf:_write:285 - 1500 bytes written to disk.
2026-03-12 15:49:43.111 | DEBUG    | baldaquin.buf:open:104 - Ouput file /home/lab1-student/baldaquindata/plasduino/0309_000092/0309_000092_data.txt closed.
2026-03-12 15:49:43.111 | DEBUG    | baldaquin.buf:open:100 - Opening output file /home/lab1-student/baldaquindata/plasduino/0309_000093/0309_000093_data.txt {'mode': 'at', 'encoding': 'utf-8'}...
2026-03-12 15:49:43.112 | DEBUG    | baldaquin.buf:_write:285 - 1500 bytes written to disk.
2026-03-12 15:49:43.112 | DEBUG    | baldaquin.buf:open:104 - Ouput file /home/lab1-student/baldaquindata/plasduino/0309_000093/0309_000093_data.txt closed.
2026-03-12 15:49:43.112 | DEBUG    | baldaquin.buf:open:100 - Opening output file /home/lab1-student/baldaquindata/plasduino/0309_000094/0309_000094_data.txt {'mode': 'at', 'encoding': 'utf-8'}...
2026-03-12 15:49:43.113 | DEBUG    | baldaquin.buf:_write:285 - 1500 bytes written to disk.
2026-03-12 15:49:43.113 | DEBUG    | baldaquin.buf:open:104 - Ouput file /home/lab1-student/baldaquindata/plasduino/0309_000094/0309_000094_data.txt closed.
2026-03-12 15:49:43.113 | DEBUG    | baldaquin.buf:open:100 - Opening output file /home/lab1-student/baldaquindata/plasduino/0309_000095/0309_000095_data.txt {'mode': 'at', 'encoding': 'utf-8'}...
2026-03-12 15:49:43.113 | DEBUG    | baldaquin.buf:_write:285 - 1500 bytes written to disk.
2026-03-12 15:49:43.114 | DEBUG    | baldaquin.buf:open:104 - Ouput file /home/lab1-student/baldaquindata/plasduino/0309_000095/0309_000095_data.txt closed.
2026-03-12 15:49:43.114 | DEBUG    | baldaquin.buf:open:100 - Opening output file /home/lab1-student/baldaquindata/plasduino/0309_000095/0309_000095_data.dat {'mode': 'ab'}...
2026-03-12 15:49:43.114 | DEBUG    | baldaquin.buf:_pop_and_write_raw:259 - 800 bytes written to disk.
2026-03-12 15:49:43.114 | DEBUG    | baldaquin.buf:open:104 - Ouput file /home/lab1-student/baldaquindata/plasduino/0309_000095/0309_000095_data.dat closed.
2026-03-12 15:49:43.114 | INFO     | baldaquin.buf:flush:318 - 15800 bytes (800 raw bytes) written to disk.
2026-03-12 15:49:43.114 | DEBUG    | baldaquin.profile:wrap:32 - Running time for flush(): 0.043366 s
2026-03-12 15:49:45.601 | INFO     | baldaquin.buf:flush:309 - 100 packets ready to be written out...
2026-03-12 15:49:45.601 | DEBUG    | baldaquin.buf:open:100 - Opening output file /home/lab1-student/baldaquindata/plasduino/0309_000086/0309_000086_data.txt {'mode': 'at', 'encoding': 'utf-8'}...
2026-03-12 15:49:45.602 | DEBUG    | baldaquin.buf:_write:285 - 1500 bytes written to disk.
2026-03-12 15:49:45.602 | DEBUG    | baldaquin.buf:open:104 - Ouput file /home/lab1-student/baldaquindata/plasduino/0309_000086/0309_000086_data.txt closed.
2026-03-12 15:49:45.602 | DEBUG    | baldaquin.buf:open:100 - Opening output file /home/lab1-student/baldaquindata/plasduino/0309_000087/0309_000087_data.txt {'mode': 'at', 'encoding': 'utf-8'}...
2026-03-12 15:49:45.603 | DEBUG    | baldaquin.buf:_write:285 - 1500 bytes written to disk.
2026-03-12 15:49:45.603 | DEBUG    | baldaquin.buf:open:104 - Ouput file /home/lab1-student/baldaquindata/plasduino/0309_000087/0309_000087_data.txt closed.
2026-03-12 15:49:45.603 | DEBUG    | baldaquin.buf:open:100 - Opening output file /home/lab1-student/baldaquindata/plasduino/0309_000088/0309_000088_data.txt {'mode': 'at', 'encoding': 'utf-8'}...
2026-03-12 15:49:45.603 | DEBUG    | baldaquin.buf:_write:285 - 1500 bytes written to disk.
2026-03-12 15:49:45.603 | DEBUG    | baldaquin.buf:open:104 - Ouput file /home/lab1-student/baldaquindata/plasduino/0309_000088/0309_000088_data.txt closed.
2026-03-12 15:49:45.603 | DEBUG    | baldaquin.buf:open:100 - Opening output file /home/lab1-student/baldaquindata/plasduino/0309_000089/0309_000089_data.txt {'mode': 'at', 'encoding': 'utf-8'}...
2026-03-12 15:49:45.604 | DEBUG    | baldaquin.buf:_write:285 - 1500 bytes written to disk.
2026-03-12 15:49:45.604 | DEBUG    | baldaquin.buf:open:104 - Ouput file /home/lab1-student/baldaquindata/plasduino/0309_000089/0309_000089_data.txt closed.
2026-03-12 15:49:45.604 | DEBUG    | baldaquin.buf:open:100 - Opening output file /home/lab1-student/baldaquindata/plasduino/0309_000090/0309_000090_data.txt {'mode': 'at', 'encoding': 'utf-8'}...
2026-03-12 15:49:45.605 | DEBUG    | baldaquin.buf:_write:285 - 1500 bytes written to disk.
2026-03-12 15:49:45.605 | DEBUG    | baldaquin.buf:open:104 - Ouput file /home/lab1-student/baldaquindata/plasduino/0309_000090/0309_000090_data.txt closed.
2026-03-12 15:49:45.605 | DEBUG    | baldaquin.buf:open:100 - Opening output file /home/lab1-student/baldaquindata/plasduino/0309_000091/0309_000091_data.txt {'mode': 'at', 'encoding': 'utf-8'}...
2026-03-12 15:49:45.605 | DEBUG    | baldaquin.buf:_write:285 - 1500 bytes written to disk.
2026-03-12 15:49:45.606 | DEBUG    | baldaquin.buf:open:104 - Ouput file /home/lab1-student/baldaquindata/plasduino/0309_000091/0309_000091_data.txt closed.
2026-03-12 15:49:45.606 | DEBUG    | baldaquin.buf:open:100 - Opening output file /home/lab1-student/baldaquindata/plasduino/0309_000092/0309_000092_data.txt {'mode': 'at', 'encoding': 'utf-8'}...
2026-03-12 15:49:45.607 | DEBUG    | baldaquin.buf:_write:285 - 1500 bytes written to disk.
2026-03-12 15:49:45.607 | DEBUG    | baldaquin.buf:open:104 - Ouput file /home/lab1-student/baldaquindata/plasduino/0309_000092/0309_000092_data.txt closed.
2026-03-12 15:49:45.607 | DEBUG    | baldaquin.buf:open:100 - Opening output file /home/lab1-student/baldaquindata/plasduino/0309_000093/0309_000093_data.txt {'mode': 'at', 'encoding': 'utf-8'}...
2026-03-12 15:49:45.608 | DEBUG    | baldaquin.buf:_write:285 - 1500 bytes written to disk.
2026-03-12 15:49:45.608 | DEBUG    | baldaquin.buf:open:104 - Ouput file /home/lab1-student/baldaquindata/plasduino/0309_000093/0309_000093_data.txt closed.
2026-03-12 15:49:45.608 | DEBUG    | baldaquin.buf:open:100 - Opening output file /home/lab1-student/baldaquindata/plasduino/0309_000094/0309_000094_data.txt {'mode': 'at', 'encoding': 'utf-8'}...
2026-03-12 15:49:45.609 | DEBUG    | baldaquin.buf:_write:285 - 1500 bytes written to disk.
2026-03-12 15:49:45.609 | DEBUG    | baldaquin.buf:open:104 - Ouput file /home/lab1-student/baldaquindata/plasduino/0309_000094/0309_000094_data.txt closed.
2026-03-12 15:49:45.609 | DEBUG    | baldaquin.buf:open:100 - Opening output file /home/lab1-student/baldaquindata/plasduino/0309_000095/0309_000095_data.txt {'mode': 'at', 'encoding': 'utf-8'}...
2026-03-12 15:49:45.610 | DEBUG    | baldaquin.buf:_write:285 - 1500 bytes written to disk.
2026-03-12 15:49:45.610 | DEBUG    | baldaquin.buf:open:104 - Ouput file /home/lab1-student/baldaquindata/plasduino/0309_000095/0309_000095_data.txt closed.
2026-03-12 15:49:45.610 | DEBUG    | baldaquin.buf:open:100 - Opening output file /home/lab1-student/baldaquindata/plasduino/0309_000095/0309_000095_data.dat {'mode': 'ab'}...
2026-03-12 15:49:45.610 | DEBUG    | baldaquin.buf:_pop_and_write_raw:259 - 800 bytes written to disk.
2026-03-12 15:49:45.610 | DEBUG    | baldaquin.buf:open:104 - Ouput file /home/lab1-student/baldaquindata/plasduino/0309_000095/0309_000095_data.dat closed.
2026-03-12 15:49:45.610 | INFO     | baldaquin.buf:flush:318 - 15800 bytes (800 raw bytes) written to disk.
2026-03-12 15:49:45.611 | DEBUG    | baldaquin.profile:wrap:32 - Running time for flush(): 0.009571 s
2026-03-12 15:49:48.144 | INFO     | baldaquin.buf:flush:309 - 100 packets ready to be written out...
2026-03-12 15:49:48.152 | DEBUG    | baldaquin.buf:open:100 - Opening output file /home/lab1-student/baldaquindata/plasduino/0309_000086/0309_000086_data.txt {'mode': 'at', 'encoding': 'utf-8'}...
2026-03-12 15:49:48.154 | DEBUG    | baldaquin.buf:_write:285 - 1500 bytes written to disk.
2026-03-12 15:49:48.154 | DEBUG    | baldaquin.buf:open:104 - Ouput file /home/lab1-student/baldaquindata/plasduino/0309_000086/0309_000086_data.txt closed.
2026-03-12 15:49:48.154 | DEBUG    | baldaquin.buf:open:100 - Opening output file /home/lab1-student/baldaquindata/plasduino/0309_000087/0309_000087_data.txt {'mode': 'at', 'encoding': 'utf-8'}...
2026-03-12 15:49:48.155 | DEBUG    | baldaquin.buf:_write:285 - 1500 bytes written to disk.
2026-03-12 15:49:48.157 | DEBUG    | baldaquin.buf:open:104 - Ouput file /home/lab1-student/baldaquindata/plasduino/0309_000087/0309_000087_data.txt closed.
2026-03-12 15:49:48.158 | DEBUG    | baldaquin.buf:open:100 - Opening output file /home/lab1-student/baldaquindata/plasduino/0309_000088/0309_000088_data.txt {'mode': 'at', 'encoding': 'utf-8'}...
2026-03-12 15:49:48.159 | DEBUG    | baldaquin.buf:_write:285 - 1500 bytes written to disk.
2026-03-12 15:49:48.161 | DEBUG    | baldaquin.buf:open:104 - Ouput file /home/lab1-student/baldaquindata/plasduino/0309_000088/0309_000088_data.txt closed.
2026-03-12 15:49:48.162 | DEBUG    | baldaquin.buf:open:100 - Opening output file /home/lab1-student/baldaquindata/plasduino/0309_000089/0309_000089_data.txt {'mode': 'at', 'encoding': 'utf-8'}...
2026-03-12 15:49:48.168 | DEBUG    | baldaquin.buf:_write:285 - 1500 bytes written to disk.
2026-03-12 15:49:48.168 | DEBUG    | baldaquin.buf:open:104 - Ouput file /home/lab1-student/baldaquindata/plasduino/0309_000089/0309_000089_data.txt closed.
2026-03-12 15:49:48.175 | DEBUG    | baldaquin.buf:open:100 - Opening output file /home/lab1-student/baldaquindata/plasduino/0309_000090/0309_000090_data.txt {'mode': 'at', 'encoding': 'utf-8'}...
2026-03-12 15:49:48.176 | DEBUG    | baldaquin.buf:_write:285 - 1500 bytes written to disk.
2026-03-12 15:49:48.182 | DEBUG    | baldaquin.buf:open:104 - Ouput file /home/lab1-student/baldaquindata/plasduino/0309_000090/0309_000090_data.txt closed.
2026-03-12 15:49:48.188 | DEBUG    | baldaquin.buf:open:100 - Opening output file /home/lab1-student/baldaquindata/plasduino/0309_000091/0309_000091_data.txt {'mode': 'at', 'encoding': 'utf-8'}...
2026-03-12 15:49:48.195 | DEBUG    | baldaquin.buf:_write:285 - 1500 bytes written to disk.
2026-03-12 15:49:48.197 | DEBUG    | baldaquin.buf:open:104 - Ouput file /home/lab1-student/baldaquindata/plasduino/0309_000091/0309_000091_data.txt closed.
2026-03-12 15:49:48.197 | DEBUG    | baldaquin.buf:open:100 - Opening output file /home/lab1-student/baldaquindata/plasduino/0309_000092/0309_000092_data.txt {'mode': 'at', 'encoding': 'utf-8'}...
2026-03-12 15:49:48.199 | DEBUG    | baldaquin.buf:_write:285 - 1500 bytes written to disk.
2026-03-12 15:49:48.200 | DEBUG    | baldaquin.buf:open:104 - Ouput file /home/lab1-student/baldaquindata/plasduino/0309_000092/0309_000092_data.txt closed.
2026-03-12 15:49:48.200 | DEBUG    | baldaquin.buf:open:100 - Opening output file /home/lab1-student/baldaquindata/plasduino/0309_000093/0309_000093_data.txt {'mode': 'at', 'encoding': 'utf-8'}...
2026-03-12 15:49:48.202 | DEBUG    | baldaquin.buf:_write:285 - 1500 bytes written to disk.
2026-03-12 15:49:48.203 | DEBUG    | baldaquin.buf:open:104 - Ouput file /home/lab1-student/baldaquindata/plasduino/0309_000093/0309_000093_data.txt closed.
2026-03-12 15:49:48.203 | DEBUG    | baldaquin.buf:open:100 - Opening output file /home/lab1-student/baldaquindata/plasduino/0309_000094/0309_000094_data.txt {'mode': 'at', 'encoding': 'utf-8'}...
2026-03-12 15:49:48.211 | DEBUG    | baldaquin.buf:_write:285 - 1500 bytes written to disk.
2026-03-12 15:49:48.211 | DEBUG    | baldaquin.buf:open:104 - Ouput file /home/lab1-student/baldaquindata/plasduino/0309_000094/0309_000094_data.txt closed.
2026-03-12 15:49:48.211 | DEBUG    | baldaquin.buf:open:100 - Opening output file /home/lab1-student/baldaquindata/plasduino/0309_000095/0309_000095_data.txt {'mode': 'at', 'encoding': 'utf-8'}...
2026-03-12 15:49:48.212 | DEBUG    | baldaquin.buf:_write:285 - 1500 bytes written to disk.
2026-03-12 15:49:48.212 | DEBUG    | baldaquin.buf:open:104 - Ouput file /home/lab1-student/baldaquindata/plasduino/0309_000095/0309_000095_data.txt closed.
2026-03-12 15:49:48.212 | DEBUG    | baldaquin.buf:open:100 - Opening output file /home/lab1-student/baldaquindata/plasduino/0309_000095/0309_000095_data.dat {'mode': 'ab'}...
2026-03-12 15:49:48.213 | DEBUG    | baldaquin.buf:_pop_and_write_raw:259 - 800 bytes written to disk.
2026-03-12 15:49:48.213 | DEBUG    | baldaquin.buf:open:104 - Ouput file /home/lab1-student/baldaquindata/plasduino/0309_000095/0309_000095_data.dat closed.
2026-03-12 15:49:48.213 | INFO     | baldaquin.buf:flush:318 - 15800 bytes (800 raw bytes) written to disk.
2026-03-12 15:49:48.213 | DEBUG    | baldaquin.profile:wrap:32 - Running time for flush(): 0.069489 s
2026-03-12 15:49:50.682 | INFO     | baldaquin.buf:flush:309 - 100 packets ready to be written out...
2026-03-12 15:49:50.682 | DEBUG    | baldaquin.buf:open:100 - Opening output file /home/lab1-student/baldaquindata/plasduino/0309_000086/0309_000086_data.txt {'mode': 'at', 'encoding': 'utf-8'}...
2026-03-12 15:49:50.684 | DEBUG    | baldaquin.buf:_write:285 - 1500 bytes written to disk.
2026-03-12 15:49:50.685 | DEBUG    | baldaquin.buf:open:104 - Ouput file /home/lab1-student/baldaquindata/plasduino/0309_000086/0309_000086_data.txt closed.
2026-03-12 15:49:50.685 | DEBUG    | baldaquin.buf:open:100 - Opening output file /home/lab1-student/baldaquindata/plasduino/0309_000087/0309_000087_data.txt {'mode': 'at', 'encoding': 'utf-8'}...
2026-03-12 15:49:50.687 | DEBUG    | baldaquin.buf:_write:285 - 1500 bytes written to disk.
2026-03-12 15:49:50.687 | DEBUG    | baldaquin.buf:open:104 - Ouput file /home/lab1-student/baldaquindata/plasduino/0309_000087/0309_000087_data.txt closed.
2026-03-12 15:49:50.687 | DEBUG    | baldaquin.buf:open:100 - Opening output file /home/lab1-student/baldaquindata/plasduino/0309_000088/0309_000088_data.txt {'mode': 'at', 'encoding': 'utf-8'}...
2026-03-12 15:49:50.688 | DEBUG    | baldaquin.buf:_write:285 - 1500 bytes written to disk.
2026-03-12 15:49:50.688 | DEBUG    | baldaquin.buf:open:104 - Ouput file /home/lab1-student/baldaquindata/plasduino/0309_000088/0309_000088_data.txt closed.
2026-03-12 15:49:50.691 | DEBUG    | baldaquin.buf:open:100 - Opening output file /home/lab1-student/baldaquindata/plasduino/0309_000089/0309_000089_data.txt {'mode': 'at', 'encoding': 'utf-8'}...
2026-03-12 15:49:50.691 | DEBUG    | baldaquin.buf:_write:285 - 1500 bytes written to disk.
2026-03-12 15:49:50.691 | DEBUG    | baldaquin.buf:open:104 - Ouput file /home/lab1-student/baldaquindata/plasduino/0309_000089/0309_000089_data.txt closed.
2026-03-12 15:49:50.691 | DEBUG    | baldaquin.buf:open:100 - Opening output file /home/lab1-student/baldaquindata/plasduino/0309_000090/0309_000090_data.txt {'mode': 'at', 'encoding': 'utf-8'}...
2026-03-12 15:49:50.692 | DEBUG    | baldaquin.buf:_write:285 - 1500 bytes written to disk.
2026-03-12 15:49:50.692 | DEBUG    | baldaquin.buf:open:104 - Ouput file /home/lab1-student/baldaquindata/plasduino/0309_000090/0309_000090_data.txt closed.
2026-03-12 15:49:50.692 | DEBUG    | baldaquin.buf:open:100 - Opening output file /home/lab1-student/baldaquindata/plasduino/0309_000091/0309_000091_data.txt {'mode': 'at', 'encoding': 'utf-8'}...
2026-03-12 15:49:50.696 | DEBUG    | baldaquin.buf:_write:285 - 1500 bytes written to disk.
2026-03-12 15:49:50.696 | DEBUG    | baldaquin.buf:open:104 - Ouput file /home/lab1-student/baldaquindata/plasduino/0309_000091/0309_000091_data.txt closed.
2026-03-12 15:49:50.698 | DEBUG    | baldaquin.buf:open:100 - Opening output file /home/lab1-student/baldaquindata/plasduino/0309_000092/0309_000092_data.txt {'mode': 'at', 'encoding': 'utf-8'}...
2026-03-12 15:49:50.703 | DEBUG    | baldaquin.buf:_write:285 - 1500 bytes written to disk.
2026-03-12 15:49:50.704 | DEBUG    | baldaquin.buf:open:104 - Ouput file /home/lab1-student/baldaquindata/plasduino/0309_000092/0309_000092_data.txt closed.
2026-03-12 15:49:50.704 | DEBUG    | baldaquin.buf:open:100 - Opening output file /home/lab1-student/baldaquindata/plasduino/0309_000093/0309_000093_data.txt {'mode': 'at', 'encoding': 'utf-8'}...
2026-03-12 15:49:50.704 | DEBUG    | baldaquin.buf:_write:285 - 1500 bytes written to disk.
2026-03-12 15:49:50.704 | DEBUG    | baldaquin.buf:open:104 - Ouput file /home/lab1-student/baldaquindata/plasduino/0309_000093/0309_000093_data.txt closed.
2026-03-12 15:49:50.704 | DEBUG    | baldaquin.buf:open:100 - Opening output file /home/lab1-student/baldaquindata/plasduino/0309_000094/0309_000094_data.txt {'mode': 'at', 'encoding': 'utf-8'}...
2026-03-12 15:49:50.705 | DEBUG    | baldaquin.buf:_write:285 - 1500 bytes written to disk.
2026-03-12 15:49:50.708 | DEBUG    | baldaquin.buf:open:104 - Ouput file /home/lab1-student/baldaquindata/plasduino/0309_000094/0309_000094_data.txt closed.
2026-03-12 15:49:50.708 | DEBUG    | baldaquin.buf:open:100 - Opening output file /home/lab1-student/baldaquindata/plasduino/0309_000095/0309_000095_data.txt {'mode': 'at', 'encoding': 'utf-8'}...
2026-03-12 15:49:50.713 | DEBUG    | baldaquin.buf:_write:285 - 1500 bytes written to disk.
2026-03-12 15:49:50.713 | DEBUG    | baldaquin.buf:open:104 - Ouput file /home/lab1-student/baldaquindata/plasduino/0309_000095/0309_000095_data.txt closed.
2026-03-12 15:49:50.713 | DEBUG    | baldaquin.buf:open:100 - Opening output file /home/lab1-student/baldaquindata/plasduino/0309_000095/0309_000095_data.dat {'mode': 'ab'}...
2026-03-12 15:49:50.713 | DEBUG    | baldaquin.buf:_pop_and_write_raw:259 - 800 bytes written to disk.
2026-03-12 15:49:50.713 | DEBUG    | baldaquin.buf:open:104 - Ouput file /home/lab1-student/baldaquindata/plasduino/0309_000095/0309_000095_data.dat closed.
2026-03-12 15:49:50.713 | INFO     | baldaquin.buf:flush:318 - 15800 bytes (800 raw bytes) written to disk.
2026-03-12 15:49:50.713 | DEBUG    | baldaquin.profile:wrap:32 - Running time for flush(): 0.031874 s
2026-03-12 15:49:53.211 | INFO     | baldaquin.buf:flush:309 - 100 packets ready to be written out...
2026-03-12 15:49:53.211 | DEBUG    | baldaquin.buf:open:100 - Opening output file /home/lab1-student/baldaquindata/plasduino/0309_000086/0309_000086_data.txt {'mode': 'at', 'encoding': 'utf-8'}...
2026-03-12 15:49:53.212 | DEBUG    | baldaquin.buf:_write:285 - 1500 bytes written to disk.
2026-03-12 15:49:53.212 | DEBUG    | baldaquin.buf:open:104 - Ouput file /home/lab1-student/baldaquindata/plasduino/0309_000086/0309_000086_data.txt closed.
2026-03-12 15:49:53.212 | DEBUG    | baldaquin.buf:open:100 - Opening output file /home/lab1-student/baldaquindata/plasduino/0309_000087/0309_000087_data.txt {'mode': 'at', 'encoding': 'utf-8'}...
2026-03-12 15:49:53.213 | DEBUG    | baldaquin.buf:_write:285 - 1500 bytes written to disk.
2026-03-12 15:49:53.213 | DEBUG    | baldaquin.buf:open:104 - Ouput file /home/lab1-student/baldaquindata/plasduino/0309_000087/0309_000087_data.txt closed.
2026-03-12 15:49:53.213 | DEBUG    | baldaquin.buf:open:100 - Opening output file /home/lab1-student/baldaquindata/plasduino/0309_000088/0309_000088_data.txt {'mode': 'at', 'encoding': 'utf-8'}...
2026-03-12 15:49:53.213 | DEBUG    | baldaquin.buf:_write:285 - 1500 bytes written to disk.
2026-03-12 15:49:53.213 | DEBUG    | baldaquin.buf:open:104 - Ouput file /home/lab1-student/baldaquindata/plasduino/0309_000088/0309_000088_data.txt closed.
2026-03-12 15:49:53.213 | DEBUG    | baldaquin.buf:open:100 - Opening output file /home/lab1-student/baldaquindata/plasduino/0309_000089/0309_000089_data.txt {'mode': 'at', 'encoding': 'utf-8'}...
2026-03-12 15:49:53.214 | DEBUG    | baldaquin.buf:_write:285 - 1500 bytes written to disk.
2026-03-12 15:49:53.214 | DEBUG    | baldaquin.buf:open:104 - Ouput file /home/lab1-student/baldaquindata/plasduino/0309_000089/0309_000089_data.txt closed.
2026-03-12 15:49:53.214 | DEBUG    | baldaquin.buf:open:100 - Opening output file /home/lab1-student/baldaquindata/plasduino/0309_000090/0309_000090_data.txt {'mode': 'at', 'encoding': 'utf-8'}...
2026-03-12 15:49:53.215 | DEBUG    | baldaquin.buf:_write:285 - 1500 bytes written to disk.
2026-03-12 15:49:53.215 | DEBUG    | baldaquin.buf:open:104 - Ouput file /home/lab1-student/baldaquindata/plasduino/0309_000090/0309_000090_data.txt closed.
2026-03-12 15:49:53.215 | DEBUG    | baldaquin.buf:open:100 - Opening output file /home/lab1-student/baldaquindata/plasduino/0309_000091/0309_000091_data.txt {'mode': 'at', 'encoding': 'utf-8'}...
2026-03-12 15:49:53.215 | DEBUG    | baldaquin.buf:_write:285 - 1500 bytes written to disk.
2026-03-12 15:49:53.215 | DEBUG    | baldaquin.buf:open:104 - Ouput file /home/lab1-student/baldaquindata/plasduino/0309_000091/0309_000091_data.txt closed.
2026-03-12 15:49:53.215 | DEBUG    | baldaquin.buf:open:100 - Opening output file /home/lab1-student/baldaquindata/plasduino/0309_000092/0309_000092_data.txt {'mode': 'at', 'encoding': 'utf-8'}...
2026-03-12 15:49:53.216 | DEBUG    | baldaquin.buf:_write:285 - 1500 bytes written to disk.
2026-03-12 15:49:53.216 | DEBUG    | baldaquin.buf:open:104 - Ouput file /home/lab1-student/baldaquindata/plasduino/0309_000092/0309_000092_data.txt closed.
2026-03-12 15:49:53.216 | DEBUG    | baldaquin.buf:open:100 - Opening output file /home/lab1-student/baldaquindata/plasduino/0309_000093/0309_000093_data.txt {'mode': 'at', 'encoding': 'utf-8'}...
2026-03-12 15:49:53.217 | DEBUG    | baldaquin.buf:_write:285 - 1500 bytes written to disk.
2026-03-12 15:49:53.217 | DEBUG    | baldaquin.buf:open:104 - Ouput file /home/lab1-student/baldaquindata/plasduino/0309_000093/0309_000093_data.txt closed.
2026-03-12 15:49:53.217 | DEBUG    | baldaquin.buf:open:100 - Opening output file /home/lab1-student/baldaquindata/plasduino/0309_000094/0309_000094_data.txt {'mode': 'at', 'encoding': 'utf-8'}...
2026-03-12 15:49:53.217 | DEBUG    | baldaquin.buf:_write:285 - 1500 bytes written to disk.
2026-03-12 15:49:53.217 | DEBUG    | baldaquin.buf:open:104 - Ouput file /home/lab1-student/baldaquindata/plasduino/0309_000094/0309_000094_data.txt closed.
2026-03-12 15:49:53.217 | DEBUG    | baldaquin.buf:open:100 - Opening output file /home/lab1-student/baldaquindata/plasduino/0309_000095/0309_000095_data.txt {'mode': 'at', 'encoding': 'utf-8'}...
2026-03-12 15:49:53.218 | DEBUG    | baldaquin.buf:_write:285 - 1500 bytes written to disk.
2026-03-12 15:49:53.218 | DEBUG    | baldaquin.buf:open:104 - Ouput file /home/lab1-student/baldaquindata/plasduino/0309_000095/0309_000095_data.txt closed.
2026-03-12 15:49:53.218 | DEBUG    | baldaquin.buf:open:100 - Opening output file /home/lab1-student/baldaquindata/plasduino/0309_000095/0309_000095_data.dat {'mode': 'ab'}...
2026-03-12 15:49:53.218 | DEBUG    | baldaquin.buf:_pop_and_write_raw:259 - 800 bytes written to disk.
2026-03-12 15:49:53.219 | DEBUG    | baldaquin.buf:open:104 - Ouput file /home/lab1-student/baldaquindata/plasduino/0309_000095/0309_000095_data.dat closed.
2026-03-12 15:49:53.219 | INFO     | baldaquin.buf:flush:318 - 15800 bytes (800 raw bytes) written to disk.
2026-03-12 15:49:53.219 | DEBUG    | baldaquin.profile:wrap:32 - Running time for flush(): 0.007794 s
2026-03-12 15:49:55.754 | INFO     | baldaquin.buf:flush:309 - 100 packets ready to be written out...
2026-03-12 15:49:55.754 | DEBUG    | baldaquin.buf:open:100 - Opening output file /home/lab1-student/baldaquindata/plasduino/0309_000086/0309_000086_data.txt {'mode': 'at', 'encoding': 'utf-8'}...
2026-03-12 15:49:55.755 | DEBUG    | baldaquin.buf:_write:285 - 1500 bytes written to disk.
2026-03-12 15:49:55.755 | DEBUG    | baldaquin.buf:open:104 - Ouput file /home/lab1-student/baldaquindata/plasduino/0309_000086/0309_000086_data.txt closed.
2026-03-12 15:49:55.757 | DEBUG    | baldaquin.buf:open:100 - Opening output file /home/lab1-student/baldaquindata/plasduino/0309_000087/0309_000087_data.txt {'mode': 'at', 'encoding': 'utf-8'}...
2026-03-12 15:49:55.763 | DEBUG    | baldaquin.buf:_write:285 - 1500 bytes written to disk.
2026-03-12 15:49:55.767 | DEBUG    | baldaquin.buf:open:104 - Ouput file /home/lab1-student/baldaquindata/plasduino/0309_000087/0309_000087_data.txt closed.
2026-03-12 15:49:55.768 | DEBUG    | baldaquin.buf:open:100 - Opening output file /home/lab1-student/baldaquindata/plasduino/0309_000088/0309_000088_data.txt {'mode': 'at', 'encoding': 'utf-8'}...
2026-03-12 15:49:55.792 | DEBUG    | baldaquin.buf:_write:285 - 1500 bytes written to disk.
2026-03-12 15:49:55.792 | DEBUG    | baldaquin.buf:open:104 - Ouput file /home/lab1-student/baldaquindata/plasduino/0309_000088/0309_000088_data.txt closed.
2026-03-12 15:49:55.792 | DEBUG    | baldaquin.buf:open:100 - Opening output file /home/lab1-student/baldaquindata/plasduino/0309_000089/0309_000089_data.txt {'mode': 'at', 'encoding': 'utf-8'}...
2026-03-12 15:49:55.794 | DEBUG    | baldaquin.buf:_write:285 - 1500 bytes written to disk.
2026-03-12 15:49:55.795 | DEBUG    | baldaquin.buf:open:104 - Ouput file /home/lab1-student/baldaquindata/plasduino/0309_000089/0309_000089_data.txt closed.
2026-03-12 15:49:55.796 | DEBUG    | baldaquin.buf:open:100 - Opening output file /home/lab1-student/baldaquindata/plasduino/0309_000090/0309_000090_data.txt {'mode': 'at', 'encoding': 'utf-8'}...
2026-03-12 15:49:55.796 | DEBUG    | baldaquin.buf:_write:285 - 1500 bytes written to disk.
2026-03-12 15:49:55.798 | DEBUG    | baldaquin.buf:open:104 - Ouput file /home/lab1-student/baldaquindata/plasduino/0309_000090/0309_000090_data.txt closed.
2026-03-12 15:49:55.813 | DEBUG    | baldaquin.buf:open:100 - Opening output file /home/lab1-student/baldaquindata/plasduino/0309_000091/0309_000091_data.txt {'mode': 'at', 'encoding': 'utf-8'}...
2026-03-12 15:49:55.814 | DEBUG    | baldaquin.buf:_write:285 - 1500 bytes written to disk.
2026-03-12 15:49:55.816 | DEBUG    | baldaquin.buf:open:104 - Ouput file /home/lab1-student/baldaquindata/plasduino/0309_000091/0309_000091_data.txt closed.
2026-03-12 15:49:55.816 | DEBUG    | baldaquin.buf:open:100 - Opening output file /home/lab1-student/baldaquindata/plasduino/0309_000092/0309_000092_data.txt {'mode': 'at', 'encoding': 'utf-8'}...
2026-03-12 15:49:55.817 | DEBUG    | baldaquin.buf:_write:285 - 1500 bytes written to disk.
2026-03-12 15:49:55.829 | DEBUG    | baldaquin.buf:open:104 - Ouput file /home/lab1-student/baldaquindata/plasduino/0309_000092/0309_000092_data.txt closed.
2026-03-12 15:49:55.849 | DEBUG    | baldaquin.buf:open:100 - Opening output file /home/lab1-student/baldaquindata/plasduino/0309_000093/0309_000093_data.txt {'mode': 'at', 'encoding': 'utf-8'}...
2026-03-12 15:49:55.861 | DEBUG    | baldaquin.buf:_write:285 - 1500 bytes written to disk.
2026-03-12 15:49:55.864 | DEBUG    | baldaquin.buf:open:104 - Ouput file /home/lab1-student/baldaquindata/plasduino/0309_000093/0309_000093_data.txt closed.
2026-03-12 15:49:55.864 | DEBUG    | baldaquin.buf:open:100 - Opening output file /home/lab1-student/baldaquindata/plasduino/0309_000094/0309_000094_data.txt {'mode': 'at', 'encoding': 'utf-8'}...
2026-03-12 15:49:55.871 | DEBUG    | baldaquin.buf:_write:285 - 1500 bytes written to disk.
2026-03-12 15:49:55.872 | DEBUG    | baldaquin.buf:open:104 - Ouput file /home/lab1-student/baldaquindata/plasduino/0309_000094/0309_000094_data.txt closed.
2026-03-12 15:49:55.872 | DEBUG    | baldaquin.buf:open:100 - Opening output file /home/lab1-student/baldaquindata/plasduino/0309_000095/0309_000095_data.txt {'mode': 'at', 'encoding': 'utf-8'}...
2026-03-12 15:49:55.872 | DEBUG    | baldaquin.buf:_write:285 - 1500 bytes written to disk.
2026-03-12 15:49:55.872 | DEBUG    | baldaquin.buf:open:104 - Ouput file /home/lab1-student/baldaquindata/plasduino/0309_000095/0309_000095_data.txt closed.
2026-03-12 15:49:55.873 | DEBUG    | baldaquin.buf:open:100 - Opening output file /home/lab1-student/baldaquindata/plasduino/0309_000095/0309_000095_data.dat {'mode': 'ab'}...
2026-03-12 15:49:55.873 | DEBUG    | baldaquin.buf:_pop_and_write_raw:259 - 800 bytes written to disk.
2026-03-12 15:49:55.880 | DEBUG    | baldaquin.buf:open:104 - Ouput file /home/lab1-student/baldaquindata/plasduino/0309_000095/0309_000095_data.dat closed.
2026-03-12 15:49:55.880 | INFO     | baldaquin.buf:flush:318 - 15800 bytes (800 raw bytes) written to disk.
2026-03-12 15:49:55.880 | DEBUG    | baldaquin.profile:wrap:32 - Running time for flush(): 0.126041 s
2026-03-12 15:49:58.282 | INFO     | baldaquin.buf:flush:309 - 100 packets ready to be written out...
2026-03-12 15:49:58.283 | DEBUG    | baldaquin.buf:open:100 - Opening output file /home/lab1-student/baldaquindata/plasduino/0309_000086/0309_000086_data.txt {'mode': 'at', 'encoding': 'utf-8'}...
2026-03-12 15:49:58.292 | DEBUG    | baldaquin.buf:_write:285 - 1500 bytes written to disk.
2026-03-12 15:49:58.292 | DEBUG    | baldaquin.buf:open:104 - Ouput file /home/lab1-student/baldaquindata/plasduino/0309_000086/0309_000086_data.txt closed.
2026-03-12 15:49:58.293 | DEBUG    | baldaquin.buf:open:100 - Opening output file /home/lab1-student/baldaquindata/plasduino/0309_000087/0309_000087_data.txt {'mode': 'at', 'encoding': 'utf-8'}...
2026-03-12 15:49:58.293 | DEBUG    | baldaquin.buf:_write:285 - 1500 bytes written to disk.
2026-03-12 15:49:58.293 | DEBUG    | baldaquin.buf:open:104 - Ouput file /home/lab1-student/baldaquindata/plasduino/0309_000087/0309_000087_data.txt closed.
2026-03-12 15:49:58.294 | DEBUG    | baldaquin.buf:open:100 - Opening output file /home/lab1-student/baldaquindata/plasduino/0309_000088/0309_000088_data.txt {'mode': 'at', 'encoding': 'utf-8'}...
2026-03-12 15:49:58.294 | DEBUG    | baldaquin.buf:_write:285 - 1500 bytes written to disk.
2026-03-12 15:49:58.294 | DEBUG    | baldaquin.buf:open:104 - Ouput file /home/lab1-student/baldaquindata/plasduino/0309_000088/0309_000088_data.txt closed.
2026-03-12 15:49:58.295 | DEBUG    | baldaquin.buf:open:100 - Opening output file /home/lab1-student/baldaquindata/plasduino/0309_000089/0309_000089_data.txt {'mode': 'at', 'encoding': 'utf-8'}...
2026-03-12 15:49:58.295 | DEBUG    | baldaquin.buf:_write:285 - 1500 bytes written to disk.
2026-03-12 15:49:58.295 | DEBUG    | baldaquin.buf:open:104 - Ouput file /home/lab1-student/baldaquindata/plasduino/0309_000089/0309_000089_data.txt closed.
2026-03-12 15:49:58.295 | DEBUG    | baldaquin.buf:open:100 - Opening output file /home/lab1-student/baldaquindata/plasduino/0309_000090/0309_000090_data.txt {'mode': 'at', 'encoding': 'utf-8'}...
2026-03-12 15:49:58.296 | DEBUG    | baldaquin.buf:_write:285 - 1500 bytes written to disk.
2026-03-12 15:49:58.305 | DEBUG    | baldaquin.buf:open:104 - Ouput file /home/lab1-student/baldaquindata/plasduino/0309_000090/0309_000090_data.txt closed.
2026-03-12 15:49:58.306 | DEBUG    | baldaquin.buf:open:100 - Opening output file /home/lab1-student/baldaquindata/plasduino/0309_000091/0309_000091_data.txt {'mode': 'at', 'encoding': 'utf-8'}...
2026-03-12 15:49:58.308 | DEBUG    | baldaquin.buf:_write:285 - 1500 bytes written to disk.
2026-03-12 15:49:58.309 | DEBUG    | baldaquin.buf:open:104 - Ouput file /home/lab1-student/baldaquindata/plasduino/0309_000091/0309_000091_data.txt closed.
2026-03-12 15:49:58.309 | DEBUG    | baldaquin.buf:open:100 - Opening output file /home/lab1-student/baldaquindata/plasduino/0309_000092/0309_000092_data.txt {'mode': 'at', 'encoding': 'utf-8'}...
2026-03-12 15:49:58.310 | DEBUG    | baldaquin.buf:_write:285 - 1500 bytes written to disk.
2026-03-12 15:49:58.313 | DEBUG    | baldaquin.buf:open:104 - Ouput file /home/lab1-student/baldaquindata/plasduino/0309_000092/0309_000092_data.txt closed.
2026-03-12 15:49:58.313 | DEBUG    | baldaquin.buf:open:100 - Opening output file /home/lab1-student/baldaquindata/plasduino/0309_000093/0309_000093_data.txt {'mode': 'at', 'encoding': 'utf-8'}...
2026-03-12 15:49:58.314 | DEBUG    | baldaquin.buf:_write:285 - 1500 bytes written to disk.
2026-03-12 15:49:58.314 | DEBUG    | baldaquin.buf:open:104 - Ouput file /home/lab1-student/baldaquindata/plasduino/0309_000093/0309_000093_data.txt closed.
2026-03-12 15:49:58.314 | DEBUG    | baldaquin.buf:open:100 - Opening output file /home/lab1-student/baldaquindata/plasduino/0309_000094/0309_000094_data.txt {'mode': 'at', 'encoding': 'utf-8'}...
2026-03-12 15:49:58.315 | DEBUG    | baldaquin.buf:_write:285 - 1500 bytes written to disk.
2026-03-12 15:49:58.315 | DEBUG    | baldaquin.buf:open:104 - Ouput file /home/lab1-student/baldaquindata/plasduino/0309_000094/0309_000094_data.txt closed.
2026-03-12 15:49:58.315 | DEBUG    | baldaquin.buf:open:100 - Opening output file /home/lab1-student/baldaquindata/plasduino/0309_000095/0309_000095_data.txt {'mode': 'at', 'encoding': 'utf-8'}...
2026-03-12 15:49:58.315 | DEBUG    | baldaquin.buf:_write:285 - 1500 bytes written to disk.
2026-03-12 15:49:58.316 | DEBUG    | baldaquin.buf:open:104 - Ouput file /home/lab1-student/baldaquindata/plasduino/0309_000095/0309_000095_data.txt closed.
2026-03-12 15:49:58.316 | DEBUG    | baldaquin.buf:open:100 - Opening output file /home/lab1-student/baldaquindata/plasduino/0309_000095/0309_000095_data.dat {'mode': 'ab'}...
2026-03-12 15:49:58.316 | DEBUG    | baldaquin.buf:_pop_and_write_raw:259 - 800 bytes written to disk.
2026-03-12 15:49:58.316 | DEBUG    | baldaquin.buf:open:104 - Ouput file /home/lab1-student/baldaquindata/plasduino/0309_000095/0309_000095_data.dat closed.
2026-03-12 15:49:58.316 | INFO     | baldaquin.buf:flush:318 - 15800 bytes (800 raw bytes) written to disk.
2026-03-12 15:49:58.316 | DEBUG    | baldaquin.profile:wrap:32 - Running time for flush(): 0.034029 s
2026-03-12 15:50:00.821 | INFO     | baldaquin.buf:flush:309 - 100 packets ready to be written out...
2026-03-12 15:50:00.821 | DEBUG    | baldaquin.buf:open:100 - Opening output file /home/lab1-student/baldaquindata/plasduino/0309_000086/0309_000086_data.txt {'mode': 'at', 'encoding': 'utf-8'}...
2026-03-12 15:50:00.822 | DEBUG    | baldaquin.buf:_write:285 - 1500 bytes written to disk.
2026-03-12 15:50:00.822 | DEBUG    | baldaquin.buf:open:104 - Ouput file /home/lab1-student/baldaquindata/plasduino/0309_000086/0309_000086_data.txt closed.
2026-03-12 15:50:00.822 | DEBUG    | baldaquin.buf:open:100 - Opening output file /home/lab1-student/baldaquindata/plasduino/0309_000087/0309_000087_data.txt {'mode': 'at', 'encoding': 'utf-8'}...
2026-03-12 15:50:00.823 | DEBUG    | baldaquin.buf:_write:285 - 1500 bytes written to disk.
2026-03-12 15:50:00.838 | DEBUG    | baldaquin.buf:open:104 - Ouput file /home/lab1-student/baldaquindata/plasduino/0309_000087/0309_000087_data.txt closed.
2026-03-12 15:50:00.845 | DEBUG    | baldaquin.buf:open:100 - Opening output file /home/lab1-student/baldaquindata/plasduino/0309_000088/0309_000088_data.txt {'mode': 'at', 'encoding': 'utf-8'}...
2026-03-12 15:50:00.857 | DEBUG    | baldaquin.buf:_write:285 - 1500 bytes written to disk.
2026-03-12 15:50:00.857 | DEBUG    | baldaquin.buf:open:104 - Ouput file /home/lab1-student/baldaquindata/plasduino/0309_000088/0309_000088_data.txt closed.
2026-03-12 15:50:00.858 | DEBUG    | baldaquin.buf:open:100 - Opening output file /home/lab1-student/baldaquindata/plasduino/0309_000089/0309_000089_data.txt {'mode': 'at', 'encoding': 'utf-8'}...
2026-03-12 15:50:00.861 | DEBUG    | baldaquin.buf:_write:285 - 1500 bytes written to disk.
2026-03-12 15:50:00.862 | DEBUG    | baldaquin.buf:open:104 - Ouput file /home/lab1-student/baldaquindata/plasduino/0309_000089/0309_000089_data.txt closed.
2026-03-12 15:50:00.863 | DEBUG    | baldaquin.buf:open:100 - Opening output file /home/lab1-student/baldaquindata/plasduino/0309_000090/0309_000090_data.txt {'mode': 'at', 'encoding': 'utf-8'}...
2026-03-12 15:50:00.864 | DEBUG    | baldaquin.buf:_write:285 - 1500 bytes written to disk.
2026-03-12 15:50:00.864 | DEBUG    | baldaquin.buf:open:104 - Ouput file /home/lab1-student/baldaquindata/plasduino/0309_000090/0309_000090_data.txt closed.
2026-03-12 15:50:00.871 | DEBUG    | baldaquin.buf:open:100 - Opening output file /home/lab1-student/baldaquindata/plasduino/0309_000091/0309_000091_data.txt {'mode': 'at', 'encoding': 'utf-8'}...
2026-03-12 15:50:00.889 | DEBUG    | baldaquin.buf:_write:285 - 1500 bytes written to disk.
2026-03-12 15:50:00.891 | DEBUG    | baldaquin.buf:open:104 - Ouput file /home/lab1-student/baldaquindata/plasduino/0309_000091/0309_000091_data.txt closed.
2026-03-12 15:50:00.891 | DEBUG    | baldaquin.buf:open:100 - Opening output file /home/lab1-student/baldaquindata/plasduino/0309_000092/0309_000092_data.txt {'mode': 'at', 'encoding': 'utf-8'}...
2026-03-12 15:50:00.893 | DEBUG    | baldaquin.buf:_write:285 - 1500 bytes written to disk.
2026-03-12 15:50:00.895 | DEBUG    | baldaquin.buf:open:104 - Ouput file /home/lab1-student/baldaquindata/plasduino/0309_000092/0309_000092_data.txt closed.
2026-03-12 15:50:00.895 | DEBUG    | baldaquin.buf:open:100 - Opening output file /home/lab1-student/baldaquindata/plasduino/0309_000093/0309_000093_data.txt {'mode': 'at', 'encoding': 'utf-8'}...
2026-03-12 15:50:00.896 | DEBUG    | baldaquin.buf:_write:285 - 1500 bytes written to disk.
2026-03-12 15:50:00.898 | DEBUG    | baldaquin.buf:open:104 - Ouput file /home/lab1-student/baldaquindata/plasduino/0309_000093/0309_000093_data.txt closed.
2026-03-12 15:50:00.898 | DEBUG    | baldaquin.buf:open:100 - Opening output file /home/lab1-student/baldaquindata/plasduino/0309_000094/0309_000094_data.txt {'mode': 'at', 'encoding': 'utf-8'}...
2026-03-12 15:50:00.906 | DEBUG    | baldaquin.buf:_write:285 - 1500 bytes written to disk.
2026-03-12 15:50:00.906 | DEBUG    | baldaquin.buf:open:104 - Ouput file /home/lab1-student/baldaquindata/plasduino/0309_000094/0309_000094_data.txt closed.
2026-03-12 15:50:00.906 | DEBUG    | baldaquin.buf:open:100 - Opening output file /home/lab1-student/baldaquindata/plasduino/0309_000095/0309_000095_data.txt {'mode': 'at', 'encoding': 'utf-8'}...
2026-03-12 15:50:00.907 | DEBUG    | baldaquin.buf:_write:285 - 1500 bytes written to disk.
2026-03-12 15:50:00.907 | DEBUG    | baldaquin.buf:open:104 - Ouput file /home/lab1-student/baldaquindata/plasduino/0309_000095/0309_000095_data.txt closed.
2026-03-12 15:50:00.908 | DEBUG    | baldaquin.buf:open:100 - Opening output file /home/lab1-student/baldaquindata/plasduino/0309_000095/0309_000095_data.dat {'mode': 'ab'}...
2026-03-12 15:50:00.908 | DEBUG    | baldaquin.buf:_pop_and_write_raw:259 - 800 bytes written to disk.
2026-03-12 15:50:00.908 | DEBUG    | baldaquin.buf:open:104 - Ouput file /home/lab1-student/baldaquindata/plasduino/0309_000095/0309_000095_data.dat closed.
2026-03-12 15:50:00.908 | INFO     | baldaquin.buf:flush:318 - 15800 bytes (800 raw bytes) written to disk.
2026-03-12 15:50:00.908 | DEBUG    | baldaquin.profile:wrap:32 - Running time for flush(): 0.087460 s
2026-03-12 15:50:03.356 | INFO     | baldaquin.buf:flush:309 - 100 packets ready to be written out...
2026-03-12 15:50:03.357 | DEBUG    | baldaquin.buf:open:100 - Opening output file /home/lab1-student/baldaquindata/plasduino/0309_000086/0309_000086_data.txt {'mode': 'at', 'encoding': 'utf-8'}...
2026-03-12 15:50:03.362 | DEBUG    | baldaquin.buf:_write:285 - 1500 bytes written to disk.
2026-03-12 15:50:03.362 | DEBUG    | baldaquin.buf:open:104 - Ouput file /home/lab1-student/baldaquindata/plasduino/0309_000086/0309_000086_data.txt closed.
2026-03-12 15:50:03.362 | DEBUG    | baldaquin.buf:open:100 - Opening output file /home/lab1-student/baldaquindata/plasduino/0309_000087/0309_000087_data.txt {'mode': 'at', 'encoding': 'utf-8'}...
2026-03-12 15:50:03.363 | DEBUG    | baldaquin.buf:_write:285 - 1500 bytes written to disk.
2026-03-12 15:50:03.363 | DEBUG    | baldaquin.buf:open:104 - Ouput file /home/lab1-student/baldaquindata/plasduino/0309_000087/0309_000087_data.txt closed.
2026-03-12 15:50:03.363 | DEBUG    | baldaquin.buf:open:100 - Opening output file /home/lab1-student/baldaquindata/plasduino/0309_000088/0309_000088_data.txt {'mode': 'at', 'encoding': 'utf-8'}...
2026-03-12 15:50:03.370 | DEBUG    | baldaquin.buf:_write:285 - 1500 bytes written to disk.
2026-03-12 15:50:03.381 | DEBUG    | baldaquin.buf:open:104 - Ouput file /home/lab1-student/baldaquindata/plasduino/0309_000088/0309_000088_data.txt closed.
2026-03-12 15:50:03.383 | DEBUG    | baldaquin.buf:open:100 - Opening output file /home/lab1-student/baldaquindata/plasduino/0309_000089/0309_000089_data.txt {'mode': 'at', 'encoding': 'utf-8'}...
2026-03-12 15:50:03.384 | DEBUG    | baldaquin.buf:_write:285 - 1500 bytes written to disk.
2026-03-12 15:50:03.385 | DEBUG    | baldaquin.buf:open:104 - Ouput file /home/lab1-student/baldaquindata/plasduino/0309_000089/0309_000089_data.txt closed.
2026-03-12 15:50:03.386 | DEBUG    | baldaquin.buf:open:100 - Opening output file /home/lab1-student/baldaquindata/plasduino/0309_000090/0309_000090_data.txt {'mode': 'at', 'encoding': 'utf-8'}...
2026-03-12 15:50:03.387 | DEBUG    | baldaquin.buf:_write:285 - 1500 bytes written to disk.
2026-03-12 15:50:03.387 | DEBUG    | baldaquin.buf:open:104 - Ouput file /home/lab1-student/baldaquindata/plasduino/0309_000090/0309_000090_data.txt closed.
2026-03-12 15:50:03.387 | DEBUG    | baldaquin.buf:open:100 - Opening output file /home/lab1-student/baldaquindata/plasduino/0309_000091/0309_000091_data.txt {'mode': 'at', 'encoding': 'utf-8'}...
2026-03-12 15:50:03.388 | DEBUG    | baldaquin.buf:_write:285 - 1500 bytes written to disk.
2026-03-12 15:50:03.389 | DEBUG    | baldaquin.buf:open:104 - Ouput file /home/lab1-student/baldaquindata/plasduino/0309_000091/0309_000091_data.txt closed.
2026-03-12 15:50:03.390 | DEBUG    | baldaquin.buf:open:100 - Opening output file /home/lab1-student/baldaquindata/plasduino/0309_000092/0309_000092_data.txt {'mode': 'at', 'encoding': 'utf-8'}...
2026-03-12 15:50:03.390 | DEBUG    | baldaquin.buf:_write:285 - 1500 bytes written to disk.
2026-03-12 15:50:03.390 | DEBUG    | baldaquin.buf:open:104 - Ouput file /home/lab1-student/baldaquindata/plasduino/0309_000092/0309_000092_data.txt closed.
2026-03-12 15:50:03.390 | DEBUG    | baldaquin.buf:open:100 - Opening output file /home/lab1-student/baldaquindata/plasduino/0309_000093/0309_000093_data.txt {'mode': 'at', 'encoding': 'utf-8'}...
2026-03-12 15:50:03.396 | DEBUG    | baldaquin.buf:_write:285 - 1500 bytes written to disk.
2026-03-12 15:50:03.396 | DEBUG    | baldaquin.buf:open:104 - Ouput file /home/lab1-student/baldaquindata/plasduino/0309_000093/0309_000093_data.txt closed.
2026-03-12 15:50:03.397 | DEBUG    | baldaquin.buf:open:100 - Opening output file /home/lab1-student/baldaquindata/plasduino/0309_000094/0309_000094_data.txt {'mode': 'at', 'encoding': 'utf-8'}...
2026-03-12 15:50:03.397 | DEBUG    | baldaquin.buf:_write:285 - 1500 bytes written to disk.
2026-03-12 15:50:03.397 | DEBUG    | baldaquin.buf:open:104 - Ouput file /home/lab1-student/baldaquindata/plasduino/0309_000094/0309_000094_data.txt closed.
2026-03-12 15:50:03.397 | DEBUG    | baldaquin.buf:open:100 - Opening output file /home/lab1-student/baldaquindata/plasduino/0309_000095/0309_000095_data.txt {'mode': 'at', 'encoding': 'utf-8'}...
2026-03-12 15:50:03.398 | DEBUG    | baldaquin.buf:_write:285 - 1500 bytes written to disk.
2026-03-12 15:50:03.398 | DEBUG    | baldaquin.buf:open:104 - Ouput file /home/lab1-student/baldaquindata/plasduino/0309_000095/0309_000095_data.txt closed.
2026-03-12 15:50:03.398 | DEBUG    | baldaquin.buf:open:100 - Opening output file /home/lab1-student/baldaquindata/plasduino/0309_000095/0309_000095_data.dat {'mode': 'ab'}...
2026-03-12 15:50:03.409 | DEBUG    | baldaquin.buf:_pop_and_write_raw:259 - 800 bytes written to disk.
2026-03-12 15:50:03.410 | DEBUG    | baldaquin.buf:open:104 - Ouput file /home/lab1-student/baldaquindata/plasduino/0309_000095/0309_000095_data.dat closed.
2026-03-12 15:50:03.411 | INFO     | baldaquin.buf:flush:318 - 15800 bytes (800 raw bytes) written to disk.
2026-03-12 15:50:03.411 | DEBUG    | baldaquin.profile:wrap:32 - Running time for flush(): 0.054769 s
2026-03-12 15:50:05.899 | INFO     | baldaquin.buf:flush:309 - 100 packets ready to be written out...
2026-03-12 15:50:05.903 | DEBUG    | baldaquin.buf:open:100 - Opening output file /home/lab1-student/baldaquindata/plasduino/0309_000086/0309_000086_data.txt {'mode': 'at', 'encoding': 'utf-8'}...
2026-03-12 15:50:05.904 | DEBUG    | baldaquin.buf:_write:285 - 1500 bytes written to disk.
2026-03-12 15:50:05.904 | DEBUG    | baldaquin.buf:open:104 - Ouput file /home/lab1-student/baldaquindata/plasduino/0309_000086/0309_000086_data.txt closed.
2026-03-12 15:50:05.905 | DEBUG    | baldaquin.buf:open:100 - Opening output file /home/lab1-student/baldaquindata/plasduino/0309_000087/0309_000087_data.txt {'mode': 'at', 'encoding': 'utf-8'}...
2026-03-12 15:50:05.905 | DEBUG    | baldaquin.buf:_write:285 - 1500 bytes written to disk.
2026-03-12 15:50:05.905 | DEBUG    | baldaquin.buf:open:104 - Ouput file /home/lab1-student/baldaquindata/plasduino/0309_000087/0309_000087_data.txt closed.
2026-03-12 15:50:05.905 | DEBUG    | baldaquin.buf:open:100 - Opening output file /home/lab1-student/baldaquindata/plasduino/0309_000088/0309_000088_data.txt {'mode': 'at', 'encoding': 'utf-8'}...
2026-03-12 15:50:05.906 | DEBUG    | baldaquin.buf:_write:285 - 1500 bytes written to disk.
2026-03-12 15:50:05.906 | DEBUG    | baldaquin.buf:open:104 - Ouput file /home/lab1-student/baldaquindata/plasduino/0309_000088/0309_000088_data.txt closed.
2026-03-12 15:50:05.906 | DEBUG    | baldaquin.buf:open:100 - Opening output file /home/lab1-student/baldaquindata/plasduino/0309_000089/0309_000089_data.txt {'mode': 'at', 'encoding': 'utf-8'}...
2026-03-12 15:50:05.907 | DEBUG    | baldaquin.buf:_write:285 - 1500 bytes written to disk.
2026-03-12 15:50:05.907 | DEBUG    | baldaquin.buf:open:104 - Ouput file /home/lab1-student/baldaquindata/plasduino/0309_000089/0309_000089_data.txt closed.
2026-03-12 15:50:05.907 | DEBUG    | baldaquin.buf:open:100 - Opening output file /home/lab1-student/baldaquindata/plasduino/0309_000090/0309_000090_data.txt {'mode': 'at', 'encoding': 'utf-8'}...
2026-03-12 15:50:05.907 | DEBUG    | baldaquin.buf:_write:285 - 1500 bytes written to disk.
2026-03-12 15:50:05.908 | DEBUG    | baldaquin.buf:open:104 - Ouput file /home/lab1-student/baldaquindata/plasduino/0309_000090/0309_000090_data.txt closed.
2026-03-12 15:50:05.908 | DEBUG    | baldaquin.buf:open:100 - Opening output file /home/lab1-student/baldaquindata/plasduino/0309_000091/0309_000091_data.txt {'mode': 'at', 'encoding': 'utf-8'}...
2026-03-12 15:50:05.908 | DEBUG    | baldaquin.buf:_write:285 - 1500 bytes written to disk.
2026-03-12 15:50:05.908 | DEBUG    | baldaquin.buf:open:104 - Ouput file /home/lab1-student/baldaquindata/plasduino/0309_000091/0309_000091_data.txt closed.
2026-03-12 15:50:05.908 | DEBUG    | baldaquin.buf:open:100 - Opening output file /home/lab1-student/baldaquindata/plasduino/0309_000092/0309_000092_data.txt {'mode': 'at', 'encoding': 'utf-8'}...
2026-03-12 15:50:05.909 | DEBUG    | baldaquin.buf:_write:285 - 1500 bytes written to disk.
2026-03-12 15:50:05.909 | DEBUG    | baldaquin.buf:open:104 - Ouput file /home/lab1-student/baldaquindata/plasduino/0309_000092/0309_000092_data.txt closed.
2026-03-12 15:50:05.909 | DEBUG    | baldaquin.buf:open:100 - Opening output file /home/lab1-student/baldaquindata/plasduino/0309_000093/0309_000093_data.txt {'mode': 'at', 'encoding': 'utf-8'}...
2026-03-12 15:50:05.910 | DEBUG    | baldaquin.buf:_write:285 - 1500 bytes written to disk.
2026-03-12 15:50:05.910 | DEBUG    | baldaquin.buf:open:104 - Ouput file /home/lab1-student/baldaquindata/plasduino/0309_000093/0309_000093_data.txt closed.
2026-03-12 15:50:05.910 | DEBUG    | baldaquin.buf:open:100 - Opening output file /home/lab1-student/baldaquindata/plasduino/0309_000094/0309_000094_data.txt {'mode': 'at', 'encoding': 'utf-8'}...
2026-03-12 15:50:05.910 | DEBUG    | baldaquin.buf:_write:285 - 1500 bytes written to disk.
2026-03-12 15:50:05.911 | DEBUG    | baldaquin.buf:open:104 - Ouput file /home/lab1-student/baldaquindata/plasduino/0309_000094/0309_000094_data.txt closed.
2026-03-12 15:50:05.911 | DEBUG    | baldaquin.buf:open:100 - Opening output file /home/lab1-student/baldaquindata/plasduino/0309_000095/0309_000095_data.txt {'mode': 'at', 'encoding': 'utf-8'}...
2026-03-12 15:50:05.911 | DEBUG    | baldaquin.buf:_write:285 - 1500 bytes written to disk.
2026-03-12 15:50:05.911 | DEBUG    | baldaquin.buf:open:104 - Ouput file /home/lab1-student/baldaquindata/plasduino/0309_000095/0309_000095_data.txt closed.
2026-03-12 15:50:05.911 | DEBUG    | baldaquin.buf:open:100 - Opening output file /home/lab1-student/baldaquindata/plasduino/0309_000095/0309_000095_data.dat {'mode': 'ab'}...
2026-03-12 15:50:05.912 | DEBUG    | baldaquin.buf:_pop_and_write_raw:259 - 800 bytes written to disk.
2026-03-12 15:50:05.912 | DEBUG    | baldaquin.buf:open:104 - Ouput file /home/lab1-student/baldaquindata/plasduino/0309_000095/0309_000095_data.dat closed.
2026-03-12 15:50:05.912 | INFO     | baldaquin.buf:flush:318 - 15800 bytes (800 raw bytes) written to disk.
2026-03-12 15:50:05.912 | DEBUG    | baldaquin.profile:wrap:32 - Running time for flush(): 0.012817 s
2026-03-12 15:50:08.433 | INFO     | baldaquin.buf:flush:309 - 100 packets ready to be written out...
2026-03-12 15:50:08.450 | DEBUG    | baldaquin.buf:open:100 - Opening output file /home/lab1-student/baldaquindata/plasduino/0309_000086/0309_000086_data.txt {'mode': 'at', 'encoding': 'utf-8'}...
2026-03-12 15:50:08.456 | DEBUG    | baldaquin.buf:_write:285 - 1500 bytes written to disk.
2026-03-12 15:50:08.458 | DEBUG    | baldaquin.buf:open:104 - Ouput file /home/lab1-student/baldaquindata/plasduino/0309_000086/0309_000086_data.txt closed.
2026-03-12 15:50:08.458 | DEBUG    | baldaquin.buf:open:100 - Opening output file /home/lab1-student/baldaquindata/plasduino/0309_000087/0309_000087_data.txt {'mode': 'at', 'encoding': 'utf-8'}...
2026-03-12 15:50:08.488 | DEBUG    | baldaquin.buf:_write:285 - 1500 bytes written to disk.
2026-03-12 15:50:08.488 | DEBUG    | baldaquin.buf:open:104 - Ouput file /home/lab1-student/baldaquindata/plasduino/0309_000087/0309_000087_data.txt closed.
2026-03-12 15:50:08.489 | DEBUG    | baldaquin.buf:open:100 - Opening output file /home/lab1-student/baldaquindata/plasduino/0309_000088/0309_000088_data.txt {'mode': 'at', 'encoding': 'utf-8'}...
2026-03-12 15:50:08.490 | DEBUG    | baldaquin.buf:_write:285 - 1500 bytes written to disk.
2026-03-12 15:50:08.491 | DEBUG    | baldaquin.buf:open:104 - Ouput file /home/lab1-student/baldaquindata/plasduino/0309_000088/0309_000088_data.txt closed.
2026-03-12 15:50:08.491 | DEBUG    | baldaquin.buf:open:100 - Opening output file /home/lab1-student/baldaquindata/plasduino/0309_000089/0309_000089_data.txt {'mode': 'at', 'encoding': 'utf-8'}...
2026-03-12 15:50:08.492 | DEBUG    | baldaquin.buf:_write:285 - 1500 bytes written to disk.
2026-03-12 15:50:08.494 | DEBUG    | baldaquin.buf:open:104 - Ouput file /home/lab1-student/baldaquindata/plasduino/0309_000089/0309_000089_data.txt closed.
2026-03-12 15:50:08.495 | DEBUG    | baldaquin.buf:open:100 - Opening output file /home/lab1-student/baldaquindata/plasduino/0309_000090/0309_000090_data.txt {'mode': 'at', 'encoding': 'utf-8'}...
2026-03-12 15:50:08.499 | DEBUG    | baldaquin.buf:_write:285 - 1500 bytes written to disk.
2026-03-12 15:50:08.509 | DEBUG    | baldaquin.buf:open:104 - Ouput file /home/lab1-student/baldaquindata/plasduino/0309_000090/0309_000090_data.txt closed.
2026-03-12 15:50:08.509 | DEBUG    | baldaquin.buf:open:100 - Opening output file /home/lab1-student/baldaquindata/plasduino/0309_000091/0309_000091_data.txt {'mode': 'at', 'encoding': 'utf-8'}...
2026-03-12 15:50:08.511 | DEBUG    | baldaquin.buf:_write:285 - 1500 bytes written to disk.
2026-03-12 15:50:08.511 | DEBUG    | baldaquin.buf:open:104 - Ouput file /home/lab1-student/baldaquindata/plasduino/0309_000091/0309_000091_data.txt closed.
2026-03-12 15:50:08.511 | DEBUG    | baldaquin.buf:open:100 - Opening output file /home/lab1-student/baldaquindata/plasduino/0309_000092/0309_000092_data.txt {'mode': 'at', 'encoding': 'utf-8'}...
2026-03-12 15:50:08.512 | DEBUG    | baldaquin.buf:_write:285 - 1500 bytes written to disk.
2026-03-12 15:50:08.512 | DEBUG    | baldaquin.buf:open:104 - Ouput file /home/lab1-student/baldaquindata/plasduino/0309_000092/0309_000092_data.txt closed.
2026-03-12 15:50:08.512 | DEBUG    | baldaquin.buf:open:100 - Opening output file /home/lab1-student/baldaquindata/plasduino/0309_000093/0309_000093_data.txt {'mode': 'at', 'encoding': 'utf-8'}...
2026-03-12 15:50:08.513 | DEBUG    | baldaquin.buf:_write:285 - 1500 bytes written to disk.
2026-03-12 15:50:08.513 | DEBUG    | baldaquin.buf:open:104 - Ouput file /home/lab1-student/baldaquindata/plasduino/0309_000093/0309_000093_data.txt closed.
2026-03-12 15:50:08.524 | DEBUG    | baldaquin.buf:open:100 - Opening output file /home/lab1-student/baldaquindata/plasduino/0309_000094/0309_000094_data.txt {'mode': 'at', 'encoding': 'utf-8'}...
2026-03-12 15:50:08.524 | DEBUG    | baldaquin.buf:_write:285 - 1500 bytes written to disk.
2026-03-12 15:50:08.525 | DEBUG    | baldaquin.buf:open:104 - Ouput file /home/lab1-student/baldaquindata/plasduino/0309_000094/0309_000094_data.txt closed.
2026-03-12 15:50:08.525 | DEBUG    | baldaquin.buf:open:100 - Opening output file /home/lab1-student/baldaquindata/plasduino/0309_000095/0309_000095_data.txt {'mode': 'at', 'encoding': 'utf-8'}...
2026-03-12 15:50:08.527 | DEBUG    | baldaquin.buf:_write:285 - 1500 bytes written to disk.
2026-03-12 15:50:08.527 | DEBUG    | baldaquin.buf:open:104 - Ouput file /home/lab1-student/baldaquindata/plasduino/0309_000095/0309_000095_data.txt closed.
2026-03-12 15:50:08.527 | DEBUG    | baldaquin.buf:open:100 - Opening output file /home/lab1-student/baldaquindata/plasduino/0309_000095/0309_000095_data.dat {'mode': 'ab'}...
2026-03-12 15:50:08.528 | DEBUG    | baldaquin.buf:_pop_and_write_raw:259 - 800 bytes written to disk.
2026-03-12 15:50:08.540 | DEBUG    | baldaquin.buf:open:104 - Ouput file /home/lab1-student/baldaquindata/plasduino/0309_000095/0309_000095_data.dat closed.
2026-03-12 15:50:08.558 | INFO     | baldaquin.buf:flush:318 - 15800 bytes (800 raw bytes) written to disk.
2026-03-12 15:50:08.558 | DEBUG    | baldaquin.profile:wrap:32 - Running time for flush(): 0.125315 s
2026-03-12 15:50:10.971 | INFO     | baldaquin.buf:flush:309 - 100 packets ready to be written out...
2026-03-12 15:50:10.971 | DEBUG    | baldaquin.buf:open:100 - Opening output file /home/lab1-student/baldaquindata/plasduino/0309_000086/0309_000086_data.txt {'mode': 'at', 'encoding': 'utf-8'}...
2026-03-12 15:50:10.987 | DEBUG    | baldaquin.buf:_write:285 - 1500 bytes written to disk.
2026-03-12 15:50:10.988 | DEBUG    | baldaquin.buf:open:104 - Ouput file /home/lab1-student/baldaquindata/plasduino/0309_000086/0309_000086_data.txt closed.
2026-03-12 15:50:10.991 | DEBUG    | baldaquin.buf:open:100 - Opening output file /home/lab1-student/baldaquindata/plasduino/0309_000087/0309_000087_data.txt {'mode': 'at', 'encoding': 'utf-8'}...
2026-03-12 15:50:10.993 | DEBUG    | baldaquin.buf:_write:285 - 1500 bytes written to disk.
2026-03-12 15:50:10.994 | DEBUG    | baldaquin.buf:open:104 - Ouput file /home/lab1-student/baldaquindata/plasduino/0309_000087/0309_000087_data.txt closed.
2026-03-12 15:50:10.994 | DEBUG    | baldaquin.buf:open:100 - Opening output file /home/lab1-student/baldaquindata/plasduino/0309_000088/0309_000088_data.txt {'mode': 'at', 'encoding': 'utf-8'}...
2026-03-12 15:50:10.999 | DEBUG    | baldaquin.buf:_write:285 - 1500 bytes written to disk.
2026-03-12 15:50:11.005 | DEBUG    | baldaquin.buf:open:104 - Ouput file /home/lab1-student/baldaquindata/plasduino/0309_000088/0309_000088_data.txt closed.
2026-03-12 15:50:11.005 | DEBUG    | baldaquin.buf:open:100 - Opening output file /home/lab1-student/baldaquindata/plasduino/0309_000089/0309_000089_data.txt {'mode': 'at', 'encoding': 'utf-8'}...
2026-03-12 15:50:11.006 | DEBUG    | baldaquin.buf:_write:285 - 1500 bytes written to disk.
2026-03-12 15:50:11.006 | DEBUG    | baldaquin.buf:open:104 - Ouput file /home/lab1-student/baldaquindata/plasduino/0309_000089/0309_000089_data.txt closed.
2026-03-12 15:50:11.006 | DEBUG    | baldaquin.buf:open:100 - Opening output file /home/lab1-student/baldaquindata/plasduino/0309_000090/0309_000090_data.txt {'mode': 'at', 'encoding': 'utf-8'}...
2026-03-12 15:50:11.007 | DEBUG    | baldaquin.buf:_write:285 - 1500 bytes written to disk.
2026-03-12 15:50:11.007 | DEBUG    | baldaquin.buf:open:104 - Ouput file /home/lab1-student/baldaquindata/plasduino/0309_000090/0309_000090_data.txt closed.
2026-03-12 15:50:11.008 | DEBUG    | baldaquin.buf:open:100 - Opening output file /home/lab1-student/baldaquindata/plasduino/0309_000091/0309_000091_data.txt {'mode': 'at', 'encoding': 'utf-8'}...
2026-03-12 15:50:11.008 | DEBUG    | baldaquin.buf:_write:285 - 1500 bytes written to disk.
2026-03-12 15:50:11.008 | DEBUG    | baldaquin.buf:open:104 - Ouput file /home/lab1-student/baldaquindata/plasduino/0309_000091/0309_000091_data.txt closed.
2026-03-12 15:50:11.008 | DEBUG    | baldaquin.buf:open:100 - Opening output file /home/lab1-student/baldaquindata/plasduino/0309_000092/0309_000092_data.txt {'mode': 'at', 'encoding': 'utf-8'}...
2026-03-12 15:50:11.009 | DEBUG    | baldaquin.buf:_write:285 - 1500 bytes written to disk.
2026-03-12 15:50:11.009 | DEBUG    | baldaquin.buf:open:104 - Ouput file /home/lab1-student/baldaquindata/plasduino/0309_000092/0309_000092_data.txt closed.
2026-03-12 15:50:11.009 | DEBUG    | baldaquin.buf:open:100 - Opening output file /home/lab1-student/baldaquindata/plasduino/0309_000093/0309_000093_data.txt {'mode': 'at', 'encoding': 'utf-8'}...
2026-03-12 15:50:11.021 | DEBUG    | baldaquin.buf:_write:285 - 1500 bytes written to disk.
2026-03-12 15:50:11.021 | DEBUG    | baldaquin.buf:open:104 - Ouput file /home/lab1-student/baldaquindata/plasduino/0309_000093/0309_000093_data.txt closed.
2026-03-12 15:50:11.021 | DEBUG    | baldaquin.buf:open:100 - Opening output file /home/lab1-student/baldaquindata/plasduino/0309_000094/0309_000094_data.txt {'mode': 'at', 'encoding': 'utf-8'}...
2026-03-12 15:50:11.022 | DEBUG    | baldaquin.buf:_write:285 - 1500 bytes written to disk.
2026-03-12 15:50:11.025 | DEBUG    | baldaquin.buf:open:104 - Ouput file /home/lab1-student/baldaquindata/plasduino/0309_000094/0309_000094_data.txt closed.
2026-03-12 15:50:11.025 | DEBUG    | baldaquin.buf:open:100 - Opening output file /home/lab1-student/baldaquindata/plasduino/0309_000095/0309_000095_data.txt {'mode': 'at', 'encoding': 'utf-8'}...
2026-03-12 15:50:11.026 | DEBUG    | baldaquin.buf:_write:285 - 1500 bytes written to disk.
2026-03-12 15:50:11.053 | DEBUG    | baldaquin.buf:open:104 - Ouput file /home/lab1-student/baldaquindata/plasduino/0309_000095/0309_000095_data.txt closed.
2026-03-12 15:50:11.061 | DEBUG    | baldaquin.buf:open:100 - Opening output file /home/lab1-student/baldaquindata/plasduino/0309_000095/0309_000095_data.dat {'mode': 'ab'}...
2026-03-12 15:50:11.065 | DEBUG    | baldaquin.buf:_pop_and_write_raw:259 - 800 bytes written to disk.
2026-03-12 15:50:11.071 | DEBUG    | baldaquin.buf:open:104 - Ouput file /home/lab1-student/baldaquindata/plasduino/0309_000095/0309_000095_data.dat closed.
2026-03-12 15:50:11.071 | INFO     | baldaquin.buf:flush:318 - 15800 bytes (800 raw bytes) written to disk.
2026-03-12 15:50:11.071 | DEBUG    | baldaquin.profile:wrap:32 - Running time for flush(): 0.099920 s
2026-03-12 15:50:13.502 | INFO     | baldaquin.buf:flush:309 - 100 packets ready to be written out...
2026-03-12 15:50:13.503 | DEBUG    | baldaquin.buf:open:100 - Opening output file /home/lab1-student/baldaquindata/plasduino/0309_000086/0309_000086_data.txt {'mode': 'at', 'encoding': 'utf-8'}...
2026-03-12 15:50:13.504 | DEBUG    | baldaquin.buf:_write:285 - 1500 bytes written to disk.
2026-03-12 15:50:13.507 | DEBUG    | baldaquin.buf:open:104 - Ouput file /home/lab1-student/baldaquindata/plasduino/0309_000086/0309_000086_data.txt closed.
2026-03-12 15:50:13.508 | DEBUG    | baldaquin.buf:open:100 - Opening output file /home/lab1-student/baldaquindata/plasduino/0309_000087/0309_000087_data.txt {'mode': 'at', 'encoding': 'utf-8'}...
2026-03-12 15:50:13.508 | DEBUG    | baldaquin.buf:_write:285 - 1500 bytes written to disk.
2026-03-12 15:50:13.508 | DEBUG    | baldaquin.buf:open:104 - Ouput file /home/lab1-student/baldaquindata/plasduino/0309_000087/0309_000087_data.txt closed.
2026-03-12 15:50:13.508 | DEBUG    | baldaquin.buf:open:100 - Opening output file /home/lab1-student/baldaquindata/plasduino/0309_000088/0309_000088_data.txt {'mode': 'at', 'encoding': 'utf-8'}...
2026-03-12 15:50:13.509 | DEBUG    | baldaquin.buf:_write:285 - 1500 bytes written to disk.
2026-03-12 15:50:13.509 | DEBUG    | baldaquin.buf:open:104 - Ouput file /home/lab1-student/baldaquindata/plasduino/0309_000088/0309_000088_data.txt closed.
2026-03-12 15:50:13.509 | DEBUG    | baldaquin.buf:open:100 - Opening output file /home/lab1-student/baldaquindata/plasduino/0309_000089/0309_000089_data.txt {'mode': 'at', 'encoding': 'utf-8'}...
2026-03-12 15:50:13.510 | DEBUG    | baldaquin.buf:_write:285 - 1500 bytes written to disk.
2026-03-12 15:50:13.510 | DEBUG    | baldaquin.buf:open:104 - Ouput file /home/lab1-student/baldaquindata/plasduino/0309_000089/0309_000089_data.txt closed.
2026-03-12 15:50:13.510 | DEBUG    | baldaquin.buf:open:100 - Opening output file /home/lab1-student/baldaquindata/plasduino/0309_000090/0309_000090_data.txt {'mode': 'at', 'encoding': 'utf-8'}...
2026-03-12 15:50:13.511 | DEBUG    | baldaquin.buf:_write:285 - 1500 bytes written to disk.
2026-03-12 15:50:13.511 | DEBUG    | baldaquin.buf:open:104 - Ouput file /home/lab1-student/baldaquindata/plasduino/0309_000090/0309_000090_data.txt closed.
2026-03-12 15:50:13.511 | DEBUG    | baldaquin.buf:open:100 - Opening output file /home/lab1-student/baldaquindata/plasduino/0309_000091/0309_000091_data.txt {'mode': 'at', 'encoding': 'utf-8'}...
2026-03-12 15:50:13.512 | DEBUG    | baldaquin.buf:_write:285 - 1500 bytes written to disk.
2026-03-12 15:50:13.512 | DEBUG    | baldaquin.buf:open:104 - Ouput file /home/lab1-student/baldaquindata/plasduino/0309_000091/0309_000091_data.txt closed.
2026-03-12 15:50:13.512 | DEBUG    | baldaquin.buf:open:100 - Opening output file /home/lab1-student/baldaquindata/plasduino/0309_000092/0309_000092_data.txt {'mode': 'at', 'encoding': 'utf-8'}...
2026-03-12 15:50:13.512 | DEBUG    | baldaquin.buf:_write:285 - 1500 bytes written to disk.
2026-03-12 15:50:13.512 | DEBUG    | baldaquin.buf:open:104 - Ouput file /home/lab1-student/baldaquindata/plasduino/0309_000092/0309_000092_data.txt closed.
2026-03-12 15:50:13.512 | DEBUG    | baldaquin.buf:open:100 - Opening output file /home/lab1-student/baldaquindata/plasduino/0309_000093/0309_000093_data.txt {'mode': 'at', 'encoding': 'utf-8'}...
2026-03-12 15:50:13.514 | DEBUG    | baldaquin.buf:_write:285 - 1500 bytes written to disk.
2026-03-12 15:50:13.514 | DEBUG    | baldaquin.buf:open:104 - Ouput file /home/lab1-student/baldaquindata/plasduino/0309_000093/0309_000093_data.txt closed.
2026-03-12 15:50:13.515 | DEBUG    | baldaquin.buf:open:100 - Opening output file /home/lab1-student/baldaquindata/plasduino/0309_000094/0309_000094_data.txt {'mode': 'at', 'encoding': 'utf-8'}...
2026-03-12 15:50:13.515 | DEBUG    | baldaquin.buf:_write:285 - 1500 bytes written to disk.
2026-03-12 15:50:13.515 | DEBUG    | baldaquin.buf:open:104 - Ouput file /home/lab1-student/baldaquindata/plasduino/0309_000094/0309_000094_data.txt closed.
2026-03-12 15:50:13.515 | DEBUG    | baldaquin.buf:open:100 - Opening output file /home/lab1-student/baldaquindata/plasduino/0309_000095/0309_000095_data.txt {'mode': 'at', 'encoding': 'utf-8'}...
2026-03-12 15:50:13.516 | DEBUG    | baldaquin.buf:_write:285 - 1500 bytes written to disk.
2026-03-12 15:50:13.516 | DEBUG    | baldaquin.buf:open:104 - Ouput file /home/lab1-student/baldaquindata/plasduino/0309_000095/0309_000095_data.txt closed.
2026-03-12 15:50:13.516 | DEBUG    | baldaquin.buf:open:100 - Opening output file /home/lab1-student/baldaquindata/plasduino/0309_000095/0309_000095_data.dat {'mode': 'ab'}...
2026-03-12 15:50:13.516 | DEBUG    | baldaquin.buf:_pop_and_write_raw:259 - 800 bytes written to disk.
2026-03-12 15:50:13.517 | DEBUG    | baldaquin.buf:open:104 - Ouput file /home/lab1-student/baldaquindata/plasduino/0309_000095/0309_000095_data.dat closed.
2026-03-12 15:50:13.517 | INFO     | baldaquin.buf:flush:318 - 15800 bytes (800 raw bytes) written to disk.
2026-03-12 15:50:13.517 | DEBUG    | baldaquin.profile:wrap:32 - Running time for flush(): 0.014360 s
2026-03-12 15:50:16.037 | INFO     | baldaquin.buf:flush:309 - 100 packets ready to be written out...
2026-03-12 15:50:16.037 | DEBUG    | baldaquin.buf:open:100 - Opening output file /home/lab1-student/baldaquindata/plasduino/0309_000086/0309_000086_data.txt {'mode': 'at', 'encoding': 'utf-8'}...
2026-03-12 15:50:16.055 | DEBUG    | baldaquin.buf:_write:285 - 1500 bytes written to disk.
2026-03-12 15:50:16.058 | DEBUG    | baldaquin.buf:open:104 - Ouput file /home/lab1-student/baldaquindata/plasduino/0309_000086/0309_000086_data.txt closed.
2026-03-12 15:50:16.061 | DEBUG    | baldaquin.buf:open:100 - Opening output file /home/lab1-student/baldaquindata/plasduino/0309_000087/0309_000087_data.txt {'mode': 'at', 'encoding': 'utf-8'}...
2026-03-12 15:50:16.089 | DEBUG    | baldaquin.buf:_write:285 - 1500 bytes written to disk.
2026-03-12 15:50:16.090 | DEBUG    | baldaquin.buf:open:104 - Ouput file /home/lab1-student/baldaquindata/plasduino/0309_000087/0309_000087_data.txt closed.
2026-03-12 15:50:16.090 | DEBUG    | baldaquin.buf:open:100 - Opening output file /home/lab1-student/baldaquindata/plasduino/0309_000088/0309_000088_data.txt {'mode': 'at', 'encoding': 'utf-8'}...
2026-03-12 15:50:16.092 | DEBUG    | baldaquin.buf:_write:285 - 1500 bytes written to disk.
2026-03-12 15:50:16.092 | DEBUG    | baldaquin.buf:open:104 - Ouput file /home/lab1-student/baldaquindata/plasduino/0309_000088/0309_000088_data.txt closed.
2026-03-12 15:50:16.093 | DEBUG    | baldaquin.buf:open:100 - Opening output file /home/lab1-student/baldaquindata/plasduino/0309_000089/0309_000089_data.txt {'mode': 'at', 'encoding': 'utf-8'}...
2026-03-12 15:50:16.094 | DEBUG    | baldaquin.buf:_write:285 - 1500 bytes written to disk.
2026-03-12 15:50:16.106 | DEBUG    | baldaquin.buf:open:104 - Ouput file /home/lab1-student/baldaquindata/plasduino/0309_000089/0309_000089_data.txt closed.
2026-03-12 15:50:16.107 | DEBUG    | baldaquin.buf:open:100 - Opening output file /home/lab1-student/baldaquindata/plasduino/0309_000090/0309_000090_data.txt {'mode': 'at', 'encoding': 'utf-8'}...
2026-03-12 15:50:16.108 | DEBUG    | baldaquin.buf:_write:285 - 1500 bytes written to disk.
2026-03-12 15:50:16.108 | DEBUG    | baldaquin.buf:open:104 - Ouput file /home/lab1-student/baldaquindata/plasduino/0309_000090/0309_000090_data.txt closed.
2026-03-12 15:50:16.108 | DEBUG    | baldaquin.buf:open:100 - Opening output file /home/lab1-student/baldaquindata/plasduino/0309_000091/0309_000091_data.txt {'mode': 'at', 'encoding': 'utf-8'}...
2026-03-12 15:50:16.108 | DEBUG    | baldaquin.buf:_write:285 - 1500 bytes written to disk.
2026-03-12 15:50:16.109 | DEBUG    | baldaquin.buf:open:104 - Ouput file /home/lab1-student/baldaquindata/plasduino/0309_000091/0309_000091_data.txt closed.
2026-03-12 15:50:16.109 | DEBUG    | baldaquin.buf:open:100 - Opening output file /home/lab1-student/baldaquindata/plasduino/0309_000092/0309_000092_data.txt {'mode': 'at', 'encoding': 'utf-8'}...
2026-03-12 15:50:16.109 | DEBUG    | baldaquin.buf:_write:285 - 1500 bytes written to disk.
2026-03-12 15:50:16.110 | DEBUG    | baldaquin.buf:open:104 - Ouput file /home/lab1-student/baldaquindata/plasduino/0309_000092/0309_000092_data.txt closed.
2026-03-12 15:50:16.110 | DEBUG    | baldaquin.buf:open:100 - Opening output file /home/lab1-student/baldaquindata/plasduino/0309_000093/0309_000093_data.txt {'mode': 'at', 'encoding': 'utf-8'}...
2026-03-12 15:50:16.110 | DEBUG    | baldaquin.buf:_write:285 - 1500 bytes written to disk.
2026-03-12 15:50:16.120 | DEBUG    | baldaquin.buf:open:104 - Ouput file /home/lab1-student/baldaquindata/plasduino/0309_000093/0309_000093_data.txt closed.
2026-03-12 15:50:16.120 | DEBUG    | baldaquin.buf:open:100 - Opening output file /home/lab1-student/baldaquindata/plasduino/0309_000094/0309_000094_data.txt {'mode': 'at', 'encoding': 'utf-8'}...
2026-03-12 15:50:16.122 | DEBUG    | baldaquin.buf:_write:285 - 1500 bytes written to disk.
2026-03-12 15:50:16.123 | DEBUG    | baldaquin.buf:open:104 - Ouput file /home/lab1-student/baldaquindata/plasduino/0309_000094/0309_000094_data.txt closed.
2026-03-12 15:50:16.123 | DEBUG    | baldaquin.buf:open:100 - Opening output file /home/lab1-student/baldaquindata/plasduino/0309_000095/0309_000095_data.txt {'mode': 'at', 'encoding': 'utf-8'}...
2026-03-12 15:50:16.126 | DEBUG    | baldaquin.buf:_write:285 - 1500 bytes written to disk.
2026-03-12 15:50:16.153 | DEBUG    | baldaquin.buf:open:104 - Ouput file /home/lab1-student/baldaquindata/plasduino/0309_000095/0309_000095_data.txt closed.
2026-03-12 15:50:16.159 | DEBUG    | baldaquin.buf:open:100 - Opening output file /home/lab1-student/baldaquindata/plasduino/0309_000095/0309_000095_data.dat {'mode': 'ab'}...
2026-03-12 15:50:16.160 | DEBUG    | baldaquin.buf:_pop_and_write_raw:259 - 800 bytes written to disk.
2026-03-12 15:50:16.162 | DEBUG    | baldaquin.buf:open:104 - Ouput file /home/lab1-student/baldaquindata/plasduino/0309_000095/0309_000095_data.dat closed.
2026-03-12 15:50:16.166 | INFO     | baldaquin.buf:flush:318 - 15800 bytes (800 raw bytes) written to disk.
2026-03-12 15:50:16.166 | DEBUG    | baldaquin.profile:wrap:32 - Running time for flush(): 0.129094 s
2026-03-12 15:50:18.580 | INFO     | baldaquin.buf:flush:309 - 100 packets ready to be written out...
2026-03-12 15:50:18.580 | DEBUG    | baldaquin.buf:open:100 - Opening output file /home/lab1-student/baldaquindata/plasduino/0309_000086/0309_000086_data.txt {'mode': 'at', 'encoding': 'utf-8'}...
2026-03-12 15:50:18.581 | DEBUG    | baldaquin.buf:_write:285 - 1500 bytes written to disk.
2026-03-12 15:50:18.581 | DEBUG    | baldaquin.buf:open:104 - Ouput file /home/lab1-student/baldaquindata/plasduino/0309_000086/0309_000086_data.txt closed.
2026-03-12 15:50:18.581 | DEBUG    | baldaquin.buf:open:100 - Opening output file /home/lab1-student/baldaquindata/plasduino/0309_000087/0309_000087_data.txt {'mode': 'at', 'encoding': 'utf-8'}...
2026-03-12 15:50:18.581 | DEBUG    | baldaquin.buf:_write:285 - 1500 bytes written to disk.
2026-03-12 15:50:18.582 | DEBUG    | baldaquin.buf:open:104 - Ouput file /home/lab1-student/baldaquindata/plasduino/0309_000087/0309_000087_data.txt closed.
2026-03-12 15:50:18.582 | DEBUG    | baldaquin.buf:open:100 - Opening output file /home/lab1-student/baldaquindata/plasduino/0309_000088/0309_000088_data.txt {'mode': 'at', 'encoding': 'utf-8'}...
2026-03-12 15:50:18.586 | DEBUG    | baldaquin.buf:_write:285 - 1500 bytes written to disk.
2026-03-12 15:50:18.587 | DEBUG    | baldaquin.buf:open:104 - Ouput file /home/lab1-student/baldaquindata/plasduino/0309_000088/0309_000088_data.txt closed.
2026-03-12 15:50:18.587 | DEBUG    | baldaquin.buf:open:100 - Opening output file /home/lab1-student/baldaquindata/plasduino/0309_000089/0309_000089_data.txt {'mode': 'at', 'encoding': 'utf-8'}...
2026-03-12 15:50:18.588 | DEBUG    | baldaquin.buf:_write:285 - 1500 bytes written to disk.
2026-03-12 15:50:18.588 | DEBUG    | baldaquin.buf:open:104 - Ouput file /home/lab1-student/baldaquindata/plasduino/0309_000089/0309_000089_data.txt closed.
2026-03-12 15:50:18.591 | DEBUG    | baldaquin.buf:open:100 - Opening output file /home/lab1-student/baldaquindata/plasduino/0309_000090/0309_000090_data.txt {'mode': 'at', 'encoding': 'utf-8'}...
2026-03-12 15:50:18.593 | DEBUG    | baldaquin.buf:_write:285 - 1500 bytes written to disk.
2026-03-12 15:50:18.596 | DEBUG    | baldaquin.buf:open:104 - Ouput file /home/lab1-student/baldaquindata/plasduino/0309_000090/0309_000090_data.txt closed.
2026-03-12 15:50:18.596 | DEBUG    | baldaquin.buf:open:100 - Opening output file /home/lab1-student/baldaquindata/plasduino/0309_000091/0309_000091_data.txt {'mode': 'at', 'encoding': 'utf-8'}...
2026-03-12 15:50:18.597 | DEBUG    | baldaquin.buf:_write:285 - 1500 bytes written to disk.
2026-03-12 15:50:18.602 | DEBUG    | baldaquin.buf:open:104 - Ouput file /home/lab1-student/baldaquindata/plasduino/0309_000091/0309_000091_data.txt closed.
2026-03-12 15:50:18.602 | DEBUG    | baldaquin.buf:open:100 - Opening output file /home/lab1-student/baldaquindata/plasduino/0309_000092/0309_000092_data.txt {'mode': 'at', 'encoding': 'utf-8'}...
2026-03-12 15:50:18.603 | DEBUG    | baldaquin.buf:_write:285 - 1500 bytes written to disk.
2026-03-12 15:50:18.603 | DEBUG    | baldaquin.buf:open:104 - Ouput file /home/lab1-student/baldaquindata/plasduino/0309_000092/0309_000092_data.txt closed.
2026-03-12 15:50:18.604 | DEBUG    | baldaquin.buf:open:100 - Opening output file /home/lab1-student/baldaquindata/plasduino/0309_000093/0309_000093_data.txt {'mode': 'at', 'encoding': 'utf-8'}...
2026-03-12 15:50:18.604 | DEBUG    | baldaquin.buf:_write:285 - 1500 bytes written to disk.
2026-03-12 15:50:18.604 | DEBUG    | baldaquin.buf:open:104 - Ouput file /home/lab1-student/baldaquindata/plasduino/0309_000093/0309_000093_data.txt closed.
2026-03-12 15:50:18.604 | DEBUG    | baldaquin.buf:open:100 - Opening output file /home/lab1-student/baldaquindata/plasduino/0309_000094/0309_000094_data.txt {'mode': 'at', 'encoding': 'utf-8'}...
2026-03-12 15:50:18.605 | DEBUG    | baldaquin.buf:_write:285 - 1500 bytes written to disk.
2026-03-12 15:50:18.613 | DEBUG    | baldaquin.buf:open:104 - Ouput file /home/lab1-student/baldaquindata/plasduino/0309_000094/0309_000094_data.txt closed.
2026-03-12 15:50:18.614 | DEBUG    | baldaquin.buf:open:100 - Opening output file /home/lab1-student/baldaquindata/plasduino/0309_000095/0309_000095_data.txt {'mode': 'at', 'encoding': 'utf-8'}...
2026-03-12 15:50:18.615 | DEBUG    | baldaquin.buf:_write:285 - 1500 bytes written to disk.
2026-03-12 15:50:18.617 | DEBUG    | baldaquin.buf:open:104 - Ouput file /home/lab1-student/baldaquindata/plasduino/0309_000095/0309_000095_data.txt closed.
2026-03-12 15:50:18.618 | DEBUG    | baldaquin.buf:open:100 - Opening output file /home/lab1-student/baldaquindata/plasduino/0309_000095/0309_000095_data.dat {'mode': 'ab'}...
2026-03-12 15:50:18.621 | DEBUG    | baldaquin.buf:_pop_and_write_raw:259 - 800 bytes written to disk.
2026-03-12 15:50:18.621 | DEBUG    | baldaquin.buf:open:104 - Ouput file /home/lab1-student/baldaquindata/plasduino/0309_000095/0309_000095_data.dat closed.
2026-03-12 15:50:18.621 | INFO     | baldaquin.buf:flush:318 - 15800 bytes (800 raw bytes) written to disk.
2026-03-12 15:50:18.622 | DEBUG    | baldaquin.profile:wrap:32 - Running time for flush(): 0.042033 s
2026-03-12 15:50:21.114 | INFO     | baldaquin.buf:flush:309 - 100 packets ready to be written out...
2026-03-12 15:50:21.120 | DEBUG    | baldaquin.buf:open:100 - Opening output file /home/lab1-student/baldaquindata/plasduino/0309_000086/0309_000086_data.txt {'mode': 'at', 'encoding': 'utf-8'}...
2026-03-12 15:50:21.130 | DEBUG    | baldaquin.buf:_write:285 - 1500 bytes written to disk.
2026-03-12 15:50:21.130 | DEBUG    | baldaquin.buf:open:104 - Ouput file /home/lab1-student/baldaquindata/plasduino/0309_000086/0309_000086_data.txt closed.
2026-03-12 15:50:21.132 | DEBUG    | baldaquin.buf:open:100 - Opening output file /home/lab1-student/baldaquindata/plasduino/0309_000087/0309_000087_data.txt {'mode': 'at', 'encoding': 'utf-8'}...
2026-03-12 15:50:21.134 | DEBUG    | baldaquin.buf:_write:285 - 1500 bytes written to disk.
2026-03-12 15:50:21.134 | DEBUG    | baldaquin.buf:open:104 - Ouput file /home/lab1-student/baldaquindata/plasduino/0309_000087/0309_000087_data.txt closed.
2026-03-12 15:50:21.135 | DEBUG    | baldaquin.buf:open:100 - Opening output file /home/lab1-student/baldaquindata/plasduino/0309_000088/0309_000088_data.txt {'mode': 'at', 'encoding': 'utf-8'}...
2026-03-12 15:50:21.136 | DEBUG    | baldaquin.buf:_write:285 - 1500 bytes written to disk.
2026-03-12 15:50:21.150 | DEBUG    | baldaquin.buf:open:104 - Ouput file /home/lab1-student/baldaquindata/plasduino/0309_000088/0309_000088_data.txt closed.
2026-03-12 15:50:21.150 | DEBUG    | baldaquin.buf:open:100 - Opening output file /home/lab1-student/baldaquindata/plasduino/0309_000089/0309_000089_data.txt {'mode': 'at', 'encoding': 'utf-8'}...
2026-03-12 15:50:21.152 | DEBUG    | baldaquin.buf:_write:285 - 1500 bytes written to disk.
2026-03-12 15:50:21.153 | DEBUG    | baldaquin.buf:open:104 - Ouput file /home/lab1-student/baldaquindata/plasduino/0309_000089/0309_000089_data.txt closed.
2026-03-12 15:50:21.153 | DEBUG    | baldaquin.buf:open:100 - Opening output file /home/lab1-student/baldaquindata/plasduino/0309_000090/0309_000090_data.txt {'mode': 'at', 'encoding': 'utf-8'}...
2026-03-12 15:50:21.154 | DEBUG    | baldaquin.buf:_write:285 - 1500 bytes written to disk.
2026-03-12 15:50:21.162 | DEBUG    | baldaquin.buf:open:104 - Ouput file /home/lab1-student/baldaquindata/plasduino/0309_000090/0309_000090_data.txt closed.
2026-03-12 15:50:21.184 | DEBUG    | baldaquin.buf:open:100 - Opening output file /home/lab1-student/baldaquindata/plasduino/0309_000091/0309_000091_data.txt {'mode': 'at', 'encoding': 'utf-8'}...
2026-03-12 15:50:21.196 | DEBUG    | baldaquin.buf:_write:285 - 1500 bytes written to disk.
2026-03-12 15:50:21.198 | DEBUG    | baldaquin.buf:open:104 - Ouput file /home/lab1-student/baldaquindata/plasduino/0309_000091/0309_000091_data.txt closed.
2026-03-12 15:50:21.200 | DEBUG    | baldaquin.buf:open:100 - Opening output file /home/lab1-student/baldaquindata/plasduino/0309_000092/0309_000092_data.txt {'mode': 'at', 'encoding': 'utf-8'}...
2026-03-12 15:50:21.219 | DEBUG    | baldaquin.buf:_write:285 - 1500 bytes written to disk.
2026-03-12 15:50:21.229 | DEBUG    | baldaquin.buf:open:104 - Ouput file /home/lab1-student/baldaquindata/plasduino/0309_000092/0309_000092_data.txt closed.
2026-03-12 15:50:21.230 | DEBUG    | baldaquin.buf:open:100 - Opening output file /home/lab1-student/baldaquindata/plasduino/0309_000093/0309_000093_data.txt {'mode': 'at', 'encoding': 'utf-8'}...
2026-03-12 15:50:21.230 | DEBUG    | baldaquin.buf:_write:285 - 1500 bytes written to disk.
2026-03-12 15:50:21.231 | DEBUG    | baldaquin.buf:open:104 - Ouput file /home/lab1-student/baldaquindata/plasduino/0309_000093/0309_000093_data.txt closed.
2026-03-12 15:50:21.233 | DEBUG    | baldaquin.buf:open:100 - Opening output file /home/lab1-student/baldaquindata/plasduino/0309_000094/0309_000094_data.txt {'mode': 'at', 'encoding': 'utf-8'}...
2026-03-12 15:50:21.234 | DEBUG    | baldaquin.buf:_write:285 - 1500 bytes written to disk.
2026-03-12 15:50:21.235 | DEBUG    | baldaquin.buf:open:104 - Ouput file /home/lab1-student/baldaquindata/plasduino/0309_000094/0309_000094_data.txt closed.
2026-03-12 15:50:21.235 | DEBUG    | baldaquin.buf:open:100 - Opening output file /home/lab1-student/baldaquindata/plasduino/0309_000095/0309_000095_data.txt {'mode': 'at', 'encoding': 'utf-8'}...
2026-03-12 15:50:21.237 | DEBUG    | baldaquin.buf:_write:285 - 1500 bytes written to disk.
2026-03-12 15:50:21.237 | DEBUG    | baldaquin.buf:open:104 - Ouput file /home/lab1-student/baldaquindata/plasduino/0309_000095/0309_000095_data.txt closed.
2026-03-12 15:50:21.241 | DEBUG    | baldaquin.buf:open:100 - Opening output file /home/lab1-student/baldaquindata/plasduino/0309_000095/0309_000095_data.dat {'mode': 'ab'}...
2026-03-12 15:50:21.251 | DEBUG    | baldaquin.buf:_pop_and_write_raw:259 - 800 bytes written to disk.
2026-03-12 15:50:21.252 | DEBUG    | baldaquin.buf:open:104 - Ouput file /home/lab1-student/baldaquindata/plasduino/0309_000095/0309_000095_data.dat closed.
2026-03-12 15:50:21.253 | INFO     | baldaquin.buf:flush:318 - 15800 bytes (800 raw bytes) written to disk.
2026-03-12 15:50:21.253 | DEBUG    | baldaquin.profile:wrap:32 - Running time for flush(): 0.138668 s
2026-03-12 15:50:23.651 | INFO     | baldaquin.buf:flush:309 - 100 packets ready to be written out...
2026-03-12 15:50:23.656 | DEBUG    | baldaquin.buf:open:100 - Opening output file /home/lab1-student/baldaquindata/plasduino/0309_000086/0309_000086_data.txt {'mode': 'at', 'encoding': 'utf-8'}...
2026-03-12 15:50:23.665 | DEBUG    | baldaquin.buf:_write:285 - 1500 bytes written to disk.
2026-03-12 15:50:23.681 | DEBUG    | baldaquin.buf:open:104 - Ouput file /home/lab1-student/baldaquindata/plasduino/0309_000086/0309_000086_data.txt closed.
2026-03-12 15:50:23.685 | DEBUG    | baldaquin.buf:open:100 - Opening output file /home/lab1-student/baldaquindata/plasduino/0309_000087/0309_000087_data.txt {'mode': 'at', 'encoding': 'utf-8'}...
2026-03-12 15:50:23.687 | DEBUG    | baldaquin.buf:_write:285 - 1500 bytes written to disk.
2026-03-12 15:50:23.689 | DEBUG    | baldaquin.buf:open:104 - Ouput file /home/lab1-student/baldaquindata/plasduino/0309_000087/0309_000087_data.txt closed.
2026-03-12 15:50:23.689 | DEBUG    | baldaquin.buf:open:100 - Opening output file /home/lab1-student/baldaquindata/plasduino/0309_000088/0309_000088_data.txt {'mode': 'at', 'encoding': 'utf-8'}...
2026-03-12 15:50:23.690 | DEBUG    | baldaquin.buf:_write:285 - 1500 bytes written to disk.
2026-03-12 15:50:23.690 | DEBUG    | baldaquin.buf:open:104 - Ouput file /home/lab1-student/baldaquindata/plasduino/0309_000088/0309_000088_data.txt closed.
2026-03-12 15:50:23.690 | DEBUG    | baldaquin.buf:open:100 - Opening output file /home/lab1-student/baldaquindata/plasduino/0309_000089/0309_000089_data.txt {'mode': 'at', 'encoding': 'utf-8'}...
2026-03-12 15:50:23.691 | DEBUG    | baldaquin.buf:_write:285 - 1500 bytes written to disk.
2026-03-12 15:50:23.691 | DEBUG    | baldaquin.buf:open:104 - Ouput file /home/lab1-student/baldaquindata/plasduino/0309_000089/0309_000089_data.txt closed.
2026-03-12 15:50:23.691 | DEBUG    | baldaquin.buf:open:100 - Opening output file /home/lab1-student/baldaquindata/plasduino/0309_000090/0309_000090_data.txt {'mode': 'at', 'encoding': 'utf-8'}...
2026-03-12 15:50:23.693 | DEBUG    | baldaquin.buf:_write:285 - 1500 bytes written to disk.
2026-03-12 15:50:23.693 | DEBUG    | baldaquin.buf:open:104 - Ouput file /home/lab1-student/baldaquindata/plasduino/0309_000090/0309_000090_data.txt closed.
2026-03-12 15:50:23.693 | DEBUG    | baldaquin.buf:open:100 - Opening output file /home/lab1-student/baldaquindata/plasduino/0309_000091/0309_000091_data.txt {'mode': 'at', 'encoding': 'utf-8'}...
2026-03-12 15:50:23.694 | DEBUG    | baldaquin.buf:_write:285 - 1500 bytes written to disk.
2026-03-12 15:50:23.697 | DEBUG    | baldaquin.buf:open:104 - Ouput file /home/lab1-student/baldaquindata/plasduino/0309_000091/0309_000091_data.txt closed.
2026-03-12 15:50:23.697 | DEBUG    | baldaquin.buf:open:100 - Opening output file /home/lab1-student/baldaquindata/plasduino/0309_000092/0309_000092_data.txt {'mode': 'at', 'encoding': 'utf-8'}...
2026-03-12 15:50:23.703 | DEBUG    | baldaquin.buf:_write:285 - 1500 bytes written to disk.
2026-03-12 15:50:23.703 | DEBUG    | baldaquin.buf:open:104 - Ouput file /home/lab1-student/baldaquindata/plasduino/0309_000092/0309_000092_data.txt closed.
2026-03-12 15:50:23.703 | DEBUG    | baldaquin.buf:open:100 - Opening output file /home/lab1-student/baldaquindata/plasduino/0309_000093/0309_000093_data.txt {'mode': 'at', 'encoding': 'utf-8'}...
2026-03-12 15:50:23.704 | DEBUG    | baldaquin.buf:_write:285 - 1500 bytes written to disk.
2026-03-12 15:50:23.704 | DEBUG    | baldaquin.buf:open:104 - Ouput file /home/lab1-student/baldaquindata/plasduino/0309_000093/0309_000093_data.txt closed.
2026-03-12 15:50:23.704 | DEBUG    | baldaquin.buf:open:100 - Opening output file /home/lab1-student/baldaquindata/plasduino/0309_000094/0309_000094_data.txt {'mode': 'at', 'encoding': 'utf-8'}...
2026-03-12 15:50:23.705 | DEBUG    | baldaquin.buf:_write:285 - 1500 bytes written to disk.
2026-03-12 15:50:23.705 | DEBUG    | baldaquin.buf:open:104 - Ouput file /home/lab1-student/baldaquindata/plasduino/0309_000094/0309_000094_data.txt closed.
2026-03-12 15:50:23.705 | DEBUG    | baldaquin.buf:open:100 - Opening output file /home/lab1-student/baldaquindata/plasduino/0309_000095/0309_000095_data.txt {'mode': 'at', 'encoding': 'utf-8'}...
2026-03-12 15:50:23.706 | DEBUG    | baldaquin.buf:_write:285 - 1500 bytes written to disk.
2026-03-12 15:50:23.706 | DEBUG    | baldaquin.buf:open:104 - Ouput file /home/lab1-student/baldaquindata/plasduino/0309_000095/0309_000095_data.txt closed.
2026-03-12 15:50:23.706 | DEBUG    | baldaquin.buf:open:100 - Opening output file /home/lab1-student/baldaquindata/plasduino/0309_000095/0309_000095_data.dat {'mode': 'ab'}...
2026-03-12 15:50:23.706 | DEBUG    | baldaquin.buf:_pop_and_write_raw:259 - 800 bytes written to disk.
2026-03-12 15:50:23.715 | DEBUG    | baldaquin.buf:open:104 - Ouput file /home/lab1-student/baldaquindata/plasduino/0309_000095/0309_000095_data.dat closed.
2026-03-12 15:50:23.717 | INFO     | baldaquin.buf:flush:318 - 15800 bytes (800 raw bytes) written to disk.
2026-03-12 15:50:23.717 | DEBUG    | baldaquin.profile:wrap:32 - Running time for flush(): 0.066433 s
2026-03-12 15:50:26.183 | INFO     | baldaquin.buf:flush:309 - 100 packets ready to be written out...
2026-03-12 15:50:26.183 | DEBUG    | baldaquin.buf:open:100 - Opening output file /home/lab1-student/baldaquindata/plasduino/0309_000086/0309_000086_data.txt {'mode': 'at', 'encoding': 'utf-8'}...
2026-03-12 15:50:26.199 | DEBUG    | baldaquin.buf:_write:285 - 1500 bytes written to disk.
2026-03-12 15:50:26.199 | DEBUG    | baldaquin.buf:open:104 - Ouput file /home/lab1-student/baldaquindata/plasduino/0309_000086/0309_000086_data.txt closed.
2026-03-12 15:50:26.201 | DEBUG    | baldaquin.buf:open:100 - Opening output file /home/lab1-student/baldaquindata/plasduino/0309_000087/0309_000087_data.txt {'mode': 'at', 'encoding': 'utf-8'}...
2026-03-12 15:50:26.202 | DEBUG    | baldaquin.buf:_write:285 - 1500 bytes written to disk.
2026-03-12 15:50:26.205 | DEBUG    | baldaquin.buf:open:104 - Ouput file /home/lab1-student/baldaquindata/plasduino/0309_000087/0309_000087_data.txt closed.
2026-03-12 15:50:26.206 | DEBUG    | baldaquin.buf:open:100 - Opening output file /home/lab1-student/baldaquindata/plasduino/0309_000088/0309_000088_data.txt {'mode': 'at', 'encoding': 'utf-8'}...
2026-03-12 15:50:26.206 | DEBUG    | baldaquin.buf:_write:285 - 1500 bytes written to disk.
2026-03-12 15:50:26.206 | DEBUG    | baldaquin.buf:open:104 - Ouput file /home/lab1-student/baldaquindata/plasduino/0309_000088/0309_000088_data.txt closed.
2026-03-12 15:50:26.207 | DEBUG    | baldaquin.buf:open:100 - Opening output file /home/lab1-student/baldaquindata/plasduino/0309_000089/0309_000089_data.txt {'mode': 'at', 'encoding': 'utf-8'}...
2026-03-12 15:50:26.207 | DEBUG    | baldaquin.buf:_write:285 - 1500 bytes written to disk.
2026-03-12 15:50:26.207 | DEBUG    | baldaquin.buf:open:104 - Ouput file /home/lab1-student/baldaquindata/plasduino/0309_000089/0309_000089_data.txt closed.
2026-03-12 15:50:26.207 | DEBUG    | baldaquin.buf:open:100 - Opening output file /home/lab1-student/baldaquindata/plasduino/0309_000090/0309_000090_data.txt {'mode': 'at', 'encoding': 'utf-8'}...
2026-03-12 15:50:26.208 | DEBUG    | baldaquin.buf:_write:285 - 1500 bytes written to disk.
2026-03-12 15:50:26.208 | DEBUG    | baldaquin.buf:open:104 - Ouput file /home/lab1-student/baldaquindata/plasduino/0309_000090/0309_000090_data.txt closed.
2026-03-12 15:50:26.208 | DEBUG    | baldaquin.buf:open:100 - Opening output file /home/lab1-student/baldaquindata/plasduino/0309_000091/0309_000091_data.txt {'mode': 'at', 'encoding': 'utf-8'}...
2026-03-12 15:50:26.209 | DEBUG    | baldaquin.buf:_write:285 - 1500 bytes written to disk.
2026-03-12 15:50:26.209 | DEBUG    | baldaquin.buf:open:104 - Ouput file /home/lab1-student/baldaquindata/plasduino/0309_000091/0309_000091_data.txt closed.
2026-03-12 15:50:26.209 | DEBUG    | baldaquin.buf:open:100 - Opening output file /home/lab1-student/baldaquindata/plasduino/0309_000092/0309_000092_data.txt {'mode': 'at', 'encoding': 'utf-8'}...
2026-03-12 15:50:26.209 | DEBUG    | baldaquin.buf:_write:285 - 1500 bytes written to disk.
2026-03-12 15:50:26.209 | DEBUG    | baldaquin.buf:open:104 - Ouput file /home/lab1-student/baldaquindata/plasduino/0309_000092/0309_000092_data.txt closed.
2026-03-12 15:50:26.210 | DEBUG    | baldaquin.buf:open:100 - Opening output file /home/lab1-student/baldaquindata/plasduino/0309_000093/0309_000093_data.txt {'mode': 'at', 'encoding': 'utf-8'}...
2026-03-12 15:50:26.210 | DEBUG    | baldaquin.buf:_write:285 - 1500 bytes written to disk.
2026-03-12 15:50:26.210 | DEBUG    | baldaquin.buf:open:104 - Ouput file /home/lab1-student/baldaquindata/plasduino/0309_000093/0309_000093_data.txt closed.
2026-03-12 15:50:26.210 | DEBUG    | baldaquin.buf:open:100 - Opening output file /home/lab1-student/baldaquindata/plasduino/0309_000094/0309_000094_data.txt {'mode': 'at', 'encoding': 'utf-8'}...
2026-03-12 15:50:26.211 | DEBUG    | baldaquin.buf:_write:285 - 1500 bytes written to disk.
2026-03-12 15:50:26.211 | DEBUG    | baldaquin.buf:open:104 - Ouput file /home/lab1-student/baldaquindata/plasduino/0309_000094/0309_000094_data.txt closed.
2026-03-12 15:50:26.211 | DEBUG    | baldaquin.buf:open:100 - Opening output file /home/lab1-student/baldaquindata/plasduino/0309_000095/0309_000095_data.txt {'mode': 'at', 'encoding': 'utf-8'}...
2026-03-12 15:50:26.212 | DEBUG    | baldaquin.buf:_write:285 - 1500 bytes written to disk.
2026-03-12 15:50:26.212 | DEBUG    | baldaquin.buf:open:104 - Ouput file /home/lab1-student/baldaquindata/plasduino/0309_000095/0309_000095_data.txt closed.
2026-03-12 15:50:26.212 | DEBUG    | baldaquin.buf:open:100 - Opening output file /home/lab1-student/baldaquindata/plasduino/0309_000095/0309_000095_data.dat {'mode': 'ab'}...
2026-03-12 15:50:26.212 | DEBUG    | baldaquin.buf:_pop_and_write_raw:259 - 800 bytes written to disk.
2026-03-12 15:50:26.213 | DEBUG    | baldaquin.buf:open:104 - Ouput file /home/lab1-student/baldaquindata/plasduino/0309_000095/0309_000095_data.dat closed.
2026-03-12 15:50:26.213 | INFO     | baldaquin.buf:flush:318 - 15800 bytes (800 raw bytes) written to disk.
2026-03-12 15:50:26.213 | DEBUG    | baldaquin.profile:wrap:32 - Running time for flush(): 0.030016 s
2026-03-12 15:50:28.722 | INFO     | baldaquin.buf:flush:309 - 100 packets ready to be written out...
2026-03-12 15:50:28.722 | DEBUG    | baldaquin.buf:open:100 - Opening output file /home/lab1-student/baldaquindata/plasduino/0309_000086/0309_000086_data.txt {'mode': 'at', 'encoding': 'utf-8'}...
2026-03-12 15:50:28.722 | DEBUG    | baldaquin.buf:_write:285 - 1500 bytes written to disk.
2026-03-12 15:50:28.723 | DEBUG    | baldaquin.buf:open:104 - Ouput file /home/lab1-student/baldaquindata/plasduino/0309_000086/0309_000086_data.txt closed.
2026-03-12 15:50:28.729 | DEBUG    | baldaquin.buf:open:100 - Opening output file /home/lab1-student/baldaquindata/plasduino/0309_000087/0309_000087_data.txt {'mode': 'at', 'encoding': 'utf-8'}...
2026-03-12 15:50:28.762 | DEBUG    | baldaquin.buf:_write:285 - 1500 bytes written to disk.
2026-03-12 15:50:28.763 | DEBUG    | baldaquin.buf:open:104 - Ouput file /home/lab1-student/baldaquindata/plasduino/0309_000087/0309_000087_data.txt closed.
2026-03-12 15:50:28.763 | DEBUG    | baldaquin.buf:open:100 - Opening output file /home/lab1-student/baldaquindata/plasduino/0309_000088/0309_000088_data.txt {'mode': 'at', 'encoding': 'utf-8'}...
2026-03-12 15:50:28.782 | DEBUG    | baldaquin.buf:_write:285 - 1500 bytes written to disk.
2026-03-12 15:50:28.785 | DEBUG    | baldaquin.buf:open:104 - Ouput file /home/lab1-student/baldaquindata/plasduino/0309_000088/0309_000088_data.txt closed.
2026-03-12 15:50:28.786 | DEBUG    | baldaquin.buf:open:100 - Opening output file /home/lab1-student/baldaquindata/plasduino/0309_000089/0309_000089_data.txt {'mode': 'at', 'encoding': 'utf-8'}...
2026-03-12 15:50:28.800 | DEBUG    | baldaquin.buf:_write:285 - 1500 bytes written to disk.
2026-03-12 15:50:28.801 | DEBUG    | baldaquin.buf:open:104 - Ouput file /home/lab1-student/baldaquindata/plasduino/0309_000089/0309_000089_data.txt closed.
2026-03-12 15:50:28.802 | DEBUG    | baldaquin.buf:open:100 - Opening output file /home/lab1-student/baldaquindata/plasduino/0309_000090/0309_000090_data.txt {'mode': 'at', 'encoding': 'utf-8'}...
2026-03-12 15:50:28.803 | DEBUG    | baldaquin.buf:_write:285 - 1500 bytes written to disk.
2026-03-12 15:50:28.805 | DEBUG    | baldaquin.buf:open:104 - Ouput file /home/lab1-student/baldaquindata/plasduino/0309_000090/0309_000090_data.txt closed.
2026-03-12 15:50:28.808 | DEBUG    | baldaquin.buf:open:100 - Opening output file /home/lab1-student/baldaquindata/plasduino/0309_000091/0309_000091_data.txt {'mode': 'at', 'encoding': 'utf-8'}...
2026-03-12 15:50:28.809 | DEBUG    | baldaquin.buf:_write:285 - 1500 bytes written to disk.
2026-03-12 15:50:28.809 | DEBUG    | baldaquin.buf:open:104 - Ouput file /home/lab1-student/baldaquindata/plasduino/0309_000091/0309_000091_data.txt closed.
2026-03-12 15:50:28.809 | DEBUG    | baldaquin.buf:open:100 - Opening output file /home/lab1-student/baldaquindata/plasduino/0309_000092/0309_000092_data.txt {'mode': 'at', 'encoding': 'utf-8'}...
2026-03-12 15:50:28.810 | DEBUG    | baldaquin.buf:_write:285 - 1500 bytes written to disk.
2026-03-12 15:50:28.810 | DEBUG    | baldaquin.buf:open:104 - Ouput file /home/lab1-student/baldaquindata/plasduino/0309_000092/0309_000092_data.txt closed.
2026-03-12 15:50:28.810 | DEBUG    | baldaquin.buf:open:100 - Opening output file /home/lab1-student/baldaquindata/plasduino/0309_000093/0309_000093_data.txt {'mode': 'at', 'encoding': 'utf-8'}...
2026-03-12 15:50:28.811 | DEBUG    | baldaquin.buf:_write:285 - 1500 bytes written to disk.
2026-03-12 15:50:28.811 | DEBUG    | baldaquin.buf:open:104 - Ouput file /home/lab1-student/baldaquindata/plasduino/0309_000093/0309_000093_data.txt closed.
2026-03-12 15:50:28.811 | DEBUG    | baldaquin.buf:open:100 - Opening output file /home/lab1-student/baldaquindata/plasduino/0309_000094/0309_000094_data.txt {'mode': 'at', 'encoding': 'utf-8'}...
2026-03-12 15:50:28.812 | DEBUG    | baldaquin.buf:_write:285 - 1500 bytes written to disk.
2026-03-12 15:50:28.813 | DEBUG    | baldaquin.buf:open:104 - Ouput file /home/lab1-student/baldaquindata/plasduino/0309_000094/0309_000094_data.txt closed.
2026-03-12 15:50:28.813 | DEBUG    | baldaquin.buf:open:100 - Opening output file /home/lab1-student/baldaquindata/plasduino/0309_000095/0309_000095_data.txt {'mode': 'at', 'encoding': 'utf-8'}...
2026-03-12 15:50:28.813 | DEBUG    | baldaquin.buf:_write:285 - 1500 bytes written to disk.
2026-03-12 15:50:28.814 | DEBUG    | baldaquin.buf:open:104 - Ouput file /home/lab1-student/baldaquindata/plasduino/0309_000095/0309_000095_data.txt closed.
2026-03-12 15:50:28.814 | DEBUG    | baldaquin.buf:open:100 - Opening output file /home/lab1-student/baldaquindata/plasduino/0309_000095/0309_000095_data.dat {'mode': 'ab'}...
2026-03-12 15:50:28.814 | DEBUG    | baldaquin.buf:_pop_and_write_raw:259 - 800 bytes written to disk.
2026-03-12 15:50:28.814 | DEBUG    | baldaquin.buf:open:104 - Ouput file /home/lab1-student/baldaquindata/plasduino/0309_000095/0309_000095_data.dat closed.
2026-03-12 15:50:28.814 | INFO     | baldaquin.buf:flush:318 - 15800 bytes (800 raw bytes) written to disk.
2026-03-12 15:50:28.814 | DEBUG    | baldaquin.profile:wrap:32 - Running time for flush(): 0.092481 s
2026-03-12 15:50:31.257 | INFO     | baldaquin.buf:flush:309 - 100 packets ready to be written out...
2026-03-12 15:50:31.259 | DEBUG    | baldaquin.buf:open:100 - Opening output file /home/lab1-student/baldaquindata/plasduino/0309_000086/0309_000086_data.txt {'mode': 'at', 'encoding': 'utf-8'}...
2026-03-12 15:50:31.266 | DEBUG    | baldaquin.buf:_write:285 - 1500 bytes written to disk.
2026-03-12 15:50:31.266 | DEBUG    | baldaquin.buf:open:104 - Ouput file /home/lab1-student/baldaquindata/plasduino/0309_000086/0309_000086_data.txt closed.
2026-03-12 15:50:31.266 | DEBUG    | baldaquin.buf:open:100 - Opening output file /home/lab1-student/baldaquindata/plasduino/0309_000087/0309_000087_data.txt {'mode': 'at', 'encoding': 'utf-8'}...
2026-03-12 15:50:31.283 | DEBUG    | baldaquin.buf:_write:285 - 1500 bytes written to disk.
2026-03-12 15:50:31.284 | DEBUG    | baldaquin.buf:open:104 - Ouput file /home/lab1-student/baldaquindata/plasduino/0309_000087/0309_000087_data.txt closed.
2026-03-12 15:50:31.284 | DEBUG    | baldaquin.buf:open:100 - Opening output file /home/lab1-student/baldaquindata/plasduino/0309_000088/0309_000088_data.txt {'mode': 'at', 'encoding': 'utf-8'}...
2026-03-12 15:50:31.287 | DEBUG    | baldaquin.buf:_write:285 - 1500 bytes written to disk.
2026-03-12 15:50:31.288 | DEBUG    | baldaquin.buf:open:104 - Ouput file /home/lab1-student/baldaquindata/plasduino/0309_000088/0309_000088_data.txt closed.
2026-03-12 15:50:31.294 | DEBUG    | baldaquin.buf:open:100 - Opening output file /home/lab1-student/baldaquindata/plasduino/0309_000089/0309_000089_data.txt {'mode': 'at', 'encoding': 'utf-8'}...
2026-03-12 15:50:31.295 | DEBUG    | baldaquin.buf:_write:285 - 1500 bytes written to disk.
2026-03-12 15:50:31.295 | DEBUG    | baldaquin.buf:open:104 - Ouput file /home/lab1-student/baldaquindata/plasduino/0309_000089/0309_000089_data.txt closed.
2026-03-12 15:50:31.296 | DEBUG    | baldaquin.buf:open:100 - Opening output file /home/lab1-student/baldaquindata/plasduino/0309_000090/0309_000090_data.txt {'mode': 'at', 'encoding': 'utf-8'}...
2026-03-12 15:50:31.304 | DEBUG    | baldaquin.buf:_write:285 - 1500 bytes written to disk.
2026-03-12 15:50:31.304 | DEBUG    | baldaquin.buf:open:104 - Ouput file /home/lab1-student/baldaquindata/plasduino/0309_000090/0309_000090_data.txt closed.
2026-03-12 15:50:31.310 | DEBUG    | baldaquin.buf:open:100 - Opening output file /home/lab1-student/baldaquindata/plasduino/0309_000091/0309_000091_data.txt {'mode': 'at', 'encoding': 'utf-8'}...
2026-03-12 15:50:31.311 | DEBUG    | baldaquin.buf:_write:285 - 1500 bytes written to disk.
2026-03-12 15:50:31.312 | DEBUG    | baldaquin.buf:open:104 - Ouput file /home/lab1-student/baldaquindata/plasduino/0309_000091/0309_000091_data.txt closed.
2026-03-12 15:50:31.312 | DEBUG    | baldaquin.buf:open:100 - Opening output file /home/lab1-student/baldaquindata/plasduino/0309_000092/0309_000092_data.txt {'mode': 'at', 'encoding': 'utf-8'}...
2026-03-12 15:50:31.312 | DEBUG    | baldaquin.buf:_write:285 - 1500 bytes written to disk.
2026-03-12 15:50:31.313 | DEBUG    | baldaquin.buf:open:104 - Ouput file /home/lab1-student/baldaquindata/plasduino/0309_000092/0309_000092_data.txt closed.
2026-03-12 15:50:31.313 | DEBUG    | baldaquin.buf:open:100 - Opening output file /home/lab1-student/baldaquindata/plasduino/0309_000093/0309_000093_data.txt {'mode': 'at', 'encoding': 'utf-8'}...
2026-03-12 15:50:31.313 | DEBUG    | baldaquin.buf:_write:285 - 1500 bytes written to disk.
2026-03-12 15:50:31.313 | DEBUG    | baldaquin.buf:open:104 - Ouput file /home/lab1-student/baldaquindata/plasduino/0309_000093/0309_000093_data.txt closed.
2026-03-12 15:50:31.313 | DEBUG    | baldaquin.buf:open:100 - Opening output file /home/lab1-student/baldaquindata/plasduino/0309_000094/0309_000094_data.txt {'mode': 'at', 'encoding': 'utf-8'}...
2026-03-12 15:50:31.314 | DEBUG    | baldaquin.buf:_write:285 - 1500 bytes written to disk.
2026-03-12 15:50:31.314 | DEBUG    | baldaquin.buf:open:104 - Ouput file /home/lab1-student/baldaquindata/plasduino/0309_000094/0309_000094_data.txt closed.
2026-03-12 15:50:31.314 | DEBUG    | baldaquin.buf:open:100 - Opening output file /home/lab1-student/baldaquindata/plasduino/0309_000095/0309_000095_data.txt {'mode': 'at', 'encoding': 'utf-8'}...
2026-03-12 15:50:31.315 | DEBUG    | baldaquin.buf:_write:285 - 1500 bytes written to disk.
2026-03-12 15:50:31.315 | DEBUG    | baldaquin.buf:open:104 - Ouput file /home/lab1-student/baldaquindata/plasduino/0309_000095/0309_000095_data.txt closed.
2026-03-12 15:50:31.315 | DEBUG    | baldaquin.buf:open:100 - Opening output file /home/lab1-student/baldaquindata/plasduino/0309_000095/0309_000095_data.dat {'mode': 'ab'}...
2026-03-12 15:50:31.315 | DEBUG    | baldaquin.buf:_pop_and_write_raw:259 - 800 bytes written to disk.
2026-03-12 15:50:31.315 | DEBUG    | baldaquin.buf:open:104 - Ouput file /home/lab1-student/baldaquindata/plasduino/0309_000095/0309_000095_data.dat closed.
2026-03-12 15:50:31.315 | INFO     | baldaquin.buf:flush:318 - 15800 bytes (800 raw bytes) written to disk.
2026-03-12 15:50:31.315 | DEBUG    | baldaquin.profile:wrap:32 - Running time for flush(): 0.058565 s
2026-03-12 15:50:33.793 | INFO     | baldaquin.buf:flush:309 - 100 packets ready to be written out...
2026-03-12 15:50:33.793 | DEBUG    | baldaquin.buf:open:100 - Opening output file /home/lab1-student/baldaquindata/plasduino/0309_000086/0309_000086_data.txt {'mode': 'at', 'encoding': 'utf-8'}...
2026-03-12 15:50:33.794 | DEBUG    | baldaquin.buf:_write:285 - 1500 bytes written to disk.
2026-03-12 15:50:33.795 | DEBUG    | baldaquin.buf:open:104 - Ouput file /home/lab1-student/baldaquindata/plasduino/0309_000086/0309_000086_data.txt closed.
2026-03-12 15:50:33.795 | DEBUG    | baldaquin.buf:open:100 - Opening output file /home/lab1-student/baldaquindata/plasduino/0309_000087/0309_000087_data.txt {'mode': 'at', 'encoding': 'utf-8'}...
2026-03-12 15:50:33.796 | DEBUG    | baldaquin.buf:_write:285 - 1500 bytes written to disk.
2026-03-12 15:50:33.799 | DEBUG    | baldaquin.buf:open:104 - Ouput file /home/lab1-student/baldaquindata/plasduino/0309_000087/0309_000087_data.txt closed.
2026-03-12 15:50:33.799 | DEBUG    | baldaquin.buf:open:100 - Opening output file /home/lab1-student/baldaquindata/plasduino/0309_000088/0309_000088_data.txt {'mode': 'at', 'encoding': 'utf-8'}...
2026-03-12 15:50:33.800 | DEBUG    | baldaquin.buf:_write:285 - 1500 bytes written to disk.
2026-03-12 15:50:33.800 | DEBUG    | baldaquin.buf:open:104 - Ouput file /home/lab1-student/baldaquindata/plasduino/0309_000088/0309_000088_data.txt closed.
2026-03-12 15:50:33.801 | DEBUG    | baldaquin.buf:open:100 - Opening output file /home/lab1-student/baldaquindata/plasduino/0309_000089/0309_000089_data.txt {'mode': 'at', 'encoding': 'utf-8'}...
2026-03-12 15:50:33.801 | DEBUG    | baldaquin.buf:_write:285 - 1500 bytes written to disk.
2026-03-12 15:50:33.801 | DEBUG    | baldaquin.buf:open:104 - Ouput file /home/lab1-student/baldaquindata/plasduino/0309_000089/0309_000089_data.txt closed.
2026-03-12 15:50:33.801 | DEBUG    | baldaquin.buf:open:100 - Opening output file /home/lab1-student/baldaquindata/plasduino/0309_000090/0309_000090_data.txt {'mode': 'at', 'encoding': 'utf-8'}...
2026-03-12 15:50:33.802 | DEBUG    | baldaquin.buf:_write:285 - 1500 bytes written to disk.
2026-03-12 15:50:33.802 | DEBUG    | baldaquin.buf:open:104 - Ouput file /home/lab1-student/baldaquindata/plasduino/0309_000090/0309_000090_data.txt closed.
2026-03-12 15:50:33.802 | DEBUG    | baldaquin.buf:open:100 - Opening output file /home/lab1-student/baldaquindata/plasduino/0309_000091/0309_000091_data.txt {'mode': 'at', 'encoding': 'utf-8'}...
2026-03-12 15:50:33.803 | DEBUG    | baldaquin.buf:_write:285 - 1500 bytes written to disk.
2026-03-12 15:50:33.803 | DEBUG    | baldaquin.buf:open:104 - Ouput file /home/lab1-student/baldaquindata/plasduino/0309_000091/0309_000091_data.txt closed.
2026-03-12 15:50:33.803 | DEBUG    | baldaquin.buf:open:100 - Opening output file /home/lab1-student/baldaquindata/plasduino/0309_000092/0309_000092_data.txt {'mode': 'at', 'encoding': 'utf-8'}...
2026-03-12 15:50:33.804 | DEBUG    | baldaquin.buf:_write:285 - 1500 bytes written to disk.
2026-03-12 15:50:33.804 | DEBUG    | baldaquin.buf:open:104 - Ouput file /home/lab1-student/baldaquindata/plasduino/0309_000092/0309_000092_data.txt closed.
2026-03-12 15:50:33.804 | DEBUG    | baldaquin.buf:open:100 - Opening output file /home/lab1-student/baldaquindata/plasduino/0309_000093/0309_000093_data.txt {'mode': 'at', 'encoding': 'utf-8'}...
2026-03-12 15:50:33.804 | DEBUG    | baldaquin.buf:_write:285 - 1500 bytes written to disk.
2026-03-12 15:50:33.804 | DEBUG    | baldaquin.buf:open:104 - Ouput file /home/lab1-student/baldaquindata/plasduino/0309_000093/0309_000093_data.txt closed.
2026-03-12 15:50:33.804 | DEBUG    | baldaquin.buf:open:100 - Opening output file /home/lab1-student/baldaquindata/plasduino/0309_000094/0309_000094_data.txt {'mode': 'at', 'encoding': 'utf-8'}...
2026-03-12 15:50:33.806 | DEBUG    | baldaquin.buf:_write:285 - 1500 bytes written to disk.
2026-03-12 15:50:33.807 | DEBUG    | baldaquin.buf:open:104 - Ouput file /home/lab1-student/baldaquindata/plasduino/0309_000094/0309_000094_data.txt closed.
2026-03-12 15:50:33.807 | DEBUG    | baldaquin.buf:open:100 - Opening output file /home/lab1-student/baldaquindata/plasduino/0309_000095/0309_000095_data.txt {'mode': 'at', 'encoding': 'utf-8'}...
2026-03-12 15:50:33.807 | DEBUG    | baldaquin.buf:_write:285 - 1500 bytes written to disk.
2026-03-12 15:50:33.807 | DEBUG    | baldaquin.buf:open:104 - Ouput file /home/lab1-student/baldaquindata/plasduino/0309_000095/0309_000095_data.txt closed.
2026-03-12 15:50:33.808 | DEBUG    | baldaquin.buf:open:100 - Opening output file /home/lab1-student/baldaquindata/plasduino/0309_000095/0309_000095_data.dat {'mode': 'ab'}...
2026-03-12 15:50:33.808 | DEBUG    | baldaquin.buf:_pop_and_write_raw:259 - 800 bytes written to disk.
2026-03-12 15:50:33.808 | DEBUG    | baldaquin.buf:open:104 - Ouput file /home/lab1-student/baldaquindata/plasduino/0309_000095/0309_000095_data.dat closed.
2026-03-12 15:50:33.808 | INFO     | baldaquin.buf:flush:318 - 15800 bytes (800 raw bytes) written to disk.
2026-03-12 15:50:33.808 | DEBUG    | baldaquin.profile:wrap:32 - Running time for flush(): 0.015730 s
2026-03-12 15:50:36.348 | INFO     | baldaquin.buf:flush:309 - 100 packets ready to be written out...
2026-03-12 15:50:36.349 | DEBUG    | baldaquin.buf:open:100 - Opening output file /home/lab1-student/baldaquindata/plasduino/0309_000086/0309_000086_data.txt {'mode': 'at', 'encoding': 'utf-8'}...
2026-03-12 15:50:36.354 | DEBUG    | baldaquin.buf:_write:285 - 1500 bytes written to disk.
2026-03-12 15:50:36.354 | DEBUG    | baldaquin.buf:open:104 - Ouput file /home/lab1-student/baldaquindata/plasduino/0309_000086/0309_000086_data.txt closed.
2026-03-12 15:50:36.354 | DEBUG    | baldaquin.buf:open:100 - Opening output file /home/lab1-student/baldaquindata/plasduino/0309_000087/0309_000087_data.txt {'mode': 'at', 'encoding': 'utf-8'}...
2026-03-12 15:50:36.355 | DEBUG    | baldaquin.buf:_write:285 - 1500 bytes written to disk.
2026-03-12 15:50:36.361 | DEBUG    | baldaquin.buf:open:104 - Ouput file /home/lab1-student/baldaquindata/plasduino/0309_000087/0309_000087_data.txt closed.
2026-03-12 15:50:36.361 | DEBUG    | baldaquin.buf:open:100 - Opening output file /home/lab1-student/baldaquindata/plasduino/0309_000088/0309_000088_data.txt {'mode': 'at', 'encoding': 'utf-8'}...
2026-03-12 15:50:36.362 | DEBUG    | baldaquin.buf:_write:285 - 1500 bytes written to disk.
2026-03-12 15:50:36.364 | DEBUG    | baldaquin.buf:open:104 - Ouput file /home/lab1-student/baldaquindata/plasduino/0309_000088/0309_000088_data.txt closed.
2026-03-12 15:50:36.369 | DEBUG    | baldaquin.buf:open:100 - Opening output file /home/lab1-student/baldaquindata/plasduino/0309_000089/0309_000089_data.txt {'mode': 'at', 'encoding': 'utf-8'}...
2026-03-12 15:50:36.370 | DEBUG    | baldaquin.buf:_write:285 - 1500 bytes written to disk.
2026-03-12 15:50:36.370 | DEBUG    | baldaquin.buf:open:104 - Ouput file /home/lab1-student/baldaquindata/plasduino/0309_000089/0309_000089_data.txt closed.
2026-03-12 15:50:36.370 | DEBUG    | baldaquin.buf:open:100 - Opening output file /home/lab1-student/baldaquindata/plasduino/0309_000090/0309_000090_data.txt {'mode': 'at', 'encoding': 'utf-8'}...
2026-03-12 15:50:36.371 | DEBUG    | baldaquin.buf:_write:285 - 1500 bytes written to disk.
2026-03-12 15:50:36.371 | DEBUG    | baldaquin.buf:open:104 - Ouput file /home/lab1-student/baldaquindata/plasduino/0309_000090/0309_000090_data.txt closed.
2026-03-12 15:50:36.371 | DEBUG    | baldaquin.buf:open:100 - Opening output file /home/lab1-student/baldaquindata/plasduino/0309_000091/0309_000091_data.txt {'mode': 'at', 'encoding': 'utf-8'}...
2026-03-12 15:50:36.372 | DEBUG    | baldaquin.buf:_write:285 - 1500 bytes written to disk.
2026-03-12 15:50:36.379 | DEBUG    | baldaquin.buf:open:104 - Ouput file /home/lab1-student/baldaquindata/plasduino/0309_000091/0309_000091_data.txt closed.
2026-03-12 15:50:36.379 | DEBUG    | baldaquin.buf:open:100 - Opening output file /home/lab1-student/baldaquindata/plasduino/0309_000092/0309_000092_data.txt {'mode': 'at', 'encoding': 'utf-8'}...
2026-03-12 15:50:36.391 | DEBUG    | baldaquin.buf:_write:285 - 1500 bytes written to disk.
2026-03-12 15:50:36.392 | DEBUG    | baldaquin.buf:open:104 - Ouput file /home/lab1-student/baldaquindata/plasduino/0309_000092/0309_000092_data.txt closed.
2026-03-12 15:50:36.395 | DEBUG    | baldaquin.buf:open:100 - Opening output file /home/lab1-student/baldaquindata/plasduino/0309_000093/0309_000093_data.txt {'mode': 'at', 'encoding': 'utf-8'}...
2026-03-12 15:50:36.397 | DEBUG    | baldaquin.buf:_write:285 - 1500 bytes written to disk.
2026-03-12 15:50:36.401 | DEBUG    | baldaquin.buf:open:104 - Ouput file /home/lab1-student/baldaquindata/plasduino/0309_000093/0309_000093_data.txt closed.
2026-03-12 15:50:36.401 | DEBUG    | baldaquin.buf:open:100 - Opening output file /home/lab1-student/baldaquindata/plasduino/0309_000094/0309_000094_data.txt {'mode': 'at', 'encoding': 'utf-8'}...
2026-03-12 15:50:36.402 | DEBUG    | baldaquin.buf:_write:285 - 1500 bytes written to disk.
2026-03-12 15:50:36.402 | DEBUG    | baldaquin.buf:open:104 - Ouput file /home/lab1-student/baldaquindata/plasduino/0309_000094/0309_000094_data.txt closed.
2026-03-12 15:50:36.402 | DEBUG    | baldaquin.buf:open:100 - Opening output file /home/lab1-student/baldaquindata/plasduino/0309_000095/0309_000095_data.txt {'mode': 'at', 'encoding': 'utf-8'}...
2026-03-12 15:50:36.403 | DEBUG    | baldaquin.buf:_write:285 - 1500 bytes written to disk.
2026-03-12 15:50:36.403 | DEBUG    | baldaquin.buf:open:104 - Ouput file /home/lab1-student/baldaquindata/plasduino/0309_000095/0309_000095_data.txt closed.
2026-03-12 15:50:36.412 | DEBUG    | baldaquin.buf:open:100 - Opening output file /home/lab1-student/baldaquindata/plasduino/0309_000095/0309_000095_data.dat {'mode': 'ab'}...
2026-03-12 15:50:36.413 | DEBUG    | baldaquin.buf:_pop_and_write_raw:259 - 800 bytes written to disk.
2026-03-12 15:50:36.414 | DEBUG    | baldaquin.buf:open:104 - Ouput file /home/lab1-student/baldaquindata/plasduino/0309_000095/0309_000095_data.dat closed.
2026-03-12 15:50:36.414 | INFO     | baldaquin.buf:flush:318 - 15800 bytes (800 raw bytes) written to disk.
2026-03-12 15:50:36.414 | DEBUG    | baldaquin.profile:wrap:32 - Running time for flush(): 0.065954 s
2026-03-12 15:50:38.872 | INFO     | baldaquin.buf:flush:309 - 100 packets ready to be written out...
2026-03-12 15:50:38.877 | DEBUG    | baldaquin.buf:open:100 - Opening output file /home/lab1-student/baldaquindata/plasduino/0309_000086/0309_000086_data.txt {'mode': 'at', 'encoding': 'utf-8'}...
2026-03-12 15:50:38.879 | DEBUG    | baldaquin.buf:_write:285 - 1500 bytes written to disk.
2026-03-12 15:50:38.880 | DEBUG    | baldaquin.buf:open:104 - Ouput file /home/lab1-student/baldaquindata/plasduino/0309_000086/0309_000086_data.txt closed.
2026-03-12 15:50:38.880 | DEBUG    | baldaquin.buf:open:100 - Opening output file /home/lab1-student/baldaquindata/plasduino/0309_000087/0309_000087_data.txt {'mode': 'at', 'encoding': 'utf-8'}...
2026-03-12 15:50:38.882 | DEBUG    | baldaquin.buf:_write:285 - 1500 bytes written to disk.
2026-03-12 15:50:38.884 | DEBUG    | baldaquin.buf:open:104 - Ouput file /home/lab1-student/baldaquindata/plasduino/0309_000087/0309_000087_data.txt closed.
2026-03-12 15:50:38.888 | DEBUG    | baldaquin.buf:open:100 - Opening output file /home/lab1-student/baldaquindata/plasduino/0309_000088/0309_000088_data.txt {'mode': 'at', 'encoding': 'utf-8'}...
2026-03-12 15:50:38.889 | DEBUG    | baldaquin.buf:_write:285 - 1500 bytes written to disk.
2026-03-12 15:50:38.889 | DEBUG    | baldaquin.buf:open:104 - Ouput file /home/lab1-student/baldaquindata/plasduino/0309_000088/0309_000088_data.txt closed.
2026-03-12 15:50:38.889 | DEBUG    | baldaquin.buf:open:100 - Opening output file /home/lab1-student/baldaquindata/plasduino/0309_000089/0309_000089_data.txt {'mode': 'at', 'encoding': 'utf-8'}...
2026-03-12 15:50:38.898 | DEBUG    | baldaquin.buf:_write:285 - 1500 bytes written to disk.
2026-03-12 15:50:38.899 | DEBUG    | baldaquin.buf:open:104 - Ouput file /home/lab1-student/baldaquindata/plasduino/0309_000089/0309_000089_data.txt closed.
2026-03-12 15:50:38.900 | DEBUG    | baldaquin.buf:open:100 - Opening output file /home/lab1-student/baldaquindata/plasduino/0309_000090/0309_000090_data.txt {'mode': 'at', 'encoding': 'utf-8'}...
2026-03-12 15:50:38.901 | DEBUG    | baldaquin.buf:_write:285 - 1500 bytes written to disk.
2026-03-12 15:50:38.905 | DEBUG    | baldaquin.buf:open:104 - Ouput file /home/lab1-student/baldaquindata/plasduino/0309_000090/0309_000090_data.txt closed.
2026-03-12 15:50:38.905 | DEBUG    | baldaquin.buf:open:100 - Opening output file /home/lab1-student/baldaquindata/plasduino/0309_000091/0309_000091_data.txt {'mode': 'at', 'encoding': 'utf-8'}...
2026-03-12 15:50:38.905 | DEBUG    | baldaquin.buf:_write:285 - 1500 bytes written to disk.
2026-03-12 15:50:38.906 | DEBUG    | baldaquin.buf:open:104 - Ouput file /home/lab1-student/baldaquindata/plasduino/0309_000091/0309_000091_data.txt closed.
2026-03-12 15:50:38.906 | DEBUG    | baldaquin.buf:open:100 - Opening output file /home/lab1-student/baldaquindata/plasduino/0309_000092/0309_000092_data.txt {'mode': 'at', 'encoding': 'utf-8'}...
2026-03-12 15:50:38.907 | DEBUG    | baldaquin.buf:_write:285 - 1500 bytes written to disk.
2026-03-12 15:50:38.907 | DEBUG    | baldaquin.buf:open:104 - Ouput file /home/lab1-student/baldaquindata/plasduino/0309_000092/0309_000092_data.txt closed.
2026-03-12 15:50:38.907 | DEBUG    | baldaquin.buf:open:100 - Opening output file /home/lab1-student/baldaquindata/plasduino/0309_000093/0309_000093_data.txt {'mode': 'at', 'encoding': 'utf-8'}...
2026-03-12 15:50:38.908 | DEBUG    | baldaquin.buf:_write:285 - 1500 bytes written to disk.
2026-03-12 15:50:38.908 | DEBUG    | baldaquin.buf:open:104 - Ouput file /home/lab1-student/baldaquindata/plasduino/0309_000093/0309_000093_data.txt closed.
2026-03-12 15:50:38.908 | DEBUG    | baldaquin.buf:open:100 - Opening output file /home/lab1-student/baldaquindata/plasduino/0309_000094/0309_000094_data.txt {'mode': 'at', 'encoding': 'utf-8'}...
2026-03-12 15:50:38.909 | DEBUG    | baldaquin.buf:_write:285 - 1500 bytes written to disk.
2026-03-12 15:50:38.909 | DEBUG    | baldaquin.buf:open:104 - Ouput file /home/lab1-student/baldaquindata/plasduino/0309_000094/0309_000094_data.txt closed.
2026-03-12 15:50:38.909 | DEBUG    | baldaquin.buf:open:100 - Opening output file /home/lab1-student/baldaquindata/plasduino/0309_000095/0309_000095_data.txt {'mode': 'at', 'encoding': 'utf-8'}...
2026-03-12 15:50:38.910 | DEBUG    | baldaquin.buf:_write:285 - 1500 bytes written to disk.
2026-03-12 15:50:38.910 | DEBUG    | baldaquin.buf:open:104 - Ouput file /home/lab1-student/baldaquindata/plasduino/0309_000095/0309_000095_data.txt closed.
2026-03-12 15:50:38.910 | DEBUG    | baldaquin.buf:open:100 - Opening output file /home/lab1-student/baldaquindata/plasduino/0309_000095/0309_000095_data.dat {'mode': 'ab'}...
2026-03-12 15:50:38.910 | DEBUG    | baldaquin.buf:_pop_and_write_raw:259 - 800 bytes written to disk.
2026-03-12 15:50:38.910 | DEBUG    | baldaquin.buf:open:104 - Ouput file /home/lab1-student/baldaquindata/plasduino/0309_000095/0309_000095_data.dat closed.
2026-03-12 15:50:38.910 | INFO     | baldaquin.buf:flush:318 - 15800 bytes (800 raw bytes) written to disk.
2026-03-12 15:50:38.910 | DEBUG    | baldaquin.profile:wrap:32 - Running time for flush(): 0.038316 s
2026-03-12 15:50:41.403 | INFO     | baldaquin.buf:flush:309 - 100 packets ready to be written out...
2026-03-12 15:50:41.403 | DEBUG    | baldaquin.buf:open:100 - Opening output file /home/lab1-student/baldaquindata/plasduino/0309_000086/0309_000086_data.txt {'mode': 'at', 'encoding': 'utf-8'}...
2026-03-12 15:50:41.404 | DEBUG    | baldaquin.buf:_write:285 - 1500 bytes written to disk.
2026-03-12 15:50:41.404 | DEBUG    | baldaquin.buf:open:104 - Ouput file /home/lab1-student/baldaquindata/plasduino/0309_000086/0309_000086_data.txt closed.
2026-03-12 15:50:41.404 | DEBUG    | baldaquin.buf:open:100 - Opening output file /home/lab1-student/baldaquindata/plasduino/0309_000087/0309_000087_data.txt {'mode': 'at', 'encoding': 'utf-8'}...
2026-03-12 15:50:41.405 | DEBUG    | baldaquin.buf:_write:285 - 1500 bytes written to disk.
2026-03-12 15:50:41.405 | DEBUG    | baldaquin.buf:open:104 - Ouput file /home/lab1-student/baldaquindata/plasduino/0309_000087/0309_000087_data.txt closed.
2026-03-12 15:50:41.405 | DEBUG    | baldaquin.buf:open:100 - Opening output file /home/lab1-student/baldaquindata/plasduino/0309_000088/0309_000088_data.txt {'mode': 'at', 'encoding': 'utf-8'}...
2026-03-12 15:50:41.406 | DEBUG    | baldaquin.buf:_write:285 - 1500 bytes written to disk.
2026-03-12 15:50:41.406 | DEBUG    | baldaquin.buf:open:104 - Ouput file /home/lab1-student/baldaquindata/plasduino/0309_000088/0309_000088_data.txt closed.
2026-03-12 15:50:41.406 | DEBUG    | baldaquin.buf:open:100 - Opening output file /home/lab1-student/baldaquindata/plasduino/0309_000089/0309_000089_data.txt {'mode': 'at', 'encoding': 'utf-8'}...
2026-03-12 15:50:41.407 | DEBUG    | baldaquin.buf:_write:285 - 1500 bytes written to disk.
2026-03-12 15:50:41.407 | DEBUG    | baldaquin.buf:open:104 - Ouput file /home/lab1-student/baldaquindata/plasduino/0309_000089/0309_000089_data.txt closed.
2026-03-12 15:50:41.407 | DEBUG    | baldaquin.buf:open:100 - Opening output file /home/lab1-student/baldaquindata/plasduino/0309_000090/0309_000090_data.txt {'mode': 'at', 'encoding': 'utf-8'}...
2026-03-12 15:50:41.407 | DEBUG    | baldaquin.buf:_write:285 - 1500 bytes written to disk.
2026-03-12 15:50:41.408 | DEBUG    | baldaquin.buf:open:104 - Ouput file /home/lab1-student/baldaquindata/plasduino/0309_000090/0309_000090_data.txt closed.
2026-03-12 15:50:41.408 | DEBUG    | baldaquin.buf:open:100 - Opening output file /home/lab1-student/baldaquindata/plasduino/0309_000091/0309_000091_data.txt {'mode': 'at', 'encoding': 'utf-8'}...
2026-03-12 15:50:41.408 | DEBUG    | baldaquin.buf:_write:285 - 1500 bytes written to disk.
2026-03-12 15:50:41.408 | DEBUG    | baldaquin.buf:open:104 - Ouput file /home/lab1-student/baldaquindata/plasduino/0309_000091/0309_000091_data.txt closed.
2026-03-12 15:50:41.408 | DEBUG    | baldaquin.buf:open:100 - Opening output file /home/lab1-student/baldaquindata/plasduino/0309_000092/0309_000092_data.txt {'mode': 'at', 'encoding': 'utf-8'}...
2026-03-12 15:50:41.409 | DEBUG    | baldaquin.buf:_write:285 - 1500 bytes written to disk.
2026-03-12 15:50:41.409 | DEBUG    | baldaquin.buf:open:104 - Ouput file /home/lab1-student/baldaquindata/plasduino/0309_000092/0309_000092_data.txt closed.
2026-03-12 15:50:41.409 | DEBUG    | baldaquin.buf:open:100 - Opening output file /home/lab1-student/baldaquindata/plasduino/0309_000093/0309_000093_data.txt {'mode': 'at', 'encoding': 'utf-8'}...
2026-03-12 15:50:41.410 | DEBUG    | baldaquin.buf:_write:285 - 1500 bytes written to disk.
2026-03-12 15:50:41.410 | DEBUG    | baldaquin.buf:open:104 - Ouput file /home/lab1-student/baldaquindata/plasduino/0309_000093/0309_000093_data.txt closed.
2026-03-12 15:50:41.410 | DEBUG    | baldaquin.buf:open:100 - Opening output file /home/lab1-student/baldaquindata/plasduino/0309_000094/0309_000094_data.txt {'mode': 'at', 'encoding': 'utf-8'}...
2026-03-12 15:50:41.411 | DEBUG    | baldaquin.buf:_write:285 - 1500 bytes written to disk.
2026-03-12 15:50:41.411 | DEBUG    | baldaquin.buf:open:104 - Ouput file /home/lab1-student/baldaquindata/plasduino/0309_000094/0309_000094_data.txt closed.
2026-03-12 15:50:41.411 | DEBUG    | baldaquin.buf:open:100 - Opening output file /home/lab1-student/baldaquindata/plasduino/0309_000095/0309_000095_data.txt {'mode': 'at', 'encoding': 'utf-8'}...
2026-03-12 15:50:41.411 | DEBUG    | baldaquin.buf:_write:285 - 1500 bytes written to disk.
2026-03-12 15:50:41.412 | DEBUG    | baldaquin.buf:open:104 - Ouput file /home/lab1-student/baldaquindata/plasduino/0309_000095/0309_000095_data.txt closed.
2026-03-12 15:50:41.412 | DEBUG    | baldaquin.buf:open:100 - Opening output file /home/lab1-student/baldaquindata/plasduino/0309_000095/0309_000095_data.dat {'mode': 'ab'}...
2026-03-12 15:50:41.412 | DEBUG    | baldaquin.buf:_pop_and_write_raw:259 - 800 bytes written to disk.
2026-03-12 15:50:41.412 | DEBUG    | baldaquin.buf:open:104 - Ouput file /home/lab1-student/baldaquindata/plasduino/0309_000095/0309_000095_data.dat closed.
2026-03-12 15:50:41.412 | INFO     | baldaquin.buf:flush:318 - 15800 bytes (800 raw bytes) written to disk.
2026-03-12 15:50:41.412 | DEBUG    | baldaquin.profile:wrap:32 - Running time for flush(): 0.009438 s
2026-03-12 15:50:41.965 | INFO     | baldaquin.app:stop_run:90 - Stopping Pendulum View user application...
2026-03-12 15:50:41.984 | INFO     | baldaquin.buf:flush:309 - 23 packets ready to be written out...
2026-03-12 15:50:41.984 | DEBUG    | baldaquin.buf:open:100 - Opening output file /home/lab1-student/baldaquindata/plasduino/0309_000086/0309_000086_data.txt {'mode': 'at', 'encoding': 'utf-8'}...
2026-03-12 15:50:41.985 | DEBUG    | baldaquin.buf:_write:285 - 345 bytes written to disk.
2026-03-12 15:50:41.985 | DEBUG    | baldaquin.buf:open:104 - Ouput file /home/lab1-student/baldaquindata/plasduino/0309_000086/0309_000086_data.txt closed.
2026-03-12 15:50:41.985 | DEBUG    | baldaquin.buf:open:100 - Opening output file /home/lab1-student/baldaquindata/plasduino/0309_000087/0309_000087_data.txt {'mode': 'at', 'encoding': 'utf-8'}...
2026-03-12 15:50:41.985 | DEBUG    | baldaquin.buf:_write:285 - 345 bytes written to disk.
2026-03-12 15:50:41.985 | DEBUG    | baldaquin.buf:open:104 - Ouput file /home/lab1-student/baldaquindata/plasduino/0309_000087/0309_000087_data.txt closed.
2026-03-12 15:50:41.985 | DEBUG    | baldaquin.buf:open:100 - Opening output file /home/lab1-student/baldaquindata/plasduino/0309_000088/0309_000088_data.txt {'mode': 'at', 'encoding': 'utf-8'}...
2026-03-12 15:50:41.985 | DEBUG    | baldaquin.buf:_write:285 - 345 bytes written to disk.
2026-03-12 15:50:41.986 | DEBUG    | baldaquin.buf:open:104 - Ouput file /home/lab1-student/baldaquindata/plasduino/0309_000088/0309_000088_data.txt closed.
2026-03-12 15:50:41.986 | DEBUG    | baldaquin.buf:open:100 - Opening output file /home/lab1-student/baldaquindata/plasduino/0309_000089/0309_000089_data.txt {'mode': 'at', 'encoding': 'utf-8'}...
2026-03-12 15:50:41.987 | DEBUG    | baldaquin.buf:_write:285 - 345 bytes written to disk.
2026-03-12 15:50:41.987 | DEBUG    | baldaquin.buf:open:104 - Ouput file /home/lab1-student/baldaquindata/plasduino/0309_000089/0309_000089_data.txt closed.
2026-03-12 15:50:41.987 | DEBUG    | baldaquin.buf:open:100 - Opening output file /home/lab1-student/baldaquindata/plasduino/0309_000090/0309_000090_data.txt {'mode': 'at', 'encoding': 'utf-8'}...
2026-03-12 15:50:41.988 | DEBUG    | baldaquin.buf:_write:285 - 345 bytes written to disk.
2026-03-12 15:50:41.988 | DEBUG    | baldaquin.buf:open:104 - Ouput file /home/lab1-student/baldaquindata/plasduino/0309_000090/0309_000090_data.txt closed.
2026-03-12 15:50:41.988 | DEBUG    | baldaquin.buf:open:100 - Opening output file /home/lab1-student/baldaquindata/plasduino/0309_000091/0309_000091_data.txt {'mode': 'at', 'encoding': 'utf-8'}...
2026-03-12 15:50:41.988 | DEBUG    | baldaquin.buf:_write:285 - 345 bytes written to disk.
2026-03-12 15:50:41.988 | DEBUG    | baldaquin.buf:open:104 - Ouput file /home/lab1-student/baldaquindata/plasduino/0309_000091/0309_000091_data.txt closed.
2026-03-12 15:50:41.988 | DEBUG    | baldaquin.buf:open:100 - Opening output file /home/lab1-student/baldaquindata/plasduino/0309_000092/0309_000092_data.txt {'mode': 'at', 'encoding': 'utf-8'}...
2026-03-12 15:50:41.989 | DEBUG    | baldaquin.buf:_write:285 - 345 bytes written to disk.
2026-03-12 15:50:41.989 | DEBUG    | baldaquin.buf:open:104 - Ouput file /home/lab1-student/baldaquindata/plasduino/0309_000092/0309_000092_data.txt closed.
2026-03-12 15:50:41.989 | DEBUG    | baldaquin.buf:open:100 - Opening output file /home/lab1-student/baldaquindata/plasduino/0309_000093/0309_000093_data.txt {'mode': 'at', 'encoding': 'utf-8'}...
2026-03-12 15:50:41.989 | DEBUG    | baldaquin.buf:_write:285 - 345 bytes written to disk.
2026-03-12 15:50:41.989 | DEBUG    | baldaquin.buf:open:104 - Ouput file /home/lab1-student/baldaquindata/plasduino/0309_000093/0309_000093_data.txt closed.
2026-03-12 15:50:41.989 | DEBUG    | baldaquin.buf:open:100 - Opening output file /home/lab1-student/baldaquindata/plasduino/0309_000094/0309_000094_data.txt {'mode': 'at', 'encoding': 'utf-8'}...
2026-03-12 15:50:41.989 | DEBUG    | baldaquin.buf:_write:285 - 345 bytes written to disk.
2026-03-12 15:50:41.989 | DEBUG    | baldaquin.buf:open:104 - Ouput file /home/lab1-student/baldaquindata/plasduino/0309_000094/0309_000094_data.txt closed.
2026-03-12 15:50:41.990 | DEBUG    | baldaquin.buf:open:100 - Opening output file /home/lab1-student/baldaquindata/plasduino/0309_000095/0309_000095_data.txt {'mode': 'at', 'encoding': 'utf-8'}...
2026-03-12 15:50:41.990 | DEBUG    | baldaquin.buf:_write:285 - 345 bytes written to disk.
2026-03-12 15:50:41.990 | DEBUG    | baldaquin.buf:open:104 - Ouput file /home/lab1-student/baldaquindata/plasduino/0309_000095/0309_000095_data.txt closed.
2026-03-12 15:50:41.990 | DEBUG    | baldaquin.buf:open:100 - Opening output file /home/lab1-student/baldaquindata/plasduino/0309_000095/0309_000095_data.dat {'mode': 'ab'}...
2026-03-12 15:50:41.990 | DEBUG    | baldaquin.buf:_pop_and_write_raw:259 - 184 bytes written to disk.
2026-03-12 15:50:41.990 | DEBUG    | baldaquin.buf:open:104 - Ouput file /home/lab1-student/baldaquindata/plasduino/0309_000095/0309_000095_data.dat closed.
2026-03-12 15:50:41.990 | INFO     | baldaquin.buf:flush:318 - 3634 bytes (184 raw bytes) written to disk.
2026-03-12 15:50:41.990 | DEBUG    | baldaquin.profile:wrap:32 - Running time for flush(): 0.006109 s
2026-03-12 15:50:41.990 | DEBUG    | baldaquin.plasduino.common:write_opcode:132 - Writing 2 to the serial port...
2026-03-12 15:50:41.991 | INFO     | baldaquin.plasduino.common:wait_pending_packets:321 - Waiting 250 ms for pending packet(s)...
2026-03-12 15:50:42.241 | INFO     | baldaquin.plasduino.common:wait_pending_packets:332 - Reading the last 2 packet(s) from the serial port...
2026-03-12 15:50:42.241 | INFO     | baldaquin.buf:flush:309 - 2 packets ready to be written out...
2026-03-12 15:50:42.242 | DEBUG    | baldaquin.buf:open:100 - Opening output file /home/lab1-student/baldaquindata/plasduino/0309_000086/0309_000086_data.txt {'mode': 'at', 'encoding': 'utf-8'}...
2026-03-12 15:50:42.242 | DEBUG    | baldaquin.buf:_write:285 - 30 bytes written to disk.
2026-03-12 15:50:42.242 | DEBUG    | baldaquin.buf:open:104 - Ouput file /home/lab1-student/baldaquindata/plasduino/0309_000086/0309_000086_data.txt closed.
2026-03-12 15:50:42.242 | DEBUG    | baldaquin.buf:open:100 - Opening output file /home/lab1-student/baldaquindata/plasduino/0309_000087/0309_000087_data.txt {'mode': 'at', 'encoding': 'utf-8'}...
2026-03-12 15:50:42.242 | DEBUG    | baldaquin.buf:_write:285 - 30 bytes written to disk.
2026-03-12 15:50:42.242 | DEBUG    | baldaquin.buf:open:104 - Ouput file /home/lab1-student/baldaquindata/plasduino/0309_000087/0309_000087_data.txt closed.
2026-03-12 15:50:42.242 | DEBUG    | baldaquin.buf:open:100 - Opening output file /home/lab1-student/baldaquindata/plasduino/0309_000088/0309_000088_data.txt {'mode': 'at', 'encoding': 'utf-8'}...
2026-03-12 15:50:42.242 | DEBUG    | baldaquin.buf:_write:285 - 30 bytes written to disk.
2026-03-12 15:50:42.242 | DEBUG    | baldaquin.buf:open:104 - Ouput file /home/lab1-student/baldaquindata/plasduino/0309_000088/0309_000088_data.txt closed.
2026-03-12 15:50:42.242 | DEBUG    | baldaquin.buf:open:100 - Opening output file /home/lab1-student/baldaquindata/plasduino/0309_000089/0309_000089_data.txt {'mode': 'at', 'encoding': 'utf-8'}...
2026-03-12 15:50:42.243 | DEBUG    | baldaquin.buf:_write:285 - 30 bytes written to disk.
2026-03-12 15:50:42.243 | DEBUG    | baldaquin.buf:open:104 - Ouput file /home/lab1-student/baldaquindata/plasduino/0309_000089/0309_000089_data.txt closed.
2026-03-12 15:50:42.243 | DEBUG    | baldaquin.buf:open:100 - Opening output file /home/lab1-student/baldaquindata/plasduino/0309_000090/0309_000090_data.txt {'mode': 'at', 'encoding': 'utf-8'}...
2026-03-12 15:50:42.243 | DEBUG    | baldaquin.buf:_write:285 - 30 bytes written to disk.
2026-03-12 15:50:42.243 | DEBUG    | baldaquin.buf:open:104 - Ouput file /home/lab1-student/baldaquindata/plasduino/0309_000090/0309_000090_data.txt closed.
2026-03-12 15:50:42.243 | DEBUG    | baldaquin.buf:open:100 - Opening output file /home/lab1-student/baldaquindata/plasduino/0309_000091/0309_000091_data.txt {'mode': 'at', 'encoding': 'utf-8'}...
2026-03-12 15:50:42.243 | DEBUG    | baldaquin.buf:_write:285 - 30 bytes written to disk.
2026-03-12 15:50:42.243 | DEBUG    | baldaquin.buf:open:104 - Ouput file /home/lab1-student/baldaquindata/plasduino/0309_000091/0309_000091_data.txt closed.
2026-03-12 15:50:42.243 | DEBUG    | baldaquin.buf:open:100 - Opening output file /home/lab1-student/baldaquindata/plasduino/0309_000092/0309_000092_data.txt {'mode': 'at', 'encoding': 'utf-8'}...
2026-03-12 15:50:42.243 | DEBUG    | baldaquin.buf:_write:285 - 30 bytes written to disk.
2026-03-12 15:50:42.244 | DEBUG    | baldaquin.buf:open:104 - Ouput file /home/lab1-student/baldaquindata/plasduino/0309_000092/0309_000092_data.txt closed.
2026-03-12 15:50:42.244 | DEBUG    | baldaquin.buf:open:100 - Opening output file /home/lab1-student/baldaquindata/plasduino/0309_000093/0309_000093_data.txt {'mode': 'at', 'encoding': 'utf-8'}...
2026-03-12 15:50:42.244 | DEBUG    | baldaquin.buf:_write:285 - 30 bytes written to disk.
2026-03-12 15:50:42.244 | DEBUG    | baldaquin.buf:open:104 - Ouput file /home/lab1-student/baldaquindata/plasduino/0309_000093/0309_000093_data.txt closed.
2026-03-12 15:50:42.244 | DEBUG    | baldaquin.buf:open:100 - Opening output file /home/lab1-student/baldaquindata/plasduino/0309_000094/0309_000094_data.txt {'mode': 'at', 'encoding': 'utf-8'}...
2026-03-12 15:50:42.244 | DEBUG    | baldaquin.buf:_write:285 - 30 bytes written to disk.
2026-03-12 15:50:42.244 | DEBUG    | baldaquin.buf:open:104 - Ouput file /home/lab1-student/baldaquindata/plasduino/0309_000094/0309_000094_data.txt closed.
2026-03-12 15:50:42.244 | DEBUG    | baldaquin.buf:open:100 - Opening output file /home/lab1-student/baldaquindata/plasduino/0309_000095/0309_000095_data.txt {'mode': 'at', 'encoding': 'utf-8'}...
2026-03-12 15:50:42.244 | DEBUG    | baldaquin.buf:_write:285 - 30 bytes written to disk.
2026-03-12 15:50:42.244 | DEBUG    | baldaquin.buf:open:104 - Ouput file /home/lab1-student/baldaquindata/plasduino/0309_000095/0309_000095_data.txt closed.
2026-03-12 15:50:42.244 | DEBUG    | baldaquin.buf:open:100 - Opening output file /home/lab1-student/baldaquindata/plasduino/0309_000095/0309_000095_data.dat {'mode': 'ab'}...
2026-03-12 15:50:42.245 | DEBUG    | baldaquin.buf:_pop_and_write_raw:259 - 16 bytes written to disk.
2026-03-12 15:50:42.245 | DEBUG    | baldaquin.buf:open:104 - Ouput file /home/lab1-student/baldaquindata/plasduino/0309_000095/0309_000095_data.dat closed.
2026-03-12 15:50:42.245 | INFO     | baldaquin.buf:flush:318 - 316 bytes (16 raw bytes) written to disk.
2026-03-12 15:50:42.245 | DEBUG    | baldaquin.profile:wrap:32 - Running time for flush(): 0.003331 s
2026-03-12 15:50:42.245 | INFO     | baldaquin.plasduino.common:read_run_end_marker:90 - Waiting for the run end marker...
2026-03-12 15:50:42.245 | INFO     | baldaquin.plasduino.common:read_run_end_marker:95 - Run end marker correctly read.
2026-03-12 15:50:42.245 | DEBUG    | __main__:post_stop:90 - Clearing strip charts...
2026-03-12 15:50:42.245 | DEBUG    | __main__:post_stop:99 - Re-reading all run data from disk...
2026-03-12 15:50:42.245 | DEBUG    | baldaquin.pkt:open:393 - Opening input packet file /home/lab1-student/baldaquindata/plasduino/0309_000095/0309_000095_data.dat...
2026-03-12 15:50:42.267 | DEBUG    | baldaquin.pkt:open:398 - Input file /home/lab1-student/baldaquindata/plasduino/0309_000095/0309_000095_data.dat closed.
2026-03-12 15:50:42.267 | DEBUG    | baldaquin.plasduino.common:activate_cursors:446 - Activating vertical cursor on strip charts...
2026-03-12 15:50:42.339 | INFO     | baldaquin.runctrl:stop_run:658 - Run Control stopped on 2026-03-12 15:50:42.339073+01:00 (1773327042.339073 s)
2026-03-12 15:50:42.339 | INFO     | baldaquin.runctrl:stop_run:659 - Total elapsed time: 87.203865 s.
