# Created on 2026-03-12 15:44:28.043422+01:00 (1773326668.043422 s)
# baldaquin version: 0.10.0
# Creator: Pendulum View
# Pin number, Time [s], Position [a. u.]
4, 0.024, 505
5, 0.050, 450
4, 0.076, 505
5, 0.101, 447
4, 0.126, 505
5, 0.151, 445
4, 0.177, 505
5, 0.203, 445
4, 0.227, 505
5, 0.253, 445
4, 0.278, 506
5, 0.304, 445
4, 0.328, 506
5, 0.354, 445
4, 0.380, 506
5, 0.405, 448
4, 0.430, 506
5, 0.455, 452
4, 0.481, 506
5, 0.507, 456
4, 0.531, 506
5, 0.557, 459
4, 0.582, 506
5, 0.608, 459
4, 0.633, 506
5, 0.658, 460
4, 0.684, 507
5, 0.709, 459
4, 0.734, 506
5, 0.760, 459
4, 0.785, 507
5, 0.811, 458
4, 0.835, 505
5, 0.861, 456
4, 0.887, 506
5, 0.912, 457
4, 0.937, 506
5, 0.962, 457
4, 0.988, 506
5, 1.014, 456
4, 1.038, 505
5, 1.064, 456
4, 1.089, 506
5, 1.115, 456
4, 1.139, 506
5, 1.165, 456
4, 1.191, 506
5, 1.216, 457
4, 1.241, 506
5, 1.266, 457
4, 1.292, 505
5, 1.318, 458
4, 1.342, 506
5, 1.368, 459
4, 1.393, 505
5, 1.419, 458
4, 1.444, 506
5, 1.469, 459
4, 1.495, 506
5, 1.520, 458
4, 1.545, 506
5, 1.571, 458
4, 1.596, 506
5, 1.622, 458
4, 1.646, 506
5, 1.672, 458
4, 1.698, 506
5, 1.723, 458
4, 1.748, 507
5, 1.773, 457
4, 1.799, 506
5, 1.825, 457
4, 1.849, 506
5, 1.875, 457
4, 1.900, 506
5, 1.926, 456
4, 1.950, 506
5, 1.976, 457
4, 2.002, 506
5, 2.027, 457
4, 2.052, 506
5, 2.077, 457
4, 2.103, 506
5, 2.129, 457
4, 2.153, 506
5, 2.179, 457
4, 2.204, 506
5, 2.230, 458
4, 2.256, 505
5, 2.280, 458
4, 2.306, 506
5, 2.331, 458
4, 2.357, 505
5, 2.382, 458
4, 2.407, 506
5, 2.433, 458
4, 2.458, 505
5, 2.483, 458
4, 2.509, 505
5, 2.534, 458
4, 2.560, 505
5, 2.584, 458
4, 2.610, 505
5, 2.636, 458
4, 2.661, 505
5, 2.686, 458
4, 2.711, 505
5, 2.737, 457
4, 2.763, 506
5, 2.787, 458
4, 2.813, 505
5, 2.838, 462
4, 2.864, 505
5, 2.888, 467
4, 2.914, 506
5, 2.940, 474
4, 2.965, 505
5, 2.990, 483
4, 3.015, 506
5, 3.041, 493
4, 3.067, 506
5, 3.091, 504
4, 3.117, 506
5, 3.142, 515
4, 3.168, 506
5, 3.193, 525
4, 3.218, 507
5, 3.244, 535
4, 3.269, 506
5, 3.294, 544
4, 3.320, 506
5, 3.345, 549
4, 3.371, 506
5, 3.395, 553
4, 3.421, 506
5, 3.447, 555
4, 3.472, 505
5, 3.497, 554
4, 3.522, 506
5, 3.548, 550
4, 3.574, 505
5, 3.598, 544
4, 3.624, 506
5, 3.649, 537
4, 3.675, 506
5, 3.699, 529
4, 3.725, 505
5, 3.751, 518
4, 3.776, 506
5, 3.801, 508
4, 3.826, 506
5, 3.852, 497
4, 3.878, 505
5, 3.902, 487
4, 3.928, 506
5, 3.953, 478
4, 3.979, 506
5, 4.004, 472
4, 4.029, 506
5, 4.055, 466
4, 4.080, 505
5, 4.105, 462
4, 4.131, 506
5, 4.156, 462
4, 4.182, 505
5, 4.206, 462
4, 4.232, 506
5, 4.258, 465
4, 4.283, 506
5, 4.308, 470
4, 4.333, 506
5, 4.359, 478
4, 4.385, 506
5, 4.409, 486
4, 4.435, 505
5, 4.460, 496
4, 4.486, 506
5, 4.510, 505
4, 4.536, 506
5, 4.562, 515
4, 4.587, 506
5, 4.612, 524
4, 4.637, 506
5, 4.663, 533
4, 4.689, 506
5, 4.713, 540
4, 4.739, 505
5, 4.764, 546
4, 4.790, 505
5, 4.815, 549
4, 4.840, 506
5, 4.866, 550
4, 4.891, 506
5, 4.916, 549
4, 4.942, 506
5, 4.967, 547
4, 4.993, 506
5, 5.017, 542
4, 5.043, 506
5, 5.069, 536
4, 5.094, 506
5, 5.119, 528
4, 5.144, 506
5, 5.170, 518
4, 5.196, 506
5, 5.220, 508
4, 5.246, 506
5, 5.271, 498
4, 5.297, 506
5, 5.321, 489
4, 5.347, 506
5, 5.373, 481
4, 5.398, 506
5, 5.424, 474
4, 5.448, 505
5, 5.474, 467
4, 5.500, 506
5, 5.525, 463
4, 5.550, 506
5, 5.575, 462
4, 5.601, 506
5, 5.627, 463
4, 5.651, 505
5, 5.677, 466
4, 5.702, 506
5, 5.728, 472
4, 5.753, 505
5, 5.778, 477
4, 5.804, 506
5, 5.829, 485
4, 5.854, 506
5, 5.880, 495
4, 5.905, 506
5, 5.931, 505
4, 5.955, 506
5, 5.981, 515
4, 6.007, 505
5, 6.032, 525
4, 6.057, 505
5, 6.082, 532
4, 6.108, 506
5, 6.134, 540
4, 6.158, 506
5, 6.184, 545
4, 6.209, 505
5, 6.235, 549
4, 6.259, 505
5, 6.285, 550
4, 6.311, 505
5, 6.336, 549
4, 6.361, 506
5, 6.386, 546
4, 6.412, 506
5, 6.438, 541
4, 6.462, 505
5, 6.488, 534
4, 6.513, 506
5, 6.539, 526
4, 6.564, 505
5, 6.589, 516
4, 6.615, 506
5, 6.640, 507
4, 6.665, 506
5, 6.691, 498
4, 6.716, 506
5, 6.742, 489
4, 6.766, 506
5, 6.792, 480
4, 6.818, 505
5, 6.843, 473
4, 6.868, 506
5, 6.893, 469
4, 6.919, 505
5, 6.945, 465
4, 6.969, 505
5, 6.995, 464
4, 7.020, 505
5, 7.046, 465
4, 7.070, 505
5, 7.096, 468
4, 7.122, 505
5, 7.147, 474
4, 7.172, 505
5, 7.197, 481
4, 7.223, 505
5, 7.249, 488
4, 7.273, 506
5, 7.299, 497
4, 7.324, 506
5, 7.350, 506
4, 7.375, 506
5, 7.400, 515
4, 7.426, 506
5, 7.451, 524
4, 7.476, 506
5, 7.502, 532
4, 7.527, 506
5, 7.553, 538
4, 7.577, 506
5, 7.603, 543
4, 7.629, 506
5, 7.654, 546
4, 7.679, 506
5, 7.704, 547
4, 7.730, 505
5, 7.756, 546
4, 7.780, 506
5, 7.806, 543
4, 7.831, 507
5, 7.857, 539
4, 7.881, 506
5, 7.907, 532
4, 7.933, 506
5, 7.958, 525
4, 7.983, 506
5, 8.008, 516
4, 8.034, 505
5, 8.060, 507
4, 8.084, 506
5, 8.110, 498
4, 8.135, 506
5, 8.161, 488
4, 8.186, 505
5, 8.211, 481
4, 8.237, 506
5, 8.262, 475
4, 8.287, 506
5, 8.313, 469
4, 8.338, 506
5, 8.364, 467
4, 8.388, 506
5, 8.414, 466
4, 8.440, 505
5, 8.465, 467
4, 8.490, 505
5, 8.515, 470
4, 8.541, 506
5, 8.567, 474
4, 8.591, 506
5, 8.617, 481
4, 8.642, 506
5, 8.668, 488
4, 8.692, 505
5, 8.718, 497
4, 8.744, 505
5, 8.769, 506
4, 8.794, 505
5, 8.819, 515
4, 8.845, 506
5, 8.871, 524
4, 8.895, 506
5, 8.921, 531
4, 8.946, 505
5, 8.972, 537
4, 8.997, 506
5, 9.022, 542
4, 9.048, 506
5, 9.073, 546
4, 9.099, 506
5, 9.124, 546
4, 9.149, 506
5, 9.175, 545
4, 9.200, 506
5, 9.225, 542
4, 9.251, 506
5, 9.276, 537
4, 9.302, 506
5, 9.326, 531
4, 9.352, 506
5, 9.378, 523
4, 9.403, 505
5, 9.428, 515
4, 9.453, 506
5, 9.479, 505
4, 9.505, 505
5, 9.529, 495
4, 9.555, 506
5, 9.580, 489
4, 9.606, 506
5, 9.630, 482
4, 9.656, 505
5, 9.682, 476
4, 9.707, 505
5, 9.732, 471
4, 9.757, 505
5, 9.783, 468
4, 9.809, 505
5, 9.833, 467
4, 9.859, 506
5, 9.884, 468
4, 9.910, 505
5, 9.935, 472
4, 9.960, 506
5, 9.986, 477
4, 10.011, 506
5, 10.036, 483
4, 10.062, 505
5, 10.087, 489
4, 10.113, 506
5, 10.137, 498
4, 10.163, 506
5, 10.189, 507
4, 10.214, 506
5, 10.239, 515
4, 10.264, 506
5, 10.290, 523
4, 10.316, 507
5, 10.340, 530
4, 10.366, 506
5, 10.391, 537
4, 10.417, 506
5, 10.441, 541
4, 10.467, 506
5, 10.493, 544
4, 10.518, 505
5, 10.543, 544
4, 10.568, 506
5, 10.594, 542
4, 10.620, 506
5, 10.644, 540
4, 10.670, 506
5, 10.695, 534
4, 10.721, 506
5, 10.746, 529
4, 10.771, 505
5, 10.797, 522
4, 10.822, 506
5, 10.847, 514
4, 10.873, 506
5, 10.898, 506
4, 10.924, 506
5, 10.948, 498
4, 10.974, 506
5, 11.000, 489
4, 11.025, 506
5, 11.050, 482
4, 11.075, 505
5, 11.101, 477
4, 11.127, 505
5, 11.151, 473
4, 11.177, 506
5, 11.202, 469
4, 11.228, 506
5, 11.252, 469
4, 11.278, 506
5, 11.304, 470
4, 11.329, 506
5, 11.354, 472
4, 11.379, 506
5, 11.405, 478
4, 11.431, 506
5, 11.455, 484
4, 11.481, 506
5, 11.506, 491
4, 11.532, 506
5, 11.557, 499
4, 11.582, 506
5, 11.608, 507
4, 11.633, 505
5, 11.658, 515
4, 11.684, 505
5, 11.709, 523
4, 11.735, 506
5, 11.759, 530
4, 11.785, 505
5, 11.811, 536
4, 11.836, 506
5, 11.861, 539
4, 11.886, 505
5, 11.912, 542
4, 11.938, 505
5, 11.962, 542
4, 11.988, 505
5, 12.013, 542
4, 12.039, 506
5, 12.063, 538
4, 12.089, 506
5, 12.115, 534
4, 12.140, 505
5, 12.166, 529
4, 12.190, 505
5, 12.216, 522
4, 12.242, 506
5, 12.267, 514
4, 12.292, 506
5, 12.317, 505
4, 12.343, 506
5, 12.369, 497
4, 12.393, 506
5, 12.419, 489
4, 12.444, 505
5, 12.470, 483
4, 12.495, 506
5, 12.520, 478
4, 12.546, 506
5, 12.571, 474
4, 12.596, 506
5, 12.622, 471
4, 12.647, 506
5, 12.673, 471
4, 12.697, 506
5, 12.723, 472
4, 12.749, 506
5, 12.774, 474
4, 12.799, 506
5, 12.824, 479
4, 12.850, 506
5, 12.876, 486
4, 12.900, 506
5, 12.926, 492
4, 12.951, 506
5, 12.977, 499
4, 13.001, 506
5, 13.027, 507
4, 13.053, 505
5, 13.078, 515
4, 13.103, 506
5, 13.128, 523
4, 13.154, 507
5, 13.180, 529
4, 13.204, 506
5, 13.230, 534
4, 13.255, 506
5, 13.281, 538
4, 13.306, 506
5, 13.331, 540
4, 13.357, 506
5, 13.382, 541
4, 13.407, 506
5, 13.433, 540
4, 13.458, 506
5, 13.484, 537
4, 13.508, 506
5, 13.534, 532
4, 13.560, 506
5, 13.585, 527
4, 13.610, 507
5, 13.635, 520
4, 13.661, 506
5, 13.687, 513
4, 13.711, 506
5, 13.737, 505
4, 13.762, 506
5, 13.788, 497
4, 13.812, 506
5, 13.838, 490
4, 13.864, 505
5, 13.889, 484
4, 13.914, 506
5, 13.939, 479
4, 13.965, 505
5, 13.991, 475
4, 14.015, 506
5, 14.041, 472
4, 14.066, 505
5, 14.092, 472
4, 14.117, 506
5, 14.142, 473
4, 14.168, 505
5, 14.193, 477
4, 14.218, 505
5, 14.244, 481
4, 14.269, 506
5, 14.295, 487
4, 14.319, 505
5, 14.345, 493
4, 14.371, 506
5, 14.396, 500
4, 14.421, 505
5, 14.446, 508
4, 14.472, 505
5, 14.498, 516
4, 14.522, 506
5, 14.548, 523
4, 14.573, 505
5, 14.599, 529
4, 14.623, 505
5, 14.649, 533
4, 14.675, 506
5, 14.700, 537
4, 14.725, 505
5, 14.750, 539
4, 14.776, 506
5, 14.802, 540
4, 14.826, 505
5, 14.852, 539
4, 14.877, 506
5, 14.903, 536
4, 14.928, 506
5, 14.953, 531
4, 14.979, 506
5, 15.004, 526
4, 15.029, 506
5, 15.055, 519
4, 15.080, 506
5, 15.106, 512
4, 15.130, 505
5, 15.156, 504
4, 15.182, 505
5, 15.207, 497
4, 15.232, 506
5, 15.257, 490
4, 15.283, 505
5, 15.309, 484
4, 15.333, 506
5, 15.359, 479
4, 15.384, 506
5, 15.410, 476
4, 15.435, 505
5, 15.460, 474
4, 15.486, 506
5, 15.511, 474
4, 15.536, 505
5, 15.561, 475
4, 15.587, 505
5, 15.613, 478
4, 15.637, 506
5, 15.663, 481
4, 15.688, 505
5, 15.714, 488
4, 15.739, 505
5, 15.764, 494
4, 15.790, 505
5, 15.815, 501
4, 15.840, 505
5, 15.866, 508
4, 15.891, 505
5, 15.917, 515
4, 15.941, 506
5, 15.967, 523
4, 15.993, 506
5, 16.018, 528
4, 16.043, 506
5, 16.068, 532
4, 16.094, 506
5, 16.120, 536
4, 16.144, 506
5, 16.170, 539
4, 16.195, 505
5, 16.221, 538
4, 16.246, 506
5, 16.271, 537
4, 16.297, 506
5, 16.322, 534
4, 16.347, 507
5, 16.372, 530
4, 16.398, 506
5, 16.424, 524
4, 16.448, 505
5, 16.474, 518
4, 16.499, 505
5, 16.525, 511
4, 16.550, 506
5, 16.575, 504
4, 16.601, 505
5, 16.626, 497
4, 16.652, 506
5, 16.677, 491
4, 16.702, 505
5, 16.728, 485
4, 16.753, 506
5, 16.778, 481
4, 16.804, 505
5, 16.829, 478
4, 16.855, 506
5, 16.879, 475
4, 16.905, 505
5, 16.931, 475
4, 16.956, 505
5, 16.981, 476
4, 17.006, 505
5, 17.032, 479
4, 17.058, 506
5, 17.082, 483
4, 17.108, 505
5, 17.133, 489
4, 17.159, 505
5, 17.183, 495
4, 17.209, 506
5, 17.235, 501
4, 17.260, 506
5, 17.285, 508
4, 17.310, 506
5, 17.336, 515
4, 17.362, 506
5, 17.386, 522
4, 17.412, 505
5, 17.437, 527
4, 17.463, 506
5, 17.488, 532
4, 17.513, 506
5, 17.539, 534
4, 17.564, 506
5, 17.589, 536
4, 17.615, 506
5, 17.640, 537
4, 17.666, 506
5, 17.690, 535
4, 17.716, 506
5, 17.742, 533
4, 17.767, 506
5, 17.792, 529
4, 17.817, 506
5, 17.843, 523
4, 17.869, 506
5, 17.893, 517
4, 17.919, 506
5, 17.944, 511
4, 17.970, 506
5, 17.995, 504
4, 18.020, 505
5, 18.046, 497
4, 18.071, 505
5, 18.096, 491
4, 18.121, 506
5, 18.147, 485
4, 18.173, 506
5, 18.197, 481
4, 18.223, 505
5, 18.248, 478
4, 18.274, 505
5, 18.299, 477
4, 18.324, 506
5, 18.350, 477
4, 18.375, 506
5, 18.400, 477
4, 18.426, 506
5, 18.451, 480
4, 18.477, 506
5, 18.501, 484
4, 18.527, 505
5, 18.553, 489
4, 18.578, 506
5, 18.603, 495
4, 18.628, 506
5, 18.654, 502
4, 18.680, 506
5, 18.704, 508
4, 18.730, 506
5, 18.755, 515
4, 18.781, 506
5, 18.806, 521
4, 18.831, 506
5, 18.857, 526
4, 18.882, 506
5, 18.907, 530
4, 18.932, 506
5, 18.958, 533
4, 18.984, 506
5, 19.008, 535
4, 19.034, 506
5, 19.059, 535
4, 19.085, 506
5, 19.110, 534
4, 19.135, 506
5, 19.161, 532
4, 19.186, 505
5, 19.211, 528
4, 19.237, 506
5, 19.262, 522
4, 19.288, 505
5, 19.312, 516
4, 19.338, 505
5, 19.364, 510
4, 19.389, 505
5, 19.414, 504
4, 19.439, 506
5, 19.465, 497
4, 19.491, 505
5, 19.515, 491
4, 19.541, 505
5, 19.566, 487
4, 19.592, 505
5, 19.617, 483
4, 19.642, 506
5, 19.668, 479
4, 19.693, 505
5, 19.719, 478
4, 19.743, 506
5, 19.769, 478
4, 19.795, 505
5, 19.820, 479
4, 19.845, 505
5, 19.870, 481
4, 19.896, 505
5, 19.922, 486
4, 19.946, 505
5, 19.972, 490
4, 19.997, 505
5, 20.023, 496
4, 20.048, 506
5, 20.073, 502
4, 20.099, 506
5, 20.124, 509
4, 20.149, 505
5, 20.175, 515
4, 20.200, 505
5, 20.226, 521
4, 20.250, 505
5, 20.276, 526
4, 20.302, 506
5, 20.327, 530
4, 20.352, 506
5, 20.377, 532
4, 20.403, 506
5, 20.429, 534
4, 20.453, 505
5, 20.479, 534
4, 20.504, 506
5, 20.530, 532
4, 20.555, 506
5, 20.580, 530
4, 20.606, 506
5, 20.631, 526
4, 20.656, 506
5, 20.681, 521
4, 20.707, 506
5, 20.733, 515
4, 20.757, 506
5, 20.783, 510
4, 20.808, 506
5, 20.834, 503
4, 20.859, 506
5, 20.884, 497
4, 20.910, 506
5, 20.935, 491
4, 20.960, 506
5, 20.986, 487
4, 21.011, 506
5, 21.037, 482
4, 21.061, 506
5, 21.087, 480
4, 21.113, 506
5, 21.138, 479
4, 21.163, 506
5, 21.188, 478
4, 21.214, 506
5, 21.240, 480
4, 21.264, 505
5, 21.290, 483
4, 21.315, 506
5, 21.341, 486
4, 21.366, 506
5, 21.391, 491
4, 21.417, 506
5, 21.442, 496
4, 21.467, 506
5, 21.492, 503
4, 21.518, 506
5, 21.544, 509
4, 21.568, 506
5, 21.594, 515
4, 21.619, 506
5, 21.645, 520
4, 21.670, 506
5, 21.695, 526
4, 21.721, 506
5, 21.746, 529
4, 21.771, 506
5, 21.797, 531
4, 21.822, 506
5, 21.848, 533
4, 21.872, 506
5, 21.898, 533
4, 21.924, 506
5, 21.949, 532
4, 21.974, 506
5, 21.999, 529
4, 22.025, 506
5, 22.051, 525
4, 22.075, 506
5, 22.101, 520
4, 22.126, 506
5, 22.152, 515
4, 22.177, 506
5, 22.202, 509
4, 22.228, 505
5, 22.253, 504
4, 22.278, 505
5, 22.303, 497
4, 22.329, 505
5, 22.355, 492
4, 22.379, 505
5, 22.405, 487
4, 22.430, 506
5, 22.456, 484
4, 22.481, 506
5, 22.506, 481
4, 22.532, 505
5, 22.557, 481
4, 22.582, 505
5, 22.608, 481
4, 22.633, 506
5, 22.659, 482
4, 22.683, 506
5, 22.709, 484
4, 22.735, 506
5, 22.760, 487
4, 22.785, 506
5, 22.810, 492
4, 22.836, 506
5, 22.862, 498
4, 22.886, 506
5, 22.912, 503
4, 22.937, 506
5, 22.963, 510
4, 22.988, 505
5, 23.013, 515
4, 23.039, 506
5, 23.064, 520
4, 23.089, 506
5, 23.115, 524
4, 23.140, 506
5, 23.166, 527
4, 23.190, 506
5, 23.216, 530
4, 23.241, 506
5, 23.267, 531
4, 23.292, 506
5, 23.317, 531
4, 23.343, 506
5, 23.368, 530
4, 23.394, 506
5, 23.419, 527
4, 23.444, 507
5, 23.470, 523
4, 23.495, 506
5, 23.520, 519
4, 23.546, 506
5, 23.571, 514
4, 23.597, 505
5, 23.621, 509
4, 23.647, 506
5, 23.673, 503
4, 23.698, 506
5, 23.723, 497
4, 23.748, 505
5, 23.774, 492
4, 23.800, 505
5, 23.824, 488
4, 23.850, 505
5, 23.875, 484
4, 23.901, 505
5, 23.926, 482
4, 23.951, 506
5, 23.977, 481
4, 24.002, 506
5, 24.027, 481
4, 24.052, 507
5, 24.078, 483
4, 24.104, 505
5, 24.128, 486
4, 24.154, 505
5, 24.179, 489
4, 24.205, 506
5, 24.230, 494
4, 24.255, 505
5, 24.281, 498
4, 24.306, 506
5, 24.331, 504
4, 24.357, 506
5, 24.382, 510
4, 24.408, 506
5, 24.432, 516
4, 24.458, 506
5, 24.484, 520
4, 24.509, 505
5, 24.534, 524
4, 24.559, 506
5, 24.585, 527
4, 24.611, 506
5, 24.635, 530
4, 24.661, 506
5, 24.686, 530
4, 24.712, 506
5, 24.737, 531
4, 24.762, 506
5, 24.788, 529
4, 24.813, 505
5, 24.838, 527
4, 24.863, 506
5, 24.889, 522
4, 24.915, 505
5, 24.939, 518
4, 24.965, 506
5, 24.990, 513
4, 25.016, 506
5, 25.041, 507
4, 25.066, 505
5, 25.092, 503
4, 25.117, 505
5, 25.142, 497
4, 25.168, 506
5, 25.193, 492
4, 25.219, 506
5, 25.243, 488
4, 25.269, 506
5, 25.295, 485
4, 25.320, 505
5, 25.345, 484
4, 25.370, 505
5, 25.396, 482
4, 25.422, 505
5, 25.446, 482
4, 25.472, 505
5, 25.497, 484
4, 25.523, 506
5, 25.548, 486
4, 25.573, 506
5, 25.599, 490
4, 25.624, 505
5, 25.649, 495
4, 25.675, 506
5, 25.700, 500
4, 25.726, 505
5, 25.750, 505
4, 25.776, 506
5, 25.801, 510
4, 25.827, 506
5, 25.852, 514
4, 25.877, 506
5, 25.903, 520
4, 25.928, 506
5, 25.953, 524
4, 25.979, 506
5, 26.004, 527
4, 26.030, 506
5, 26.054, 529
4, 26.080, 505
5, 26.106, 529
4, 26.131, 505
5, 26.156, 529
4, 26.181, 506
5, 26.207, 528
4, 26.233, 506
5, 26.257, 525
4, 26.283, 506
5, 26.308, 522
4, 26.334, 506
5, 26.359, 518
4, 26.384, 506
5, 26.410, 513
4, 26.435, 505
5, 26.461, 508
4, 26.486, 505
5, 26.511, 502
4, 26.537, 506
5, 26.562, 497
4, 26.587, 506
5, 26.612, 492
4, 26.638, 506
5, 26.664, 489
4, 26.688, 505
5, 26.714, 486
4, 26.739, 506
5, 26.765, 484
4, 26.790, 506
5, 26.815, 483
4, 26.841, 505
5, 26.866, 484
4, 26.891, 506
5, 26.917, 485
4, 26.942, 506
5, 26.968, 488
4, 26.992, 506
5, 27.018, 491
4, 27.044, 505
5, 27.069, 495
4, 27.094, 506
5, 27.119, 500
4, 27.145, 506
5, 27.171, 504
4, 27.195, 505
5, 27.221, 511
4, 27.246, 506
5, 27.272, 515
4, 27.297, 505
5, 27.322, 520
4, 27.348, 505
5, 27.373, 523
4, 27.398, 506
5, 27.423, 526
4, 27.449, 505
5, 27.475, 528
4, 27.499, 506
5, 27.525, 528
4, 27.550, 505
5, 27.576, 527
4, 27.601, 505
5, 27.626, 527
4, 27.652, 506
5, 27.677, 524
4, 27.702, 506
5, 27.728, 520
4, 27.753, 506
5, 27.779, 517
4, 27.803, 505
5, 27.829, 512
4, 27.855, 505
5, 27.880, 507
4, 27.905, 506
5, 27.930, 502
4, 27.956, 505
5, 27.982, 498
4, 28.006, 506
5, 28.032, 493
4, 28.057, 505
5, 28.083, 490
4, 28.108, 506
5, 28.133, 486
4, 28.159, 507
5, 28.184, 485
4, 28.209, 506
5, 28.235, 485
4, 28.260, 505
5, 28.286, 485
4, 28.310, 506
5, 28.336, 486
4, 28.361, 506
5, 28.387, 489
4, 28.412, 506
5, 28.437, 493
4, 28.463, 505
5, 28.488, 496
4, 28.513, 506
5, 28.539, 499
4, 28.564, 506
5, 28.590, 505
4, 28.614, 506
5, 28.640, 510
4, 28.666, 506
5, 28.691, 515
4, 28.716, 506
5, 28.741, 519
4, 28.767, 506
5, 28.793, 522
4, 28.817, 506
5, 28.843, 525
4, 28.868, 506
5, 28.894, 526
4, 28.919, 506
5, 28.944, 527
4, 28.970, 506
5, 28.995, 527
4, 29.020, 507
5, 29.046, 526
4, 29.071, 506
5, 29.097, 522
4, 29.121, 506
5, 29.147, 520
4, 29.172, 506
5, 29.198, 516
4, 29.223, 506
5, 29.248, 511
4, 29.274, 506
5, 29.299, 507
4, 29.324, 506
5, 29.350, 502
4, 29.375, 506
5, 29.401, 498
4, 29.425, 506
5, 29.451, 493
4, 29.477, 506
5, 29.502, 490
4, 29.527, 506
5, 29.552, 488
4, 29.578, 505
5, 29.604, 487
4, 29.628, 505
5, 29.654, 486
4, 29.679, 505
5, 29.705, 486
4, 29.730, 505
5, 29.755, 488
4, 29.781, 505
5, 29.806, 491
4, 29.831, 504
5, 29.857, 493
4, 29.882, 505
5, 29.908, 497
4, 29.932, 506
5, 29.958, 501
4, 29.983, 505
5, 30.009, 506
4, 30.034, 506
5, 30.059, 511
4, 30.085, 505
5, 30.110, 515
4, 30.135, 505
5, 30.161, 518
4, 30.186, 506
5, 30.212, 522
4, 30.236, 506
5, 30.262, 524
4, 30.288, 506
5, 30.313, 526
4, 30.338, 506
5, 30.363, 526
4, 30.389, 506
5, 30.415, 525
4, 30.439, 506
5, 30.465, 524
4, 30.490, 505
5, 30.516, 522
4, 30.541, 506
5, 30.566, 519
4, 30.592, 506
5, 30.617, 514
4, 30.642, 506
5, 30.668, 510
4, 30.693, 506
5, 30.719, 507
4, 30.743, 505
5, 30.769, 502
4, 30.795, 506
5, 30.820, 498
4, 30.845, 506
5, 30.870, 494
4, 30.896, 506
5, 30.921, 491
4, 30.946, 506
5, 30.972, 489
4, 30.997, 506
5, 31.023, 487
4, 31.047, 506
5, 31.073, 487
4, 31.099, 506
5, 31.124, 487
4, 31.149, 505
5, 31.174, 489
4, 31.200, 506
5, 31.226, 492
4, 31.250, 506
5, 31.276, 494
4, 31.301, 506
5, 31.327, 497
4, 31.352, 506
5, 31.377, 502
4, 31.403, 506
5, 31.428, 506
4, 31.453, 506
5, 31.479, 510
4, 31.504, 506
5, 31.530, 514
4, 31.554, 506
5, 31.580, 518
4, 31.606, 506
5, 31.631, 521
4, 31.656, 506
5, 31.681, 523
4, 31.707, 506
5, 31.732, 524
4, 31.757, 506
5, 31.783, 525
4, 31.808, 506
5, 31.834, 524
4, 31.858, 506
5, 31.884, 523
4, 31.910, 505
5, 31.935, 521
4, 31.960, 505
5, 31.985, 518
4, 32.011, 506
5, 32.037, 515
4, 32.061, 505
5, 32.087, 510
4, 32.112, 505
5, 32.138, 506
4, 32.163, 506
5, 32.188, 502
4, 32.214, 505
5, 32.239, 497
4, 32.264, 505
5, 32.290, 495
4, 32.315, 506
5, 32.341, 492
4, 32.365, 505
5, 32.391, 490
4, 32.417, 505
5, 32.442, 488
4, 32.467, 505
5, 32.492, 489
4, 32.518, 506
5, 32.543, 489
4, 32.568, 506
5, 32.594, 490
4, 32.619, 506
5, 32.645, 493
4, 32.669, 505
5, 32.695, 495
4, 32.721, 506
5, 32.746, 498
4, 32.771, 506
5, 32.796, 503
4, 32.822, 506
5, 32.848, 506
4, 32.872, 506
5, 32.898, 510
4, 32.923, 506
5, 32.949, 514
4, 32.974, 506
5, 32.999, 517
4, 33.025, 505
5, 33.050, 520
4, 33.075, 506
5, 33.101, 523
4, 33.126, 506
5, 33.152, 524
4, 33.176, 506
5, 33.202, 523
4, 33.228, 506
5, 33.253, 523
4, 33.278, 506
5, 33.303, 522
4, 33.329, 506
5, 33.355, 519
4, 33.379, 506
5, 33.405, 516
4, 33.430, 506
5, 33.456, 513
4, 33.480, 506
5, 33.506, 509
4, 33.532, 506
5, 33.557, 506
4, 33.582, 506
5, 33.607, 501
4, 33.633, 506
5, 33.659, 498
4, 33.683, 505
5, 33.709, 495
4, 33.734, 506
5, 33.760, 492
4, 33.785, 506
5, 33.810, 490
4, 33.836, 506
5, 33.861, 490
4, 33.886, 506
5, 33.912, 489
4, 33.937, 506
5, 33.963, 489
4, 33.987, 506
5, 34.013, 491
4, 34.039, 506
5, 34.064, 493
4, 34.089, 506
5, 34.114, 496
4, 34.140, 507
5, 34.166, 499
4, 34.190, 506
5, 34.216, 503
4, 34.241, 506
5, 34.267, 507
4, 34.291, 505
5, 34.317, 511
4, 34.343, 506
5, 34.368, 515
4, 34.393, 505
5, 34.418, 518
4, 34.444, 506
5, 34.470, 520
4, 34.494, 506
5, 34.520, 521
4, 34.545, 506
5, 34.571, 522
4, 34.596, 505
5, 34.621, 523
4, 34.647, 506
5, 34.672, 523
4, 34.697, 505
5, 34.723, 521
4, 34.748, 505
5, 34.774, 519
4, 34.798, 506
5, 34.824, 515
4, 34.850, 506
5, 34.875, 513
4, 34.900, 506
5, 34.925, 509
4, 34.951, 505
5, 34.977, 506
4, 35.001, 505
5, 35.027, 502
4, 35.052, 505
5, 35.078, 498
4, 35.102, 506
5, 35.128, 495
4, 35.154, 506
5, 35.179, 493
4, 35.204, 506
5, 35.229, 491
4, 35.255, 506
5, 35.281, 491
4, 35.305, 506
5, 35.331, 491
4, 35.356, 506
5, 35.382, 490
4, 35.407, 506
5, 35.432, 492
4, 35.458, 506
5, 35.483, 494
4, 35.508, 506
5, 35.534, 497
4, 35.559, 506
5, 35.585, 501
4, 35.609, 505
5, 35.635, 504
4, 35.661, 506
5, 35.686, 507
4, 35.711, 505
5, 35.736, 511
4, 35.762, 506
5, 35.788, 514
4, 35.812, 506
5, 35.838, 517
4, 35.863, 505
5, 35.889, 519
4, 35.913, 505
5, 35.939, 521
4, 35.965, 506
5, 35.990, 522
4, 36.016, 506
5, 36.040, 522
4, 36.066, 506
5, 36.092, 522
4, 36.117, 505
5, 36.142, 520
4, 36.167, 506
5, 36.193, 518
4, 36.219, 505
5, 36.243, 515
4, 36.269, 506
5, 36.294, 512
4, 36.320, 505
5, 36.345, 509
4, 36.370, 506
5, 36.396, 505
4, 36.421, 506
5, 36.446, 502
4, 36.472, 505
5, 36.497, 499
4, 36.523, 505
5, 36.547, 496
4, 36.573, 506
5, 36.599, 494
4, 36.624, 506
5, 36.649, 492
4, 36.674, 506
5, 36.700, 491
4, 36.726, 506
5, 36.750, 492
4, 36.776, 506
5, 36.801, 492
4, 36.827, 505
5, 36.851, 493
4, 36.877, 505
5, 36.903, 495
4, 36.928, 505
5, 36.953, 498
4, 36.978, 505
5, 37.004, 501
4, 37.030, 506
5, 37.054, 505
4, 37.080, 506
5, 37.105, 508
4, 37.131, 505
5, 37.156, 511
4, 37.181, 506
5, 37.207, 514
4, 37.232, 506
5, 37.257, 517
4, 37.283, 506
5, 37.308, 519
4, 37.334, 506
5, 37.358, 520
4, 37.384, 505
5, 37.410, 520
4, 37.435, 506
5, 37.460, 521
4, 37.485, 506
5, 37.511, 520
4, 37.537, 506
5, 37.561, 519
4, 37.587, 505
5, 37.612, 516
4, 37.638, 505
5, 37.662, 515
4, 37.688, 506
5, 37.714, 512
4, 37.739, 506
5, 37.764, 508
4, 37.789, 505
5, 37.815, 505
4, 37.841, 506
5, 37.865, 502
4, 37.891, 505
5, 37.916, 499
4, 37.942, 505
5, 37.967, 497
4, 37.992, 505
5, 38.018, 495
4, 38.043, 505
5, 38.068, 493
4, 38.094, 505
5, 38.119, 492
4, 38.145, 505
5, 38.169, 492
4, 38.195, 506
5, 38.221, 493
4, 38.246, 505
5, 38.271, 495
4, 38.296, 506
5, 38.322, 496
4, 38.348, 506
5, 38.372, 499
4, 38.398, 506
5, 38.423, 502
4, 38.449, 505
5, 38.473, 505
4, 38.499, 506
5, 38.525, 508
4, 38.550, 505
5, 38.575, 511
4, 38.600, 505
5, 38.626, 514
4, 38.652, 506
5, 38.676, 516
4, 38.702, 506
5, 38.727, 518
4, 38.753, 506
5, 38.778, 520
4, 38.803, 506
5, 38.829, 520
4, 38.854, 506
5, 38.879, 520
4, 38.905, 506
5, 38.930, 519
4, 38.956, 506
5, 38.981, 518
4, 39.006, 505
5, 39.032, 516
4, 39.057, 505
5, 39.083, 513
4, 39.107, 505
5, 39.133, 511
4, 39.159, 505
5, 39.184, 508
4, 39.209, 505
5, 39.234, 505
4, 39.260, 505
5, 39.286, 502
4, 39.310, 505
5, 39.336, 499
4, 39.361, 505
5, 39.387, 497
4, 39.411, 506
5, 39.437, 496
4, 39.463, 506
5, 39.488, 494
4, 39.513, 506
5, 39.538, 494
4, 39.564, 506
5, 39.590, 494
4, 39.614, 506
5, 39.640, 494
4, 39.665, 506
5, 39.691, 496
4, 39.716, 505
5, 39.741, 497
4, 39.767, 505
5, 39.792, 500
4, 39.817, 506
5, 39.843, 502
4, 39.868, 506
5, 39.894, 505
4, 39.918, 506
5, 39.944, 508
4, 39.970, 505
5, 39.995, 511
4, 40.020, 505
5, 40.045, 513
4, 40.071, 506
5, 40.097, 516
4, 40.121, 506
5, 40.147, 517
4, 40.172, 507
5, 40.198, 518
4, 40.222, 505
5, 40.248, 519
4, 40.274, 506
5, 40.299, 518
4, 40.324, 506
5, 40.349, 518
4, 40.375, 506
5, 40.401, 516
4, 40.425, 506
5, 40.451, 515
4, 40.476, 506
5, 40.502, 512
4, 40.527, 506
5, 40.552, 510
4, 40.578, 506
5, 40.603, 506
4, 40.628, 506
5, 40.654, 504
4, 40.679, 506
5, 40.705, 502
4, 40.729, 506
5, 40.755, 499
4, 40.781, 506
5, 40.806, 497
4, 40.831, 506
5, 40.856, 495
4, 40.882, 506
5, 40.908, 494
4, 40.932, 506
5, 40.958, 494
4, 40.983, 505
5, 41.009, 494
4, 41.033, 505
5, 41.059, 495
4, 41.085, 506
5, 41.110, 497
4, 41.135, 506
5, 41.160, 496
4, 41.186, 506
5, 41.212, 500
4, 41.236, 506
5, 41.262, 503
4, 41.287, 506
5, 41.313, 505
4, 41.338, 505
5, 41.363, 508
4, 41.389, 506
5, 41.414, 511
4, 41.439, 506
5, 41.465, 512
4, 41.490, 506
5, 41.516, 515
4, 41.540, 505
5, 41.566, 516
4, 41.592, 506
5, 41.617, 517
4, 41.642, 507
5, 41.667, 518
4, 41.693, 506
5, 41.719, 518
4, 41.743, 506
5, 41.769, 517
4, 41.794, 506
5, 41.820, 515
4, 41.844, 506
5, 41.870, 514
4, 41.896, 506
5, 41.921, 511
4, 41.946, 506
5, 41.971, 509
4, 41.997, 506
5, 42.023, 507
4, 42.047, 506
5, 42.073, 504
4, 42.098, 506
5, 42.124, 501
4, 42.149, 506
5, 42.174, 499
4, 42.200, 506
5, 42.225, 498
4, 42.251, 506
5, 42.276, 496
4, 42.301, 506
5, 42.327, 495
4, 42.352, 506
5, 42.377, 495
4, 42.403, 506
5, 42.428, 495
4, 42.454, 506
5, 42.478, 496
4, 42.504, 506
5, 42.530, 497
4, 42.555, 506
5, 42.580, 499
4, 42.605, 506
5, 42.631, 501
4, 42.657, 506
5, 42.681, 503
4, 42.707, 506
5, 42.732, 506
4, 42.758, 506
5, 42.782, 509
4, 42.808, 506
5, 42.834, 511
4, 42.859, 506
5, 42.884, 513
4, 42.909, 506
5, 42.935, 515
4, 42.961, 506
5, 42.985, 516
4, 43.011, 506
5, 43.036, 517
4, 43.062, 507
5, 43.087, 517
4, 43.112, 506
5, 43.138, 516
4, 43.163, 506
5, 43.188, 516
4, 43.214, 506
5, 43.239, 514
4, 43.265, 506
5, 43.289, 512
4, 43.315, 506
5, 43.341, 510
4, 43.366, 507
5, 43.391, 508
4, 43.416, 506
5, 43.442, 506
4, 43.468, 506
5, 43.492, 504
4, 43.518, 506
5, 43.543, 502
4, 43.569, 507
5, 43.593, 499
4, 43.619, 506
5, 43.645, 498
4, 43.670, 506
5, 43.695, 496
4, 43.720, 506
5, 43.746, 496
4, 43.772, 506
5, 43.796, 496
4, 43.822, 506
5, 43.847, 496
4, 43.873, 506
5, 43.898, 497
4, 43.923, 506
5, 43.949, 498
4, 43.974, 506
5, 43.999, 500
4, 44.025, 506
5, 44.050, 502
4, 44.076, 505
5, 44.100, 505
4, 44.126, 506
5, 44.152, 506
4, 44.177, 506
5, 44.202, 508
4, 44.227, 506
5, 44.253, 511
4, 44.279, 506
5, 44.303, 513
4, 44.329, 506
5, 44.354, 515
4, 44.380, 505
5, 44.404, 515
4, 44.430, 507
5, 44.456, 516
4, 44.481, 506
5, 44.506, 516
4, 44.531, 505
5, 44.557, 515
4, 44.583, 506
5, 44.607, 515
4, 44.633, 506
5, 44.658, 514
4, 44.684, 506
5, 44.709, 512
4, 44.734, 506
5, 44.760, 510
4, 44.785, 506
5, 44.810, 508
4, 44.836, 506
5, 44.861, 506
4, 44.887, 507
5, 44.911, 503
4, 44.937, 506
5, 44.963, 501
4, 44.988, 506
5, 45.013, 500
4, 45.038, 506
5, 45.064, 498
4, 45.090, 506
5, 45.114, 498
4, 45.140, 506
5, 45.165, 497
4, 45.191, 506
5, 45.215, 496
4, 45.241, 507
5, 45.267, 497
4, 45.292, 506
5, 45.318, 497
4, 45.342, 506
5, 45.368, 499
4, 45.394, 506
5, 45.419, 501
4, 45.444, 506
5, 45.469, 502
4, 45.495, 506
5, 45.521, 504
4, 45.545, 506
5, 45.571, 506
4, 45.596, 506
5, 45.622, 508
4, 45.647, 506
5, 45.672, 511
4, 45.698, 506
5, 45.723, 513
4, 45.748, 506
5, 45.774, 513
4, 45.799, 506
5, 45.825, 515
4, 45.849, 506
5, 45.875, 515
4, 45.901, 506
5, 45.926, 515
4, 45.951, 505
5, 45.976, 515
4, 46.002, 505
5, 46.028, 514
4, 46.052, 506
5, 46.078, 512
4, 46.103, 506
5, 46.129, 512
4, 46.153, 506
5, 46.179, 510
4, 46.205, 506
5, 46.230, 508
4, 46.255, 506
5, 46.280, 505
4, 46.306, 506
5, 46.332, 504
4, 46.356, 506
5, 46.382, 502
4, 46.407, 506
5, 46.433, 501
4, 46.458, 506
5, 46.483, 500
4, 46.509, 505
5, 46.534, 498
4, 46.559, 506
5, 46.585, 497
4, 46.610, 506
5, 46.636, 498
4, 46.660, 506
5, 46.686, 498
4, 46.712, 505
5, 46.737, 499
4, 46.762, 506
5, 46.787, 500
4, 46.813, 506
5, 46.839, 502
4, 46.863, 506
5, 46.889, 504
4, 46.914, 506
5, 46.940, 506
4, 46.964, 505
5, 46.990, 507
4, 47.016, 506
5, 47.041, 510
4, 47.066, 506
5, 47.091, 511
4, 47.117, 506
5, 47.143, 512
4, 47.167, 506
5, 47.193, 513
4, 47.218, 507
5, 47.244, 514
4, 47.269, 506
5, 47.294, 514
4, 47.320, 506
5, 47.345, 515
4, 47.370, 505
5, 47.396, 514
4, 47.421, 506
5, 47.447, 513
4, 47.471, 506
5, 47.497, 511
4, 47.523, 506
5, 47.548, 511
4, 47.573, 506
5, 47.598, 509
4, 47.624, 506
5, 47.650, 508
4, 47.674, 506
5, 47.700, 505
4, 47.725, 506
5, 47.751, 503
4, 47.775, 506
5, 47.801, 502
4, 47.827, 506
5, 47.852, 501
4, 47.877, 506
5, 47.902, 499
4, 47.928, 507
5, 47.954, 498
4, 47.978, 506
5, 48.004, 498
4, 48.029, 506
5, 48.055, 498
4, 48.080, 506
5, 48.105, 499
4, 48.131, 506
5, 48.156, 500
4, 48.181, 506
5, 48.207, 501
4, 48.232, 506
5, 48.258, 502
4, 48.282, 506
5, 48.308, 504
4, 48.334, 505
5, 48.359, 505
4, 48.384, 506
5, 48.409, 507
4, 48.435, 506
5, 48.461, 509
4, 48.485, 506
5, 48.511, 510
4, 48.536, 506
5, 48.562, 511
4, 48.587, 506
5, 48.612, 513
4, 48.638, 506
5, 48.663, 513
4, 48.688, 506
5, 48.713, 513
4, 48.739, 506
5, 48.765, 514
4, 48.789, 506
5, 48.815, 513
4, 48.840, 506
5, 48.866, 512
4, 48.891, 506
5, 48.916, 511
4, 48.942, 506
5, 48.967, 510
4, 48.992, 506
5, 49.018, 508
4, 49.043, 507
5, 49.069, 506
4, 49.093, 506
5, 49.119, 506
4, 49.145, 505
5, 49.170, 504
4, 49.195, 506
5, 49.220, 502
4, 49.246, 506
5, 49.272, 500
4, 49.296, 506
5, 49.322, 500
4, 49.347, 506
5, 49.373, 499
4, 49.398, 506
5, 49.423, 499
4, 49.449, 506
5, 49.474, 499
4, 49.499, 506
5, 49.524, 499
4, 49.550, 506
5, 49.576, 500
4, 49.600, 507
5, 49.626, 502
4, 49.651, 506
5, 49.677, 503
4, 49.702, 506
5, 49.727, 505
4, 49.753, 506
5, 49.778, 506
4, 49.804, 506
5, 49.829, 508
4, 49.854, 506
5, 49.880, 509
4, 49.905, 506
5, 49.930, 510
4, 49.956, 506
5, 49.981, 511
4, 50.007, 506
5, 50.031, 512
4, 50.057, 506
5, 50.083, 513
4, 50.108, 506
5, 50.133, 513
4, 50.158, 506
5, 50.184, 512
4, 50.210, 506
5, 50.234, 512
4, 50.260, 506
5, 50.285, 511
4, 50.311, 506
5, 50.335, 510
4, 50.361, 506
5, 50.387, 509
4, 50.412, 507
5, 50.437, 507
4, 50.462, 506
5, 50.488, 506
4, 50.514, 506
5, 50.538, 505
4, 50.564, 506
5, 50.589, 504
4, 50.615, 506
5, 50.640, 503
4, 50.665, 506
5, 50.691, 501
4, 50.716, 507
5, 50.741, 500
4, 50.767, 506
5, 50.792, 500
4, 50.818, 506
5, 50.842, 500
4, 50.868, 506
5, 50.894, 500
4, 50.919, 506
5, 50.944, 501
4, 50.969, 506
5, 50.995, 501
4, 51.021, 506
5, 51.045, 503
4, 51.071, 506
5, 51.096, 503
4, 51.122, 506
5, 51.147, 505
4, 51.172, 505
5, 51.198, 506
4, 51.223, 506
5, 51.248, 508
4, 51.273, 506
5, 51.299, 508
4, 51.325, 506
5, 51.349, 510
4, 51.375, 506
5, 51.400, 511
4, 51.426, 506
5, 51.451, 512
4, 51.476, 505
5, 51.502, 512
4, 51.527, 506
5, 51.552, 512
4, 51.578, 506
5, 51.603, 512
4, 51.629, 506
5, 51.653, 512
4, 51.679, 505
5, 51.705, 511
4, 51.730, 506
5, 51.755, 510
4, 51.780, 506
5, 51.806, 508
4, 51.832, 506
5, 51.856, 507
4, 51.882, 506
5, 51.907, 506
4, 51.933, 506
5, 51.958, 504
4, 51.983, 506
5, 52.009, 504
4, 52.034, 506
5, 52.059, 503
4, 52.084, 506
5, 52.110, 502
4, 52.136, 506
5, 52.160, 501
4, 52.186, 506
5, 52.211, 501
4, 52.237, 506
5, 52.262, 500
4, 52.287, 506
5, 52.313, 502
4, 52.338, 506
5, 52.363, 502
4, 52.389, 505
5, 52.414, 502
4, 52.440, 507
5, 52.464, 503
4, 52.490, 506
5, 52.516, 504
4, 52.541, 507
5, 52.566, 507
4, 52.591, 506
5, 52.617, 507
4, 52.643, 506
5, 52.667, 508
4, 52.693, 506
5, 52.718, 509
4, 52.744, 506
5, 52.769, 510
4, 52.794, 506
5, 52.820, 511
4, 52.845, 506
5, 52.871, 511
4, 52.895, 506
5, 52.921, 511
4, 52.947, 507
5, 52.972, 511
4, 52.997, 506
5, 53.022, 510
4, 53.048, 506
5, 53.074, 510
4, 53.098, 506
5, 53.124, 510
4, 53.149, 505
5, 53.175, 508
4, 53.200, 506
5, 53.225, 508
4, 53.251, 506
5, 53.276, 507
4, 53.301, 506
5, 53.327, 505
4, 53.352, 506
5, 53.378, 505
4, 53.402, 506
5, 53.428, 503
4, 53.454, 506
5, 53.479, 503
4, 53.504, 505
5, 53.529, 502
4, 53.555, 506
5, 53.581, 502
4, 53.605, 506
5, 53.631, 502
4, 53.656, 506
5, 53.682, 502
4, 53.707, 506
5, 53.732, 502
4, 53.758, 506
5, 53.783, 503
4, 53.808, 505
5, 53.833, 504
4, 53.859, 506
5, 53.885, 504
4, 53.909, 505
5, 53.935, 505
4, 53.960, 506
5, 53.986, 506
4, 54.011, 505
5, 54.036, 507
4, 54.062, 506
5, 54.087, 509
4, 54.112, 506
5, 54.138, 509
4, 54.163, 506
5, 54.189, 510
4, 54.213, 506
5, 54.239, 510
4, 54.265, 506
5, 54.290, 511
4, 54.315, 506
5, 54.340, 511
4, 54.366, 505
5, 54.392, 511
4, 54.416, 506
5, 54.442, 511
4, 54.467, 506
5, 54.493, 509
4, 54.518, 506
5, 54.543, 509
4, 54.569, 506
5, 54.594, 508
4, 54.619, 505
5, 54.644, 507
4, 54.670, 505
5, 54.696, 506
4, 54.720, 506
5, 54.746, 505
4, 54.771, 506
5, 54.797, 505
4, 54.822, 505
5, 54.847, 504
4, 54.873, 506
5, 54.898, 503
4, 54.923, 505
5, 54.949, 502
4, 54.974, 506
5, 55.000, 502
4, 55.024, 506
5, 55.050, 502
4, 55.076, 506
5, 55.101, 503
4, 55.126, 505
5, 55.151, 503
4, 55.177, 506
5, 55.203, 504
4, 55.227, 506
5, 55.253, 504
4, 55.278, 506
5, 55.304, 505
4, 55.329, 506
5, 55.354, 506
4, 55.380, 506
5, 55.405, 507
4, 55.430, 506
5, 55.455, 508
4, 55.481, 506
5, 55.507, 509
4, 55.531, 506
5, 55.557, 509
4, 55.582, 506
5, 55.608, 510
4, 55.633, 506
5, 55.658, 510
4, 55.684, 506
5, 55.709, 510
4, 55.734, 506
5, 55.760, 511
4, 55.785, 505
5, 55.811, 509
4, 55.835, 505
5, 55.861, 510
4, 55.887, 505
5, 55.912, 509
4, 55.937, 506
5, 55.962, 508
4, 55.988, 506
5, 56.014, 507
4, 56.038, 506
5, 56.064, 506
4, 56.089, 506
5, 56.115, 506
4, 56.140, 505
5, 56.165, 505
4, 56.191, 506
5, 56.216, 505
4, 56.241, 506
5, 56.267, 504
4, 56.292, 506
5, 56.318, 503
4, 56.342, 506
5, 56.368, 503
4, 56.393, 506
5, 56.419, 504
4, 56.444, 506
5, 56.469, 503
4, 56.495, 506
5, 56.520, 504
4, 56.546, 506
5, 56.571, 504
4, 56.596, 506
5, 56.622, 504
4, 56.647, 506
5, 56.672, 505
4, 56.698, 506
5, 56.723, 506
4, 56.749, 506
5, 56.773, 506
4, 56.799, 506
5, 56.825, 507
4, 56.850, 506
5, 56.875, 507
4, 56.900, 506
5, 56.926, 508
4, 56.952, 506
5, 56.976, 508
4, 57.002, 506
5, 57.027, 509
4, 57.053, 506
5, 57.078, 509
4, 57.103, 506
5, 57.129, 509
4, 57.154, 506
5, 57.179, 509
4, 57.204, 506
5, 57.230, 509
4, 57.256, 506
5, 57.280, 508
4, 57.306, 506
5, 57.331, 508
4, 57.357, 506
5, 57.382, 507
4, 57.407, 506
5, 57.433, 507
4, 57.458, 506
5, 57.483, 506
4, 57.509, 506
5, 57.534, 505
4, 57.560, 506
5, 57.584, 505
4, 57.610, 506
5, 57.636, 504
4, 57.661, 507
5, 57.686, 504
4, 57.711, 506
5, 57.737, 504
4, 57.763, 506
5, 57.787, 503
4, 57.813, 506
5, 57.838, 504
4, 57.864, 506
5, 57.889, 503
4, 57.914, 506
5, 57.940, 505
4, 57.965, 506
5, 57.990, 504
4, 58.015, 506
5, 58.041, 505
4, 58.067, 506
5, 58.091, 505
4, 58.117, 506
5, 58.142, 506
4, 58.168, 506
5, 58.193, 507
4, 58.218, 506
5, 58.244, 507
4, 58.269, 506
5, 58.294, 508
4, 58.320, 506
5, 58.345, 508
4, 58.371, 506
5, 58.395, 508
4, 58.421, 506
5, 58.447, 509
4, 58.472, 506
5, 58.497, 509
4, 58.522, 506
5, 58.548, 508
4, 58.574, 506
5, 58.598, 508
4, 58.624, 506
5, 58.649, 508
4, 58.675, 506
5, 58.700, 508
4, 58.725, 506
5, 58.751, 507
4, 58.776, 506
5, 58.801, 505
4, 58.827, 506
5, 58.852, 506
4, 58.878, 506
5, 58.902, 506
4, 58.928, 506
5, 58.953, 505
4, 58.979, 506
5, 59.004, 505
4, 59.029, 506
5, 59.055, 504
4, 59.080, 506
5, 59.105, 504
4, 59.131, 506
5, 59.156, 504
4, 59.182, 506
5, 59.206, 505
4, 59.232, 506
5, 59.258, 505
4, 59.283, 506
5, 59.308, 504
4, 59.333, 506
5, 59.359, 504
4, 59.385, 506
5, 59.409, 505
4, 59.435, 506
5, 59.460, 505
4, 59.486, 506
5, 59.511, 506
4, 59.536, 506
5, 59.562, 507
4, 59.587, 506
5, 59.613, 507
4, 59.638, 506
5, 59.663, 508
4, 59.689, 506
5, 59.714, 508
4, 59.739, 506
5, 59.764, 508
4, 59.790, 506
5, 59.816, 507
4, 59.840, 506
5, 59.866, 507
4, 59.891, 506
5, 59.917, 508
4, 59.942, 507
5, 59.967, 508
4, 59.993, 506
5, 60.018, 507
4, 60.043, 506
5, 60.069, 507
4, 60.094, 506
5, 60.120, 507
4, 60.144, 506
5, 60.170, 508
4, 60.196, 506
5, 60.221, 507
4, 60.246, 506
5, 60.271, 505
4, 60.297, 506
5, 60.323, 506
4, 60.347, 506
5, 60.373, 505
4, 60.398, 506
5, 60.424, 504
4, 60.449, 507
5, 60.474, 505
4, 60.500, 506
5, 60.525, 505
4, 60.550, 506
5, 60.575, 505
4, 60.601, 506
5, 60.627, 505
4, 60.651, 506
5, 60.677, 505
4, 60.702, 506
5, 60.728, 505
4, 60.753, 506
5, 60.778, 506
4, 60.804, 506
5, 60.829, 506
4, 60.854, 506
5, 60.880, 506
4, 60.905, 506
5, 60.931, 507
4, 60.955, 506
5, 60.981, 507
4, 61.007, 506
5, 61.032, 507
4, 61.057, 506
5, 61.082, 507
4, 61.108, 505
5, 61.134, 508
4, 61.158, 505
5, 61.184, 508
4, 61.209, 505
5, 61.235, 508
4, 61.260, 506
5, 61.285, 508
4, 61.311, 506
5, 61.336, 508
4, 61.361, 505
5, 61.387, 508
4, 61.412, 505
5, 61.438, 507
4, 61.462, 506
5, 61.488, 507
4, 61.513, 506
5, 61.539, 507
4, 61.564, 506
5, 61.589, 507
4, 61.615, 506
5, 61.640, 506
4, 61.665, 505
5, 61.691, 506
4, 61.716, 506
5, 61.742, 506
4, 61.766, 506
5, 61.792, 506
4, 61.818, 505
5, 61.843, 505
4, 61.868, 506
5, 61.893, 505
4, 61.919, 505
5, 61.945, 505
4, 61.969, 506
5, 61.995, 505
4, 62.020, 505
5, 62.046, 505
4, 62.071, 506
5, 62.096, 505
4, 62.122, 506
5, 62.147, 505
4, 62.172, 506
5, 62.198, 506
4, 62.223, 506
5, 62.249, 507
4, 62.273, 506
5, 62.299, 506
4, 62.324, 506
5, 62.350, 507
4, 62.375, 507
5, 62.400, 507
4, 62.426, 506
5, 62.451, 507
4, 62.476, 506
5, 62.502, 507
4, 62.527, 506
5, 62.553, 508
4, 62.577, 506
5, 62.603, 507
4, 62.629, 506
5, 62.654, 507
4, 62.679, 506
5, 62.704, 507
4, 62.730, 506
5, 62.756, 507
4, 62.780, 506
5, 62.806, 507
4, 62.831, 505
5, 62.857, 506
4, 62.882, 506
5, 62.907, 506
4, 62.933, 506
5, 62.958, 507
4, 62.983, 505
5, 63.009, 506
4, 63.034, 506
5, 63.060, 506
4, 63.084, 506
5, 63.110, 506
4, 63.135, 506
5, 63.161, 506
4, 63.186, 506
5, 63.211, 505
4, 63.237, 506
5, 63.262, 506
4, 63.287, 506
5, 63.313, 506
4, 63.338, 505
5, 63.364, 506
4, 63.388, 506
5, 63.414, 507
4, 63.440, 506
5, 63.465, 506
4, 63.490, 506
5, 63.515, 506
4, 63.541, 505
5, 63.567, 507
4, 63.591, 506
5, 63.617, 507
4, 63.642, 506
5, 63.668, 507
4, 63.693, 506
5, 63.718, 507
4, 63.744, 506
5, 63.769, 507
4, 63.794, 505
5, 63.820, 507
4, 63.845, 506
5, 63.871, 507
4, 63.895, 506
5, 63.921, 507
4, 63.947, 506
5, 63.972, 507
4, 63.997, 506
5, 64.022, 507
4, 64.048, 506
5, 64.073, 507
4, 64.098, 506
5, 64.124, 506
4, 64.149, 506
5, 64.175, 507
4, 64.199, 506
5, 64.225, 506
4, 64.251, 506
5, 64.276, 506
4, 64.301, 506
5, 64.326, 506
4, 64.352, 506
5, 64.378, 506
4, 64.402, 507
5, 64.428, 506
4, 64.453, 506
5, 64.479, 505
4, 64.504, 506
5, 64.529, 506
4, 64.555, 506
5, 64.580, 506
4, 64.605, 506
5, 64.631, 506
4, 64.656, 506
5, 64.682, 506
4, 64.706, 506
5, 64.732, 506
4, 64.758, 506
5, 64.783, 507
4, 64.808, 504
5, 64.833, 506
4, 64.859, 507
5, 64.884, 506
4, 64.909, 506
5, 64.935, 507
4, 64.960, 506
5, 64.986, 507
4, 65.010, 506
5, 65.036, 507
4, 65.062, 506
5, 65.087, 507
4, 65.112, 506
5, 65.137, 507
4, 65.163, 506
5, 65.189, 508
4, 65.213, 505
5, 65.239, 507
4, 65.264, 506
5, 65.290, 507
4, 65.315, 506
5, 65.340, 507
4, 65.366, 506
5, 65.391, 507
4, 65.416, 505
5, 65.442, 507
4, 65.467, 506
5, 65.493, 507
4, 65.517, 505
5, 65.543, 507
4, 65.569, 505
5, 65.594, 507
4, 65.619, 506
5, 65.644, 507
4, 65.670, 506
5, 65.695, 506
4, 65.720, 506
5, 65.746, 506
4, 65.771, 505
5, 65.797, 506
4, 65.821, 506
5, 65.847, 507
4, 65.873, 506
5, 65.898, 506
4, 65.923, 506
5, 65.948, 506
4, 65.974, 506
5, 66.000, 505
4, 66.024, 507
5, 66.050, 505
4, 66.075, 506
5, 66.101, 506
4, 66.126, 506
5, 66.151, 507
4, 66.177, 505
5, 66.202, 507
4, 66.227, 506
5, 66.253, 506
4, 66.278, 506
5, 66.304, 506
4, 66.328, 506
5, 66.354, 508
4, 66.380, 506
5, 66.405, 507
4, 66.430, 506
5, 66.455, 507
4, 66.481, 506
5, 66.507, 507
4, 66.531, 506
5, 66.557, 506
4, 66.582, 506
5, 66.608, 507
4, 66.632, 506
5, 66.658, 507
4, 66.684, 506
5, 66.709, 507
4, 66.734, 506
5, 66.759, 506
4, 66.785, 506
5, 66.811, 507
4, 66.835, 506
5, 66.861, 507
4, 66.886, 506
5, 66.912, 506
4, 66.937, 506
5, 66.962, 506
4, 66.988, 507
5, 67.013, 506
4, 67.038, 506
5, 67.064, 506
4, 67.089, 506
5, 67.115, 507
4, 67.139, 506
5, 67.165, 506
4, 67.191, 506
5, 67.216, 506
4, 67.241, 506
5, 67.266, 506
4, 67.292, 506
5, 67.318, 506
4, 67.342, 506
5, 67.368, 506
4, 67.393, 506
5, 67.419, 507
4, 67.443, 506
5, 67.469, 507
4, 67.495, 506
5, 67.520, 507
4, 67.545, 506
5, 67.570, 506
4, 67.596, 506
5, 67.622, 507
4, 67.646, 506
5, 67.672, 507
4, 67.697, 506
5, 67.723, 507
4, 67.748, 506
5, 67.773, 507
4, 67.799, 506
5, 67.824, 507
4, 67.849, 507
5, 67.875, 507
4, 67.900, 506
5, 67.926, 507
4, 67.950, 506
5, 67.976, 506
4, 68.002, 507
5, 68.027, 507
4, 68.052, 507
5, 68.077, 507
4, 68.103, 506
5, 68.129, 506
4, 68.153, 506
5, 68.179, 506
4, 68.204, 506
5, 68.230, 506
4, 68.254, 506
5, 68.280, 506
4, 68.306, 506
5, 68.331, 506
4, 0.025, 524
5, 0.050, 504
4, 0.076, 524
5, 0.100, 504
4, 0.126, 524
5, 0.152, 504
4, 0.177, 525
5, 0.202, 505
4, 0.227, 525
5, 0.253, 505
4, 0.279, 525
5, 0.304, 505
4, 0.329, 525
5, 0.354, 505
4, 0.380, 525
5, 0.406, 505
4, 0.430, 526
5, 0.456, 505
4, 0.481, 525
5, 0.507, 505
4, 0.532, 525
5, 0.557, 505
4, 0.583, 526
5, 0.608, 505
4, 0.633, 525
5, 0.659, 506
4, 0.684, 525
5, 0.710, 505
4, 0.734, 525
5, 0.760, 505
4, 0.786, 524
5, 0.811, 506
4, 0.836, 525
5, 0.861, 505
4, 0.887, 525
5, 0.913, 505
4, 0.937, 525
5, 0.963, 505
4, 0.988, 524
5, 1.014, 505
4, 1.038, 525
5, 1.064, 505
4, 1.090, 525
5, 1.115, 505
4, 1.140, 525
5, 1.165, 504
4, 1.191, 525
5, 1.217, 505
4, 1.241, 525
5, 1.267, 505
4, 1.292, 526
5, 1.318, 505
4, 1.343, 526
5, 1.368, 505
4, 1.394, 526
5, 1.419, 504
4, 1.444, 523
5, 1.470, 504
4, 1.495, 518
5, 1.521, 505
4, 1.545, 511
5, 1.571, 505
4, 1.597, 503
5, 1.622, 505
4, 1.647, 494
5, 1.672, 505
4, 1.698, 485
5, 1.724, 506
4, 1.748, 476
5, 1.774, 505
4, 1.799, 467
5, 1.825, 506
4, 1.849, 459
5, 1.875, 505
4, 1.901, 453
5, 1.926, 505
4, 1.951, 447
5, 1.976, 506
4, 2.002, 444
5, 2.028, 505
4, 2.052, 443
5, 2.078, 505
4, 2.103, 445
5, 2.129, 505
4, 2.154, 448
5, 2.179, 505
4, 2.205, 452
5, 2.230, 505
4, 2.255, 458
5, 2.281, 504
4, 2.306, 465
5, 2.332, 505
4, 2.356, 474
5, 2.382, 504
4, 2.408, 483
5, 2.433, 505
4, 2.458, 492
5, 2.483, 505
4, 2.509, 500
5, 2.535, 505
4, 2.559, 507
5, 2.585, 505
4, 2.610, 514
5, 2.636, 504
4, 2.660, 519
5, 2.686, 504
4, 2.712, 522
5, 2.737, 505
4, 2.762, 522
5, 2.787, 505
4, 2.813, 522
5, 2.839, 505
4, 2.863, 520
5, 2.889, 504
4, 2.914, 515
5, 2.940, 505
4, 2.965, 509
5, 2.990, 505
4, 3.016, 502
5, 3.041, 505
4, 3.066, 494
5, 3.092, 505
4, 3.117, 485
5, 3.143, 505
4, 3.167, 477
5, 3.193, 505
4, 3.219, 469
5, 3.244, 505
4, 3.269, 461
5, 3.294, 506
4, 3.320, 455
5, 3.346, 505
4, 3.370, 450
5, 3.396, 506
4, 3.421, 447
5, 3.447, 505
4, 3.471, 446
5, 3.497, 506
4, 3.523, 446
5, 3.548, 505
4, 3.573, 449
5, 3.598, 505
4, 3.624, 454
5, 3.650, 504
4, 3.674, 459
5, 3.700, 504
4, 3.725, 466
5, 3.751, 504
4, 3.776, 474
5, 3.801, 504
4, 3.827, 482
5, 3.852, 505
4, 3.877, 491
5, 3.903, 504
4, 3.928, 500
5, 3.954, 504
4, 3.978, 507
5, 4.004, 504
4, 4.030, 514
5, 4.055, 505
4, 4.080, 517
5, 4.105, 505
4, 4.131, 521
5, 4.157, 505
4, 4.181, 521
5, 4.207, 505
4, 4.232, 521
5, 4.258, 505
4, 4.282, 518
5, 4.308, 505
4, 4.334, 514
5, 4.359, 505
4, 4.384, 508
5, 4.409, 506
4, 4.435, 501
5, 4.461, 506
4, 4.485, 493
5, 4.511, 506
4, 4.536, 485
5, 4.562, 505
4, 4.587, 476
5, 4.612, 505
4, 4.638, 469
5, 4.663, 505
4, 4.689, 461
5, 4.714, 505
4, 4.739, 455
5, 4.765, 505
4, 4.790, 452
5, 4.815, 505
4, 4.841, 448
5, 4.866, 505
4, 4.892, 448
5, 4.916, 505
4, 4.942, 448
5, 4.968, 505
4, 4.993, 451
5, 5.018, 505
4, 5.043, 456
5, 5.069, 505
4, 5.095, 461
5, 5.119, 505
4, 5.145, 468
5, 5.170, 505
4, 5.196, 476
5, 5.220, 505
4, 5.246, 484
5, 5.272, 504
4, 5.297, 492
5, 5.322, 505
4, 5.347, 500
5, 5.373, 505
4, 5.399, 506
5, 5.423, 505
4, 5.449, 512
5, 5.474, 505
4, 5.500, 517
5, 5.525, 505
4, 5.550, 519
5, 5.576, 506
4, 5.601, 520
5, 5.626, 506
4, 5.652, 518
5, 5.677, 506
4, 5.703, 515
5, 5.727, 505
4, 5.753, 511
5, 5.779, 506
4, 5.804, 506
5, 5.829, 506
4, 5.854, 499
5, 5.880, 505
4, 5.906, 491
5, 5.930, 506
4, 5.956, 484
5, 5.981, 506
4, 6.007, 476
5, 6.031, 505
4, 6.057, 469
5, 6.083, 506
4, 6.108, 462
5, 6.133, 506
4, 6.158, 457
5, 6.184, 505
4, 6.210, 452
5, 6.234, 505
4, 6.260, 450
5, 6.285, 505
4, 6.311, 449
5, 6.336, 505
4, 6.361, 450
5, 6.387, 505
4, 6.412, 453
5, 6.437, 505
4, 6.463, 457
5, 6.488, 505
4, 6.514, 462
5, 6.538, 505
4, 6.564, 469
5, 6.590, 505
4, 6.615, 476
5, 6.640, 505
4, 6.665, 484
5, 6.691, 505
4, 6.717, 492
5, 6.741, 505
4, 6.767, 499
5, 6.792, 505
4, 6.818, 506
5, 6.842, 505
4, 6.868, 512
5, 6.894, 505
4, 6.919, 515
5, 6.944, 506
4, 6.969, 518
5, 6.995, 506
4, 7.021, 518
5, 7.045, 506
4, 7.071, 518
5, 7.096, 506
4, 7.122, 515
5, 7.147, 506
4, 7.172, 510
5, 7.198, 506
4, 7.223, 505
5, 7.248, 505
4, 7.274, 498
5, 7.299, 505
4, 7.325, 491
5, 7.349, 505
4, 7.375, 483
5, 7.401, 506
4, 7.426, 476
5, 7.451, 505
4, 7.476, 469
5, 7.502, 505
4, 7.528, 462
5, 7.552, 505
4, 7.578, 457
5, 7.603, 505
4, 7.629, 453
5, 7.653, 505
4, 7.679, 450
5, 7.705, 505
4, 7.730, 451
5, 7.756, 505
4, 7.780, 452
5, 7.806, 505
4, 7.832, 454
5, 7.857, 505
4, 7.882, 459
5, 7.907, 505
4, 7.933, 464
5, 7.959, 505
4, 7.983, 471
5, 8.009, 505
4, 8.034, 478
5, 8.060, 505
4, 8.085, 485
5, 8.110, 506
4, 8.136, 492
5, 8.161, 505
4, 8.186, 500
5, 8.212, 505
4, 8.237, 505
5, 8.263, 505
4, 8.287, 511
5, 8.313, 505
4, 8.339, 514
5, 8.364, 505
4, 8.389, 517
5, 8.414, 505
4, 8.440, 517
5, 8.466, 505
4, 8.490, 516
5, 8.516, 506
4, 8.541, 512
5, 8.567, 505
4, 8.591, 509
5, 8.617, 505
4, 8.643, 504
5, 8.668, 504
4, 8.693, 498
5, 8.718, 505
4, 8.744, 491
5, 8.770, 505
4, 8.794, 483
5, 8.820, 505
4, 8.845, 476
5, 8.871, 505
4, 8.896, 469
5, 8.921, 504
4, 8.947, 464
5, 8.972, 504
4, 8.997, 459
5, 9.023, 504
4, 9.048, 455
5, 9.074, 505
4, 9.098, 453
5, 9.124, 505
4, 9.150, 452
5, 9.175, 505
4, 9.200, 454
5, 9.225, 505
4, 9.251, 456
5, 9.277, 506
4, 9.301, 460
5, 9.327, 506
4, 9.352, 466
5, 9.378, 504
4, 9.402, 472
5, 9.428, 505
4, 9.454, 479
5, 9.479, 505
4, 9.504, 485
5, 9.529, 505
4, 9.555, 492
5, 9.581, 505
4, 9.605, 499
5, 9.631, 504
4, 9.656, 505
5, 9.682, 506
4, 9.707, 509
5, 9.732, 506
4, 9.758, 512
5, 9.783, 506
4, 9.808, 514
5, 9.834, 505
4, 9.859, 515
5, 9.885, 506
4, 9.909, 514
5, 9.935, 506
4, 9.961, 512
5, 9.986, 505
4, 10.011, 507
5, 10.036, 505
4, 10.062, 502
5, 10.088, 506
4, 10.112, 496
5, 10.138, 505
4, 10.163, 489
5, 10.189, 505
4, 10.213, 482
5, 10.239, 505
4, 10.265, 476
5, 10.290, 505
4, 10.315, 470
5, 10.340, 505
4, 10.366, 464
5, 10.392, 505
4, 10.416, 459
5, 10.442, 505
4, 10.467, 455
5, 10.493, 505
4, 10.518, 454
5, 10.543, 505
4, 10.569, 454
5, 10.594, 504
4, 10.619, 455
5, 10.645, 506
4, 10.670, 458
5, 10.696, 505
4, 10.720, 462
5, 10.746, 505
4, 10.772, 467
5, 10.797, 505
4, 10.822, 473
5, 10.847, 505
4, 10.873, 480
5, 10.899, 505
4, 10.923, 486
5, 10.949, 505
4, 10.974, 493
5, 11.000, 505
4, 11.025, 499
5, 11.050, 506
4, 11.076, 505
5, 11.101, 505
4, 11.126, 508
5, 11.151, 506
4, 11.177, 512
5, 11.203, 505
4, 11.227, 514
5, 11.253, 504
4, 11.278, 515
5, 11.304, 505
4, 11.329, 512
5, 11.354, 505
4, 11.380, 510
5, 11.405, 505
4, 11.430, 506
5, 11.456, 505
4, 11.481, 501
5, 11.507, 505
4, 11.531, 495
5, 11.557, 505
4, 11.583, 489
5, 11.608, 506
4, 11.633, 482
5, 11.658, 505
4, 11.684, 476
5, 11.710, 505
4, 11.734, 470
5, 11.760, 505
4, 11.785, 465
5, 11.811, 505
4, 11.836, 461
5, 11.861, 506
4, 11.887, 458
5, 11.912, 505
4, 11.937, 456
5, 11.962, 506
4, 11.988, 456
5, 12.014, 505
4, 12.038, 457
5, 12.064, 505
4, 12.089, 460
5, 12.115, 505
4, 12.140, 463
5, 12.165, 505
4, 12.191, 468
5, 12.216, 505
4, 12.242, 474
5, 12.267, 505
4, 12.292, 480
5, 12.318, 506
4, 12.343, 486
5, 12.368, 506
4, 12.394, 493
5, 12.419, 505
4, 12.445, 498
5, 12.469, 505
4, 12.495, 504
5, 12.521, 505
4, 12.546, 508
5, 12.571, 505
4, 12.596, 511
5, 12.622, 506
4, 12.648, 512
5, 12.672, 506
4, 12.698, 512
5, 12.723, 505
4, 12.749, 511
5, 12.773, 505
4, 12.799, 509
5, 12.825, 505
4, 12.850, 504
5, 12.875, 505
4, 12.900, 499
5, 12.926, 505
4, 12.952, 494
5, 12.976, 505
4, 13.002, 488
5, 13.027, 505
4, 13.053, 482
5, 13.078, 505
4, 13.103, 477
5, 13.129, 505
4, 13.154, 471
5, 13.179, 506
4, 13.205, 465
5, 13.230, 505
4, 13.256, 462
5, 13.280, 505
4, 13.306, 459
5, 13.332, 506
4, 13.357, 458
5, 13.382, 505
4, 13.407, 457
5, 13.433, 505
4, 13.459, 459
5, 13.483, 505
4, 13.509, 461
5, 13.534, 505
4, 13.560, 465
5, 13.585, 505
4, 13.610, 470
5, 13.636, 505
4, 13.661, 475
5, 13.686, 505
4, 13.711, 481
5, 13.737, 505
4, 13.763, 487
5, 13.787, 505
4, 13.813, 493
5, 13.838, 505
4, 13.864, 499
5, 13.889, 505
4, 13.914, 504
5, 13.940, 505
4, 13.965, 507
5, 13.990, 506
4, 14.016, 509
5, 14.041, 506
4, 14.067, 511
5, 14.091, 505
4, 14.117, 512
5, 14.143, 505
4, 14.168, 509
5, 14.193, 505
4, 14.218, 507
5, 14.244, 505
4, 14.270, 504
5, 14.294, 505
4, 14.320, 499
5, 14.345, 505
4, 14.371, 493
5, 14.396, 505
4, 14.421, 488
5, 14.447, 505
4, 14.472, 482
5, 14.497, 505
4, 14.522, 476
5, 14.548, 505
4, 14.574, 471
5, 14.598, 505
4, 14.624, 467
5, 14.649, 505
4, 14.675, 463
5, 14.700, 505
4, 14.725, 460
5, 14.751, 506
4, 14.776, 459
5, 14.801, 505
4, 14.827, 459
5, 14.852, 505
4, 14.878, 461
5, 14.902, 505
4, 14.928, 462
5, 14.954, 505
4, 14.979, 466
5, 15.004, 505
4, 15.029, 471
5, 15.055, 506
4, 15.081, 476
5, 15.105, 505
4, 15.131, 481
5, 15.156, 505
4, 15.182, 488
5, 15.207, 505
4, 15.232, 493
5, 15.258, 505
4, 15.283, 498
5, 15.309, 505
4, 15.333, 503
5, 15.359, 505
4, 15.385, 507
5, 15.410, 505
4, 15.435, 509
5, 15.460, 506
4, 15.486, 510
5, 15.512, 505
4, 15.536, 510
5, 15.562, 505
4, 15.587, 509
5, 15.613, 505
4, 15.638, 505
5, 15.663, 505
4, 15.689, 502
5, 15.714, 505
4, 15.739, 498
5, 15.765, 505
4, 15.790, 493
5, 15.816, 505
4, 15.840, 487
5, 15.866, 506
4, 15.892, 481
5, 15.917, 505
4, 15.942, 476
5, 15.967, 505
4, 15.993, 471
5, 16.019, 505
4, 16.043, 466
5, 16.069, 506
4, 16.094, 463
5, 16.120, 505
4, 16.145, 460
5, 16.170, 505
4, 16.196, 460
5, 16.221, 505
4, 16.246, 460
5, 16.271, 505
4, 16.297, 462
5, 16.323, 505
4, 16.347, 464
5, 16.373, 505
4, 16.398, 467
5, 16.424, 506
4, 16.449, 472
5, 16.474, 505
4, 16.500, 477
5, 16.525, 505
4, 16.550, 483
5, 16.576, 506
4, 16.601, 488
5, 16.627, 506
4, 16.651, 493
5, 16.677, 506
4, 16.703, 498
5, 16.728, 506
4, 16.753, 501
5, 16.778, 505
4, 16.804, 506
5, 16.830, 506
4, 16.854, 507
5, 16.880, 506
4, 16.905, 509
5, 16.931, 506
4, 16.956, 508
5, 16.981, 506
4, 17.007, 507
5, 17.032, 505
4, 17.057, 504
5, 17.082, 505
4, 17.108, 500
5, 17.134, 506
4, 17.158, 496
5, 17.184, 506
4, 17.209, 491
5, 17.235, 506
4, 17.260, 487
5, 17.285, 506
4, 17.311, 481
5, 17.336, 506
4, 17.361, 476
5, 17.387, 505
4, 17.412, 471
5, 17.438, 505
4, 17.462, 467
5, 17.488, 505
4, 17.514, 464
5, 17.539, 505
4, 17.564, 462
5, 17.589, 505
4, 17.615, 461
5, 17.641, 505
4, 17.665, 461
5, 17.691, 505
4, 17.716, 463
5, 17.742, 505
4, 17.767, 465
5, 17.792, 505
4, 17.818, 469
5, 17.843, 505
4, 17.868, 473
5, 17.893, 504
4, 17.919, 478
5, 17.945, 506
4, 17.969, 483
5, 17.995, 506
4, 18.020, 488
5, 18.046, 506
4, 18.071, 493
5, 18.096, 506
4, 18.122, 498
5, 18.147, 505
4, 18.172, 502
5, 18.198, 506
4, 18.223, 505
5, 18.249, 505
4, 18.273, 507
5, 18.299, 506
4, 18.325, 507
5, 18.350, 506
4, 18.375, 508
5, 18.400, 505
4, 18.426, 505
5, 18.452, 505
4, 18.476, 504
5, 18.502, 505
4, 18.527, 500
5, 18.553, 505
4, 18.578, 496
5, 18.603, 506
4, 18.629, 490
5, 18.654, 506
4, 18.679, 486
5, 18.705, 505
4, 18.730, 481
5, 18.756, 505
4, 18.780, 476
5, 18.806, 506
4, 18.831, 471
5, 18.857, 504
4, 18.882, 468
5, 18.907, 505
4, 18.933, 465
5, 18.958, 505
4, 18.984, 463
5, 19.009, 506
4, 19.034, 462
5, 19.060, 506
4, 19.085, 462
5, 19.110, 506
4, 19.136, 464
5, 19.161, 505
4, 19.187, 467
5, 19.211, 505
4, 19.237, 470
5, 19.263, 506
4, 19.288, 474
5, 19.313, 505
4, 19.338, 479
5, 19.364, 505
4, 19.390, 484
5, 19.414, 506
4, 19.440, 488
5, 19.465, 505
4, 19.491, 493
5, 19.516, 506
4, 19.541, 498
5, 19.567, 506
4, 19.592, 502
5, 19.617, 506
4, 19.642, 504
5, 19.668, 505
4, 19.694, 506
5, 19.718, 505
4, 19.744, 507
5, 19.769, 504
4, 19.795, 507
5, 19.820, 505
4, 19.845, 505
5, 19.871, 505
4, 19.896, 502
5, 19.921, 506
4, 19.947, 499
5, 19.972, 505
4, 19.998, 495
5, 20.022, 505
4, 20.048, 490
5, 20.074, 505
4, 20.099, 485
5, 20.124, 505
4, 20.149, 480
5, 20.175, 505
4, 20.201, 476
5, 20.225, 505
4, 20.251, 472
5, 20.276, 505
4, 20.302, 469
5, 20.327, 505
4, 20.352, 466
5, 20.378, 505
4, 20.403, 464
5, 20.428, 505
4, 20.453, 463
5, 20.479, 506
4, 20.505, 464
5, 20.529, 505
4, 20.555, 465
5, 20.580, 506
4, 20.606, 468
5, 20.631, 505
4, 20.656, 471
5, 20.682, 506
4, 20.707, 475
5, 20.732, 506
4, 20.758, 480
5, 20.783, 505
4, 20.809, 484
5, 20.833, 506
4, 20.859, 489
5, 20.885, 506
4, 20.910, 494
5, 20.935, 506
4, 20.960, 497
5, 20.986, 506
4, 21.012, 501
5, 21.036, 505
4, 21.062, 503
5, 21.087, 505
4, 21.113, 505
5, 21.138, 505
4, 21.163, 505
5, 21.189, 505
4, 21.214, 505
5, 21.239, 505
4, 21.265, 503
5, 21.290, 506
4, 21.316, 501
5, 21.340, 506
4, 21.366, 498
5, 21.391, 506
4, 21.417, 494
5, 21.442, 505
4, 21.467, 490
5, 21.493, 505
4, 21.518, 485
5, 21.543, 505
4, 21.569, 481
5, 21.594, 505
4, 21.620, 477
5, 21.644, 505
4, 21.670, 472
5, 21.696, 505
4, 21.721, 469
5, 21.746, 505
4, 21.771, 467
5, 21.797, 505
4, 21.823, 465
5, 21.847, 506
4, 21.873, 465
5, 21.898, 505
4, 21.924, 465
5, 21.949, 505
4, 21.974, 467
5, 22.000, 505
4, 22.025, 469
5, 22.051, 505
4, 22.076, 473
5, 22.101, 505
4, 22.127, 476
5, 22.152, 505
4, 22.177, 480
5, 22.202, 505
4, 22.228, 485
5, 22.254, 505
4, 22.278, 489
5, 22.304, 506
4, 22.329, 493
5, 22.355, 506
4, 22.380, 496
5, 22.405, 505
4, 22.431, 500
5, 22.456, 505
4, 22.481, 502
5, 22.507, 506
4, 22.532, 503
5, 22.558, 506
4, 22.582, 504
5, 22.608, 506
4, 22.634, 504
5, 22.659, 506
4, 22.684, 502
5, 22.709, 506
4, 22.735, 500
5, 22.761, 506
4, 22.785, 497
5, 22.811, 506
4, 22.836, 493
5, 22.862, 506
4, 22.887, 488
5, 22.912, 505
4, 22.938, 484
5, 22.963, 506
4, 22.988, 480
5, 23.013, 505
4, 23.039, 475
5, 23.065, 505
4, 23.089, 472
5, 23.115, 506
4, 23.140, 469
5, 23.166, 506
4, 23.191, 467
5, 23.216, 505
4, 23.242, 466
5, 23.267, 506
4, 23.292, 465
5, 23.318, 506
4, 23.343, 467
5, 23.369, 506
4, 23.393, 467
5, 23.419, 506
4, 23.445, 470
5, 23.470, 506
4, 23.495, 474
5, 23.520, 505
4, 23.546, 477
5, 23.572, 506
4, 23.596, 481
5, 23.622, 506
4, 23.647, 485
5, 23.673, 505
4, 23.698, 489
5, 23.723, 506
4, 23.749, 493
5, 23.774, 506
4, 23.799, 497
5, 23.825, 506
4, 23.850, 499
5, 23.876, 506
4, 23.900, 501
5, 23.926, 506
4, 23.951, 503
5, 23.977, 505
4, 24.002, 503
5, 24.027, 506
4, 24.053, 502
5, 24.078, 506
4, 24.103, 501
5, 24.129, 506
4, 24.154, 499
5, 24.180, 505
4, 24.204, 496
5, 24.230, 505
4, 24.256, 492
5, 24.281, 505
4, 24.306, 488
5, 24.331, 506
4, 24.357, 483
5, 24.383, 505
4, 24.407, 481
5, 24.433, 505
4, 24.458, 476
5, 24.484, 505
4, 24.509, 473
5, 24.534, 505
4, 24.560, 470
5, 24.585, 505
4, 24.610, 468
5, 24.636, 505
4, 24.661, 467
5, 24.687, 505
4, 24.711, 467
5, 24.737, 505
4, 24.762, 467
5, 24.788, 506
4, 24.813, 470
5, 24.838, 505
4, 24.864, 472
5, 24.889, 505
4, 24.914, 474
5, 24.940, 506
4, 24.965, 478
5, 24.991, 506
4, 25.015, 482
5, 25.041, 505
4, 25.067, 485
5, 25.092, 505
4, 25.117, 489
5, 25.142, 506
4, 25.168, 493
5, 25.194, 506
4, 25.218, 497
5, 25.244, 506
4, 25.269, 499
5, 25.295, 506
4, 25.320, 501
5, 25.345, 506
4, 25.371, 503
5, 25.396, 506
4, 25.421, 502
5, 25.447, 506
4, 25.472, 501
5, 25.498, 505
4, 25.522, 499
5, 25.548, 506
4, 25.573, 497
5, 25.599, 506
4, 25.624, 494
5, 25.649, 506
4, 25.675, 491
5, 25.700, 506
4, 25.725, 487
5, 25.751, 505
4, 25.776, 483
5, 25.802, 506
4, 25.826, 479
5, 25.852, 506
4, 25.878, 476
5, 25.903, 506
4, 25.928, 474
5, 25.953, 506
4, 25.979, 471
5, 26.005, 505
4, 26.029, 469
5, 26.055, 505
4, 26.080, 468
5, 26.106, 506
4, 26.131, 468
5, 26.156, 506
4, 26.182, 469
5, 26.207, 505
4, 26.232, 471
5, 26.258, 505
4, 26.283, 473
5, 26.309, 505
4, 26.333, 475
5, 26.359, 507
4, 26.385, 479
5, 26.410, 506
4, 26.435, 483
5, 26.460, 506
4, 26.486, 487
5, 26.511, 505
4, 26.536, 490
5, 26.562, 505
4, 26.587, 494
5, 26.613, 505
4, 26.637, 496
5, 26.663, 506
4, 26.689, 499
5, 26.714, 506
4, 26.739, 500
5, 26.764, 505
4, 26.790, 501
5, 26.816, 505
4, 26.840, 501
5, 26.866, 506
4, 26.891, 500
5, 26.917, 506
4, 26.942, 499
5, 26.967, 506
4, 26.993, 497
5, 27.018, 506
4, 27.043, 494
5, 27.069, 506
4, 27.094, 491
5, 27.120, 506
4, 27.144, 487
5, 27.170, 506
4, 27.196, 485
5, 27.221, 506
4, 27.246, 479
5, 27.271, 506
4, 27.297, 476
5, 27.322, 505
4, 27.347, 473
5, 27.373, 506
4, 27.398, 471
5, 27.424, 506
4, 27.448, 470
5, 27.474, 505
4, 27.500, 468
5, 27.525, 505
4, 27.550, 469
5, 27.575, 506
4, 27.601, 470
5, 27.627, 506
4, 27.651, 471
5, 27.677, 506
4, 27.702, 474
5, 27.728, 505
4, 27.753, 477
5, 27.778, 505
4, 27.804, 480
5, 27.829, 506
4, 27.854, 482
5, 27.880, 506
4, 27.905, 486
5, 27.931, 506
4, 27.955, 489
5, 27.981, 506
4, 28.007, 494
5, 28.032, 506
4, 28.057, 496
5, 28.082, 506
4, 28.108, 497
5, 28.133, 506
4, 28.158, 499
5, 28.184, 506
4, 28.209, 500
5, 28.235, 505
4, 28.259, 500
5, 28.285, 506
4, 28.311, 499
5, 28.336, 506
4, 28.361, 498
5, 28.386, 506
4, 28.412, 496
5, 28.438, 506
4, 28.462, 492
5, 28.488, 506
4, 28.513, 490
5, 28.539, 506
4, 28.564, 486
5, 28.589, 506
4, 28.615, 483
5, 28.640, 505
4, 28.665, 480
5, 28.691, 505
4, 28.716, 476
5, 28.742, 506
4, 28.766, 473
5, 28.792, 506
4, 28.818, 472
5, 28.843, 506
4, 28.868, 470
5, 28.893, 505
4, 28.919, 470
5, 28.945, 506
4, 28.969, 470
5, 28.995, 506
4, 29.020, 471
5, 29.046, 506
4, 29.070, 472
5, 29.096, 506
4, 29.122, 474
5, 29.147, 506
4, 29.172, 477
5, 29.197, 505
4, 29.223, 480
5, 29.249, 506
4, 29.273, 484
5, 29.299, 506
4, 29.324, 486
5, 29.350, 506
4, 29.375, 490
5, 29.400, 506
4, 29.426, 493
5, 29.451, 506
4, 29.476, 495
5, 29.502, 505
4, 29.527, 497
5, 29.553, 506
4, 29.577, 498
5, 29.603, 506
4, 29.629, 499
5, 29.654, 506
4, 29.679, 499
5, 29.704, 506
4, 29.730, 498
5, 29.756, 506
4, 29.780, 496
5, 29.806, 506
4, 29.831, 494
5, 29.857, 506
4, 29.881, 492
5, 29.907, 506
4, 29.933, 488
5, 29.958, 506
4, 29.983, 486
5, 30.008, 506
4, 30.034, 482
5, 30.060, 506
4, 30.084, 479
5, 30.110, 506
4, 30.135, 476
5, 30.161, 506
4, 30.186, 474
5, 30.211, 506
4, 30.237, 472
5, 30.262, 506
4, 30.287, 471
5, 30.313, 505
4, 30.338, 471
5, 30.364, 506
4, 30.388, 471
5, 30.414, 506
4, 30.440, 472
5, 30.465, 506
4, 30.490, 474
5, 30.515, 506
4, 30.541, 476
5, 30.567, 506
4, 30.591, 478
5, 30.617, 505
4, 30.642, 481
5, 30.668, 506
4, 30.692, 484
5, 30.718, 506
4, 30.744, 487
5, 30.769, 506
4, 30.794, 490
5, 30.819, 506
4, 30.845, 492
5, 30.871, 506
4, 30.895, 494
5, 30.921, 506
4, 30.946, 497
5, 30.972, 506
4, 30.998, 498
5, 31.022, 505
4, 31.048, 498
5, 31.073, 505
4, 31.099, 498
5, 31.124, 505
4, 31.149, 497
5, 31.175, 506
4, 31.200, 496
5, 31.225, 506
4, 31.251, 494
5, 31.276, 505
4, 31.302, 491
5, 31.326, 506
4, 31.352, 488
5, 31.378, 506
4, 31.403, 485
5, 31.428, 506
4, 31.453, 482
5, 31.479, 506
4, 31.505, 480
5, 31.529, 506
4, 31.555, 478
5, 31.580, 506
4, 31.606, 474
5, 31.630, 506
4, 31.656, 473
5, 31.682, 506
4, 31.707, 472
5, 31.732, 506
4, 31.757, 472
5, 31.783, 506
4, 31.809, 472
5, 31.833, 506
4, 31.859, 473
5, 31.884, 506
4, 31.910, 475
5, 31.935, 505
4, 31.960, 477
5, 31.986, 506
4, 32.011, 479
5, 32.036, 505
4, 32.062, 482
5, 32.087, 506
4, 32.113, 485
5, 32.137, 506
4, 32.163, 488
5, 32.189, 505
4, 32.214, 490
5, 32.239, 506
4, 32.264, 493
5, 32.290, 506
4, 32.316, 495
5, 32.340, 505
4, 32.366, 496
5, 32.391, 506
4, 32.417, 497
5, 32.441, 506
4, 32.467, 498
5, 32.493, 505
4, 32.518, 497
5, 32.543, 506
4, 32.568, 496
5, 32.594, 506
4, 32.620, 495
5, 32.644, 505
4, 32.670, 493
5, 32.695, 506
4, 32.721, 490
5, 32.746, 505
4, 32.771, 487
5, 32.797, 506
4, 32.822, 485
5, 32.847, 506
4, 32.873, 482
5, 32.898, 506
4, 32.924, 480
5, 32.948, 506
4, 32.974, 477
5, 33.000, 506
4, 33.025, 476
5, 33.050, 505
4, 33.075, 474
5, 33.101, 505
4, 33.127, 473
5, 33.151, 506
4, 33.177, 472
5, 33.202, 505
4, 33.228, 474
5, 33.252, 505
4, 33.278, 475
5, 33.304, 505
4, 33.329, 476
5, 33.354, 505
4, 33.379, 478
5, 33.405, 506
4, 33.431, 480
5, 33.455, 505
4, 33.481, 483
5, 33.506, 505
4, 33.532, 486
5, 33.557, 506
4, 33.582, 488
5, 33.608, 506
4, 33.633, 491
5, 33.658, 506
4, 33.684, 493
5, 33.709, 505
4, 33.735, 494
5, 33.759, 506
4, 33.785, 496
5, 33.811, 506
4, 33.836, 497
5, 33.861, 506
4, 33.886, 497
5, 33.912, 506
4, 33.938, 496
5, 33.962, 506
4, 33.988, 495
5, 34.013, 505
4, 34.039, 494
5, 34.063, 507
4, 34.089, 492
5, 34.115, 506
4, 34.140, 489
5, 34.166, 505
4, 34.190, 487
5, 34.216, 506
4, 34.242, 485
5, 34.267, 506
4, 34.292, 482
5, 34.317, 506
4, 34.343, 479
5, 34.369, 506
4, 34.393, 478
5, 34.419, 506
4, 34.444, 476
5, 34.470, 506
4, 34.495, 475
5, 34.520, 505
4, 34.546, 474
5, 34.571, 506
4, 34.596, 474
5, 34.622, 506
4, 34.647, 475
5, 34.673, 506
4, 34.697, 475
5, 34.723, 505
4, 34.749, 477
5, 34.774, 505
4, 34.799, 479
5, 34.824, 506
4, 34.850, 481
5, 34.876, 505
4, 34.900, 483
5, 34.926, 506
4, 34.951, 486
5, 34.977, 506
4, 35.001, 488
5, 35.027, 505
4, 35.053, 491
5, 35.078, 505
4, 35.103, 493
5, 35.128, 506
4, 35.154, 493
5, 35.180, 506
4, 35.204, 494
5, 35.230, 507
4, 35.255, 495
5, 35.281, 506
4, 35.306, 496
5, 35.331, 506
4, 35.357, 495
5, 35.382, 506
4, 35.407, 494
5, 35.433, 506
4, 35.458, 492
5, 35.484, 506
4, 35.508, 490
5, 35.534, 506
4, 35.560, 489
5, 35.585, 506
4, 35.610, 486
5, 35.635, 506
4, 35.661, 484
5, 35.687, 506
4, 35.711, 481
5, 35.737, 506
4, 35.762, 479
5, 35.788, 506
4, 35.812, 477
5, 35.838, 506
4, 35.864, 476
5, 35.889, 506
4, 35.914, 475
5, 35.939, 506
4, 35.965, 474
5, 35.991, 506
4, 36.015, 475
5, 36.041, 506
4, 36.066, 476
5, 36.092, 506
4, 36.117, 476
5, 36.142, 506
4, 36.168, 478
5, 36.193, 506
4, 36.218, 480
5, 36.244, 506
4, 36.269, 482
5, 36.295, 506
4, 36.319, 483
5, 36.345, 506
4, 36.371, 486
5, 36.396, 506
4, 36.421, 488
5, 36.446, 506
4, 36.472, 491
5, 36.498, 506
4, 36.522, 493
5, 36.548, 506
4, 36.573, 494
5, 36.599, 506
4, 36.623, 494
5, 36.649, 506
4, 36.675, 495
5, 36.700, 506
4, 36.725, 494
5, 36.750, 506
4, 36.776, 494
5, 36.802, 506
4, 36.826, 493
5, 36.852, 506
4, 36.877, 492
5, 36.903, 506
4, 36.928, 490
5, 36.953, 506
4, 36.979, 487
5, 37.004, 506
4, 37.029, 486
5, 37.055, 506
4, 37.080, 483
5, 37.106, 506
4, 37.130, 481
5, 37.156, 506
4, 37.182, 479
5, 37.207, 506
4, 37.232, 478
5, 37.257, 505
4, 37.283, 477
5, 37.309, 506
4, 37.333, 476
5, 37.359, 506
4, 37.384, 475
5, 37.410, 506
4, 37.434, 476
5, 37.460, 506
4, 37.486, 475
5, 37.511, 507
4, 37.536, 478
5, 37.561, 506
4, 37.587, 479
5, 37.613, 507
4, 37.637, 480
5, 37.663, 506
4, 37.688, 482
5, 37.714, 506
4, 37.739, 484
5, 37.764, 506
4, 37.790, 486
5, 37.815, 506
4, 37.841, 488
5, 37.866, 506
4, 37.891, 491
5, 37.917, 506
4, 37.942, 492
5, 37.967, 506
4, 37.993, 493
5, 38.018, 506
4, 38.044, 493
5, 38.068, 506
4, 38.094, 495
5, 38.120, 506
4, 38.145, 494
5, 38.170, 506
4, 38.195, 494
5, 38.221, 506
4, 38.247, 492
5, 38.271, 506
4, 38.297, 491
5, 38.322, 506
4, 38.348, 489
5, 38.372, 506
4, 38.398, 487
5, 38.424, 505
4, 38.449, 486
5, 38.474, 506
4, 38.499, 483
5, 38.525, 506
4, 38.551, 481
5, 38.575, 506
4, 38.601, 479
5, 38.626, 506
4, 38.652, 478
5, 38.677, 506
4, 38.702, 477
5, 38.728, 506
4, 38.753, 477
5, 38.778, 506
4, 38.804, 476
5, 38.829, 507
4, 38.855, 477
5, 38.879, 506
4, 38.905, 478
5, 38.931, 506
4, 38.956, 478
5, 38.981, 505
4, 39.006, 480
5, 39.032, 505
4, 39.058, 482
5, 39.082, 505
4, 39.108, 483
5, 39.133, 506
4, 39.159, 486
5, 39.183, 505
4, 39.209, 487
5, 39.235, 505
4, 39.260, 489
5, 39.285, 506
4, 39.310, 491
5, 39.336, 506
4, 39.362, 492
5, 39.386, 506
4, 39.412, 493
5, 39.437, 505
4, 39.463, 494
5, 39.488, 507
4, 39.513, 494
5, 39.539, 506
4, 39.564, 493
5, 39.589, 505
4, 39.615, 492
5, 39.640, 506
4, 39.666, 491
5, 39.690, 506
4, 39.716, 490
5, 39.742, 505
4, 39.767, 488
5, 39.792, 506
4, 39.817, 487
5, 39.843, 505
4, 39.869, 484
5, 39.893, 506
4, 39.919, 483
5, 39.944, 506
4, 39.970, 481
5, 39.994, 506
4, 40.020, 480
5, 40.046, 505
4, 40.071, 478
5, 40.096, 506
4, 40.121, 478
5, 40.147, 505
4, 40.173, 477
5, 40.197, 506
4, 40.223, 477
5, 40.248, 506
4, 40.274, 477
5, 40.299, 505
4, 40.324, 478
5, 40.350, 506
4, 40.375, 479
5, 40.400, 506
4, 40.426, 481
5, 40.451, 506
4, 40.477, 482
5, 40.501, 506
4, 40.527, 485
5, 40.553, 506
4, 40.578, 486
5, 40.603, 506
4, 40.628, 487
5, 40.654, 506
4, 40.680, 489
5, 40.704, 506
4, 40.730, 490
5, 40.755, 506
4, 40.781, 491
5, 40.805, 506
4, 40.831, 493
5, 40.857, 506
4, 40.882, 493
5, 40.908, 506
4, 40.932, 493
5, 40.958, 505
4, 40.984, 493
5, 41.009, 506
4, 41.034, 492
5, 41.059, 505
4, 41.085, 490
5, 41.111, 506
4, 41.135, 489
5, 41.161, 506
4, 41.186, 488
5, 41.212, 506
4, 41.237, 486
5, 41.262, 506
4, 41.288, 484
5, 41.313, 506
4, 41.338, 483
5, 41.364, 506
4, 41.389, 482
5, 41.415, 506
4, 41.439, 480
5, 41.465, 506
4, 41.491, 479
5, 41.516, 506
4, 41.541, 478
5, 41.566, 507
4, 41.592, 478
5, 41.618, 506
4, 41.642, 478
5, 41.668, 506
4, 41.693, 479
5, 41.719, 506
4, 41.743, 479
5, 41.769, 507
4, 41.795, 480
5, 41.820, 506
4, 41.845, 481
5, 41.870, 506
4, 41.896, 483
5, 41.922, 506
4, 41.946, 484
5, 41.972, 506
4, 41.997, 486
5, 42.023, 506
4, 42.048, 488
5, 42.073, 506
4, 42.099, 488
5, 42.124, 506
4, 42.149, 490
5, 42.175, 506
4, 42.200, 491
5, 42.226, 506
4, 42.250, 492
5, 42.276, 506
4, 42.302, 492
5, 42.327, 505
4, 42.352, 492
5, 42.377, 506
4, 42.403, 491
5, 42.429, 506
4, 42.453, 491
5, 42.479, 506
4, 42.504, 489
5, 42.530, 506
4, 42.554, 489
5, 42.580, 504
4, 42.606, 487
5, 42.631, 507
4, 42.656, 486
5, 42.681, 507
4, 42.707, 483
5, 42.733, 506
4, 42.757, 483
5, 42.783, 506
4, 42.808, 481
5, 42.834, 505
4, 42.859, 480
5, 42.884, 506
4, 42.910, 479
5, 42.935, 506
4, 42.960, 479
5, 42.986, 506
4, 43.011, 479
5, 43.037, 506
4, 43.061, 479
5, 43.087, 506
4, 43.113, 480
5, 43.138, 505
4, 43.163, 480
5, 43.188, 506
4, 43.214, 481
5, 43.240, 506
4, 43.264, 482
5, 43.290, 505
4, 43.315, 484
5, 43.341, 505
4, 43.365, 485
5, 43.391, 506
4, 43.417, 487
5, 43.442, 506
4, 43.467, 488
5, 43.492, 506
4, 43.518, 489
5, 43.544, 506
4, 43.568, 490
5, 43.594, 506
4, 43.619, 491
5, 43.645, 506
4, 43.670, 491
5, 43.695, 506
4, 43.721, 492
5, 43.746, 506
4, 43.771, 492
5, 43.797, 506
4, 43.822, 491
5, 43.848, 505
4, 43.872, 490
5, 43.898, 506
4, 43.924, 489
5, 43.949, 506
4, 43.974, 488
5, 43.999, 506
4, 44.025, 486
5, 44.051, 506
4, 44.075, 485
5, 44.101, 506
4, 44.126, 484
5, 44.152, 506
4, 44.177, 482
5, 44.202, 506
4, 44.228, 481
5, 44.253, 506
4, 44.278, 480
5, 44.303, 506
4, 44.329, 480
5, 44.355, 506
4, 44.379, 480
5, 44.405, 506
4, 44.430, 480
5, 44.456, 506
4, 44.481, 480
5, 44.506, 506
4, 44.532, 479
5, 44.557, 506
4, 44.582, 481
5, 44.608, 506
4, 44.633, 482
5, 44.659, 506
4, 44.683, 484
5, 44.709, 506
4, 44.735, 485
5, 44.760, 506
4, 44.785, 486
5, 44.810, 505
4, 44.836, 487
5, 44.862, 506
4, 44.886, 488
5, 44.912, 506
4, 44.937, 489
5, 44.963, 506
4, 44.988, 490
5, 45.013, 506
4, 45.039, 490
5, 45.064, 506
4, 45.089, 491
5, 45.114, 506
4, 45.140, 491
5, 45.166, 507
4, 45.190, 491
5, 45.216, 507
4, 45.241, 490
5, 45.267, 507
4, 45.292, 489
5, 45.317, 507
4, 45.343, 488
5, 45.368, 506
4, 45.394, 488
5, 45.419, 506
4, 45.444, 486
5, 45.470, 506
4, 45.495, 485
5, 45.520, 506
4, 45.546, 483
5, 45.571, 507
4, 45.597, 482
5, 45.621, 506
4, 45.647, 481
5, 45.673, 506
4, 45.698, 481
5, 45.723, 506
4, 45.748, 481
5, 45.774, 506
4, 45.800, 479
5, 45.824, 506
4, 45.850, 480
5, 45.875, 506
4, 45.901, 480
5, 45.925, 506
4, 45.951, 482
5, 45.977, 506
4, 46.002, 482
5, 46.027, 506
4, 46.052, 483
5, 46.078, 507
4, 46.104, 484
5, 46.128, 507
4, 46.154, 485
5, 46.179, 506
4, 46.205, 486
5, 46.230, 506
4, 46.255, 488
5, 46.281, 506
4, 46.306, 489
5, 46.331, 506
4, 46.357, 490
5, 46.382, 506
4, 46.408, 490
5, 46.432, 506
4, 46.458, 491
5, 46.484, 506
4, 46.509, 490
5, 46.534, 506
4, 46.559, 490
5, 46.585, 506
4, 46.611, 491
5, 46.635, 506
4, 46.661, 489
5, 46.686, 506
4, 46.712, 488
5, 46.737, 506
4, 46.762, 488
5, 46.788, 506
4, 46.813, 486
5, 46.838, 506
4, 46.863, 485
5, 46.889, 507
4, 46.915, 484
5, 46.939, 506
4, 46.965, 483
5, 46.990, 506
4, 47.016, 482
5, 47.041, 506
4, 47.066, 482
5, 47.092, 506
4, 47.117, 481
5, 47.142, 506
4, 47.168, 480
5, 47.193, 506
4, 47.219, 481
5, 47.243, 506
4, 47.269, 481
5, 47.295, 506
4, 47.320, 482
5, 47.345, 506
4, 47.370, 482
5, 47.396, 506
4, 47.422, 483
5, 47.446, 506
4, 47.472, 483
5, 47.497, 506
4, 47.523, 484
5, 47.548, 505
4, 47.573, 486
5, 47.599, 506
4, 47.624, 487
5, 47.649, 506
4, 47.674, 488
5, 47.700, 505
4, 47.726, 489
5, 47.750, 506
4, 47.776, 489
5, 47.801, 507
4, 47.827, 490
5, 47.852, 506
4, 47.877, 490
5, 47.903, 506
4, 47.928, 490
5, 47.953, 506
4, 47.979, 490
5, 48.004, 506
4, 48.030, 489
5, 48.054, 506
4, 48.080, 489
5, 48.106, 506
4, 48.131, 488
5, 48.156, 506
4, 48.181, 487
5, 48.207, 507
4, 48.233, 486
5, 48.257, 506
4, 48.283, 485
5, 48.308, 506
4, 48.334, 484
5, 48.359, 506
4, 48.384, 483
5, 48.410, 506
4, 48.435, 483
5, 48.461, 506
4, 48.485, 482
5, 48.511, 506
4, 48.537, 482
5, 48.562, 506
4, 48.587, 481
5, 48.612, 507
4, 48.638, 482
5, 48.664, 506
4, 48.688, 482
5, 48.714, 506
4, 48.739, 483
5, 48.765, 506
4, 48.790, 483
5, 48.815, 506
4, 48.841, 484
5, 48.866, 506
4, 48.891, 485
5, 48.917, 506
4, 48.942, 486
5, 48.968, 506
4, 48.992, 487
5, 49.018, 506
4, 49.044, 487
5, 49.069, 506
4, 49.094, 488
5, 49.119, 506
4, 49.145, 489
5, 49.171, 506
4, 49.195, 490
5, 49.221, 506
4, 49.246, 490
5, 49.272, 506
4, 49.297, 490
5, 49.322, 505
4, 49.348, 490
5, 49.373, 506
4, 49.398, 490
5, 49.423, 506
4, 49.449, 489
5, 49.475, 506
4, 49.499, 489
5, 49.525, 506
4, 49.550, 488
5, 49.576, 506
4, 49.601, 487
5, 49.626, 505
4, 49.652, 486
5, 49.677, 507
4, 49.702, 485
5, 49.728, 507
4, 49.753, 484
5, 49.779, 506
4, 49.803, 483
5, 49.829, 507
4, 49.855, 483
5, 49.880, 506
4, 49.905, 483
5, 49.930, 506
4, 49.956, 482
5, 49.982, 506
4, 50.006, 481
5, 50.032, 506
4, 50.057, 480
5, 50.083, 507
4, 50.108, 482
5, 50.133, 507
4, 50.159, 483
5, 50.184, 506
4, 50.209, 484
5, 50.234, 506
4, 50.260, 484
5, 50.286, 507
4, 50.310, 485
5, 50.336, 507
4, 50.361, 486
5, 50.387, 506
4, 50.412, 487
5, 50.437, 506
4, 50.463, 487
5, 50.488, 506
4, 50.513, 488
5, 50.539, 506
4, 50.564, 489
5, 50.590, 506
4, 50.614, 489
5, 50.640, 506
4, 50.666, 489
5, 50.691, 507
4, 50.716, 488
5, 50.741, 506
4, 50.767, 489
5, 50.793, 507
4, 50.817, 488
5, 50.843, 507
4, 50.868, 488
5, 50.894, 506
4, 50.919, 487
5, 50.944, 505
4, 50.970, 487
5, 50.995, 506
4, 51.020, 486
5, 51.045, 506
4, 51.071, 485
5, 51.097, 506
4, 51.121, 484
5, 51.147, 507
4, 51.172, 483
5, 51.198, 506
4, 51.223, 483
5, 51.248, 506
4, 51.274, 482
5, 51.299, 506
4, 51.324, 483
5, 51.350, 506
4, 51.375, 482
5, 51.401, 506
4, 51.425, 482
5, 51.451, 507
4, 51.477, 483
5, 51.502, 506
4, 51.527, 483
5, 51.552, 507
4, 51.578, 483
5, 51.604, 507
4, 51.628, 484
5, 51.654, 506
4, 51.679, 485
5, 51.705, 507
4, 51.730, 486
5, 51.755, 507
4, 51.781, 487
5, 51.806, 506
4, 51.831, 487
5, 51.857, 506
4, 51.882, 486
5, 51.908, 507
4, 51.932, 488
5, 51.958, 506
4, 51.983, 488
5, 52.009, 506
4, 52.034, 489
5, 52.059, 507
4, 52.085, 489
5, 52.110, 506
4, 52.136, 488
5, 52.161, 507
4, 52.186, 489
5, 52.212, 506
4, 52.237, 488
5, 52.262, 506
4, 52.288, 487
5, 52.313, 507
4, 52.339, 487
5, 52.363, 506
4, 52.389, 486
5, 52.415, 506
4, 52.440, 485
5, 52.465, 506
4, 52.490, 485
5, 52.516, 506
4, 52.542, 484
5, 52.566, 506
4, 52.592, 483
5, 52.617, 506
4, 52.643, 483
5, 52.668, 506
4, 52.693, 483
5, 52.719, 506
4, 52.744, 483
5, 52.769, 506
4, 52.794, 483
5, 52.820, 506
4, 52.846, 484
5, 52.870, 506
4, 52.896, 484
5, 52.921, 506
4, 52.947, 484
5, 52.972, 507
4, 52.997, 484
5, 53.023, 506
4, 53.048, 485
5, 53.073, 506
4, 53.099, 486
5, 53.124, 506
4, 53.150, 487
5, 53.174, 506
4, 53.200, 487
5, 53.226, 506
4, 53.251, 488
5, 53.276, 506
4, 53.301, 488
5, 53.327, 506
4, 53.353, 488
5, 53.377, 506
4, 53.403, 489
5, 53.428, 506
4, 53.454, 489
5, 53.479, 506
4, 53.504, 489
5, 53.530, 506
4, 53.555, 489
5, 53.580, 506
4, 53.605, 488
5, 53.631, 505
4, 53.657, 488
5, 53.681, 506
4, 53.707, 488
5, 53.732, 506
4, 53.758, 487
5, 53.783, 506
4, 53.808, 485
5, 53.834, 506
4, 53.859, 486
5, 53.884, 506
4, 53.910, 485
5, 53.935, 506
4, 53.961, 484
5, 53.985, 506
4, 54.011, 485
5, 54.037, 505
4, 54.062, 484
5, 54.087, 506
4, 54.112, 484
5, 54.138, 506
4, 54.164, 483
5, 54.188, 506
4, 54.214, 483
5, 54.239, 506
4, 54.265, 484
5, 54.290, 506
4, 54.315, 484
5, 54.341, 506
4, 54.366, 484
5, 54.391, 506
4, 54.417, 485
5, 54.442, 507
4, 54.468, 486
5, 54.492, 505
4, 54.518, 486
5, 54.543, 506
4, 54.569, 487
5, 54.594, 506
4, 54.619, 488
5, 54.645, 505
4, 54.670, 488
5, 54.695, 506
4, 54.721, 488
5, 54.746, 506
4, 54.772, 489
5, 54.796, 507
4, 54.822, 488
5, 54.848, 506
4, 54.873, 488
5, 54.898, 506
4, 54.923, 489
5, 54.949, 506
4, 54.975, 488
5, 54.999, 506
4, 55.025, 488
5, 55.050, 504
4, 55.076, 488
5, 55.101, 506
4, 55.126, 487
5, 55.152, 506
4, 55.177, 486
5, 55.203, 506
4, 55.228, 486
5, 55.253, 506
4, 55.279, 485
5, 55.304, 506
4, 55.329, 485
5, 55.354, 506
4, 55.380, 485
5, 55.406, 506
4, 55.430, 484
5, 55.456, 506
4, 55.481, 484
5, 55.507, 506
4, 55.532, 484
5, 55.557, 506
4, 55.583, 483
5, 55.608, 506
4, 55.633, 484
5, 55.659, 506
4, 55.684, 484
5, 55.710, 506
4, 55.734, 485
5, 55.760, 506
4, 55.786, 485
5, 55.811, 506
4, 55.836, 485
5, 55.861, 506
4, 55.887, 487
5, 55.913, 506
4, 55.937, 487
5, 55.963, 506
4, 55.988, 487
5, 56.014, 506
4, 56.039, 488
5, 56.064, 507
4, 56.090, 488
5, 56.115, 506
4, 56.140, 488
5, 56.165, 506
4, 56.191, 488
5, 56.217, 506
4, 56.241, 488
5, 56.267, 507
4, 56.292, 488
5, 56.318, 506
4, 56.343, 489
5, 56.368, 506
4, 56.394, 488
5, 56.419, 506
4, 56.444, 487
5, 56.470, 506
4, 56.495, 487
5, 56.521, 507
4, 56.545, 487
5, 56.571, 507
4, 56.597, 487
5, 56.622, 506
4, 56.647, 486
5, 56.672, 506
4, 56.698, 485
5, 56.724, 507
4, 56.748, 484
5, 56.774, 507
4, 56.799, 484
5, 56.825, 506
4, 56.850, 484
5, 56.875, 507
4, 56.901, 484
5, 56.926, 507
4, 56.951, 484
5, 56.977, 507
4, 57.002, 484
5, 57.028, 506
4, 57.052, 484
5, 57.078, 506
4, 57.103, 485
5, 57.129, 507
4, 57.154, 485
5, 57.179, 506
4, 57.205, 485
5, 57.230, 506
4, 57.255, 486
5, 57.281, 506
4, 57.306, 487
5, 57.332, 506
4, 57.356, 487
5, 57.382, 506
4, 57.408, 487
5, 57.433, 506
4, 57.458, 488
5, 57.483, 506
4, 57.509, 488
5, 57.535, 506
4, 57.559, 488
5, 57.585, 507
4, 57.610, 488
5, 57.636, 506
4, 57.661, 488
5, 57.686, 506
4, 57.712, 488
5, 57.737, 506
4, 57.762, 488
5, 57.788, 506
4, 57.813, 488
5, 57.839, 506
4, 57.863, 487
5, 57.889, 506
4, 57.914, 487
5, 57.940, 507
4, 57.965, 486
5, 57.990, 506
4, 58.016, 486
5, 58.041, 506
4, 58.066, 485
5, 58.092, 507
4, 58.117, 485
5, 58.143, 506
4, 58.167, 485
5, 58.193, 506
4, 58.219, 485
5, 58.244, 506
4, 58.269, 484
5, 58.294, 507
4, 58.320, 484
5, 58.346, 507
4, 58.370, 485
5, 58.396, 507
4, 58.421, 485
5, 58.447, 506
4, 58.472, 486
5, 58.497, 507
4, 58.523, 485
5, 58.548, 506
4, 58.573, 485
5, 58.599, 506
4, 58.624, 486
5, 58.650, 507
4, 58.674, 487
5, 58.700, 506
4, 58.725, 487
5, 58.751, 506
4, 58.776, 487
5, 58.801, 506
4, 58.827, 487
5, 58.852, 506
4, 58.877, 488
5, 58.903, 507
4, 58.928, 488
5, 58.954, 506
4, 58.978, 488
5, 59.004, 506
4, 59.030, 487
5, 59.055, 506
4, 59.080, 488
5, 59.105, 506
4, 59.131, 487
5, 59.157, 506
4, 59.181, 487
5, 59.207, 506
4, 59.232, 487
5, 59.258, 506
4, 59.283, 487
5, 59.308, 506
4, 59.334, 486
5, 59.359, 506
4, 59.384, 486
5, 59.410, 507
4, 59.435, 485
5, 59.461, 506
4, 59.485, 485
5, 59.511, 506
4, 59.537, 485
5, 59.562, 506
4, 59.587, 485
5, 59.612, 506
4, 59.638, 485
5, 59.663, 506
4, 59.688, 485
5, 59.714, 506
4, 59.739, 484
5, 59.765, 506
4, 59.789, 486
5, 59.815, 506
4, 59.841, 485
5, 59.866, 507
4, 59.891, 485
5, 59.916, 506
4, 59.942, 487
5, 59.968, 506
4, 59.992, 486
5, 60.018, 506
4, 60.043, 486
5, 60.069, 507
4, 60.094, 487
5, 60.119, 506
4, 60.145, 487
5, 60.170, 506
4, 60.195, 487
5, 60.221, 506
4, 60.246, 488
5, 60.272, 506
4, 60.296, 488
5, 60.322, 506
4, 60.348, 487
5, 60.373, 507
4, 60.398, 487
5, 60.423, 506
4, 60.449, 487
5, 60.474, 506
4, 60.499, 487
5, 60.525, 507
4, 60.550, 487
5, 60.576, 506
4, 60.600, 487
5, 60.626, 506
4, 60.652, 487
5, 60.677, 506
4, 60.702, 486
5, 60.727, 506
4, 60.753, 485
5, 60.779, 507
4, 60.803, 485
5, 60.829, 506
4, 60.854, 486
5, 60.880, 505
4, 60.905, 486
5, 60.930, 506
4, 60.956, 485
5, 60.981, 506
4, 61.006, 485
5, 61.032, 506
4, 61.057, 485
5, 61.083, 506
4, 61.107, 485
5, 61.133, 506
4, 61.159, 486
5, 61.184, 506
4, 61.209, 485
5, 61.234, 506
4, 61.260, 486
5, 61.285, 506
4, 61.310, 487
5, 61.336, 506
4, 61.361, 487
5, 61.387, 506
4, 61.411, 487
5, 61.437, 505
4, 61.463, 487
5, 61.488, 506
4, 61.513, 487
5, 61.538, 506
4, 61.564, 488
5, 61.590, 506
4, 61.614, 488
5, 61.640, 506
4, 61.665, 488
5, 61.691, 506
4, 61.716, 488
5, 61.741, 506
4, 61.767, 488
5, 61.792, 506
4, 61.817, 487
5, 61.843, 507
4, 61.868, 488
5, 61.894, 507
4, 61.918, 487
5, 61.944, 507
4, 61.970, 487
5, 61.995, 506
4, 62.020, 487
5, 62.045, 506
4, 62.071, 486
5, 62.097, 507
4, 62.121, 486
5, 62.147, 507
4, 62.172, 485
5, 62.198, 506
4, 62.222, 485
5, 62.248, 506
4, 62.274, 485
5, 62.299, 505
4, 62.324, 486
5, 62.349, 507
4, 62.375, 485
5, 62.401, 507
4, 62.425, 485
5, 62.451, 507
4, 62.476, 486
5, 62.502, 506
4, 62.527, 485
5, 62.552, 507
4, 62.578, 485
5, 62.603, 507
4, 62.628, 485
5, 62.654, 507
4, 62.679, 486
5, 62.705, 507
4, 62.729, 486
5, 62.755, 507
4, 62.781, 486
5, 62.806, 506
4, 62.831, 487
5, 62.856, 506
4, 62.882, 487
5, 62.908, 507
4, 62.932, 487
5, 62.958, 506
4, 62.983, 487
5, 63.009, 506
4, 63.033, 487
5, 63.059, 506
4, 63.085, 488
5, 63.110, 507
4, 63.135, 487
5, 63.160, 507
4, 63.186, 487
5, 63.212, 507
4, 63.236, 487
5, 63.262, 506
4, 63.287, 487
5, 63.313, 507
4, 63.338, 487
5, 63.363, 506
4, 63.389, 486
5, 63.414, 506
4, 63.439, 487
5, 63.465, 507
4, 63.490, 486
5, 63.516, 506
4, 63.540, 486
5, 63.566, 506
4, 63.592, 485
5, 63.617, 506
4, 63.642, 486
5, 63.667, 506
4, 63.693, 486
5, 63.719, 506
4, 63.743, 486
5, 63.769, 507
4, 63.794, 486
5, 63.820, 506
4, 63.844, 486
5, 63.870, 506
4, 63.896, 486
5, 63.921, 506
4, 63.946, 487
5, 63.971, 506
4, 63.997, 487
5, 64.023, 506
4, 64.047, 486
5, 64.073, 506
4, 64.098, 486
5, 64.124, 506
4, 64.149, 487
5, 64.174, 506
4, 64.200, 487
5, 64.225, 506
4, 64.250, 488
5, 64.276, 506
4, 64.301, 488
5, 64.327, 506
4, 64.351, 487
5, 64.377, 506
4, 64.403, 488
5, 64.428, 506
4, 64.453, 488
5, 64.478, 506
4, 64.504, 488
5, 64.530, 506
4, 64.554, 488
5, 64.580, 506
4, 64.605, 487
5, 64.631, 506
4, 64.655, 487
5, 64.681, 506
4, 64.707, 487
5, 64.732, 506
4, 64.758, 487
5, 64.782, 506
4, 64.808, 487
5, 64.834, 507
4, 64.859, 486
5, 64.884, 506
4, 64.909, 486
5, 64.935, 506
4, 64.961, 486
5, 64.985, 506
4, 65.011, 486
5, 65.036, 506
4, 65.062, 486
5, 65.087, 505
4, 65.112, 486
5, 65.138, 506
4, 65.163, 486
5, 65.188, 506
4, 65.214, 486
5, 65.239, 506
4, 65.265, 486
5, 65.289, 507
4, 65.315, 486
5, 65.341, 506
4, 65.366, 486
5, 65.391, 506
4, 65.416, 486
5, 65.442, 506
4, 65.468, 487
5, 65.492, 506
4, 65.518, 487
5, 65.543, 507
4, 65.569, 487
5, 65.593, 506
4, 65.619, 487
5, 65.645, 507
4, 65.670, 487
5, 65.695, 506
4, 65.720, 488
5, 65.746, 506
4, 65.772, 488
5, 65.796, 507
4, 65.822, 487
5, 65.847, 506
4, 65.873, 488
5, 65.898, 506
4, 65.923, 488
5, 65.949, 507
4, 65.974, 487
5, 65.999, 506
4, 66.025, 487
5, 66.050, 507
4, 66.076, 486
5, 66.100, 507
4, 66.126, 487
5, 66.152, 506
4, 66.177, 487
5, 66.202, 506
4, 66.227, 486
5, 66.253, 505
4, 66.279, 486
5, 66.303, 507
4, 66.329, 486
5, 66.354, 506
4, 66.380, 485
5, 66.404, 506
4, 66.430, 486
5, 66.456, 506
4, 66.481, 486
5, 66.506, 506
4, 66.531, 486
5, 66.557, 507
4, 66.583, 486
5, 66.607, 507
4, 66.633, 486
5, 66.658, 507
4, 66.684, 486
5, 66.709, 507
4, 66.734, 486
5, 66.760, 507
4, 66.785, 486
5, 66.810, 506
4, 66.836, 487
5, 66.861, 506
4, 66.887, 487
5, 66.911, 507
4, 66.937, 486
5, 66.963, 507
4, 66.988, 487
5, 67.013, 507
4, 67.038, 487
5, 67.064, 507
4, 67.090, 487
5, 67.114, 506
4, 67.140, 488
5, 67.165, 506
4, 67.191, 487
5, 67.215, 507
4, 67.241, 487
5, 67.267, 507
4, 67.292, 487
5, 67.317, 507
4, 67.342, 487
5, 67.368, 507
4, 67.394, 486
5, 67.418, 506
4, 67.444, 487
5, 67.469, 507
4, 67.495, 486
5, 67.520, 507
4, 67.545, 486
5, 67.571, 507
4, 67.596, 486
5, 67.621, 507
4, 67.647, 486
5, 67.672, 507
4, 67.698, 486
5, 67.723, 506
4, 67.748, 486
5, 67.774, 507
4, 67.799, 486
5, 67.825, 506
4, 67.849, 485
5, 67.875, 507
4, 67.901, 486
5, 67.926, 507
4, 67.951, 485
5, 67.976, 507
4, 68.002, 486
5, 68.028, 506
4, 68.052, 486
5, 68.078, 507
4, 68.103, 487
5, 68.129, 506
4, 68.153, 486
5, 68.179, 507
4, 68.205, 487
5, 68.230, 507
4, 68.255, 487
5, 68.280, 507
4, 68.306, 487
5, 68.332, 507
4, 68.356, 487
5, 68.382, 507
4, 68.407, 487
5, 68.433, 506
4, 68.458, 487
5, 68.483, 507
4, 68.509, 487
5, 68.534, 507
4, 68.559, 487
5, 68.585, 507
4, 68.610, 487
5, 68.636, 507
4, 68.660, 488
5, 68.686, 507
4, 68.712, 487
5, 68.737, 506
4, 68.762, 487
5, 68.787, 507
4, 68.813, 487
5, 68.839, 507
4, 68.863, 487
5, 68.889, 506
4, 68.914, 486
5, 68.940, 507
4, 68.964, 486
5, 68.990, 506
4, 69.016, 487
5, 69.041, 506
4, 69.066, 486
5, 69.091, 506
4, 69.117, 486
5, 69.143, 506
4, 69.167, 486
5, 69.193, 507
4, 69.218, 486
5, 69.244, 506
4, 69.269, 487
5, 69.294, 507
4, 69.320, 487
5, 69.345, 506
4, 69.370, 487
5, 69.396, 506
4, 69.421, 487
5, 69.447, 506
4, 69.471, 487
5, 69.497, 506
4, 69.523, 487
5, 69.548, 506
4, 69.573, 487
5, 69.598, 506
4, 69.624, 487
5, 69.650, 506
4, 69.674, 487
5, 69.700, 506
4, 69.725, 487
5, 69.751, 506
4, 69.775, 487
5, 69.801, 507
4, 0.025, 535
5, 0.051, 507
4, 0.076, 536
5, 0.101, 507
4, 0.127, 535
5, 0.152, 506
4, 0.178, 535
5, 0.202, 507
4, 0.228, 535
5, 0.254, 507
4, 0.279, 535
5, 0.304, 507
4, 0.329, 535
5, 0.355, 507
4, 0.381, 535
5, 0.405, 507
4, 0.431, 535
5, 0.456, 507
4, 0.482, 535
5, 0.507, 507
4, 0.532, 535
5, 0.558, 507
4, 0.583, 535
5, 0.608, 507
4, 0.633, 535
5, 0.659, 507
4, 0.685, 535
5, 0.709, 506
4, 0.735, 536
5, 0.760, 506
4, 0.786, 535
5, 0.811, 507
4, 0.836, 535
5, 0.862, 507
4, 0.887, 535
5, 0.912, 507
4, 0.938, 536
5, 0.963, 506
4, 0.989, 536
5, 1.013, 507
4, 1.039, 535
5, 1.065, 506
4, 1.090, 535
5, 1.115, 506
4, 1.140, 536
5, 1.166, 506
4, 1.192, 535
5, 1.216, 506
4, 1.242, 535
5, 1.267, 507
4, 1.293, 536
5, 1.318, 507
4, 1.343, 535
5, 1.369, 507
4, 1.394, 535
5, 1.419, 506
4, 1.445, 534
5, 1.470, 506
4, 1.496, 530
5, 1.520, 507
4, 1.546, 525
5, 1.571, 507
4, 1.597, 517
5, 1.622, 506
4, 1.647, 507
5, 1.673, 507
4, 1.698, 497
5, 1.723, 507
4, 1.749, 487
5, 1.774, 507
4, 1.800, 475
5, 1.824, 507
4, 1.850, 466
5, 1.876, 507
4, 1.901, 457
5, 1.926, 507
4, 1.951, 449
5, 1.977, 507
4, 2.003, 444
5, 2.027, 507
4, 2.053, 440
5, 2.078, 507
4, 2.104, 439
5, 2.129, 506
4, 2.154, 440
5, 2.180, 507
4, 2.205, 444
5, 2.230, 506
4, 2.256, 450
5, 2.281, 507
4, 2.307, 458
5, 2.331, 507
4, 2.357, 467
5, 2.382, 507
4, 2.408, 476
5, 2.433, 507
4, 2.458, 487
5, 2.484, 507
4, 2.509, 497
5, 2.534, 507
4, 2.560, 507
5, 2.585, 507
4, 2.611, 515
5, 2.635, 507
4, 2.661, 522
5, 2.687, 507
4, 2.712, 527
5, 2.737, 507
4, 2.762, 531
5, 2.788, 507
4, 2.814, 532
5, 2.838, 507
4, 2.864, 530
5, 2.889, 507
4, 2.915, 526
5, 2.940, 507
4, 2.965, 521
5, 2.991, 507
4, 3.016, 514
5, 3.041, 507
4, 3.067, 505
5, 3.092, 507
4, 3.118, 496
5, 3.142, 507
4, 3.168, 486
5, 3.193, 507
4, 3.219, 475
5, 3.244, 507
4, 3.269, 466
5, 3.295, 507
4, 3.320, 458
5, 3.345, 507
4, 3.371, 451
5, 3.396, 507
4, 3.422, 446
5, 3.446, 507
4, 3.472, 443
5, 3.498, 507
4, 3.523, 442
5, 3.548, 507
4, 3.573, 443
5, 3.599, 507
4, 3.625, 447
5, 3.649, 507
4, 3.675, 452
5, 3.700, 507
4, 3.726, 459
5, 3.751, 506
4, 3.776, 468
5, 3.802, 507
4, 3.827, 477
5, 3.852, 507
4, 3.878, 487
5, 3.903, 507
4, 3.929, 496
5, 3.954, 507
4, 3.979, 507
5, 4.005, 507
4, 4.030, 514
5, 4.056, 507
4, 4.080, 521
5, 4.106, 507
4, 4.131, 526
5, 4.157, 507
4, 4.182, 529
5, 4.207, 507
4, 4.233, 531
5, 4.258, 507
4, 4.283, 530
5, 4.309, 507
4, 4.334, 526
5, 4.360, 507
4, 4.384, 522
5, 4.410, 507
4, 4.436, 513
5, 4.461, 507
4, 4.486, 504
5, 4.511, 506
4, 4.537, 496
5, 4.563, 507
4, 4.587, 485
5, 4.613, 507
4, 4.638, 475
5, 4.664, 508
4, 4.689, 466
5, 4.714, 506
4, 4.740, 458
5, 4.765, 506
4, 4.790, 452
5, 4.816, 507
4, 4.841, 447
5, 4.867, 506
4, 4.891, 444
5, 4.917, 507
4, 4.942, 444
5, 4.968, 505
4, 4.993, 446
5, 5.018, 506
4, 5.044, 450
5, 5.069, 506
4, 5.094, 455
5, 5.120, 506
4, 5.145, 462
5, 5.171, 507
4, 5.195, 470
5, 5.221, 507
4, 5.247, 479
5, 5.272, 506
4, 5.297, 489
5, 5.322, 506
4, 5.348, 498
5, 5.374, 506
4, 5.398, 507
5, 5.424, 506
4, 5.449, 515
5, 5.475, 506
4, 5.500, 521
5, 5.525, 507
4, 5.551, 526
5, 5.576, 507
4, 5.601, 528
5, 5.627, 507
4, 5.652, 529
5, 5.678, 507
4, 5.702, 527
5, 5.728, 507
4, 5.753, 524
5, 5.779, 507
4, 5.804, 519
5, 5.829, 506
4, 5.855, 512
5, 5.880, 507
4, 5.905, 503
5, 5.931, 507
4, 5.956, 494
5, 5.982, 507
4, 6.006, 485
5, 6.032, 506
4, 6.058, 477
5, 6.083, 507
4, 6.108, 467
5, 6.133, 507
4, 6.159, 460
5, 6.185, 507
4, 6.209, 453
5, 6.235, 507
4, 6.260, 449
5, 6.286, 507
4, 6.311, 446
5, 6.336, 506
4, 6.362, 445
5, 6.387, 506
4, 6.412, 447
5, 6.438, 507
4, 6.463, 450
5, 6.489, 507
4, 6.513, 456
5, 6.539, 507
4, 6.565, 463
5, 6.590, 507
4, 6.615, 471
5, 6.640, 507
4, 6.666, 480
5, 6.691, 508
4, 6.716, 489
5, 6.742, 507
4, 6.767, 497
5, 6.793, 507
4, 6.817, 506
5, 6.843, 507
4, 6.869, 513
5, 6.894, 506
4, 6.919, 520
5, 6.944, 506
4, 6.970, 524
5, 6.996, 508
4, 7.020, 527
5, 7.046, 507
4, 7.071, 527
5, 7.097, 506
4, 7.122, 526
5, 7.147, 506
4, 7.173, 523
5, 7.198, 506
4, 7.223, 517
5, 7.249, 506
4, 7.274, 511
5, 7.300, 506
4, 7.324, 502
5, 7.350, 506
4, 7.376, 494
5, 7.401, 507
4, 7.426, 485
5, 7.451, 507
4, 7.477, 476
5, 7.502, 507
4, 7.527, 468
5, 7.553, 506
4, 7.578, 461
5, 7.604, 507
4, 7.628, 455
5, 7.654, 507
4, 7.680, 450
5, 7.705, 507
4, 7.730, 448
5, 7.755, 507
4, 7.781, 447
5, 7.807, 507
4, 7.831, 449
5, 7.857, 507
4, 7.882, 453
5, 7.908, 507
4, 7.933, 458
5, 7.958, 507
4, 7.984, 464
5, 8.009, 507
4, 8.034, 472
5, 8.060, 507
4, 8.085, 481
5, 8.111, 507
4, 8.135, 489
5, 8.161, 507
4, 8.187, 497
5, 8.212, 507
4, 8.237, 506
5, 8.262, 507
4, 8.288, 513
5, 8.313, 507
4, 8.338, 518
5, 8.364, 507
4, 8.389, 522
5, 8.415, 507
4, 8.439, 525
5, 8.465, 506
4, 8.491, 526
5, 8.516, 507
4, 8.541, 523
5, 8.566, 507
4, 8.592, 520
5, 8.618, 507
4, 8.642, 516
5, 8.668, 507
4, 8.693, 509
5, 8.719, 507
4, 8.744, 502
5, 8.769, 506
4, 8.795, 492
5, 8.820, 507
4, 8.845, 484
5, 8.871, 506
4, 8.896, 477
5, 8.922, 506
4, 8.946, 469
5, 8.972, 506
4, 8.998, 462
5, 9.023, 506
4, 9.048, 456
5, 9.073, 507
4, 9.099, 452
5, 9.125, 507
4, 9.149, 451
5, 9.175, 507
4, 9.200, 450
5, 9.226, 506
4, 9.250, 451
5, 9.276, 507
4, 9.302, 455
5, 9.327, 507
4, 9.352, 459
5, 9.377, 506
4, 9.403, 466
5, 9.429, 506
4, 9.453, 474
5, 9.479, 506
4, 9.504, 481
5, 9.530, 507
4, 9.555, 489
5, 9.580, 507
4, 9.606, 498
5, 9.631, 507
4, 9.656, 506
5, 9.682, 507
4, 9.707, 512
5, 9.733, 507
4, 9.757, 518
5, 9.783, 507
4, 9.809, 522
5, 9.834, 507
4, 9.859, 523
5, 9.884, 508
4, 9.910, 524
5, 9.936, 507
4, 9.960, 522
5, 9.986, 507
4, 10.011, 518
5, 10.037, 507
4, 10.061, 514
5, 10.087, 507
4, 10.113, 507
5, 10.138, 507
4, 10.163, 500
5, 10.188, 507
4, 10.214, 493
5, 10.240, 507
4, 10.264, 483
5, 10.290, 507
4, 10.315, 476
5, 10.341, 507
4, 10.366, 468
5, 10.391, 507
4, 10.417, 462
5, 10.442, 507
4, 10.467, 457
5, 10.493, 507
4, 10.518, 453
5, 10.544, 507
4, 10.568, 451
5, 10.594, 506
4, 10.620, 451
5, 10.645, 507
4, 10.670, 453
5, 10.695, 507
4, 10.721, 456
5, 10.747, 507
4, 10.771, 461
5, 10.797, 507
4, 10.822, 468
5, 10.848, 507
4, 10.872, 474
5, 10.898, 507
4, 10.924, 482
5, 10.949, 507
4, 10.974, 491
5, 10.999, 507
4, 11.025, 498
5, 11.051, 507
4, 11.075, 505
5, 11.101, 507
4, 11.126, 511
5, 11.152, 507
4, 11.177, 517
5, 11.202, 507
4, 11.228, 520
5, 11.253, 507
4, 11.278, 522
5, 11.304, 507
4, 11.329, 522
5, 11.355, 507
4, 11.379, 521
5, 11.405, 506
4, 11.431, 517
5, 11.456, 507
4, 11.481, 512
5, 11.506, 507
4, 11.532, 506
5, 11.558, 507
4, 11.582, 499
5, 11.608, 507
4, 11.633, 491
5, 11.659, 507
4, 11.683, 484
5, 11.709, 507
4, 11.735, 477
5, 11.760, 507
4, 11.786, 469
5, 11.810, 507
4, 11.836, 463
5, 11.862, 507
4, 11.887, 458
5, 11.912, 507
4, 11.937, 455
5, 11.963, 507
4, 11.989, 453
5, 12.013, 507
4, 12.039, 453
5, 12.064, 507
4, 12.090, 455
5, 12.115, 507
4, 12.140, 458
5, 12.166, 507
4, 12.191, 463
5, 12.216, 507
4, 12.242, 469
5, 12.267, 507
4, 12.293, 476
5, 12.317, 506
4, 12.343, 484
5, 12.369, 506
4, 12.394, 491
5, 12.419, 507
4, 12.444, 498
5, 12.470, 507
4, 12.496, 505
5, 12.520, 506
4, 12.546, 511
5, 12.571, 507
4, 12.597, 516
5, 12.621, 507
4, 12.647, 519
5, 12.673, 507
4, 12.698, 520
5, 12.723, 507
4, 12.748, 520
5, 12.774, 507
4, 12.800, 519
5, 12.824, 506
4, 12.850, 516
5, 12.875, 507
4, 12.901, 511
5, 12.926, 507
4, 12.951, 505
5, 12.977, 506
4, 13.002, 498
5, 13.027, 507
4, 13.053, 491
5, 13.078, 506
4, 13.104, 484
5, 13.128, 507
4, 13.154, 477
5, 13.180, 506
4, 13.205, 470
5, 13.230, 506
4, 13.255, 464
5, 13.281, 506
4, 13.307, 459
5, 13.331, 506
4, 13.357, 457
5, 13.382, 507
4, 13.408, 455
5, 13.432, 506
4, 13.458, 455
5, 13.484, 507
4, 13.509, 457
5, 13.534, 506
4, 13.559, 460
5, 13.585, 507
4, 13.611, 464
5, 13.635, 507
4, 13.661, 471
5, 13.686, 506
4, 13.712, 478
5, 13.737, 506
4, 13.762, 484
5, 13.788, 506
4, 13.813, 491
5, 13.838, 507
4, 13.864, 498
5, 13.889, 506
4, 13.915, 505
5, 13.939, 506
4, 13.965, 511
5, 13.991, 507
4, 14.016, 516
5, 14.041, 506
4, 14.066, 518
5, 14.092, 507
4, 14.118, 520
5, 14.142, 507
4, 14.168, 520
5, 14.193, 507
4, 14.219, 518
5, 14.243, 506
4, 14.269, 514
5, 14.295, 507
4, 14.320, 509
5, 14.345, 507
4, 14.370, 504
5, 14.396, 507
4, 14.422, 498
5, 14.446, 507
4, 14.472, 490
5, 14.497, 507
4, 14.523, 483
5, 14.548, 507
4, 14.573, 476
5, 14.599, 507
4, 14.624, 470
5, 14.649, 507
4, 14.675, 464
5, 14.700, 507
4, 14.726, 461
5, 14.751, 507
4, 14.776, 457
5, 14.802, 507
4, 14.827, 456
5, 14.853, 506
4, 14.877, 457
5, 14.903, 507
4, 14.929, 459
5, 14.954, 507
4, 14.979, 462
5, 15.004, 507
4, 15.030, 466
5, 15.056, 507
4, 15.080, 471
5, 15.106, 506
4, 15.131, 478
5, 15.157, 507
4, 15.181, 485
5, 15.207, 506
4, 15.233, 492
5, 15.258, 506
4, 15.283, 499
5, 15.308, 507
4, 15.334, 505
5, 15.360, 507
4, 15.384, 511
5, 15.410, 507
4, 15.435, 513
5, 15.461, 507
4, 15.486, 517
5, 15.511, 508
4, 15.537, 518
5, 15.562, 507
4, 15.587, 518
5, 15.613, 508
4, 15.638, 516
5, 15.664, 507
4, 15.688, 513
5, 15.714, 507
4, 15.740, 508
5, 15.765, 507
4, 15.790, 503
5, 15.815, 507
4, 15.841, 496
5, 15.867, 507
4, 15.891, 489
5, 15.917, 507
4, 15.942, 483
5, 15.968, 507
4, 15.992, 476
5, 16.018, 507
4, 16.044, 470
5, 16.069, 507
4, 16.094, 465
5, 16.119, 507
4, 16.145, 461
5, 16.171, 507
4, 16.195, 459
5, 16.221, 507
4, 16.246, 457
5, 16.272, 507
4, 16.297, 457
5, 16.322, 507
4, 16.348, 459
5, 16.373, 507
4, 16.398, 463
5, 16.424, 506
4, 16.449, 468
5, 16.475, 506
4, 16.499, 473
5, 16.525, 506
4, 16.551, 479
5, 16.576, 507
4, 16.601, 486
5, 16.626, 506
4, 16.652, 492
5, 16.678, 506
4, 16.702, 499
5, 16.728, 506
4, 16.753, 505
5, 16.779, 507
4, 16.803, 509
5, 16.829, 507
4, 16.855, 513
5, 16.880, 507
4, 16.905, 516
5, 16.930, 507
4, 16.956, 517
5, 16.982, 507
4, 17.006, 517
5, 17.032, 507
4, 17.057, 515
5, 17.083, 506
4, 17.108, 512
5, 17.133, 507
4, 17.159, 508
5, 17.184, 507
4, 17.209, 502
5, 17.235, 507
4, 17.260, 496
5, 17.286, 506
4, 17.310, 490
5, 17.336, 506
4, 17.362, 483
5, 17.387, 506
4, 17.412, 477
5, 17.437, 506
4, 17.463, 471
5, 17.489, 507
4, 17.513, 467
5, 17.539, 507
4, 17.564, 462
5, 17.590, 507
4, 17.614, 460
5, 17.640, 507
4, 17.666, 459
5, 17.691, 506
4, 17.716, 459
5, 17.741, 506
4, 17.767, 461
5, 17.793, 507
4, 17.817, 464
5, 17.843, 507
4, 17.868, 468
5, 17.894, 507
4, 17.919, 474
5, 17.944, 506
4, 17.970, 480
5, 17.995, 507
4, 18.021, 487
5, 18.046, 506
4, 18.071, 492
5, 18.097, 507
4, 18.122, 498
5, 18.147, 506
4, 18.173, 504
5, 18.198, 507
4, 18.224, 509
5, 18.248, 506
4, 18.274, 513
5, 18.300, 506
4, 18.325, 515
5, 18.350, 507
4, 18.375, 515
5, 18.401, 507
4, 18.427, 515
5, 18.451, 507
4, 18.477, 514
5, 18.502, 507
4, 18.528, 510
5, 18.552, 507
4, 18.578, 506
5, 18.604, 506
4, 18.629, 501
5, 18.654, 506
4, 18.679, 495
5, 18.705, 507
4, 18.731, 489
5, 18.755, 507
4, 18.781, 483
5, 18.806, 506
4, 18.832, 477
5, 18.857, 507
4, 18.882, 471
5, 18.908, 507
4, 18.933, 467
5, 18.958, 507
4, 18.984, 463
5, 19.009, 506
4, 19.035, 461
5, 19.059, 507
4, 19.085, 460
5, 19.111, 507
4, 19.136, 461
5, 19.161, 507
4, 19.186, 463
5, 19.212, 508
4, 19.238, 465
5, 19.262, 507
4, 19.288, 470
5, 19.313, 507
4, 19.339, 475
5, 19.363, 506
4, 19.389, 481
5, 19.415, 507
4, 19.440, 486
5, 19.465, 507
4, 19.490, 492
5, 19.516, 507
4, 19.542, 498
5, 19.566, 507
4, 19.592, 503
5, 19.617, 507
4, 19.643, 508
5, 19.668, 507
4, 19.693, 511
5, 19.719, 507
4, 19.744, 513
5, 19.769, 507
4, 19.795, 514
5, 19.820, 507
4, 19.846, 513
5, 19.870, 508
4, 19.896, 511
5, 19.922, 507
4, 19.947, 509
5, 19.972, 507
4, 19.997, 504
5, 20.023, 507
4, 20.049, 499
5, 20.073, 507
4, 20.099, 494
5, 20.124, 508
4, 20.150, 488
5, 20.174, 507
4, 20.200, 482
5, 20.226, 507
4, 20.251, 476
5, 20.276, 507
4, 20.301, 471
5, 20.327, 507
4, 20.353, 467
5, 20.377, 506
4, 20.403, 464
5, 20.428, 507
4, 20.454, 462
5, 20.479, 507
4, 20.504, 461
5, 20.530, 507
4, 20.555, 462
5, 20.580, 507
4, 20.606, 464
5, 20.631, 507
4, 20.657, 467
5, 20.681, 507
4, 20.707, 472
5, 20.733, 507
4, 20.758, 476
5, 20.783, 507
4, 20.808, 481
5, 20.834, 507
4, 20.860, 487
5, 20.884, 507
4, 20.910, 492
5, 20.935, 507
4, 20.961, 498
5, 20.985, 507
4, 21.011, 503
5, 21.037, 507
4, 21.062, 507
5, 21.088, 508
4, 21.112, 510
5, 21.138, 507
4, 21.164, 512
5, 21.189, 508
4, 21.214, 513
5, 21.239, 507
4, 21.265, 512
5, 21.291, 507
4, 21.315, 510
5, 21.341, 507
4, 21.366, 507
5, 21.392, 507
4, 21.417, 503
5, 21.442, 507
4, 21.468, 498
5, 21.493, 507
4, 21.518, 493
5, 21.544, 507
4, 21.569, 488
5, 21.595, 507
4, 21.619, 482
5, 21.645, 507
4, 21.671, 477
5, 21.696, 507
4, 21.721, 472
5, 21.746, 507
4, 21.772, 469
5, 21.798, 507
4, 21.822, 465
5, 21.848, 507
4, 21.873, 463
5, 21.899, 507
4, 21.923, 463
5, 21.949, 507
4, 21.975, 464
5, 22.000, 507
4, 22.025, 466
5, 22.050, 507
4, 22.076, 469
5, 22.102, 507
4, 22.126, 472
5, 22.152, 507
4, 22.177, 477
5, 22.203, 506
4, 22.228, 482
5, 22.253, 507
4, 22.279, 488
5, 22.304, 507
4, 22.329, 493
5, 22.355, 507
4, 22.380, 498
5, 22.406, 507
4, 22.430, 503
5, 22.456, 506
4, 22.482, 507
5, 22.507, 507
4, 22.532, 510
5, 22.557, 507
4, 22.583, 511
5, 22.609, 507
4, 22.633, 512
5, 22.659, 506
4, 22.684, 512
5, 22.710, 507
4, 22.734, 509
5, 22.760, 508
4, 22.786, 506
5, 22.811, 507
4, 22.836, 502
5, 22.861, 507
4, 22.887, 497
5, 22.913, 506
4, 22.937, 492
5, 22.963, 506
4, 22.988, 488
5, 23.014, 507
4, 23.039, 482
5, 23.064, 507
4, 23.090, 477
5, 23.115, 507
4, 23.140, 472
5, 23.166, 507
4, 23.191, 469
5, 23.217, 507
4, 23.241, 466
5, 23.267, 506
4, 23.293, 464
5, 23.318, 507
4, 23.343, 464
5, 23.368, 507
4, 23.394, 465
5, 23.420, 507
4, 23.444, 467
5, 23.470, 507
4, 23.495, 470
5, 23.521, 507
4, 23.545, 474
5, 23.571, 507
4, 23.597, 478
5, 23.622, 507
4, 23.647, 482
5, 23.672, 507
4, 23.698, 488
5, 23.724, 507
4, 23.748, 493
5, 23.774, 506
4, 23.799, 498
5, 23.825, 507
4, 23.850, 502
5, 23.875, 507
4, 23.901, 507
5, 23.926, 507
4, 23.951, 509
5, 23.977, 506
4, 24.002, 511
5, 24.028, 506
4, 24.052, 511
5, 24.078, 507
4, 24.104, 510
5, 24.129, 507
4, 24.154, 508
5, 24.179, 506
4, 24.205, 505
5, 24.231, 507
4, 24.255, 501
5, 24.281, 506
4, 24.306, 497
5, 24.332, 507
4, 24.357, 492
5, 24.382, 507
4, 24.408, 487
5, 24.433, 507
4, 24.458, 482
5, 24.483, 506
4, 24.509, 478
5, 24.535, 506
4, 24.559, 473
5, 24.585, 507
4, 24.610, 469
5, 24.636, 507
4, 24.661, 467
5, 24.686, 507
4, 24.712, 466
5, 24.737, 506
4, 24.762, 465
5, 24.788, 506
4, 24.813, 467
5, 24.839, 507
4, 24.863, 468
5, 24.889, 506
4, 24.915, 471
5, 24.940, 506
4, 24.965, 475
5, 24.990, 507
4, 25.016, 479
5, 25.042, 507
4, 25.066, 484
5, 25.092, 507
4, 25.117, 489
5, 25.143, 507
4, 25.168, 494
5, 25.193, 507
4, 25.219, 498
5, 25.244, 507
4, 25.269, 502
5, 25.294, 507
4, 25.320, 506
5, 25.346, 507
4, 25.370, 506
5, 25.396, 507
4, 25.421, 509
5, 25.447, 506
4, 25.472, 510
5, 25.497, 507
4, 25.523, 509
5, 25.548, 507
4, 25.574, 507
5, 25.599, 508
4, 25.624, 504
5, 25.650, 507
4, 25.675, 500
5, 25.700, 507
4, 25.726, 497
5, 25.751, 507
4, 25.777, 492
5, 25.801, 507
4, 25.827, 487
5, 25.853, 507
4, 25.878, 482
5, 25.903, 507
4, 25.928, 478
5, 25.954, 507
4, 25.980, 474
5, 26.004, 506
4, 26.030, 470
5, 26.055, 506
4, 26.081, 468
5, 26.105, 506
4, 26.131, 467
5, 26.157, 507
4, 26.182, 466
5, 26.207, 506
4, 26.232, 467
5, 26.258, 507
4, 26.284, 469
5, 26.308, 506
4, 26.334, 472
5, 26.359, 507
4, 26.385, 476
5, 26.410, 507
4, 26.435, 480
5, 26.461, 507
4, 26.486, 485
5, 26.511, 507
4, 26.537, 490
5, 26.562, 507
4, 26.588, 494
5, 26.612, 506
4, 26.638, 498
5, 26.664, 507
4, 26.689, 502
5, 26.714, 507
4, 26.739, 505
5, 26.765, 507
4, 26.791, 507
5, 26.815, 507
4, 26.841, 509
5, 26.866, 508
4, 26.892, 509
5, 26.917, 506
4, 26.942, 508
5, 26.968, 507
4, 26.993, 504
5, 27.018, 508
4, 27.043, 503
5, 27.069, 507
4, 27.095, 500
5, 27.119, 507
4, 27.145, 495
5, 27.170, 507
4, 27.196, 491
5, 27.221, 507
4, 27.246, 486
5, 27.272, 507
4, 27.297, 481
5, 27.322, 507
4, 27.348, 478
5, 27.373, 507
4, 27.399, 474
5, 27.423, 507
4, 27.449, 471
5, 27.475, 507
4, 27.500, 468
5, 27.525, 507
4, 27.550, 468
5, 27.576, 507
4, 27.602, 468
5, 27.626, 507
4, 27.652, 468
5, 27.677, 507
4, 27.703, 471
5, 27.728, 507
4, 27.753, 473
5, 27.779, 507
4, 27.804, 476
5, 27.829, 507
4, 27.854, 481
5, 27.880, 507
4, 27.906, 485
5, 27.930, 507
4, 27.956, 489
5, 27.981, 507
4, 28.007, 494
5, 28.032, 507
4, 28.057, 497
5, 28.083, 507
4, 28.108, 502
5, 28.133, 507
4, 28.159, 504
5, 28.184, 507
4, 28.210, 506
5, 28.234, 507
4, 28.260, 507
5, 28.286, 507
4, 28.311, 507
5, 28.336, 508
4, 28.361, 506
5, 28.387, 507
4, 28.413, 504
5, 28.437, 507
4, 28.463, 501
5, 28.488, 508
4, 28.514, 498
5, 28.539, 508
4, 28.564, 494
5, 28.590, 508
4, 28.615, 490
5, 28.641, 507
4, 28.665, 486
5, 28.691, 507
4, 28.717, 482
5, 28.742, 507
4, 28.767, 478
5, 28.792, 507
4, 28.818, 474
5, 28.844, 507
4, 28.868, 472
5, 28.894, 507
4, 28.919, 470
5, 28.945, 507
4, 28.970, 469
5, 28.995, 507
4, 29.021, 469
5, 29.046, 507
4, 29.071, 470
5, 29.097, 507
4, 29.122, 471
5, 29.148, 507
4, 29.172, 475
5, 29.198, 506
4, 29.224, 478
5, 29.249, 507
4, 29.274, 481
5, 29.299, 507
4, 29.325, 486
5, 29.351, 506
4, 29.375, 490
5, 29.401, 507
4, 29.426, 494
5, 29.452, 507
4, 29.477, 498
5, 29.502, 506
4, 29.528, 501
5, 29.553, 507
4, 29.578, 504
5, 29.603, 507
4, 29.629, 506
5, 29.655, 507
4, 29.679, 507
5, 29.705, 507
4, 29.730, 507
5, 29.756, 506
4, 29.781, 505
5, 29.806, 507
4, 29.832, 504
5, 29.857, 507
4, 29.882, 501
5, 29.908, 507
4, 29.933, 498
5, 29.959, 507
4, 29.983, 494
5, 30.009, 506
4, 30.035, 490
5, 30.060, 507
4, 30.085, 486
5, 30.110, 507
4, 30.136, 482
5, 30.162, 506
4, 30.186, 478
5, 30.212, 506
4, 30.237, 475
5, 30.263, 507
4, 30.288, 473
5, 30.313, 507
4, 30.339, 471
5, 30.364, 507
4, 30.389, 471
5, 30.414, 506
4, 30.440, 471
5, 30.466, 507
4, 30.490, 472
5, 30.516, 506
4, 30.541, 472
5, 30.567, 507
4, 30.592, 475
5, 30.617, 507
4, 30.643, 479
5, 30.668, 507
4, 30.693, 483
5, 30.719, 507
4, 30.744, 486
5, 30.770, 507
4, 30.794, 491
5, 30.820, 507
4, 30.846, 494
5, 30.871, 507
4, 30.896, 497
5, 30.921, 507
4, 30.947, 501
5, 30.973, 507
4, 30.997, 503
5, 31.023, 507
4, 31.048, 505
5, 31.074, 508
4, 31.099, 505
5, 31.124, 508
4, 31.150, 505
5, 31.175, 507
4, 31.200, 504
5, 31.225, 508
4, 31.251, 502
5, 31.277, 507
4, 31.301, 500
5, 31.327, 507
4, 31.352, 497
5, 31.378, 507
4, 31.403, 493
5, 31.428, 508
4, 31.454, 489
5, 31.479, 507
4, 31.504, 485
5, 31.530, 507
4, 31.555, 482
5, 31.581, 507
4, 31.605, 478
5, 31.631, 506
4, 31.657, 476
5, 31.682, 507
4, 31.707, 474
5, 31.732, 508
4, 31.758, 472
5, 31.784, 507
4, 31.808, 471
5, 31.834, 507
4, 31.859, 471
5, 31.885, 507
4, 31.910, 473
5, 31.935, 507
4, 31.961, 474
5, 31.986, 507
4, 32.011, 477
5, 32.037, 507
4, 32.062, 480
5, 32.088, 507
4, 32.112, 483
5, 32.138, 507
4, 32.163, 487
5, 32.189, 507
4, 32.214, 490
5, 32.239, 507
4, 32.265, 495
5, 32.290, 507
4, 32.316, 498
5, 32.341, 507
4, 32.366, 500
5, 32.392, 507
4, 32.417, 503
5, 32.442, 507
4, 32.468, 504
5, 32.493, 507
4, 32.519, 504
5, 32.543, 507
4, 32.569, 504
5, 32.595, 507
4, 32.620, 503
5, 32.645, 507
4, 32.670, 501
5, 32.696, 507
4, 32.722, 499
5, 32.746, 507
4, 32.772, 496
5, 32.797, 507
4, 32.823, 492
5, 32.848, 507
4, 32.873, 488
5, 32.899, 507
4, 32.924, 485
5, 32.949, 507
4, 32.974, 482
5, 33.000, 507
4, 33.026, 479
5, 33.050, 507
4, 33.076, 476
5, 33.101, 508
4, 33.127, 474
5, 33.152, 507
4, 33.177, 472
5, 33.203, 507
4, 33.228, 472
5, 33.253, 507
4, 33.279, 473
5, 33.304, 506
4, 33.330, 474
5, 33.354, 507
4, 33.380, 476
5, 33.406, 507
4, 33.431, 478
5, 33.456, 506
4, 33.481, 481
5, 33.507, 507
4, 33.533, 484
5, 33.557, 506
4, 33.583, 487
5, 33.608, 508
4, 33.634, 492
5, 33.659, 507
4, 33.684, 495
5, 33.710, 507
4, 33.735, 498
5, 33.760, 507
4, 33.785, 500
5, 33.811, 507
4, 33.837, 502
5, 33.861, 507
4, 33.887, 504
5, 33.912, 507
4, 33.938, 504
5, 33.963, 507
4, 33.988, 504
5, 34.014, 507
4, 34.039, 502
5, 34.064, 507
4, 34.090, 500
5, 34.115, 507
4, 34.141, 498
5, 34.165, 507
4, 34.191, 495
5, 34.217, 507
4, 34.242, 492
5, 34.267, 507
4, 34.292, 488
5, 34.318, 506
4, 34.344, 485
5, 34.368, 507
4, 34.394, 482
5, 34.419, 506
4, 34.445, 479
5, 34.470, 507
4, 34.495, 477
5, 34.521, 507
4, 34.546, 475
5, 34.571, 507
4, 34.597, 474
5, 34.622, 507
4, 34.648, 473
5, 34.672, 506
4, 34.698, 474
5, 34.723, 507
4, 34.749, 475
5, 34.774, 507
4, 34.799, 477
5, 34.825, 507
4, 34.850, 480
5, 34.875, 506
4, 34.901, 482
5, 34.926, 506
4, 34.952, 485
5, 34.976, 506
4, 35.002, 489
5, 35.028, 506
4, 35.053, 492
5, 35.078, 507
4, 35.103, 494
5, 35.129, 507
4, 35.155, 498
5, 35.179, 507
4, 35.205, 500
5, 35.230, 507
4, 35.256, 502
5, 35.281, 507
4, 35.306, 503
5, 35.332, 506
4, 35.357, 502
5, 35.383, 507
4, 35.408, 503
5, 35.433, 507
4, 35.459, 501
5, 35.484, 507
4, 35.509, 500
5, 35.534, 507
4, 35.560, 497
5, 35.586, 507
4, 35.610, 495
5, 35.636, 507
4, 35.661, 491
5, 35.687, 507
4, 35.712, 488
5, 35.737, 507
4, 35.763, 485
5, 35.788, 507
4, 35.813, 482
5, 35.839, 507
4, 35.864, 479
5, 35.890, 507
4, 35.914, 478
5, 35.940, 507
4, 35.966, 476
5, 35.991, 507
4, 36.016, 475
5, 36.041, 506
4, 36.067, 475
5, 36.093, 507
4, 36.117, 475
5, 36.143, 507
4, 36.168, 476
5, 36.194, 507
4, 36.219, 477
5, 36.244, 507
4, 36.270, 480
5, 36.295, 507
4, 36.320, 483
5, 36.345, 507
4, 36.371, 486
5, 36.397, 507
4, 36.421, 488
5, 36.447, 508
4, 36.472, 492
5, 36.498, 507
4, 36.523, 495
5, 36.548, 507
4, 36.574, 497
5, 36.599, 507
4, 36.624, 499
5, 36.650, 507
4, 36.675, 501
5, 36.701, 507
4, 36.725, 501
5, 36.751, 508
4, 36.777, 501
5, 36.802, 507
4, 36.827, 502
5, 36.852, 507
4, 36.878, 500
5, 36.904, 508
4, 36.928, 498
5, 36.954, 507
4, 36.979, 496
5, 37.005, 509
4, 37.030, 494
5, 37.055, 507
4, 37.081, 490
5, 37.106, 508
4, 37.131, 487
5, 37.157, 507
4, 37.182, 485
5, 37.208, 507
4, 37.232, 481
5, 37.258, 507
4, 37.283, 480
5, 37.309, 507
4, 37.334, 477
5, 37.359, 507
4, 37.385, 476
5, 37.410, 506
4, 37.435, 476
5, 37.461, 507
4, 37.486, 476
5, 37.512, 506
4, 37.536, 476
5, 37.562, 507
4, 37.588, 477
5, 37.613, 507
4, 37.638, 479
5, 37.663, 507
4, 37.689, 481
5, 37.715, 507
4, 37.739, 484
5, 37.765, 507
4, 37.790, 487
5, 37.816, 507
4, 37.841, 489
5, 37.866, 507
4, 37.892, 493
5, 37.917, 507
4, 37.942, 495
5, 37.968, 507
4, 37.993, 497
5, 38.019, 507
4, 38.043, 499
5, 38.069, 507
4, 38.094, 500
5, 38.120, 507
4, 38.145, 501
5, 38.170, 507
4, 38.196, 501
5, 38.221, 508
4, 38.246, 500
5, 38.272, 507
4, 38.297, 499
5, 38.323, 507
4, 38.347, 498
5, 38.373, 507
4, 38.399, 495
5, 38.424, 508
4, 38.449, 493
5, 38.474, 507
4, 38.500, 490
5, 38.526, 507
4, 38.550, 487
5, 38.576, 508
4, 38.601, 484
5, 38.627, 507
4, 38.652, 482
5, 38.677, 507
4, 38.703, 479
5, 38.728, 507
4, 38.753, 479
5, 38.779, 507
4, 38.804, 477
5, 38.830, 507
4, 38.854, 477
5, 38.880, 507
4, 38.905, 476
5, 38.931, 507
4, 38.956, 478
5, 38.981, 507
4, 39.007, 479
5, 39.032, 507
4, 39.057, 480
5, 39.083, 507
4, 39.108, 482
5, 39.134, 507
4, 39.158, 484
5, 39.184, 506
4, 39.210, 488
5, 39.235, 507
4, 39.260, 490
5, 39.285, 507
4, 39.311, 492
5, 39.337, 507
4, 39.361, 495
5, 39.387, 507
4, 39.412, 497
5, 39.438, 506
4, 39.463, 498
5, 39.488, 507
4, 39.514, 500
5, 39.539, 507
4, 39.564, 502
5, 39.590, 507
4, 39.615, 500
5, 39.641, 507
4, 39.665, 500
5, 39.691, 507
4, 39.717, 498
5, 39.742, 507
4, 39.767, 496
5, 39.792, 507
4, 39.818, 494
5, 39.843, 507
4, 39.868, 492
5, 39.894, 507
4, 39.919, 490
5, 39.945, 507
4, 39.969, 487
5, 39.995, 507
4, 40.021, 484
5, 40.046, 507
4, 40.071, 482
5, 40.096, 507
4, 40.122, 480
5, 40.148, 507
4, 40.172, 479
5, 40.198, 507
4, 40.223, 478
5, 40.249, 507
4, 40.274, 477
5, 40.299, 507
4, 40.325, 478
5, 40.350, 507
4, 40.375, 478
5, 40.401, 507
4, 40.426, 479
5, 40.452, 506
4, 40.476, 481
5, 40.502, 507
4, 40.528, 483
5, 40.553, 507
4, 40.578, 484
5, 40.603, 507
4, 40.629, 488
5, 40.654, 507
4, 40.679, 490
5, 40.705, 507
4, 40.730, 493
5, 40.756, 506
4, 40.780, 495
5, 40.806, 507
4, 40.832, 497
5, 40.857, 507
4, 40.882, 498
5, 40.907, 506
4, 40.933, 499
5, 40.959, 507
4, 40.983, 499
5, 41.009, 507
4, 41.034, 499
5, 41.060, 507
4, 41.085, 498
5, 41.110, 507
4, 41.136, 497
5, 41.161, 507
4, 41.186, 496
5, 41.212, 506
4, 41.237, 494
5, 41.263, 507
4, 41.287, 491
5, 41.313, 507
4, 41.339, 489
5, 41.364, 508
4, 41.389, 486
5, 41.414, 507
4, 41.440, 485
5, 41.465, 507
4, 41.490, 482
5, 41.516, 508
4, 41.541, 481
5, 41.567, 507
4, 41.591, 479
5, 41.617, 507
4, 41.643, 479
5, 41.668, 507
4, 41.693, 478
5, 41.718, 507
4, 41.744, 478
5, 41.770, 507
4, 41.794, 479
5, 41.820, 507
4, 41.845, 481
5, 41.871, 507
4, 41.896, 482
5, 41.921, 507
4, 41.947, 483
5, 41.972, 507
4, 41.997, 485
5, 42.023, 507
4, 42.048, 488
5, 42.074, 507
4, 42.098, 490
5, 42.124, 507
4, 42.150, 493
5, 42.175, 507
4, 42.200, 495
5, 42.225, 507
4, 42.251, 496
5, 42.277, 507
4, 42.301, 498
5, 42.327, 507
4, 42.352, 499
5, 42.378, 507
4, 42.402, 499
5, 42.428, 507
4, 42.454, 498
5, 42.479, 507
4, 42.504, 498
5, 42.529, 507
4, 42.555, 497
5, 42.581, 507
4, 42.605, 496
5, 42.631, 507
4, 42.656, 493
5, 42.682, 507
4, 42.707, 491
5, 42.732, 506
4, 42.758, 489
5, 42.783, 507
4, 42.808, 486
5, 42.834, 507
4, 42.859, 484
5, 42.885, 507
4, 42.909, 483
5, 42.935, 506
4, 42.961, 481
5, 42.986, 507
4, 43.011, 480
5, 43.036, 507
4, 43.062, 480
5, 43.088, 507
4, 43.112, 479
5, 43.138, 507
4, 43.163, 479
5, 43.189, 507
4, 43.213, 480
5, 43.239, 507
4, 43.265, 481
5, 43.290, 507
4, 43.315, 483
5, 43.340, 507
4, 43.366, 485
5, 43.392, 507
4, 43.416, 487
5, 43.442, 507
4, 43.467, 489
5, 43.493, 507
4, 43.518, 491
5, 43.543, 507
4, 43.569, 493
5, 43.594, 508
4, 43.619, 495
5, 43.645, 507
4, 43.670, 496
5, 43.696, 506
4, 43.720, 498
5, 43.746, 506
4, 43.772, 498
5, 43.797, 507
4, 43.822, 498
5, 43.847, 507
4, 43.873, 497
5, 43.899, 507
4, 43.923, 496
5, 43.949, 508
4, 43.974, 495
5, 44.000, 508
4, 44.024, 494
5, 44.050, 508
4, 44.076, 493
5, 44.101, 506
4, 44.126, 490
5, 44.151, 507
4, 44.177, 488
5, 44.203, 507
4, 44.227, 486
5, 44.253, 507
4, 44.278, 484
5, 44.304, 507
4, 44.330, 483
5, 44.354, 507
4, 44.380, 481
5, 44.405, 507
4, 44.431, 480
5, 44.456, 507
4, 44.481, 480
5, 44.507, 508
4, 44.532, 480
5, 44.557, 507
4, 44.583, 480
5, 44.608, 507
4, 44.634, 481
5, 44.658, 507
4, 44.684, 482
5, 44.710, 507
4, 44.735, 484
5, 44.760, 507
4, 44.785, 485
5, 44.811, 508
4, 44.837, 487
5, 44.861, 507
4, 44.887, 489
5, 44.912, 507
4, 44.938, 491
5, 44.962, 507
4, 44.988, 493
5, 45.014, 507
4, 45.039, 495
5, 45.064, 508
4, 45.089, 496
5, 45.115, 507
4, 45.141, 496
5, 45.165, 507
4, 45.191, 497
5, 45.216, 507
4, 45.242, 497
5, 45.267, 507
4, 45.292, 497
5, 45.318, 507
4, 45.343, 496
5, 45.368, 508
4, 45.394, 494
5, 45.419, 507
4, 45.445, 493
5, 45.469, 507
4, 45.495, 491
5, 45.521, 507
4, 45.546, 489
5, 45.571, 507
4, 45.596, 487
5, 45.622, 508
4, 45.648, 486
5, 45.672, 507
4, 45.698, 484
5, 45.723, 507
4, 45.749, 482
5, 45.773, 507
4, 45.799, 482
5, 45.825, 507
4, 45.850, 481
5, 45.875, 507
4, 45.900, 480
5, 45.926, 507
4, 45.952, 480
5, 45.976, 507
4, 46.002, 481
5, 46.027, 507
4, 46.053, 482
5, 46.078, 507
4, 46.103, 484
5, 46.129, 507
4, 46.154, 484
5, 46.179, 507
4, 46.205, 486
5, 46.230, 507
4, 46.256, 488
5, 46.280, 507
4, 46.306, 490
5, 46.332, 507
4, 46.357, 491
5, 46.382, 507
4, 46.407, 494
5, 46.433, 507
4, 46.459, 494
5, 46.483, 507
4, 46.509, 495
5, 46.534, 508
4, 46.560, 496
5, 46.584, 507
4, 46.610, 496
5, 46.636, 507
4, 46.661, 496
5, 46.686, 506
4, 46.711, 496
5, 46.737, 507
4, 46.763, 495
5, 46.787, 507
4, 46.813, 494
5, 46.838, 507
4, 46.864, 493
5, 46.889, 506
4, 46.914, 491
5, 46.940, 507
4, 46.965, 489
5, 46.990, 507
4, 47.016, 488
5, 47.041, 507
4, 47.067, 486
5, 47.091, 507
4, 47.117, 484
5, 47.143, 507
4, 47.168, 483
5, 47.193, 507
4, 47.218, 482
5, 47.244, 507
4, 47.270, 482
5, 47.294, 506
4, 47.320, 481
5, 47.345, 507
4, 47.371, 482
5, 47.395, 507
4, 47.421, 483
5, 47.447, 507
4, 47.472, 483
5, 47.498, 507
4, 47.522, 485
5, 47.548, 507
4, 47.574, 486
5, 47.599, 506
4, 47.624, 488
5, 47.649, 507
4, 47.675, 489
5, 47.701, 506
4, 47.725, 490
5, 47.751, 507
4, 47.776, 492
5, 47.802, 507
4, 47.827, 493
5, 47.852, 507
4, 47.878, 495
5, 47.903, 507
4, 47.928, 496
5, 47.954, 507
4, 47.979, 496
5, 48.005, 507
4, 48.029, 495
5, 48.055, 507
4, 48.081, 496
5, 48.106, 507
4, 48.131, 495
5, 48.156, 506
4, 48.182, 494
5, 48.208, 507
4, 48.232, 493
5, 48.258, 507
4, 48.283, 492
5, 48.309, 507
4, 48.333, 490
5, 48.359, 507
4, 48.385, 489
5, 48.410, 507
4, 48.435, 487
5, 48.460, 507
4, 48.486, 486
5, 48.512, 507
4, 48.536, 484
5, 48.562, 508
4, 48.587, 484
5, 48.613, 507
4, 48.638, 482
5, 48.663, 507
4, 48.689, 482
5, 48.714, 507
4, 48.739, 482
5, 48.765, 507
4, 48.790, 482
5, 48.816, 507
4, 48.840, 483
5, 48.866, 507
4, 48.892, 484
5, 48.917, 507
4, 48.942, 486
5, 48.967, 507
4, 48.993, 486
5, 49.019, 508
4, 49.043, 487
5, 49.069, 507
4, 49.094, 489
5, 49.120, 507
4, 49.144, 490
5, 49.170, 507
4, 49.196, 492
5, 49.221, 508
4, 49.246, 493
5, 49.271, 507
4, 49.297, 494
5, 49.323, 507
4, 49.347, 495
5, 49.373, 507
4, 49.398, 495
5, 49.424, 507
4, 49.449, 495
5, 49.474, 507
4, 49.500, 495
5, 49.525, 507
4, 49.550, 495
5, 49.576, 506
4, 49.601, 494
5, 49.627, 507
4, 49.651, 492
5, 49.677, 507
4, 49.703, 491
5, 49.728, 507
4, 49.753, 489
5, 49.778, 507
4, 49.804, 489
5, 49.830, 507
4, 49.854, 487
5, 49.880, 506
4, 49.905, 486
5, 49.931, 507
4, 49.955, 484
5, 49.981, 507
4, 50.007, 484
5, 50.032, 507
4, 50.057, 484
5, 50.082, 507
4, 50.108, 483
5, 50.134, 507
4, 50.158, 483
5, 50.184, 507
4, 50.209, 484
5, 50.235, 507
4, 50.260, 484
5, 50.285, 507
4, 50.311, 485
5, 50.336, 507
4, 50.361, 486
5, 50.387, 507
4, 50.412, 487
5, 50.438, 507
4, 50.462, 489
5, 50.488, 507
4, 50.514, 490
5, 50.539, 507
4, 50.564, 491
5, 50.589, 506
4, 50.615, 493
5, 50.641, 507
4, 50.665, 493
5, 50.691, 507
4, 50.716, 494
5, 50.742, 507
4, 50.766, 495
5, 50.792, 507
4, 50.818, 495
5, 50.843, 507
4, 50.868, 494
5, 50.893, 507
4, 50.919, 494
5, 50.945, 507
4, 50.969, 494
5, 50.995, 507
4, 51.020, 493
5, 51.046, 507
4, 51.071, 492
5, 51.096, 507
4, 51.122, 491
5, 51.147, 507
4, 51.173, 489
5, 51.198, 507
4, 51.223, 489
5, 51.249, 507
4, 51.274, 487
5, 51.299, 507
4, 51.325, 486
5, 51.350, 507
4, 51.376, 485
5, 51.400, 507
4, 51.426, 484
5, 51.452, 507
4, 51.477, 484
5, 51.502, 507
4, 51.527, 483
5, 51.553, 507
4, 51.579, 484
5, 51.603, 507
4, 51.629, 484
5, 51.654, 507
4, 51.680, 486
5, 51.704, 507
4, 51.730, 486
5, 51.756, 507
4, 51.781, 487
5, 51.806, 507
4, 51.831, 487
5, 51.857, 507
4, 51.883, 489
5, 51.907, 507
4, 51.933, 491
5, 51.958, 506
4, 51.984, 491
5, 52.009, 507
4, 52.034, 492
5, 52.060, 507
4, 52.085, 493
5, 52.110, 507
4, 52.136, 494
5, 52.161, 507
4, 52.187, 494
5, 52.211, 507
4, 52.237, 495
5, 52.263, 507
4, 52.288, 494
5, 52.313, 507
4, 52.338, 493
5, 52.364, 508
4, 52.390, 493
5, 52.414, 507
4, 52.440, 492
5, 52.465, 507
4, 52.491, 491
5, 52.515, 507
4, 52.541, 490
5, 52.567, 508
4, 52.592, 487
5, 52.617, 507
4, 52.642, 487
5, 52.668, 508
4, 52.694, 486
5, 52.718, 507
4, 52.744, 485
5, 52.769, 507
4, 52.795, 485
5, 52.820, 507
4, 52.845, 484
5, 52.871, 507
4, 52.896, 484
5, 52.921, 508
4, 52.947, 484
5, 52.972, 507
4, 52.998, 484
5, 53.022, 507
4, 53.048, 485
5, 53.074, 507
4, 53.099, 486
5, 53.124, 507
4, 53.149, 486
5, 53.175, 507
4, 53.201, 487
5, 53.225, 507
4, 53.251, 488
5, 53.276, 507
4, 53.302, 490
5, 53.326, 507
4, 53.352, 491
5, 53.378, 507
4, 53.403, 491
5, 53.428, 507
4, 53.453, 492
5, 53.479, 507
4, 53.505, 493
5, 53.529, 507
4, 53.555, 493
5, 53.580, 507
4, 53.606, 493
5, 53.631, 507
4, 53.656, 493
5, 53.682, 507
4, 53.707, 493
5, 53.732, 506
4, 53.758, 493
5, 53.783, 507
4, 53.809, 492
5, 53.833, 507
4, 53.859, 491
5, 53.885, 507
4, 53.910, 490
5, 53.935, 507
4, 53.960, 490
5, 53.986, 507
4, 54.012, 488
5, 54.036, 507
4, 54.062, 487
5, 54.087, 507
4, 54.113, 486
5, 54.137, 507
4, 54.163, 486
5, 54.189, 507
4, 54.214, 485
5, 54.240, 507
4, 54.264, 485
5, 54.290, 507
4, 54.316, 484
5, 54.341, 507
4, 54.366, 485
5, 54.391, 507
4, 54.417, 485
5, 54.443, 508
4, 54.467, 486
5, 54.493, 507
4, 54.518, 486
5, 54.544, 507
4, 54.569, 487
5, 54.594, 507
4, 54.620, 488
5, 54.645, 507
4, 54.670, 489
5, 54.696, 507
4, 54.721, 490
5, 54.747, 508
4, 54.771, 491
5, 54.797, 507
4, 54.823, 492
5, 54.848, 507
4, 54.873, 493
5, 54.898, 506
4, 54.924, 493
5, 54.950, 507
4, 54.974, 493
5, 55.000, 507
4, 55.025, 493
5, 55.051, 507
4, 55.075, 493
5, 55.101, 507
4, 55.127, 493
5, 55.152, 507
4, 55.177, 492
5, 55.202, 507
4, 55.228, 491
5, 55.254, 507
4, 55.278, 491
5, 55.304, 507
4, 55.329, 490
5, 55.355, 507
4, 55.380, 489
5, 55.405, 507
4, 55.431, 488
5, 55.456, 506
4, 55.481, 488
5, 55.507, 507
4, 55.532, 487
5, 55.558, 507
4, 55.582, 486
5, 55.608, 507
4, 55.634, 485
5, 55.659, 507
4, 55.684, 485
5, 55.709, 507
4, 55.735, 485
5, 55.761, 507
4, 55.785, 485
5, 55.811, 507
4, 55.836, 486
5, 55.862, 507
4, 55.886, 486
5, 55.912, 508
4, 55.938, 487
5, 55.963, 507
4, 55.988, 488
5, 56.013, 507
4, 56.039, 489
5, 56.065, 507
4, 56.089, 489
5, 56.115, 507
4, 56.140, 490
5, 56.166, 508
4, 56.191, 491
5, 56.216, 507
4, 56.242, 492
5, 56.267, 507
4, 56.292, 492
5, 56.318, 508
4, 56.343, 492
5, 56.369, 507
4, 56.393, 492
5, 56.419, 507
4, 56.445, 493
5, 56.470, 507
4, 56.495, 492
5, 56.520, 508
4, 56.546, 492
5, 56.572, 507
4, 56.596, 491
5, 56.622, 507
4, 56.647, 491
5, 56.673, 507
4, 56.697, 490
5, 56.723, 507
4, 56.749, 490
5, 56.774, 507
4, 56.799, 489
5, 56.824, 507
4, 56.850, 488
5, 56.876, 508
4, 56.900, 487
5, 56.926, 506
4, 56.951, 487
5, 56.977, 507
4, 57.002, 486
5, 57.027, 507
4, 57.053, 486
5, 57.078, 507
4, 57.103, 486
5, 57.129, 508
4, 57.154, 486
5, 57.180, 506
4, 57.204, 486
5, 57.230, 507
4, 57.256, 487
5, 57.281, 507
4, 57.306, 487
5, 57.331, 507
4, 57.357, 488
5, 57.383, 507
4, 57.407, 489
5, 57.433, 507
4, 57.458, 490
5, 57.484, 507
4, 57.509, 490
5, 57.534, 507
4, 57.560, 491
5, 57.585, 506
4, 57.610, 492
5, 57.635, 506
4, 57.661, 492
5, 57.687, 507
4, 57.711, 492
5, 57.737, 507
4, 57.762, 492
5, 57.788, 507
4, 57.813, 493
5, 57.838, 507
4, 57.864, 493
5, 57.889, 508
4, 57.914, 492
5, 57.940, 507
4, 57.965, 492
5, 57.991, 507
4, 58.015, 491
5, 58.041, 507
4, 58.067, 490
5, 58.092, 506
4, 58.117, 489
5, 58.142, 507
4, 58.168, 490
5, 58.194, 507
4, 58.218, 489
5, 58.244, 507
4, 58.269, 488
5, 58.295, 507
4, 58.320, 487
5, 58.345, 507
4, 58.371, 487
5, 58.396, 507
4, 58.421, 487
5, 58.446, 507
4, 58.472, 486
5, 58.498, 507
4, 58.522, 486
5, 58.548, 507
4, 58.573, 487
5, 58.599, 507
4, 58.624, 487
5, 58.649, 506
4, 58.675, 487
5, 58.700, 507
4, 58.726, 488
5, 58.751, 507
4, 58.776, 488
5, 58.802, 507
4, 58.827, 489
5, 58.852, 507
4, 58.878, 490
5, 58.903, 507
4, 58.929, 490
5, 58.953, 507
4, 58.979, 491
5, 59.005, 507
4, 59.030, 491
5, 59.055, 507
4, 59.080, 492
5, 59.106, 508
4, 59.132, 492
5, 59.156, 507
4, 59.182, 492
5, 59.207, 507
4, 59.233, 492
5, 59.257, 507
4, 59.283, 492
5, 59.309, 507
4, 59.334, 491
5, 59.359, 507
4, 59.384, 491
5, 59.410, 507
4, 59.436, 490
5, 59.460, 507
4, 59.486, 490
5, 59.511, 507
4, 59.537, 489
5, 59.562, 507
4, 59.587, 488
5, 59.613, 506
4, 59.638, 488
5, 59.663, 507
4, 59.689, 488
5, 59.714, 507
4, 59.740, 487
5, 59.764, 507
4, 59.790, 486
5, 59.816, 507
4, 59.841, 486
5, 59.866, 508
4, 59.891, 486
5, 59.917, 507
4, 59.943, 487
5, 59.967, 507
4, 59.993, 487
5, 60.018, 507
4, 60.044, 488
5, 60.069, 507
4, 60.094, 487
5, 60.120, 507
4, 60.145, 488
5, 60.170, 507
4, 60.195, 488
5, 60.221, 507
4, 60.247, 489
5, 60.271, 508
4, 60.297, 490
5, 60.322, 507
4, 60.348, 490
5, 60.373, 507
4, 60.398, 491
5, 60.424, 505
4, 60.449, 491
5, 60.474, 507
4, 60.500, 491
5, 60.525, 508
4, 60.551, 491
5, 60.575, 507
4, 60.601, 492
5, 60.627, 507
4, 60.652, 492
5, 60.677, 507
4, 60.702, 492
5, 60.728, 507
4, 60.754, 491
5, 60.778, 508
4, 60.804, 491
5, 60.829, 508
4, 60.855, 490
5, 60.880, 507
4, 60.905, 489
5, 60.931, 507
4, 60.956, 488
5, 60.981, 507
4, 61.006, 488
5, 61.032, 507
4, 61.058, 488
5, 61.082, 507
4, 61.108, 488
5, 61.133, 506
4, 61.159, 487
5, 61.184, 507
4, 61.209, 487
5, 61.235, 507
4, 61.260, 486
5, 61.285, 508
4, 61.311, 486
5, 61.336, 507
4, 61.362, 487
5, 61.386, 507
4, 61.412, 487
5, 61.438, 507
4, 61.463, 489
5, 61.488, 508
4, 61.513, 488
5, 61.539, 507
4, 61.565, 489
5, 61.589, 507
4, 61.615, 489
5, 61.640, 507
4, 61.666, 490
5, 61.691, 507
4, 61.716, 491
5, 61.742, 507
4, 61.767, 491
5, 61.793, 506
4, 61.817, 491
5, 61.843, 507
4, 61.869, 491
5, 61.894, 507
4, 61.919, 491
5, 61.944, 507
4, 61.970, 491
5, 61.996, 507
4, 62.020, 491
5, 62.046, 507
4, 62.071, 491
5, 62.097, 508
4, 62.122, 491
5, 62.147, 507
4, 62.173, 490
5, 62.198, 507
4, 62.223, 490
5, 62.249, 507
4, 62.274, 490
5, 62.300, 507
4, 62.324, 489
5, 62.350, 507
4, 62.376, 489
5, 62.401, 506
4, 62.426, 488
5, 62.451, 507
4, 62.477, 488
5, 62.503, 506
4, 62.527, 488
5, 62.553, 507
4, 62.578, 488
5, 62.604, 507
4, 62.629, 487
5, 62.654, 508
4, 62.680, 488
5, 62.705, 507
4, 62.730, 487
5, 62.755, 507
4, 62.781, 488
5, 62.807, 507
4, 62.831, 488
5, 62.857, 507
4, 62.882, 489
5, 62.908, 507
4, 62.933, 489
5, 62.958, 507
4, 62.984, 489
5, 63.009, 507
4, 63.034, 490
5, 63.060, 507
4, 63.085, 490
5, 63.111, 507
4, 63.135, 491
5, 63.161, 507
4, 63.187, 491
5, 63.212, 507
4, 63.237, 491
5, 63.262, 506
4, 63.288, 491
5, 63.314, 507
4, 63.338, 493
5, 63.364, 507
4, 63.389, 491
5, 63.415, 507
4, 63.440, 491
5, 63.465, 507
4, 63.491, 491
5, 63.516, 507
4, 63.541, 491
5, 63.566, 507
4, 63.592, 490
5, 63.618, 507
4, 63.642, 489
5, 63.668, 508
4, 63.693, 489
5, 63.719, 507
4, 63.744, 488
5, 63.769, 508
4, 63.795, 488
5, 63.820, 508
4, 63.845, 488
5, 63.871, 507
4, 63.896, 487
5, 63.922, 507
4, 63.946, 488
5, 63.972, 507
4, 63.998, 488
5, 64.023, 507
4, 64.048, 487
5, 64.073, 507
4, 64.099, 489
5, 64.125, 507
4, 64.149, 487
5, 64.175, 507
4, 64.200, 488
5, 64.226, 507
4, 64.251, 488
5, 64.276, 507
4, 64.302, 489
5, 64.327, 506
4, 64.352, 489
5, 64.377, 507
4, 64.403, 491
5, 64.429, 507
4, 64.453, 490
5, 64.479, 507
4, 64.504, 491
5, 64.530, 507
4, 64.555, 491
5, 64.580, 507
4, 64.606, 491
5, 64.631, 507
4, 64.656, 492
5, 64.682, 507
4, 64.707, 491
5, 64.733, 508
4, 64.757, 491
5, 64.783, 507
4, 64.809, 492
5, 64.834, 507
4, 64.859, 490
5, 64.884, 507
4, 64.910, 490
5, 64.936, 507
4, 64.960, 490
5, 64.986, 507
4, 65.011, 490
5, 65.037, 507
4, 65.062, 489
5, 65.087, 507
4, 65.113, 489
5, 65.138, 507
4, 65.163, 489
5, 65.189, 507
4, 65.214, 489
5, 65.240, 508
4, 65.264, 488
5, 65.290, 508
4, 65.315, 489
5, 65.341, 508
4, 65.366, 488
5, 65.391, 507
4, 65.417, 488
5, 65.442, 507
4, 65.468, 488
5, 65.493, 507
4, 65.518, 489
5, 65.544, 507
4, 65.569, 488
5, 65.594, 507
4, 65.620, 489
5, 65.645, 507
4, 65.671, 489
5, 65.695, 507
4, 65.721, 489
5, 65.747, 507
4, 65.772, 490
5, 65.797, 507
4, 65.822, 490
5, 65.848, 507
4, 65.874, 491
5, 65.898, 507
4, 65.924, 491
5, 65.949, 507
4, 65.975, 491
5, 66.000, 507
4, 66.025, 491
5, 66.051, 507
4, 66.076, 491
5, 66.101, 507
4, 66.126, 491
5, 66.152, 506
4, 66.178, 491
5, 66.202, 507
4, 66.228, 491
5, 66.253, 507
4, 66.279, 490
5, 66.304, 507
4, 66.329, 490
5, 66.355, 507
4, 66.380, 489
5, 66.405, 507
4, 66.431, 489
5, 66.456, 507
4, 66.482, 489
5, 66.506, 507
4, 66.532, 488
5, 66.558, 507
4, 66.583, 489
5, 66.608, 507
4, 66.633, 488
5, 66.659, 507
4, 66.685, 488
5, 66.709, 507
4, 66.735, 488
5, 66.760, 507
4, 66.786, 488
5, 66.811, 507
4, 66.836, 488
5, 66.862, 507
4, 66.887, 489
5, 66.912, 507
4, 66.937, 489
5, 66.963, 507
4, 66.989, 489
5, 67.013, 507
4, 67.039, 489
5, 67.064, 507
4, 67.090, 489
5, 67.115, 508
4, 67.140, 489
5, 67.166, 507
4, 67.191, 489
5, 67.216, 507
4, 67.242, 491
5, 67.267, 507
4, 67.293, 490
5, 67.317, 507
4, 67.343, 491
5, 67.369, 507
4, 67.394, 491
5, 67.419, 508
4, 67.444, 491
5, 67.470, 508
4, 67.496, 491
5, 67.520, 507
4, 67.546, 490
5, 67.571, 507
4, 67.597, 490
5, 67.622, 508
4, 67.647, 490
5, 67.673, 507
4, 67.698, 490
5, 67.723, 507
4, 67.749, 489
5, 67.774, 507
4, 67.800, 489
5, 67.824, 507
4, 67.850, 489
5, 67.875, 507
4, 67.901, 488
5, 67.926, 507
4, 67.951, 489
5, 67.977, 507
4, 68.002, 488
5, 68.027, 507
4, 68.053, 488
5, 68.078, 507
4, 68.104, 488
5, 68.128, 507
4, 68.154, 488
5, 68.180, 507
4, 68.205, 489
5, 68.230, 507
4, 68.255, 488
5, 68.281, 508
4, 68.307, 488
5, 68.331, 508
4, 68.357, 490
5, 68.382, 507
4, 68.408, 489
5, 68.433, 507
4, 68.458, 489
5, 68.484, 508
4, 68.509, 490
5, 68.535, 507
4, 68.560, 490
5, 68.585, 507
4, 68.611, 490
5, 68.636, 508
4, 68.661, 491
5, 68.686, 507
4, 68.712, 491
5, 68.738, 507
4, 68.762, 490
5, 68.788, 507
4, 68.813, 491
5, 68.839, 507
4, 68.864, 491
5, 68.889, 507
4, 68.915, 490
5, 68.940, 507
4, 68.965, 490
5, 68.991, 507
4, 69.016, 490
5, 69.042, 507
4, 69.066, 490
5, 69.092, 507
4, 69.118, 489
5, 69.143, 508
4, 69.168, 489
5, 69.193, 507
4, 69.219, 489
5, 69.245, 507
4, 69.269, 489
5, 69.295, 508
4, 69.320, 488
5, 69.346, 507
4, 69.371, 489
5, 69.396, 508
4, 69.422, 488
5, 69.447, 507
4, 69.472, 488
5, 69.497, 507
4, 69.523, 489
5, 69.549, 508
4, 69.573, 489
5, 69.599, 507
4, 69.624, 489
5, 69.650, 507
4, 69.675, 488
5, 69.700, 507
4, 69.726, 489
5, 69.751, 507
4, 69.776, 489
5, 69.802, 507
4, 69.827, 491
5, 69.853, 507
4, 69.877, 490
5, 69.903, 506
4, 69.929, 491
5, 69.954, 507
4, 69.979, 490
5, 70.004, 507
4, 70.030, 491
5, 70.056, 507
4, 70.080, 491
5, 70.106, 507
4, 70.131, 491
5, 70.157, 507
4, 70.182, 491
5, 70.207, 507
4, 70.233, 491
5, 70.258, 507
4, 70.283, 491
5, 70.309, 507
4, 70.334, 490
5, 70.360, 507
4, 70.384, 490
5, 70.410, 507
4, 70.435, 490
5, 70.461, 507
4, 70.486, 490
5, 70.511, 507
4, 70.537, 490
5, 70.562, 507
4, 70.587, 489
5, 70.613, 507
4, 70.638, 489
5, 70.664, 507
4, 70.688, 489
5, 70.714, 507
4, 70.740, 488
5, 70.765, 507
4, 70.790, 489
5, 70.815, 507
4, 70.841, 488
5, 70.867, 507
4, 70.891, 488
5, 70.917, 508
4, 70.942, 489
5, 70.968, 508
4, 70.993, 489
5, 71.018, 507
4, 71.044, 489
5, 71.069, 508
4, 71.094, 489
5, 71.120, 507
4, 71.145, 489
5, 71.171, 507
4, 71.195, 490
5, 71.221, 506
4, 71.246, 489
5, 71.272, 507
4, 71.297, 490
5, 71.322, 507
4, 71.348, 490
5, 71.373, 507
4, 71.398, 490
5, 71.424, 507
4, 71.449, 491
5, 71.475, 507
4, 71.499, 490
5, 71.525, 507
4, 71.551, 490
5, 71.576, 507
4, 71.601, 491
5, 71.626, 507
4, 71.652, 491
5, 71.678, 507
4, 71.702, 490
5, 71.728, 507
4, 71.753, 490
5, 71.779, 507
4, 71.804, 490
5, 71.829, 508
4, 71.855, 490
5, 71.880, 507
4, 71.905, 489
5, 71.931, 507
4, 71.956, 489
5, 71.982, 507
4, 72.006, 489
5, 72.032, 507
4, 72.057, 489
5, 72.083, 507
4, 72.108, 488
5, 72.133, 508
4, 72.159, 489
5, 72.184, 507
4, 72.209, 489
5, 72.235, 507
4, 72.260, 489
5, 72.286, 507
4, 72.310, 489
5, 72.336, 507
4, 72.362, 489
5, 72.387, 508
4, 72.412, 489
5, 72.437, 508
4, 72.463, 489
5, 72.489, 507
4, 72.513, 490
5, 72.539, 508
4, 72.564, 490
5, 72.590, 508
4, 72.615, 491
5, 72.640, 507
4, 72.666, 490
5, 72.691, 507
4, 72.716, 491
5, 72.742, 507
4, 72.767, 490
5, 72.793, 507
4, 72.817, 490
5, 72.843, 508
4, 72.869, 490
5, 72.894, 507
4, 72.919, 491
5, 72.944, 507
4, 72.970, 491
5, 72.995, 507
4, 73.020, 490
5, 73.046, 507
4, 73.071, 490
5, 73.097, 507
4, 73.121, 490
5, 73.147, 507
4, 73.173, 490
5, 73.198, 507
4, 73.223, 488
5, 73.248, 507
4, 73.274, 490
5, 73.300, 507
4, 73.324, 489
5, 73.350, 507
4, 73.375, 490
5, 73.401, 507
4, 73.426, 489
5, 73.451, 507
4, 73.477, 489
5, 73.502, 507
4, 73.527, 489
5, 73.553, 507
4, 73.578, 489
5, 73.604, 507
4, 73.628, 489
5, 73.654, 507
4, 73.680, 489
5, 73.705, 507
4, 73.730, 489
5, 73.755, 508
4, 73.781, 489
5, 73.806, 507
4, 73.831, 490
5, 73.857, 507
4, 73.882, 489
5, 73.908, 507
4, 73.932, 490
5, 73.958, 508
4, 73.984, 490
5, 74.009, 507
4, 74.034, 491
5, 74.059, 507
4, 74.085, 490
5, 74.111, 507
4, 74.135, 490
5, 74.161, 508
4, 74.186, 490
5, 74.212, 507
4, 74.237, 490
5, 74.262, 507
4, 74.288, 490
5, 74.313, 507
4, 74.338, 490
5, 74.364, 507
4, 74.389, 490
5, 74.415, 508
4, 74.439, 490
5, 74.465, 507
4, 74.491, 490
5, 74.516, 507
4, 74.541, 491
5, 74.566, 507
4, 74.592, 489
5, 74.617, 507
4, 74.642, 490
5, 74.668, 507
4, 74.693, 490
5, 74.719, 507
4, 74.743, 489
5, 74.769, 507
4, 74.795, 489
5, 74.820, 507
4, 74.845, 489
5, 74.870, 507
4, 74.896, 489
5, 74.922, 507
4, 74.946, 490
5, 74.972, 507
4, 74.997, 489
5, 75.023, 507
4, 75.048, 489
5, 75.073, 507
4, 75.099, 489
5, 75.124, 508
4, 75.149, 490
5, 75.175, 507
4, 75.200, 489
5, 75.226, 507
4, 75.250, 490
5, 75.276, 507
4, 75.302, 490
5, 75.327, 507
4, 75.352, 490
5, 75.377, 507
4, 75.403, 491
5, 75.429, 507
4, 75.453, 491
5, 75.479, 507
4, 75.504, 490
5, 75.530, 507
4, 75.554, 490
5, 75.580, 508
4, 75.606, 490
5, 75.631, 507
4, 75.656, 490
5, 75.681, 507
4, 75.707, 490
5, 75.733, 507
4, 75.757, 490
5, 75.783, 507
4, 75.808, 490
5, 75.834, 508
4, 75.859, 490
5, 75.884, 507
4, 75.910, 490
5, 75.935, 507
4, 75.960, 490
5, 75.986, 507
4, 76.011, 490
5, 76.037, 508
4, 76.061, 489
5, 76.087, 507
4, 76.113, 489
5, 76.138, 508
4, 76.163, 489
5, 76.188, 507
4, 76.214, 489
5, 76.240, 507
4, 76.264, 489
5, 76.290, 507
4, 76.315, 489
5, 76.341, 507
4, 76.365, 489
5, 76.391, 507
4, 76.417, 489
5, 76.442, 507
4, 76.467, 490
5, 76.492, 507
4, 76.518, 489
5, 76.544, 508
4, 76.568, 489
5, 76.594, 508
4, 76.619, 490
5, 76.645, 508
4, 76.670, 490
5, 76.695, 507
4, 76.721, 490
5, 76.746, 508
4, 76.771, 491
5, 76.797, 507
4, 76.822, 490
5, 76.848, 508
4, 76.872, 490
5, 76.898, 508
4, 76.924, 491
5, 76.949, 508
4, 76.974, 490
5, 76.999, 507
4, 77.025, 491
5, 77.051, 507
4, 77.075, 490
5, 77.101, 507
4, 77.126, 490
5, 77.152, 508
4, 77.176, 490
5, 77.202, 507
4, 77.228, 489
5, 77.253, 507
4, 77.278, 489
5, 77.303, 507
4, 77.329, 490
5, 77.355, 507
4, 77.379, 489
5, 77.405, 507
4, 77.430, 489
5, 77.456, 507
4, 77.482, 489
5, 77.506, 507
4, 77.532, 489
5, 77.557, 507
4, 77.583, 489
5, 77.608, 505
4, 77.633, 489
5, 77.659, 506
4, 77.684, 489
5, 77.709, 507
4, 77.735, 490
5, 77.760, 507
4, 77.786, 489
5, 77.810, 507
4, 77.836, 490
5, 77.862, 507
4, 77.887, 489
5, 77.912, 507
4, 77.937, 491
5, 77.963, 507
4, 77.989, 490
5, 78.013, 507
4, 78.039, 490
5, 78.064, 507
4, 78.090, 490
5, 78.114, 507
4, 78.140, 490
5, 78.166, 507
4, 78.191, 490
5, 78.216, 507
4, 78.241, 491
5, 78.267, 508
4, 78.293, 491
5, 78.317, 507
4, 78.343, 490
5, 78.368, 507
4, 78.394, 491
5, 78.419, 507
4, 78.444, 490
5, 78.470, 507
4, 78.495, 490
5, 78.520, 507
4, 78.546, 491
5, 78.571, 507
4, 78.597, 490
5, 78.621, 507
4, 78.647, 490
5, 78.673, 507
4, 78.698, 490
5, 78.723, 508
4, 78.748, 490
5, 78.774, 507
4, 78.800, 490
5, 78.824, 507
4, 78.850, 490
5, 78.875, 507
4, 78.901, 490
5, 78.925, 507
4, 78.951, 490
5, 78.977, 507
4, 79.002, 490
5, 79.027, 507
4, 79.052, 490
5, 79.078, 507
4, 79.104, 489
5, 79.128, 507
4, 79.154, 490
5, 79.179, 507
4, 79.205, 490
5, 79.230, 507
4, 79.255, 490
5, 79.281, 507
4, 79.306, 490
5, 79.331, 507
4, 79.357, 490
5, 79.382, 507
4, 79.408, 490
5, 79.432, 507
4, 79.458, 490
5, 79.484, 507
4, 79.509, 490
5, 79.534, 507
4, 79.559, 490
5, 79.585, 507
4, 79.611, 491
5, 79.635, 507
4, 79.661, 490
5, 79.686, 507
4, 79.712, 490
5, 79.736, 507
4, 79.762, 490
5, 79.788, 507
4, 79.813, 490
5, 79.838, 507
4, 79.863, 490
5, 79.889, 507
4, 79.915, 490
5, 79.939, 508
4, 79.965, 490
5, 79.990, 507
4, 80.016, 490
5, 80.041, 507
4, 80.066, 490
5, 80.092, 508
4, 80.117, 489
5, 80.142, 508
4, 80.168, 490
5, 80.193, 508
4, 80.219, 489
5, 80.243, 507
4, 80.269, 490
5, 80.295, 507
4, 80.320, 489
5, 80.345, 507
4, 80.370, 490
5, 80.396, 508
4, 80.422, 489
5, 80.446, 507
4, 80.472, 490
5, 80.497, 508
4, 80.523, 490
5, 80.547, 507
4, 80.573, 489
5, 80.599, 507
4, 80.624, 490
5, 80.650, 507
4, 80.674, 490
5, 80.700, 508
4, 80.726, 490
5, 80.751, 507
4, 80.776, 490
5, 80.801, 507
4, 80.827, 491
5, 80.853, 507
4, 80.877, 491
5, 80.903, 507
4, 80.928, 490
5, 80.954, 508
4, 80.979, 490
5, 81.004, 508
4, 81.030, 490
5, 81.055, 507
4, 81.080, 490
5, 81.106, 507
4, 81.131, 490
5, 81.157, 507
4, 81.181, 490
5, 81.207, 508
4, 81.233, 490
5, 81.258, 508
4, 81.283, 490
5, 81.308, 506
4, 81.334, 489
5, 81.360, 507
4, 81.384, 489
5, 81.410, 507
4, 81.435, 490
5, 81.461, 507
4, 81.485, 489
5, 81.511, 507
4, 81.537, 489
5, 81.562, 507
4, 81.587, 490
5, 81.612, 508
4, 81.638, 489
5, 81.664, 507
4, 81.688, 490
5, 81.714, 507
4, 81.739, 489
5, 81.765, 508
4, 81.790, 489
5, 81.815, 507
4, 81.841, 490
5, 81.866, 507
4, 81.891, 490
5, 81.917, 507
4, 81.942, 491
5, 81.968, 506
4, 81.992, 490
5, 82.018, 507
4, 82.044, 491
5, 82.069, 507
4, 82.094, 491
5, 82.119, 507
4, 82.145, 491
5, 82.171, 507
4, 82.195, 490
5, 82.221, 507
4, 82.246, 491
5, 82.272, 507
4, 82.296, 490
5, 82.322, 507
4, 82.348, 491
5, 82.373, 507
4, 82.398, 490
5, 82.423, 507
4, 82.449, 490
5, 82.475, 507
4, 82.499, 490
5, 82.525, 507
4, 82.550, 491
5, 82.576, 507
4, 82.601, 490
5, 82.626, 508
4, 82.652, 490
5, 82.677, 507
4, 82.702, 490
5, 82.728, 507
4, 82.753, 490
5, 82.779, 507
4, 82.803, 490
5, 82.829, 507
4, 82.855, 489
5, 82.880, 507
4, 82.905, 489
5, 82.930, 507
4, 82.956, 489
5, 82.982, 508
4, 83.006, 490
5, 83.032, 508
4, 83.057, 489
5, 83.083, 507
4, 83.107, 490
5, 83.133, 507
4, 83.159, 490
5, 83.184, 508
4, 83.209, 490
5, 83.234, 507
4, 83.260, 489
5, 83.286, 508
4, 83.310, 490
5, 83.336, 508
4, 83.361, 490
5, 83.387, 508
4, 83.412, 490
5, 83.437, 507
4, 83.463, 490
5, 83.488, 508
4, 83.513, 490
5, 83.539, 507
4, 83.564, 490
5, 83.590, 507
4, 83.614, 490
5, 83.640, 507
4, 83.666, 490
5, 83.691, 508
4, 83.716, 490
5, 83.741, 508
4, 83.767, 490
5, 83.793, 507
4, 83.817, 490
5, 83.843, 507
4, 83.868, 490
5, 83.894, 508
4, 83.918, 490
5, 83.944, 508
4, 83.970, 490
5, 83.995, 508
4, 84.020, 490
5, 84.045, 508
4, 84.071, 490
5, 84.097, 507
4, 84.121, 490
5, 84.147, 507
4, 84.172, 490
5, 84.198, 508
4, 84.223, 489
5, 84.248, 507
4, 84.274, 489
5, 84.299, 508
4, 84.325, 490
5, 84.350, 508
4, 84.375, 489
5, 84.401, 507
4, 84.426, 490
5, 84.451, 507
4, 84.477, 490
5, 84.502, 507
4, 84.528, 490
5, 84.552, 507
4, 84.578, 490
5, 84.604, 508
4, 84.629, 490
5, 84.654, 507
4, 84.679, 490
5, 84.705, 507
4, 84.731, 490
5, 84.755, 508
4, 84.781, 490
5, 84.806, 508
4, 84.832, 490
5, 84.856, 508
4, 84.882, 490
5, 84.908, 508
4, 84.933, 490
5, 84.958, 507
4, 84.983, 490
5, 85.009, 507
4, 85.035, 490
5, 85.059, 507
4, 85.085, 490
5, 85.110, 507
4, 85.136, 490
5, 85.161, 507
4, 85.186, 490
5, 85.212, 507
4, 85.237, 490
5, 85.262, 507
4, 85.288, 490
5, 85.313, 507
4, 85.339, 490
5, 85.363, 508
4, 85.389, 490
5, 85.415, 506
4, 85.440, 490
5, 85.465, 507
4, 85.490, 490
5, 85.516, 507
4, 85.542, 490
5, 85.566, 507
4, 85.592, 490
5, 85.617, 507
4, 85.643, 489
5, 85.667, 507
4, 85.693, 490
5, 85.719, 507
4, 85.744, 490
5, 85.769, 507
4, 85.794, 490
5, 85.820, 507
4, 85.846, 490
5, 85.870, 507
4, 85.896, 491
5, 85.921, 507
4, 85.947, 490
5, 85.972, 508
4, 85.997, 490
5, 86.023, 508
4, 86.048, 490
5, 86.073, 507
4, 86.099, 490
5, 86.124, 507
4, 86.150, 491
5, 86.174, 507
4, 86.200, 490
5, 86.226, 508
4, 86.251, 490
5, 86.276, 507
4, 86.301, 491
5, 86.327, 507
4, 86.353, 491
5, 86.377, 507
4, 86.403, 490
5, 86.428, 507
4, 86.454, 491
5, 86.478, 507
4, 86.504, 490
5, 86.530, 507
4, 86.555, 490
5, 86.580, 507
4, 86.605, 490
5, 86.631, 507
4, 86.657, 491
5, 86.681, 507
4, 86.707, 490
5, 86.732, 507
4, 86.758, 490
5, 86.783, 507
4, 86.808, 490
5, 86.834, 507
