2026-03-12 15:44:28.041 | INFO     | baldaquin.runctrl:start_run:634 - Configuring packet buffering...
2026-03-12 15:44:28.042 | INFO     | baldaquin.buf:configure:144 - Configuring CircularBuffer with flush_size=100, flush_timeout=10.0 s...
2026-03-12 15:44:28.042 | INFO     | baldaquin.config:save:334 - Writing configuration dictionary to /home/lab1-student/baldaquindata/plasduino/0309_000093/0309_000093_config.json...
2026-03-12 15:44:28.042 | INFO     | baldaquin.runctrl:start_run:643 - Run Control started on 2026-03-12 15:44:28.042601+01:00 (1773326668.042601 s)
2026-03-12 15:44:28.042 | DEBUG    | baldaquin.buf:open:100 - Opening output file /home/lab1-student/baldaquindata/plasduino/0309_000093/0309_000093_data.dat {'mode': 'ab'}...
2026-03-12 15:44:28.042 | DEBUG    | baldaquin.buf:open:104 - Ouput file /home/lab1-student/baldaquindata/plasduino/0309_000093/0309_000093_data.dat closed.
2026-03-12 15:44:28.043 | INFO     | baldaquin.buf:set_primary_sink:216 - Connecting buffer to primary Sink -> /home/lab1-student/baldaquindata/plasduino/0309_000093/0309_000093_data.dat (WriteMode.BINARY)...
2026-03-12 15:44:28.043 | DEBUG    | baldaquin.buf:open:100 - Opening output file /home/lab1-student/baldaquindata/plasduino/0309_000093/0309_000093_data.txt {'mode': 'at', 'encoding': 'utf-8'}...
2026-03-12 15:44:28.043 | DEBUG    | baldaquin.buf:__init__:89 - Writing file header...
2026-03-12 15:44:28.043 | DEBUG    | baldaquin.buf:open:104 - Ouput file /home/lab1-student/baldaquindata/plasduino/0309_000093/0309_000093_data.txt closed.
2026-03-12 15:44:28.043 | INFO     | baldaquin.buf:add_custom_sink:228 - Connecting buffer to custom Sink -> /home/lab1-student/baldaquindata/plasduino/0309_000093/0309_000093_data.txt (WriteMode.TEXT, PlasduinoPacketBase.to_text)...
2026-03-12 15:44:28.043 | DEBUG    | baldaquin.plasduino.common:write_opcode:132 - Writing 1 to the serial port...
2026-03-12 15:44:28.044 | INFO     | baldaquin.app:start_run:83 - Starting Pendulum View user application...
2026-03-12 15:44:28.074 | INFO     | baldaquin.buf:flush:309 - 1 packets ready to be written out...
2026-03-12 15:44:28.074 | DEBUG    | baldaquin.buf:open:100 - Opening output file /home/lab1-student/baldaquindata/plasduino/0309_000086/0309_000086_data.txt {'mode': 'at', 'encoding': 'utf-8'}...
2026-03-12 15:44:28.074 | DEBUG    | baldaquin.buf:_write:285 - 14 bytes written to disk.
2026-03-12 15:44:28.074 | DEBUG    | baldaquin.buf:open:104 - Ouput file /home/lab1-student/baldaquindata/plasduino/0309_000086/0309_000086_data.txt closed.
2026-03-12 15:44:28.074 | DEBUG    | baldaquin.buf:open:100 - Opening output file /home/lab1-student/baldaquindata/plasduino/0309_000087/0309_000087_data.txt {'mode': 'at', 'encoding': 'utf-8'}...
2026-03-12 15:44:28.074 | DEBUG    | baldaquin.buf:_write:285 - 14 bytes written to disk.
2026-03-12 15:44:28.074 | DEBUG    | baldaquin.buf:open:104 - Ouput file /home/lab1-student/baldaquindata/plasduino/0309_000087/0309_000087_data.txt closed.
2026-03-12 15:44:28.074 | DEBUG    | baldaquin.buf:open:100 - Opening output file /home/lab1-student/baldaquindata/plasduino/0309_000088/0309_000088_data.txt {'mode': 'at', 'encoding': 'utf-8'}...
2026-03-12 15:44:28.075 | DEBUG    | baldaquin.buf:_write:285 - 14 bytes written to disk.
2026-03-12 15:44:28.075 | DEBUG    | baldaquin.buf:open:104 - Ouput file /home/lab1-student/baldaquindata/plasduino/0309_000088/0309_000088_data.txt closed.
2026-03-12 15:44:28.075 | DEBUG    | baldaquin.buf:open:100 - Opening output file /home/lab1-student/baldaquindata/plasduino/0309_000089/0309_000089_data.txt {'mode': 'at', 'encoding': 'utf-8'}...
2026-03-12 15:44:28.075 | DEBUG    | baldaquin.buf:_write:285 - 14 bytes written to disk.
2026-03-12 15:44:28.075 | DEBUG    | baldaquin.buf:open:104 - Ouput file /home/lab1-student/baldaquindata/plasduino/0309_000089/0309_000089_data.txt closed.
2026-03-12 15:44:28.075 | DEBUG    | baldaquin.buf:open:100 - Opening output file /home/lab1-student/baldaquindata/plasduino/0309_000090/0309_000090_data.txt {'mode': 'at', 'encoding': 'utf-8'}...
2026-03-12 15:44:28.075 | DEBUG    | baldaquin.buf:_write:285 - 14 bytes written to disk.
2026-03-12 15:44:28.075 | DEBUG    | baldaquin.buf:open:104 - Ouput file /home/lab1-student/baldaquindata/plasduino/0309_000090/0309_000090_data.txt closed.
2026-03-12 15:44:28.075 | DEBUG    | baldaquin.buf:open:100 - Opening output file /home/lab1-student/baldaquindata/plasduino/0309_000091/0309_000091_data.txt {'mode': 'at', 'encoding': 'utf-8'}...
2026-03-12 15:44:28.075 | DEBUG    | baldaquin.buf:_write:285 - 14 bytes written to disk.
2026-03-12 15:44:28.076 | DEBUG    | baldaquin.buf:open:104 - Ouput file /home/lab1-student/baldaquindata/plasduino/0309_000091/0309_000091_data.txt closed.
2026-03-12 15:44:28.076 | DEBUG    | baldaquin.buf:open:100 - Opening output file /home/lab1-student/baldaquindata/plasduino/0309_000092/0309_000092_data.txt {'mode': 'at', 'encoding': 'utf-8'}...
2026-03-12 15:44:28.076 | DEBUG    | baldaquin.buf:_write:285 - 14 bytes written to disk.
2026-03-12 15:44:28.076 | DEBUG    | baldaquin.buf:open:104 - Ouput file /home/lab1-student/baldaquindata/plasduino/0309_000092/0309_000092_data.txt closed.
2026-03-12 15:44:28.076 | DEBUG    | baldaquin.buf:open:100 - Opening output file /home/lab1-student/baldaquindata/plasduino/0309_000093/0309_000093_data.txt {'mode': 'at', 'encoding': 'utf-8'}...
2026-03-12 15:44:28.076 | DEBUG    | baldaquin.buf:_write:285 - 14 bytes written to disk.
2026-03-12 15:44:28.076 | DEBUG    | baldaquin.buf:open:104 - Ouput file /home/lab1-student/baldaquindata/plasduino/0309_000093/0309_000093_data.txt closed.
2026-03-12 15:44:28.076 | DEBUG    | baldaquin.buf:open:100 - Opening output file /home/lab1-student/baldaquindata/plasduino/0309_000093/0309_000093_data.dat {'mode': 'ab'}...
2026-03-12 15:44:28.076 | DEBUG    | baldaquin.buf:_pop_and_write_raw:259 - 8 bytes written to disk.
2026-03-12 15:44:28.076 | DEBUG    | baldaquin.buf:open:104 - Ouput file /home/lab1-student/baldaquindata/plasduino/0309_000093/0309_000093_data.dat closed.
2026-03-12 15:44:28.076 | INFO     | baldaquin.buf:flush:318 - 120 bytes (8 raw bytes) written to disk.
2026-03-12 15:44:28.076 | DEBUG    | baldaquin.profile:wrap:32 - Running time for flush(): 0.002934 s
2026-03-12 15:44:30.609 | INFO     | baldaquin.buf:flush:309 - 100 packets ready to be written out...
2026-03-12 15:44:30.609 | DEBUG    | baldaquin.buf:open:100 - Opening output file /home/lab1-student/baldaquindata/plasduino/0309_000086/0309_000086_data.txt {'mode': 'at', 'encoding': 'utf-8'}...
2026-03-12 15:44:30.610 | DEBUG    | baldaquin.buf:_write:285 - 1400 bytes written to disk.
2026-03-12 15:44:30.610 | DEBUG    | baldaquin.buf:open:104 - Ouput file /home/lab1-student/baldaquindata/plasduino/0309_000086/0309_000086_data.txt closed.
2026-03-12 15:44:30.610 | DEBUG    | baldaquin.buf:open:100 - Opening output file /home/lab1-student/baldaquindata/plasduino/0309_000087/0309_000087_data.txt {'mode': 'at', 'encoding': 'utf-8'}...
2026-03-12 15:44:30.610 | DEBUG    | baldaquin.buf:_write:285 - 1400 bytes written to disk.
2026-03-12 15:44:30.611 | DEBUG    | baldaquin.buf:open:104 - Ouput file /home/lab1-student/baldaquindata/plasduino/0309_000087/0309_000087_data.txt closed.
2026-03-12 15:44:30.611 | DEBUG    | baldaquin.buf:open:100 - Opening output file /home/lab1-student/baldaquindata/plasduino/0309_000088/0309_000088_data.txt {'mode': 'at', 'encoding': 'utf-8'}...
2026-03-12 15:44:30.611 | DEBUG    | baldaquin.buf:_write:285 - 1400 bytes written to disk.
2026-03-12 15:44:30.611 | DEBUG    | baldaquin.buf:open:104 - Ouput file /home/lab1-student/baldaquindata/plasduino/0309_000088/0309_000088_data.txt closed.
2026-03-12 15:44:30.611 | DEBUG    | baldaquin.buf:open:100 - Opening output file /home/lab1-student/baldaquindata/plasduino/0309_000089/0309_000089_data.txt {'mode': 'at', 'encoding': 'utf-8'}...
2026-03-12 15:44:30.612 | DEBUG    | baldaquin.buf:_write:285 - 1400 bytes written to disk.
2026-03-12 15:44:30.612 | DEBUG    | baldaquin.buf:open:104 - Ouput file /home/lab1-student/baldaquindata/plasduino/0309_000089/0309_000089_data.txt closed.
2026-03-12 15:44:30.612 | DEBUG    | baldaquin.buf:open:100 - Opening output file /home/lab1-student/baldaquindata/plasduino/0309_000090/0309_000090_data.txt {'mode': 'at', 'encoding': 'utf-8'}...
2026-03-12 15:44:30.613 | DEBUG    | baldaquin.buf:_write:285 - 1400 bytes written to disk.
2026-03-12 15:44:30.613 | DEBUG    | baldaquin.buf:open:104 - Ouput file /home/lab1-student/baldaquindata/plasduino/0309_000090/0309_000090_data.txt closed.
2026-03-12 15:44:30.613 | DEBUG    | baldaquin.buf:open:100 - Opening output file /home/lab1-student/baldaquindata/plasduino/0309_000091/0309_000091_data.txt {'mode': 'at', 'encoding': 'utf-8'}...
2026-03-12 15:44:30.613 | DEBUG    | baldaquin.buf:_write:285 - 1400 bytes written to disk.
2026-03-12 15:44:30.613 | DEBUG    | baldaquin.buf:open:104 - Ouput file /home/lab1-student/baldaquindata/plasduino/0309_000091/0309_000091_data.txt closed.
2026-03-12 15:44:30.613 | DEBUG    | baldaquin.buf:open:100 - Opening output file /home/lab1-student/baldaquindata/plasduino/0309_000092/0309_000092_data.txt {'mode': 'at', 'encoding': 'utf-8'}...
2026-03-12 15:44:30.614 | DEBUG    | baldaquin.buf:_write:285 - 1400 bytes written to disk.
2026-03-12 15:44:30.614 | DEBUG    | baldaquin.buf:open:104 - Ouput file /home/lab1-student/baldaquindata/plasduino/0309_000092/0309_000092_data.txt closed.
2026-03-12 15:44:30.614 | DEBUG    | baldaquin.buf:open:100 - Opening output file /home/lab1-student/baldaquindata/plasduino/0309_000093/0309_000093_data.txt {'mode': 'at', 'encoding': 'utf-8'}...
2026-03-12 15:44:30.615 | DEBUG    | baldaquin.buf:_write:285 - 1400 bytes written to disk.
2026-03-12 15:44:30.615 | DEBUG    | baldaquin.buf:open:104 - Ouput file /home/lab1-student/baldaquindata/plasduino/0309_000093/0309_000093_data.txt closed.
2026-03-12 15:44:30.615 | DEBUG    | baldaquin.buf:open:100 - Opening output file /home/lab1-student/baldaquindata/plasduino/0309_000093/0309_000093_data.dat {'mode': 'ab'}...
2026-03-12 15:44:30.616 | DEBUG    | baldaquin.buf:_pop_and_write_raw:259 - 800 bytes written to disk.
2026-03-12 15:44:30.616 | DEBUG    | baldaquin.buf:open:104 - Ouput file /home/lab1-student/baldaquindata/plasduino/0309_000093/0309_000093_data.dat closed.
2026-03-12 15:44:30.616 | INFO     | baldaquin.buf:flush:318 - 12000 bytes (800 raw bytes) written to disk.
2026-03-12 15:44:30.616 | DEBUG    | baldaquin.profile:wrap:32 - Running time for flush(): 0.006835 s
2026-03-12 15:44:33.149 | INFO     | baldaquin.buf:flush:309 - 100 packets ready to be written out...
2026-03-12 15:44:33.170 | DEBUG    | baldaquin.buf:open:100 - Opening output file /home/lab1-student/baldaquindata/plasduino/0309_000086/0309_000086_data.txt {'mode': 'at', 'encoding': 'utf-8'}...
2026-03-12 15:44:33.184 | DEBUG    | baldaquin.buf:_write:285 - 1400 bytes written to disk.
2026-03-12 15:44:33.187 | DEBUG    | baldaquin.buf:open:104 - Ouput file /home/lab1-student/baldaquindata/plasduino/0309_000086/0309_000086_data.txt closed.
2026-03-12 15:44:33.187 | DEBUG    | baldaquin.buf:open:100 - Opening output file /home/lab1-student/baldaquindata/plasduino/0309_000087/0309_000087_data.txt {'mode': 'at', 'encoding': 'utf-8'}...
2026-03-12 15:44:33.199 | DEBUG    | baldaquin.buf:_write:285 - 1400 bytes written to disk.
2026-03-12 15:44:33.206 | DEBUG    | baldaquin.buf:open:104 - Ouput file /home/lab1-student/baldaquindata/plasduino/0309_000087/0309_000087_data.txt closed.
2026-03-12 15:44:33.207 | DEBUG    | baldaquin.buf:open:100 - Opening output file /home/lab1-student/baldaquindata/plasduino/0309_000088/0309_000088_data.txt {'mode': 'at', 'encoding': 'utf-8'}...
2026-03-12 15:44:33.209 | DEBUG    | baldaquin.buf:_write:285 - 1400 bytes written to disk.
2026-03-12 15:44:33.211 | DEBUG    | baldaquin.buf:open:104 - Ouput file /home/lab1-student/baldaquindata/plasduino/0309_000088/0309_000088_data.txt closed.
2026-03-12 15:44:33.211 | DEBUG    | baldaquin.buf:open:100 - Opening output file /home/lab1-student/baldaquindata/plasduino/0309_000089/0309_000089_data.txt {'mode': 'at', 'encoding': 'utf-8'}...
2026-03-12 15:44:33.212 | DEBUG    | baldaquin.buf:_write:285 - 1400 bytes written to disk.
2026-03-12 15:44:33.213 | DEBUG    | baldaquin.buf:open:104 - Ouput file /home/lab1-student/baldaquindata/plasduino/0309_000089/0309_000089_data.txt closed.
2026-03-12 15:44:33.213 | DEBUG    | baldaquin.buf:open:100 - Opening output file /home/lab1-student/baldaquindata/plasduino/0309_000090/0309_000090_data.txt {'mode': 'at', 'encoding': 'utf-8'}...
2026-03-12 15:44:33.213 | DEBUG    | baldaquin.buf:_write:285 - 1400 bytes written to disk.
2026-03-12 15:44:33.214 | DEBUG    | baldaquin.buf:open:104 - Ouput file /home/lab1-student/baldaquindata/plasduino/0309_000090/0309_000090_data.txt closed.
2026-03-12 15:44:33.214 | DEBUG    | baldaquin.buf:open:100 - Opening output file /home/lab1-student/baldaquindata/plasduino/0309_000091/0309_000091_data.txt {'mode': 'at', 'encoding': 'utf-8'}...
2026-03-12 15:44:33.214 | DEBUG    | baldaquin.buf:_write:285 - 1400 bytes written to disk.
2026-03-12 15:44:33.217 | DEBUG    | baldaquin.buf:open:104 - Ouput file /home/lab1-student/baldaquindata/plasduino/0309_000091/0309_000091_data.txt closed.
2026-03-12 15:44:33.217 | DEBUG    | baldaquin.buf:open:100 - Opening output file /home/lab1-student/baldaquindata/plasduino/0309_000092/0309_000092_data.txt {'mode': 'at', 'encoding': 'utf-8'}...
2026-03-12 15:44:33.218 | DEBUG    | baldaquin.buf:_write:285 - 1400 bytes written to disk.
2026-03-12 15:44:33.218 | DEBUG    | baldaquin.buf:open:104 - Ouput file /home/lab1-student/baldaquindata/plasduino/0309_000092/0309_000092_data.txt closed.
2026-03-12 15:44:33.218 | DEBUG    | baldaquin.buf:open:100 - Opening output file /home/lab1-student/baldaquindata/plasduino/0309_000093/0309_000093_data.txt {'mode': 'at', 'encoding': 'utf-8'}...
2026-03-12 15:44:33.218 | DEBUG    | baldaquin.buf:_write:285 - 1400 bytes written to disk.
2026-03-12 15:44:33.219 | DEBUG    | baldaquin.buf:open:104 - Ouput file /home/lab1-student/baldaquindata/plasduino/0309_000093/0309_000093_data.txt closed.
2026-03-12 15:44:33.219 | DEBUG    | baldaquin.buf:open:100 - Opening output file /home/lab1-student/baldaquindata/plasduino/0309_000093/0309_000093_data.dat {'mode': 'ab'}...
2026-03-12 15:44:33.219 | DEBUG    | baldaquin.buf:_pop_and_write_raw:259 - 800 bytes written to disk.
2026-03-12 15:44:33.219 | DEBUG    | baldaquin.buf:open:104 - Ouput file /home/lab1-student/baldaquindata/plasduino/0309_000093/0309_000093_data.dat closed.
2026-03-12 15:44:33.219 | INFO     | baldaquin.buf:flush:318 - 12000 bytes (800 raw bytes) written to disk.
2026-03-12 15:44:33.219 | DEBUG    | baldaquin.profile:wrap:32 - Running time for flush(): 0.069846 s
2026-03-12 15:44:35.687 | INFO     | baldaquin.buf:flush:309 - 100 packets ready to be written out...
2026-03-12 15:44:35.687 | DEBUG    | baldaquin.buf:open:100 - Opening output file /home/lab1-student/baldaquindata/plasduino/0309_000086/0309_000086_data.txt {'mode': 'at', 'encoding': 'utf-8'}...
2026-03-12 15:44:35.689 | DEBUG    | baldaquin.buf:_write:285 - 1400 bytes written to disk.
2026-03-12 15:44:35.691 | DEBUG    | baldaquin.buf:open:104 - Ouput file /home/lab1-student/baldaquindata/plasduino/0309_000086/0309_000086_data.txt closed.
2026-03-12 15:44:35.692 | DEBUG    | baldaquin.buf:open:100 - Opening output file /home/lab1-student/baldaquindata/plasduino/0309_000087/0309_000087_data.txt {'mode': 'at', 'encoding': 'utf-8'}...
2026-03-12 15:44:35.701 | DEBUG    | baldaquin.buf:_write:285 - 1400 bytes written to disk.
2026-03-12 15:44:35.701 | DEBUG    | baldaquin.buf:open:104 - Ouput file /home/lab1-student/baldaquindata/plasduino/0309_000087/0309_000087_data.txt closed.
2026-03-12 15:44:35.701 | DEBUG    | baldaquin.buf:open:100 - Opening output file /home/lab1-student/baldaquindata/plasduino/0309_000088/0309_000088_data.txt {'mode': 'at', 'encoding': 'utf-8'}...
2026-03-12 15:44:35.702 | DEBUG    | baldaquin.buf:_write:285 - 1400 bytes written to disk.
2026-03-12 15:44:35.702 | DEBUG    | baldaquin.buf:open:104 - Ouput file /home/lab1-student/baldaquindata/plasduino/0309_000088/0309_000088_data.txt closed.
2026-03-12 15:44:35.702 | DEBUG    | baldaquin.buf:open:100 - Opening output file /home/lab1-student/baldaquindata/plasduino/0309_000089/0309_000089_data.txt {'mode': 'at', 'encoding': 'utf-8'}...
2026-03-12 15:44:35.703 | DEBUG    | baldaquin.buf:_write:285 - 1400 bytes written to disk.
2026-03-12 15:44:35.703 | DEBUG    | baldaquin.buf:open:104 - Ouput file /home/lab1-student/baldaquindata/plasduino/0309_000089/0309_000089_data.txt closed.
2026-03-12 15:44:35.703 | DEBUG    | baldaquin.buf:open:100 - Opening output file /home/lab1-student/baldaquindata/plasduino/0309_000090/0309_000090_data.txt {'mode': 'at', 'encoding': 'utf-8'}...
2026-03-12 15:44:35.704 | DEBUG    | baldaquin.buf:_write:285 - 1400 bytes written to disk.
2026-03-12 15:44:35.711 | DEBUG    | baldaquin.buf:open:104 - Ouput file /home/lab1-student/baldaquindata/plasduino/0309_000090/0309_000090_data.txt closed.
2026-03-12 15:44:35.714 | DEBUG    | baldaquin.buf:open:100 - Opening output file /home/lab1-student/baldaquindata/plasduino/0309_000091/0309_000091_data.txt {'mode': 'at', 'encoding': 'utf-8'}...
2026-03-12 15:44:35.714 | DEBUG    | baldaquin.buf:_write:285 - 1400 bytes written to disk.
2026-03-12 15:44:35.715 | DEBUG    | baldaquin.buf:open:104 - Ouput file /home/lab1-student/baldaquindata/plasduino/0309_000091/0309_000091_data.txt closed.
2026-03-12 15:44:35.715 | DEBUG    | baldaquin.buf:open:100 - Opening output file /home/lab1-student/baldaquindata/plasduino/0309_000092/0309_000092_data.txt {'mode': 'at', 'encoding': 'utf-8'}...
2026-03-12 15:44:35.716 | DEBUG    | baldaquin.buf:_write:285 - 1400 bytes written to disk.
2026-03-12 15:44:35.720 | DEBUG    | baldaquin.buf:open:104 - Ouput file /home/lab1-student/baldaquindata/plasduino/0309_000092/0309_000092_data.txt closed.
2026-03-12 15:44:35.721 | DEBUG    | baldaquin.buf:open:100 - Opening output file /home/lab1-student/baldaquindata/plasduino/0309_000093/0309_000093_data.txt {'mode': 'at', 'encoding': 'utf-8'}...
2026-03-12 15:44:35.722 | DEBUG    | baldaquin.buf:_write:285 - 1400 bytes written to disk.
2026-03-12 15:44:35.722 | DEBUG    | baldaquin.buf:open:104 - Ouput file /home/lab1-student/baldaquindata/plasduino/0309_000093/0309_000093_data.txt closed.
2026-03-12 15:44:35.722 | DEBUG    | baldaquin.buf:open:100 - Opening output file /home/lab1-student/baldaquindata/plasduino/0309_000093/0309_000093_data.dat {'mode': 'ab'}...
2026-03-12 15:44:35.722 | DEBUG    | baldaquin.buf:_pop_and_write_raw:259 - 800 bytes written to disk.
2026-03-12 15:44:35.722 | DEBUG    | baldaquin.buf:open:104 - Ouput file /home/lab1-student/baldaquindata/plasduino/0309_000093/0309_000093_data.dat closed.
2026-03-12 15:44:35.722 | INFO     | baldaquin.buf:flush:318 - 12000 bytes (800 raw bytes) written to disk.
2026-03-12 15:44:35.723 | DEBUG    | baldaquin.profile:wrap:32 - Running time for flush(): 0.035869 s
2026-03-12 15:44:38.219 | INFO     | baldaquin.buf:flush:309 - 100 packets ready to be written out...
2026-03-12 15:44:38.219 | DEBUG    | baldaquin.buf:open:100 - Opening output file /home/lab1-student/baldaquindata/plasduino/0309_000086/0309_000086_data.txt {'mode': 'at', 'encoding': 'utf-8'}...
2026-03-12 15:44:38.220 | DEBUG    | baldaquin.buf:_write:285 - 1407 bytes written to disk.
2026-03-12 15:44:38.220 | DEBUG    | baldaquin.buf:open:104 - Ouput file /home/lab1-student/baldaquindata/plasduino/0309_000086/0309_000086_data.txt closed.
2026-03-12 15:44:38.220 | DEBUG    | baldaquin.buf:open:100 - Opening output file /home/lab1-student/baldaquindata/plasduino/0309_000087/0309_000087_data.txt {'mode': 'at', 'encoding': 'utf-8'}...
2026-03-12 15:44:38.220 | DEBUG    | baldaquin.buf:_write:285 - 1407 bytes written to disk.
2026-03-12 15:44:38.221 | DEBUG    | baldaquin.buf:open:104 - Ouput file /home/lab1-student/baldaquindata/plasduino/0309_000087/0309_000087_data.txt closed.
2026-03-12 15:44:38.221 | DEBUG    | baldaquin.buf:open:100 - Opening output file /home/lab1-student/baldaquindata/plasduino/0309_000088/0309_000088_data.txt {'mode': 'at', 'encoding': 'utf-8'}...
2026-03-12 15:44:38.221 | DEBUG    | baldaquin.buf:_write:285 - 1407 bytes written to disk.
2026-03-12 15:44:38.221 | DEBUG    | baldaquin.buf:open:104 - Ouput file /home/lab1-student/baldaquindata/plasduino/0309_000088/0309_000088_data.txt closed.
2026-03-12 15:44:38.221 | DEBUG    | baldaquin.buf:open:100 - Opening output file /home/lab1-student/baldaquindata/plasduino/0309_000089/0309_000089_data.txt {'mode': 'at', 'encoding': 'utf-8'}...
2026-03-12 15:44:38.222 | DEBUG    | baldaquin.buf:_write:285 - 1407 bytes written to disk.
2026-03-12 15:44:38.222 | DEBUG    | baldaquin.buf:open:104 - Ouput file /home/lab1-student/baldaquindata/plasduino/0309_000089/0309_000089_data.txt closed.
2026-03-12 15:44:38.222 | DEBUG    | baldaquin.buf:open:100 - Opening output file /home/lab1-student/baldaquindata/plasduino/0309_000090/0309_000090_data.txt {'mode': 'at', 'encoding': 'utf-8'}...
2026-03-12 15:44:38.222 | DEBUG    | baldaquin.buf:_write:285 - 1407 bytes written to disk.
2026-03-12 15:44:38.223 | DEBUG    | baldaquin.buf:open:104 - Ouput file /home/lab1-student/baldaquindata/plasduino/0309_000090/0309_000090_data.txt closed.
2026-03-12 15:44:38.223 | DEBUG    | baldaquin.buf:open:100 - Opening output file /home/lab1-student/baldaquindata/plasduino/0309_000091/0309_000091_data.txt {'mode': 'at', 'encoding': 'utf-8'}...
2026-03-12 15:44:38.223 | DEBUG    | baldaquin.buf:_write:285 - 1407 bytes written to disk.
2026-03-12 15:44:38.235 | DEBUG    | baldaquin.buf:open:104 - Ouput file /home/lab1-student/baldaquindata/plasduino/0309_000091/0309_000091_data.txt closed.
2026-03-12 15:44:38.244 | DEBUG    | baldaquin.buf:open:100 - Opening output file /home/lab1-student/baldaquindata/plasduino/0309_000092/0309_000092_data.txt {'mode': 'at', 'encoding': 'utf-8'}...
2026-03-12 15:44:38.257 | DEBUG    | baldaquin.buf:_write:285 - 1407 bytes written to disk.
2026-03-12 15:44:38.263 | DEBUG    | baldaquin.buf:open:104 - Ouput file /home/lab1-student/baldaquindata/plasduino/0309_000092/0309_000092_data.txt closed.
2026-03-12 15:44:38.269 | DEBUG    | baldaquin.buf:open:100 - Opening output file /home/lab1-student/baldaquindata/plasduino/0309_000093/0309_000093_data.txt {'mode': 'at', 'encoding': 'utf-8'}...
2026-03-12 15:44:38.270 | DEBUG    | baldaquin.buf:_write:285 - 1407 bytes written to disk.
2026-03-12 15:44:38.271 | DEBUG    | baldaquin.buf:open:104 - Ouput file /home/lab1-student/baldaquindata/plasduino/0309_000093/0309_000093_data.txt closed.
2026-03-12 15:44:38.277 | DEBUG    | baldaquin.buf:open:100 - Opening output file /home/lab1-student/baldaquindata/plasduino/0309_000093/0309_000093_data.dat {'mode': 'ab'}...
2026-03-12 15:44:38.290 | DEBUG    | baldaquin.buf:_pop_and_write_raw:259 - 800 bytes written to disk.
2026-03-12 15:44:38.291 | DEBUG    | baldaquin.buf:open:104 - Ouput file /home/lab1-student/baldaquindata/plasduino/0309_000093/0309_000093_data.dat closed.
2026-03-12 15:44:38.291 | INFO     | baldaquin.buf:flush:318 - 12056 bytes (800 raw bytes) written to disk.
2026-03-12 15:44:38.293 | DEBUG    | baldaquin.profile:wrap:32 - Running time for flush(): 0.073858 s
2026-03-12 15:44:40.755 | INFO     | baldaquin.buf:flush:309 - 100 packets ready to be written out...
2026-03-12 15:44:40.755 | DEBUG    | baldaquin.buf:open:100 - Opening output file /home/lab1-student/baldaquindata/plasduino/0309_000086/0309_000086_data.txt {'mode': 'at', 'encoding': 'utf-8'}...
2026-03-12 15:44:40.758 | DEBUG    | baldaquin.buf:_write:285 - 1500 bytes written to disk.
2026-03-12 15:44:40.763 | DEBUG    | baldaquin.buf:open:104 - Ouput file /home/lab1-student/baldaquindata/plasduino/0309_000086/0309_000086_data.txt closed.
2026-03-12 15:44:40.763 | DEBUG    | baldaquin.buf:open:100 - Opening output file /home/lab1-student/baldaquindata/plasduino/0309_000087/0309_000087_data.txt {'mode': 'at', 'encoding': 'utf-8'}...
2026-03-12 15:44:40.770 | DEBUG    | baldaquin.buf:_write:285 - 1500 bytes written to disk.
2026-03-12 15:44:40.771 | DEBUG    | baldaquin.buf:open:104 - Ouput file /home/lab1-student/baldaquindata/plasduino/0309_000087/0309_000087_data.txt closed.
2026-03-12 15:44:40.771 | DEBUG    | baldaquin.buf:open:100 - Opening output file /home/lab1-student/baldaquindata/plasduino/0309_000088/0309_000088_data.txt {'mode': 'at', 'encoding': 'utf-8'}...
2026-03-12 15:44:40.772 | DEBUG    | baldaquin.buf:_write:285 - 1500 bytes written to disk.
2026-03-12 15:44:40.790 | DEBUG    | baldaquin.buf:open:104 - Ouput file /home/lab1-student/baldaquindata/plasduino/0309_000088/0309_000088_data.txt closed.
2026-03-12 15:44:40.790 | DEBUG    | baldaquin.buf:open:100 - Opening output file /home/lab1-student/baldaquindata/plasduino/0309_000089/0309_000089_data.txt {'mode': 'at', 'encoding': 'utf-8'}...
2026-03-12 15:44:40.793 | DEBUG    | baldaquin.buf:_write:285 - 1500 bytes written to disk.
2026-03-12 15:44:40.794 | DEBUG    | baldaquin.buf:open:104 - Ouput file /home/lab1-student/baldaquindata/plasduino/0309_000089/0309_000089_data.txt closed.
2026-03-12 15:44:40.794 | DEBUG    | baldaquin.buf:open:100 - Opening output file /home/lab1-student/baldaquindata/plasduino/0309_000090/0309_000090_data.txt {'mode': 'at', 'encoding': 'utf-8'}...
2026-03-12 15:44:40.794 | DEBUG    | baldaquin.buf:_write:285 - 1500 bytes written to disk.
2026-03-12 15:44:40.797 | DEBUG    | baldaquin.buf:open:104 - Ouput file /home/lab1-student/baldaquindata/plasduino/0309_000090/0309_000090_data.txt closed.
2026-03-12 15:44:40.798 | DEBUG    | baldaquin.buf:open:100 - Opening output file /home/lab1-student/baldaquindata/plasduino/0309_000091/0309_000091_data.txt {'mode': 'at', 'encoding': 'utf-8'}...
2026-03-12 15:44:40.798 | DEBUG    | baldaquin.buf:_write:285 - 1500 bytes written to disk.
2026-03-12 15:44:40.799 | DEBUG    | baldaquin.buf:open:104 - Ouput file /home/lab1-student/baldaquindata/plasduino/0309_000091/0309_000091_data.txt closed.
2026-03-12 15:44:40.799 | DEBUG    | baldaquin.buf:open:100 - Opening output file /home/lab1-student/baldaquindata/plasduino/0309_000092/0309_000092_data.txt {'mode': 'at', 'encoding': 'utf-8'}...
2026-03-12 15:44:40.800 | DEBUG    | baldaquin.buf:_write:285 - 1500 bytes written to disk.
2026-03-12 15:44:40.800 | DEBUG    | baldaquin.buf:open:104 - Ouput file /home/lab1-student/baldaquindata/plasduino/0309_000092/0309_000092_data.txt closed.
2026-03-12 15:44:40.800 | DEBUG    | baldaquin.buf:open:100 - Opening output file /home/lab1-student/baldaquindata/plasduino/0309_000093/0309_000093_data.txt {'mode': 'at', 'encoding': 'utf-8'}...
2026-03-12 15:44:40.804 | DEBUG    | baldaquin.buf:_write:285 - 1500 bytes written to disk.
2026-03-12 15:44:40.804 | DEBUG    | baldaquin.buf:open:104 - Ouput file /home/lab1-student/baldaquindata/plasduino/0309_000093/0309_000093_data.txt closed.
2026-03-12 15:44:40.804 | DEBUG    | baldaquin.buf:open:100 - Opening output file /home/lab1-student/baldaquindata/plasduino/0309_000093/0309_000093_data.dat {'mode': 'ab'}...
2026-03-12 15:44:40.805 | DEBUG    | baldaquin.buf:_pop_and_write_raw:259 - 800 bytes written to disk.
2026-03-12 15:44:40.809 | DEBUG    | baldaquin.buf:open:104 - Ouput file /home/lab1-student/baldaquindata/plasduino/0309_000093/0309_000093_data.dat closed.
2026-03-12 15:44:40.814 | INFO     | baldaquin.buf:flush:318 - 12800 bytes (800 raw bytes) written to disk.
2026-03-12 15:44:40.814 | DEBUG    | baldaquin.profile:wrap:32 - Running time for flush(): 0.059199 s
2026-03-12 15:44:43.289 | INFO     | baldaquin.buf:flush:309 - 100 packets ready to be written out...
2026-03-12 15:44:43.290 | DEBUG    | baldaquin.buf:open:100 - Opening output file /home/lab1-student/baldaquindata/plasduino/0309_000086/0309_000086_data.txt {'mode': 'at', 'encoding': 'utf-8'}...
2026-03-12 15:44:43.294 | DEBUG    | baldaquin.buf:_write:285 - 1500 bytes written to disk.
2026-03-12 15:44:43.302 | DEBUG    | baldaquin.buf:open:104 - Ouput file /home/lab1-student/baldaquindata/plasduino/0309_000086/0309_000086_data.txt closed.
2026-03-12 15:44:43.302 | DEBUG    | baldaquin.buf:open:100 - Opening output file /home/lab1-student/baldaquindata/plasduino/0309_000087/0309_000087_data.txt {'mode': 'at', 'encoding': 'utf-8'}...
2026-03-12 15:44:43.303 | DEBUG    | baldaquin.buf:_write:285 - 1500 bytes written to disk.
2026-03-12 15:44:43.303 | DEBUG    | baldaquin.buf:open:104 - Ouput file /home/lab1-student/baldaquindata/plasduino/0309_000087/0309_000087_data.txt closed.
2026-03-12 15:44:43.303 | DEBUG    | baldaquin.buf:open:100 - Opening output file /home/lab1-student/baldaquindata/plasduino/0309_000088/0309_000088_data.txt {'mode': 'at', 'encoding': 'utf-8'}...
2026-03-12 15:44:43.304 | DEBUG    | baldaquin.buf:_write:285 - 1500 bytes written to disk.
2026-03-12 15:44:43.304 | DEBUG    | baldaquin.buf:open:104 - Ouput file /home/lab1-student/baldaquindata/plasduino/0309_000088/0309_000088_data.txt closed.
2026-03-12 15:44:43.304 | DEBUG    | baldaquin.buf:open:100 - Opening output file /home/lab1-student/baldaquindata/plasduino/0309_000089/0309_000089_data.txt {'mode': 'at', 'encoding': 'utf-8'}...
2026-03-12 15:44:43.305 | DEBUG    | baldaquin.buf:_write:285 - 1500 bytes written to disk.
2026-03-12 15:44:43.305 | DEBUG    | baldaquin.buf:open:104 - Ouput file /home/lab1-student/baldaquindata/plasduino/0309_000089/0309_000089_data.txt closed.
2026-03-12 15:44:43.305 | DEBUG    | baldaquin.buf:open:100 - Opening output file /home/lab1-student/baldaquindata/plasduino/0309_000090/0309_000090_data.txt {'mode': 'at', 'encoding': 'utf-8'}...
2026-03-12 15:44:43.306 | DEBUG    | baldaquin.buf:_write:285 - 1500 bytes written to disk.
2026-03-12 15:44:43.306 | DEBUG    | baldaquin.buf:open:104 - Ouput file /home/lab1-student/baldaquindata/plasduino/0309_000090/0309_000090_data.txt closed.
2026-03-12 15:44:43.316 | DEBUG    | baldaquin.buf:open:100 - Opening output file /home/lab1-student/baldaquindata/plasduino/0309_000091/0309_000091_data.txt {'mode': 'at', 'encoding': 'utf-8'}...
2026-03-12 15:44:43.317 | DEBUG    | baldaquin.buf:_write:285 - 1500 bytes written to disk.
2026-03-12 15:44:43.320 | DEBUG    | baldaquin.buf:open:104 - Ouput file /home/lab1-student/baldaquindata/plasduino/0309_000091/0309_000091_data.txt closed.
2026-03-12 15:44:43.320 | DEBUG    | baldaquin.buf:open:100 - Opening output file /home/lab1-student/baldaquindata/plasduino/0309_000092/0309_000092_data.txt {'mode': 'at', 'encoding': 'utf-8'}...
2026-03-12 15:44:43.321 | DEBUG    | baldaquin.buf:_write:285 - 1500 bytes written to disk.
2026-03-12 15:44:43.321 | DEBUG    | baldaquin.buf:open:104 - Ouput file /home/lab1-student/baldaquindata/plasduino/0309_000092/0309_000092_data.txt closed.
2026-03-12 15:44:43.322 | DEBUG    | baldaquin.buf:open:100 - Opening output file /home/lab1-student/baldaquindata/plasduino/0309_000093/0309_000093_data.txt {'mode': 'at', 'encoding': 'utf-8'}...
2026-03-12 15:44:43.322 | DEBUG    | baldaquin.buf:_write:285 - 1500 bytes written to disk.
2026-03-12 15:44:43.322 | DEBUG    | baldaquin.buf:open:104 - Ouput file /home/lab1-student/baldaquindata/plasduino/0309_000093/0309_000093_data.txt closed.
2026-03-12 15:44:43.322 | DEBUG    | baldaquin.buf:open:100 - Opening output file /home/lab1-student/baldaquindata/plasduino/0309_000093/0309_000093_data.dat {'mode': 'ab'}...
2026-03-12 15:44:43.322 | DEBUG    | baldaquin.buf:_pop_and_write_raw:259 - 800 bytes written to disk.
2026-03-12 15:44:43.352 | DEBUG    | baldaquin.buf:open:104 - Ouput file /home/lab1-student/baldaquindata/plasduino/0309_000093/0309_000093_data.dat closed.
2026-03-12 15:44:43.369 | INFO     | baldaquin.buf:flush:318 - 12800 bytes (800 raw bytes) written to disk.
2026-03-12 15:44:43.371 | DEBUG    | baldaquin.profile:wrap:32 - Running time for flush(): 0.081660 s
2026-03-12 15:44:45.843 | INFO     | baldaquin.buf:flush:309 - 100 packets ready to be written out...
2026-03-12 15:44:45.843 | DEBUG    | baldaquin.buf:open:100 - Opening output file /home/lab1-student/baldaquindata/plasduino/0309_000086/0309_000086_data.txt {'mode': 'at', 'encoding': 'utf-8'}...
2026-03-12 15:44:45.860 | DEBUG    | baldaquin.buf:_write:285 - 1500 bytes written to disk.
2026-03-12 15:44:45.863 | DEBUG    | baldaquin.buf:open:104 - Ouput file /home/lab1-student/baldaquindata/plasduino/0309_000086/0309_000086_data.txt closed.
2026-03-12 15:44:45.864 | DEBUG    | baldaquin.buf:open:100 - Opening output file /home/lab1-student/baldaquindata/plasduino/0309_000087/0309_000087_data.txt {'mode': 'at', 'encoding': 'utf-8'}...
2026-03-12 15:44:45.866 | DEBUG    | baldaquin.buf:_write:285 - 1500 bytes written to disk.
2026-03-12 15:44:45.866 | DEBUG    | baldaquin.buf:open:104 - Ouput file /home/lab1-student/baldaquindata/plasduino/0309_000087/0309_000087_data.txt closed.
2026-03-12 15:44:45.866 | DEBUG    | baldaquin.buf:open:100 - Opening output file /home/lab1-student/baldaquindata/plasduino/0309_000088/0309_000088_data.txt {'mode': 'at', 'encoding': 'utf-8'}...
2026-03-12 15:44:45.868 | DEBUG    | baldaquin.buf:_write:285 - 1500 bytes written to disk.
2026-03-12 15:44:45.868 | DEBUG    | baldaquin.buf:open:104 - Ouput file /home/lab1-student/baldaquindata/plasduino/0309_000088/0309_000088_data.txt closed.
2026-03-12 15:44:45.870 | DEBUG    | baldaquin.buf:open:100 - Opening output file /home/lab1-student/baldaquindata/plasduino/0309_000089/0309_000089_data.txt {'mode': 'at', 'encoding': 'utf-8'}...
2026-03-12 15:44:45.872 | DEBUG    | baldaquin.buf:_write:285 - 1500 bytes written to disk.
2026-03-12 15:44:45.872 | DEBUG    | baldaquin.buf:open:104 - Ouput file /home/lab1-student/baldaquindata/plasduino/0309_000089/0309_000089_data.txt closed.
2026-03-12 15:44:45.872 | DEBUG    | baldaquin.buf:open:100 - Opening output file /home/lab1-student/baldaquindata/plasduino/0309_000090/0309_000090_data.txt {'mode': 'at', 'encoding': 'utf-8'}...
2026-03-12 15:44:45.892 | DEBUG    | baldaquin.buf:_write:285 - 1500 bytes written to disk.
2026-03-12 15:44:45.899 | DEBUG    | baldaquin.buf:open:104 - Ouput file /home/lab1-student/baldaquindata/plasduino/0309_000090/0309_000090_data.txt closed.
2026-03-12 15:44:45.899 | DEBUG    | baldaquin.buf:open:100 - Opening output file /home/lab1-student/baldaquindata/plasduino/0309_000091/0309_000091_data.txt {'mode': 'at', 'encoding': 'utf-8'}...
2026-03-12 15:44:45.901 | DEBUG    | baldaquin.buf:_write:285 - 1500 bytes written to disk.
2026-03-12 15:44:45.903 | DEBUG    | baldaquin.buf:open:104 - Ouput file /home/lab1-student/baldaquindata/plasduino/0309_000091/0309_000091_data.txt closed.
2026-03-12 15:44:45.903 | DEBUG    | baldaquin.buf:open:100 - Opening output file /home/lab1-student/baldaquindata/plasduino/0309_000092/0309_000092_data.txt {'mode': 'at', 'encoding': 'utf-8'}...
2026-03-12 15:44:45.905 | DEBUG    | baldaquin.buf:_write:285 - 1500 bytes written to disk.
2026-03-12 15:44:45.906 | DEBUG    | baldaquin.buf:open:104 - Ouput file /home/lab1-student/baldaquindata/plasduino/0309_000092/0309_000092_data.txt closed.
2026-03-12 15:44:45.913 | DEBUG    | baldaquin.buf:open:100 - Opening output file /home/lab1-student/baldaquindata/plasduino/0309_000093/0309_000093_data.txt {'mode': 'at', 'encoding': 'utf-8'}...
2026-03-12 15:44:45.914 | DEBUG    | baldaquin.buf:_write:285 - 1500 bytes written to disk.
2026-03-12 15:44:45.915 | DEBUG    | baldaquin.buf:open:104 - Ouput file /home/lab1-student/baldaquindata/plasduino/0309_000093/0309_000093_data.txt closed.
2026-03-12 15:44:45.915 | DEBUG    | baldaquin.buf:open:100 - Opening output file /home/lab1-student/baldaquindata/plasduino/0309_000093/0309_000093_data.dat {'mode': 'ab'}...
2026-03-12 15:44:45.915 | DEBUG    | baldaquin.buf:_pop_and_write_raw:259 - 800 bytes written to disk.
2026-03-12 15:44:45.915 | DEBUG    | baldaquin.buf:open:104 - Ouput file /home/lab1-student/baldaquindata/plasduino/0309_000093/0309_000093_data.dat closed.
2026-03-12 15:44:45.915 | INFO     | baldaquin.buf:flush:318 - 12800 bytes (800 raw bytes) written to disk.
2026-03-12 15:44:45.916 | DEBUG    | baldaquin.profile:wrap:32 - Running time for flush(): 0.072367 s
2026-03-12 15:44:48.365 | INFO     | baldaquin.buf:flush:309 - 100 packets ready to be written out...
2026-03-12 15:44:48.365 | DEBUG    | baldaquin.buf:open:100 - Opening output file /home/lab1-student/baldaquindata/plasduino/0309_000086/0309_000086_data.txt {'mode': 'at', 'encoding': 'utf-8'}...
2026-03-12 15:44:48.366 | DEBUG    | baldaquin.buf:_write:285 - 1500 bytes written to disk.
2026-03-12 15:44:48.367 | DEBUG    | baldaquin.buf:open:104 - Ouput file /home/lab1-student/baldaquindata/plasduino/0309_000086/0309_000086_data.txt closed.
2026-03-12 15:44:48.367 | DEBUG    | baldaquin.buf:open:100 - Opening output file /home/lab1-student/baldaquindata/plasduino/0309_000087/0309_000087_data.txt {'mode': 'at', 'encoding': 'utf-8'}...
2026-03-12 15:44:48.369 | DEBUG    | baldaquin.buf:_write:285 - 1500 bytes written to disk.
2026-03-12 15:44:48.370 | DEBUG    | baldaquin.buf:open:104 - Ouput file /home/lab1-student/baldaquindata/plasduino/0309_000087/0309_000087_data.txt closed.
2026-03-12 15:44:48.388 | DEBUG    | baldaquin.buf:open:100 - Opening output file /home/lab1-student/baldaquindata/plasduino/0309_000088/0309_000088_data.txt {'mode': 'at', 'encoding': 'utf-8'}...
2026-03-12 15:44:48.398 | DEBUG    | baldaquin.buf:_write:285 - 1500 bytes written to disk.
2026-03-12 15:44:48.399 | DEBUG    | baldaquin.buf:open:104 - Ouput file /home/lab1-student/baldaquindata/plasduino/0309_000088/0309_000088_data.txt closed.
2026-03-12 15:44:48.400 | DEBUG    | baldaquin.buf:open:100 - Opening output file /home/lab1-student/baldaquindata/plasduino/0309_000089/0309_000089_data.txt {'mode': 'at', 'encoding': 'utf-8'}...
2026-03-12 15:44:48.412 | DEBUG    | baldaquin.buf:_write:285 - 1500 bytes written to disk.
2026-03-12 15:44:48.413 | DEBUG    | baldaquin.buf:open:104 - Ouput file /home/lab1-student/baldaquindata/plasduino/0309_000089/0309_000089_data.txt closed.
2026-03-12 15:44:48.413 | DEBUG    | baldaquin.buf:open:100 - Opening output file /home/lab1-student/baldaquindata/plasduino/0309_000090/0309_000090_data.txt {'mode': 'at', 'encoding': 'utf-8'}...
2026-03-12 15:44:48.414 | DEBUG    | baldaquin.buf:_write:285 - 1500 bytes written to disk.
2026-03-12 15:44:48.414 | DEBUG    | baldaquin.buf:open:104 - Ouput file /home/lab1-student/baldaquindata/plasduino/0309_000090/0309_000090_data.txt closed.
2026-03-12 15:44:48.414 | DEBUG    | baldaquin.buf:open:100 - Opening output file /home/lab1-student/baldaquindata/plasduino/0309_000091/0309_000091_data.txt {'mode': 'at', 'encoding': 'utf-8'}...
2026-03-12 15:44:48.415 | DEBUG    | baldaquin.buf:_write:285 - 1500 bytes written to disk.
2026-03-12 15:44:48.415 | DEBUG    | baldaquin.buf:open:104 - Ouput file /home/lab1-student/baldaquindata/plasduino/0309_000091/0309_000091_data.txt closed.
2026-03-12 15:44:48.415 | DEBUG    | baldaquin.buf:open:100 - Opening output file /home/lab1-student/baldaquindata/plasduino/0309_000092/0309_000092_data.txt {'mode': 'at', 'encoding': 'utf-8'}...
2026-03-12 15:44:48.416 | DEBUG    | baldaquin.buf:_write:285 - 1500 bytes written to disk.
2026-03-12 15:44:48.416 | DEBUG    | baldaquin.buf:open:104 - Ouput file /home/lab1-student/baldaquindata/plasduino/0309_000092/0309_000092_data.txt closed.
2026-03-12 15:44:48.416 | DEBUG    | baldaquin.buf:open:100 - Opening output file /home/lab1-student/baldaquindata/plasduino/0309_000093/0309_000093_data.txt {'mode': 'at', 'encoding': 'utf-8'}...
2026-03-12 15:44:48.417 | DEBUG    | baldaquin.buf:_write:285 - 1500 bytes written to disk.
2026-03-12 15:44:48.427 | DEBUG    | baldaquin.buf:open:104 - Ouput file /home/lab1-student/baldaquindata/plasduino/0309_000093/0309_000093_data.txt closed.
2026-03-12 15:44:48.428 | DEBUG    | baldaquin.buf:open:100 - Opening output file /home/lab1-student/baldaquindata/plasduino/0309_000093/0309_000093_data.dat {'mode': 'ab'}...
2026-03-12 15:44:48.428 | DEBUG    | baldaquin.buf:_pop_and_write_raw:259 - 800 bytes written to disk.
2026-03-12 15:44:48.432 | DEBUG    | baldaquin.buf:open:104 - Ouput file /home/lab1-student/baldaquindata/plasduino/0309_000093/0309_000093_data.dat closed.
2026-03-12 15:44:48.432 | INFO     | baldaquin.buf:flush:318 - 12800 bytes (800 raw bytes) written to disk.
2026-03-12 15:44:48.432 | DEBUG    | baldaquin.profile:wrap:32 - Running time for flush(): 0.067290 s
2026-03-12 15:44:50.900 | INFO     | baldaquin.buf:flush:309 - 100 packets ready to be written out...
2026-03-12 15:44:50.900 | DEBUG    | baldaquin.buf:open:100 - Opening output file /home/lab1-student/baldaquindata/plasduino/0309_000086/0309_000086_data.txt {'mode': 'at', 'encoding': 'utf-8'}...
2026-03-12 15:44:50.902 | DEBUG    | baldaquin.buf:_write:285 - 1500 bytes written to disk.
2026-03-12 15:44:50.902 | DEBUG    | baldaquin.buf:open:104 - Ouput file /home/lab1-student/baldaquindata/plasduino/0309_000086/0309_000086_data.txt closed.
2026-03-12 15:44:50.902 | DEBUG    | baldaquin.buf:open:100 - Opening output file /home/lab1-student/baldaquindata/plasduino/0309_000087/0309_000087_data.txt {'mode': 'at', 'encoding': 'utf-8'}...
2026-03-12 15:44:50.903 | DEBUG    | baldaquin.buf:_write:285 - 1500 bytes written to disk.
2026-03-12 15:44:50.906 | DEBUG    | baldaquin.buf:open:104 - Ouput file /home/lab1-student/baldaquindata/plasduino/0309_000087/0309_000087_data.txt closed.
2026-03-12 15:44:50.908 | DEBUG    | baldaquin.buf:open:100 - Opening output file /home/lab1-student/baldaquindata/plasduino/0309_000088/0309_000088_data.txt {'mode': 'at', 'encoding': 'utf-8'}...
2026-03-12 15:44:50.908 | DEBUG    | baldaquin.buf:_write:285 - 1500 bytes written to disk.
2026-03-12 15:44:50.908 | DEBUG    | baldaquin.buf:open:104 - Ouput file /home/lab1-student/baldaquindata/plasduino/0309_000088/0309_000088_data.txt closed.
2026-03-12 15:44:50.909 | DEBUG    | baldaquin.buf:open:100 - Opening output file /home/lab1-student/baldaquindata/plasduino/0309_000089/0309_000089_data.txt {'mode': 'at', 'encoding': 'utf-8'}...
2026-03-12 15:44:50.909 | DEBUG    | baldaquin.buf:_write:285 - 1500 bytes written to disk.
2026-03-12 15:44:50.909 | DEBUG    | baldaquin.buf:open:104 - Ouput file /home/lab1-student/baldaquindata/plasduino/0309_000089/0309_000089_data.txt closed.
2026-03-12 15:44:50.909 | DEBUG    | baldaquin.buf:open:100 - Opening output file /home/lab1-student/baldaquindata/plasduino/0309_000090/0309_000090_data.txt {'mode': 'at', 'encoding': 'utf-8'}...
2026-03-12 15:44:50.910 | DEBUG    | baldaquin.buf:_write:285 - 1500 bytes written to disk.
2026-03-12 15:44:50.910 | DEBUG    | baldaquin.buf:open:104 - Ouput file /home/lab1-student/baldaquindata/plasduino/0309_000090/0309_000090_data.txt closed.
2026-03-12 15:44:50.910 | DEBUG    | baldaquin.buf:open:100 - Opening output file /home/lab1-student/baldaquindata/plasduino/0309_000091/0309_000091_data.txt {'mode': 'at', 'encoding': 'utf-8'}...
2026-03-12 15:44:50.911 | DEBUG    | baldaquin.buf:_write:285 - 1500 bytes written to disk.
2026-03-12 15:44:50.911 | DEBUG    | baldaquin.buf:open:104 - Ouput file /home/lab1-student/baldaquindata/plasduino/0309_000091/0309_000091_data.txt closed.
2026-03-12 15:44:50.911 | DEBUG    | baldaquin.buf:open:100 - Opening output file /home/lab1-student/baldaquindata/plasduino/0309_000092/0309_000092_data.txt {'mode': 'at', 'encoding': 'utf-8'}...
2026-03-12 15:44:50.912 | DEBUG    | baldaquin.buf:_write:285 - 1500 bytes written to disk.
2026-03-12 15:44:50.912 | DEBUG    | baldaquin.buf:open:104 - Ouput file /home/lab1-student/baldaquindata/plasduino/0309_000092/0309_000092_data.txt closed.
2026-03-12 15:44:50.912 | DEBUG    | baldaquin.buf:open:100 - Opening output file /home/lab1-student/baldaquindata/plasduino/0309_000093/0309_000093_data.txt {'mode': 'at', 'encoding': 'utf-8'}...
2026-03-12 15:44:50.913 | DEBUG    | baldaquin.buf:_write:285 - 1500 bytes written to disk.
2026-03-12 15:44:50.913 | DEBUG    | baldaquin.buf:open:104 - Ouput file /home/lab1-student/baldaquindata/plasduino/0309_000093/0309_000093_data.txt closed.
2026-03-12 15:44:50.913 | DEBUG    | baldaquin.buf:open:100 - Opening output file /home/lab1-student/baldaquindata/plasduino/0309_000093/0309_000093_data.dat {'mode': 'ab'}...
2026-03-12 15:44:50.913 | DEBUG    | baldaquin.buf:_pop_and_write_raw:259 - 800 bytes written to disk.
2026-03-12 15:44:50.913 | DEBUG    | baldaquin.buf:open:104 - Ouput file /home/lab1-student/baldaquindata/plasduino/0309_000093/0309_000093_data.dat closed.
2026-03-12 15:44:50.913 | INFO     | baldaquin.buf:flush:318 - 12800 bytes (800 raw bytes) written to disk.
2026-03-12 15:44:50.913 | DEBUG    | baldaquin.profile:wrap:32 - Running time for flush(): 0.013635 s
2026-03-12 15:44:53.448 | INFO     | baldaquin.buf:flush:309 - 100 packets ready to be written out...
2026-03-12 15:44:53.453 | DEBUG    | baldaquin.buf:open:100 - Opening output file /home/lab1-student/baldaquindata/plasduino/0309_000086/0309_000086_data.txt {'mode': 'at', 'encoding': 'utf-8'}...
2026-03-12 15:44:53.454 | DEBUG    | baldaquin.buf:_write:285 - 1500 bytes written to disk.
2026-03-12 15:44:53.459 | DEBUG    | baldaquin.buf:open:104 - Ouput file /home/lab1-student/baldaquindata/plasduino/0309_000086/0309_000086_data.txt closed.
2026-03-12 15:44:53.462 | DEBUG    | baldaquin.buf:open:100 - Opening output file /home/lab1-student/baldaquindata/plasduino/0309_000087/0309_000087_data.txt {'mode': 'at', 'encoding': 'utf-8'}...
2026-03-12 15:44:53.463 | DEBUG    | baldaquin.buf:_write:285 - 1500 bytes written to disk.
2026-03-12 15:44:53.468 | DEBUG    | baldaquin.buf:open:104 - Ouput file /home/lab1-student/baldaquindata/plasduino/0309_000087/0309_000087_data.txt closed.
2026-03-12 15:44:53.468 | DEBUG    | baldaquin.buf:open:100 - Opening output file /home/lab1-student/baldaquindata/plasduino/0309_000088/0309_000088_data.txt {'mode': 'at', 'encoding': 'utf-8'}...
2026-03-12 15:44:53.480 | DEBUG    | baldaquin.buf:_write:285 - 1500 bytes written to disk.
2026-03-12 15:44:53.492 | DEBUG    | baldaquin.buf:open:104 - Ouput file /home/lab1-student/baldaquindata/plasduino/0309_000088/0309_000088_data.txt closed.
2026-03-12 15:44:53.495 | DEBUG    | baldaquin.buf:open:100 - Opening output file /home/lab1-student/baldaquindata/plasduino/0309_000089/0309_000089_data.txt {'mode': 'at', 'encoding': 'utf-8'}...
2026-03-12 15:44:53.502 | DEBUG    | baldaquin.buf:_write:285 - 1500 bytes written to disk.
2026-03-12 15:44:53.502 | DEBUG    | baldaquin.buf:open:104 - Ouput file /home/lab1-student/baldaquindata/plasduino/0309_000089/0309_000089_data.txt closed.
2026-03-12 15:44:53.502 | DEBUG    | baldaquin.buf:open:100 - Opening output file /home/lab1-student/baldaquindata/plasduino/0309_000090/0309_000090_data.txt {'mode': 'at', 'encoding': 'utf-8'}...
2026-03-12 15:44:53.503 | DEBUG    | baldaquin.buf:_write:285 - 1500 bytes written to disk.
2026-03-12 15:44:53.503 | DEBUG    | baldaquin.buf:open:104 - Ouput file /home/lab1-student/baldaquindata/plasduino/0309_000090/0309_000090_data.txt closed.
2026-03-12 15:44:53.503 | DEBUG    | baldaquin.buf:open:100 - Opening output file /home/lab1-student/baldaquindata/plasduino/0309_000091/0309_000091_data.txt {'mode': 'at', 'encoding': 'utf-8'}...
2026-03-12 15:44:53.503 | DEBUG    | baldaquin.buf:_write:285 - 1500 bytes written to disk.
2026-03-12 15:44:53.504 | DEBUG    | baldaquin.buf:open:104 - Ouput file /home/lab1-student/baldaquindata/plasduino/0309_000091/0309_000091_data.txt closed.
2026-03-12 15:44:53.504 | DEBUG    | baldaquin.buf:open:100 - Opening output file /home/lab1-student/baldaquindata/plasduino/0309_000092/0309_000092_data.txt {'mode': 'at', 'encoding': 'utf-8'}...
2026-03-12 15:44:53.504 | DEBUG    | baldaquin.buf:_write:285 - 1500 bytes written to disk.
2026-03-12 15:44:53.506 | DEBUG    | baldaquin.buf:open:104 - Ouput file /home/lab1-student/baldaquindata/plasduino/0309_000092/0309_000092_data.txt closed.
2026-03-12 15:44:53.508 | DEBUG    | baldaquin.buf:open:100 - Opening output file /home/lab1-student/baldaquindata/plasduino/0309_000093/0309_000093_data.txt {'mode': 'at', 'encoding': 'utf-8'}...
2026-03-12 15:44:53.508 | DEBUG    | baldaquin.buf:_write:285 - 1500 bytes written to disk.
2026-03-12 15:44:53.509 | DEBUG    | baldaquin.buf:open:104 - Ouput file /home/lab1-student/baldaquindata/plasduino/0309_000093/0309_000093_data.txt closed.
2026-03-12 15:44:53.509 | DEBUG    | baldaquin.buf:open:100 - Opening output file /home/lab1-student/baldaquindata/plasduino/0309_000093/0309_000093_data.dat {'mode': 'ab'}...
2026-03-12 15:44:53.509 | DEBUG    | baldaquin.buf:_pop_and_write_raw:259 - 800 bytes written to disk.
2026-03-12 15:44:53.509 | DEBUG    | baldaquin.buf:open:104 - Ouput file /home/lab1-student/baldaquindata/plasduino/0309_000093/0309_000093_data.dat closed.
2026-03-12 15:44:53.509 | INFO     | baldaquin.buf:flush:318 - 12800 bytes (800 raw bytes) written to disk.
2026-03-12 15:44:53.516 | DEBUG    | baldaquin.profile:wrap:32 - Running time for flush(): 0.067868 s
2026-03-12 15:44:55.974 | INFO     | baldaquin.buf:flush:309 - 100 packets ready to be written out...
2026-03-12 15:44:55.977 | DEBUG    | baldaquin.buf:open:100 - Opening output file /home/lab1-student/baldaquindata/plasduino/0309_000086/0309_000086_data.txt {'mode': 'at', 'encoding': 'utf-8'}...
2026-03-12 15:44:55.977 | DEBUG    | baldaquin.buf:_write:285 - 1500 bytes written to disk.
2026-03-12 15:44:55.979 | DEBUG    | baldaquin.buf:open:104 - Ouput file /home/lab1-student/baldaquindata/plasduino/0309_000086/0309_000086_data.txt closed.
2026-03-12 15:44:55.979 | DEBUG    | baldaquin.buf:open:100 - Opening output file /home/lab1-student/baldaquindata/plasduino/0309_000087/0309_000087_data.txt {'mode': 'at', 'encoding': 'utf-8'}...
2026-03-12 15:44:55.982 | DEBUG    | baldaquin.buf:_write:285 - 1500 bytes written to disk.
2026-03-12 15:44:55.995 | DEBUG    | baldaquin.buf:open:104 - Ouput file /home/lab1-student/baldaquindata/plasduino/0309_000087/0309_000087_data.txt closed.
2026-03-12 15:44:55.997 | DEBUG    | baldaquin.buf:open:100 - Opening output file /home/lab1-student/baldaquindata/plasduino/0309_000088/0309_000088_data.txt {'mode': 'at', 'encoding': 'utf-8'}...
2026-03-12 15:44:55.998 | DEBUG    | baldaquin.buf:_write:285 - 1500 bytes written to disk.
2026-03-12 15:44:55.998 | DEBUG    | baldaquin.buf:open:104 - Ouput file /home/lab1-student/baldaquindata/plasduino/0309_000088/0309_000088_data.txt closed.
2026-03-12 15:44:55.998 | DEBUG    | baldaquin.buf:open:100 - Opening output file /home/lab1-student/baldaquindata/plasduino/0309_000089/0309_000089_data.txt {'mode': 'at', 'encoding': 'utf-8'}...
2026-03-12 15:44:56.000 | DEBUG    | baldaquin.buf:_write:285 - 1500 bytes written to disk.
2026-03-12 15:44:56.000 | DEBUG    | baldaquin.buf:open:104 - Ouput file /home/lab1-student/baldaquindata/plasduino/0309_000089/0309_000089_data.txt closed.
2026-03-12 15:44:56.000 | DEBUG    | baldaquin.buf:open:100 - Opening output file /home/lab1-student/baldaquindata/plasduino/0309_000090/0309_000090_data.txt {'mode': 'at', 'encoding': 'utf-8'}...
2026-03-12 15:44:56.001 | DEBUG    | baldaquin.buf:_write:285 - 1500 bytes written to disk.
2026-03-12 15:44:56.005 | DEBUG    | baldaquin.buf:open:104 - Ouput file /home/lab1-student/baldaquindata/plasduino/0309_000090/0309_000090_data.txt closed.
2026-03-12 15:44:56.006 | DEBUG    | baldaquin.buf:open:100 - Opening output file /home/lab1-student/baldaquindata/plasduino/0309_000091/0309_000091_data.txt {'mode': 'at', 'encoding': 'utf-8'}...
2026-03-12 15:44:56.006 | DEBUG    | baldaquin.buf:_write:285 - 1500 bytes written to disk.
2026-03-12 15:44:56.006 | DEBUG    | baldaquin.buf:open:104 - Ouput file /home/lab1-student/baldaquindata/plasduino/0309_000091/0309_000091_data.txt closed.
2026-03-12 15:44:56.006 | DEBUG    | baldaquin.buf:open:100 - Opening output file /home/lab1-student/baldaquindata/plasduino/0309_000092/0309_000092_data.txt {'mode': 'at', 'encoding': 'utf-8'}...
2026-03-12 15:44:56.007 | DEBUG    | baldaquin.buf:_write:285 - 1500 bytes written to disk.
2026-03-12 15:44:56.007 | DEBUG    | baldaquin.buf:open:104 - Ouput file /home/lab1-student/baldaquindata/plasduino/0309_000092/0309_000092_data.txt closed.
2026-03-12 15:44:56.007 | DEBUG    | baldaquin.buf:open:100 - Opening output file /home/lab1-student/baldaquindata/plasduino/0309_000093/0309_000093_data.txt {'mode': 'at', 'encoding': 'utf-8'}...
2026-03-12 15:44:56.008 | DEBUG    | baldaquin.buf:_write:285 - 1500 bytes written to disk.
2026-03-12 15:44:56.009 | DEBUG    | baldaquin.buf:open:104 - Ouput file /home/lab1-student/baldaquindata/plasduino/0309_000093/0309_000093_data.txt closed.
2026-03-12 15:44:56.009 | DEBUG    | baldaquin.buf:open:100 - Opening output file /home/lab1-student/baldaquindata/plasduino/0309_000093/0309_000093_data.dat {'mode': 'ab'}...
2026-03-12 15:44:56.009 | DEBUG    | baldaquin.buf:_pop_and_write_raw:259 - 800 bytes written to disk.
2026-03-12 15:44:56.009 | DEBUG    | baldaquin.buf:open:104 - Ouput file /home/lab1-student/baldaquindata/plasduino/0309_000093/0309_000093_data.dat closed.
2026-03-12 15:44:56.009 | INFO     | baldaquin.buf:flush:318 - 12800 bytes (800 raw bytes) written to disk.
2026-03-12 15:44:56.009 | DEBUG    | baldaquin.profile:wrap:32 - Running time for flush(): 0.034965 s
2026-03-12 15:44:58.510 | INFO     | baldaquin.buf:flush:309 - 100 packets ready to be written out...
2026-03-12 15:44:58.510 | DEBUG    | baldaquin.buf:open:100 - Opening output file /home/lab1-student/baldaquindata/plasduino/0309_000086/0309_000086_data.txt {'mode': 'at', 'encoding': 'utf-8'}...
2026-03-12 15:44:58.510 | DEBUG    | baldaquin.buf:_write:285 - 1500 bytes written to disk.
2026-03-12 15:44:58.511 | DEBUG    | baldaquin.buf:open:104 - Ouput file /home/lab1-student/baldaquindata/plasduino/0309_000086/0309_000086_data.txt closed.
2026-03-12 15:44:58.511 | DEBUG    | baldaquin.buf:open:100 - Opening output file /home/lab1-student/baldaquindata/plasduino/0309_000087/0309_000087_data.txt {'mode': 'at', 'encoding': 'utf-8'}...
2026-03-12 15:44:58.511 | DEBUG    | baldaquin.buf:_write:285 - 1500 bytes written to disk.
2026-03-12 15:44:58.511 | DEBUG    | baldaquin.buf:open:104 - Ouput file /home/lab1-student/baldaquindata/plasduino/0309_000087/0309_000087_data.txt closed.
2026-03-12 15:44:58.511 | DEBUG    | baldaquin.buf:open:100 - Opening output file /home/lab1-student/baldaquindata/plasduino/0309_000088/0309_000088_data.txt {'mode': 'at', 'encoding': 'utf-8'}...
2026-03-12 15:44:58.512 | DEBUG    | baldaquin.buf:_write:285 - 1500 bytes written to disk.
2026-03-12 15:44:58.512 | DEBUG    | baldaquin.buf:open:104 - Ouput file /home/lab1-student/baldaquindata/plasduino/0309_000088/0309_000088_data.txt closed.
2026-03-12 15:44:58.512 | DEBUG    | baldaquin.buf:open:100 - Opening output file /home/lab1-student/baldaquindata/plasduino/0309_000089/0309_000089_data.txt {'mode': 'at', 'encoding': 'utf-8'}...
2026-03-12 15:44:58.512 | DEBUG    | baldaquin.buf:_write:285 - 1500 bytes written to disk.
2026-03-12 15:44:58.513 | DEBUG    | baldaquin.buf:open:104 - Ouput file /home/lab1-student/baldaquindata/plasduino/0309_000089/0309_000089_data.txt closed.
2026-03-12 15:44:58.513 | DEBUG    | baldaquin.buf:open:100 - Opening output file /home/lab1-student/baldaquindata/plasduino/0309_000090/0309_000090_data.txt {'mode': 'at', 'encoding': 'utf-8'}...
2026-03-12 15:44:58.513 | DEBUG    | baldaquin.buf:_write:285 - 1500 bytes written to disk.
2026-03-12 15:44:58.513 | DEBUG    | baldaquin.buf:open:104 - Ouput file /home/lab1-student/baldaquindata/plasduino/0309_000090/0309_000090_data.txt closed.
2026-03-12 15:44:58.513 | DEBUG    | baldaquin.buf:open:100 - Opening output file /home/lab1-student/baldaquindata/plasduino/0309_000091/0309_000091_data.txt {'mode': 'at', 'encoding': 'utf-8'}...
2026-03-12 15:44:58.514 | DEBUG    | baldaquin.buf:_write:285 - 1500 bytes written to disk.
2026-03-12 15:44:58.514 | DEBUG    | baldaquin.buf:open:104 - Ouput file /home/lab1-student/baldaquindata/plasduino/0309_000091/0309_000091_data.txt closed.
2026-03-12 15:44:58.514 | DEBUG    | baldaquin.buf:open:100 - Opening output file /home/lab1-student/baldaquindata/plasduino/0309_000092/0309_000092_data.txt {'mode': 'at', 'encoding': 'utf-8'}...
2026-03-12 15:44:58.514 | DEBUG    | baldaquin.buf:_write:285 - 1500 bytes written to disk.
2026-03-12 15:44:58.515 | DEBUG    | baldaquin.buf:open:104 - Ouput file /home/lab1-student/baldaquindata/plasduino/0309_000092/0309_000092_data.txt closed.
2026-03-12 15:44:58.515 | DEBUG    | baldaquin.buf:open:100 - Opening output file /home/lab1-student/baldaquindata/plasduino/0309_000093/0309_000093_data.txt {'mode': 'at', 'encoding': 'utf-8'}...
2026-03-12 15:44:58.515 | DEBUG    | baldaquin.buf:_write:285 - 1500 bytes written to disk.
2026-03-12 15:44:58.515 | DEBUG    | baldaquin.buf:open:104 - Ouput file /home/lab1-student/baldaquindata/plasduino/0309_000093/0309_000093_data.txt closed.
2026-03-12 15:44:58.515 | DEBUG    | baldaquin.buf:open:100 - Opening output file /home/lab1-student/baldaquindata/plasduino/0309_000093/0309_000093_data.dat {'mode': 'ab'}...
2026-03-12 15:44:58.516 | DEBUG    | baldaquin.buf:_pop_and_write_raw:259 - 800 bytes written to disk.
2026-03-12 15:44:58.516 | DEBUG    | baldaquin.buf:open:104 - Ouput file /home/lab1-student/baldaquindata/plasduino/0309_000093/0309_000093_data.dat closed.
2026-03-12 15:44:58.516 | INFO     | baldaquin.buf:flush:318 - 12800 bytes (800 raw bytes) written to disk.
2026-03-12 15:44:58.516 | DEBUG    | baldaquin.profile:wrap:32 - Running time for flush(): 0.006159 s
2026-03-12 15:45:01.051 | INFO     | baldaquin.buf:flush:309 - 100 packets ready to be written out...
2026-03-12 15:45:01.051 | DEBUG    | baldaquin.buf:open:100 - Opening output file /home/lab1-student/baldaquindata/plasduino/0309_000086/0309_000086_data.txt {'mode': 'at', 'encoding': 'utf-8'}...
2026-03-12 15:45:01.055 | DEBUG    | baldaquin.buf:_write:285 - 1500 bytes written to disk.
2026-03-12 15:45:01.058 | DEBUG    | baldaquin.buf:open:104 - Ouput file /home/lab1-student/baldaquindata/plasduino/0309_000086/0309_000086_data.txt closed.
2026-03-12 15:45:01.058 | DEBUG    | baldaquin.buf:open:100 - Opening output file /home/lab1-student/baldaquindata/plasduino/0309_000087/0309_000087_data.txt {'mode': 'at', 'encoding': 'utf-8'}...
2026-03-12 15:45:01.064 | DEBUG    | baldaquin.buf:_write:285 - 1500 bytes written to disk.
2026-03-12 15:45:01.071 | DEBUG    | baldaquin.buf:open:104 - Ouput file /home/lab1-student/baldaquindata/plasduino/0309_000087/0309_000087_data.txt closed.
2026-03-12 15:45:01.071 | DEBUG    | baldaquin.buf:open:100 - Opening output file /home/lab1-student/baldaquindata/plasduino/0309_000088/0309_000088_data.txt {'mode': 'at', 'encoding': 'utf-8'}...
2026-03-12 15:45:01.082 | DEBUG    | baldaquin.buf:_write:285 - 1500 bytes written to disk.
2026-03-12 15:45:01.089 | DEBUG    | baldaquin.buf:open:104 - Ouput file /home/lab1-student/baldaquindata/plasduino/0309_000088/0309_000088_data.txt closed.
2026-03-12 15:45:01.089 | DEBUG    | baldaquin.buf:open:100 - Opening output file /home/lab1-student/baldaquindata/plasduino/0309_000089/0309_000089_data.txt {'mode': 'at', 'encoding': 'utf-8'}...
2026-03-12 15:45:01.094 | DEBUG    | baldaquin.buf:_write:285 - 1500 bytes written to disk.
2026-03-12 15:45:01.094 | DEBUG    | baldaquin.buf:open:104 - Ouput file /home/lab1-student/baldaquindata/plasduino/0309_000089/0309_000089_data.txt closed.
2026-03-12 15:45:01.095 | DEBUG    | baldaquin.buf:open:100 - Opening output file /home/lab1-student/baldaquindata/plasduino/0309_000090/0309_000090_data.txt {'mode': 'at', 'encoding': 'utf-8'}...
2026-03-12 15:45:01.096 | DEBUG    | baldaquin.buf:_write:285 - 1500 bytes written to disk.
2026-03-12 15:45:01.097 | DEBUG    | baldaquin.buf:open:104 - Ouput file /home/lab1-student/baldaquindata/plasduino/0309_000090/0309_000090_data.txt closed.
2026-03-12 15:45:01.097 | DEBUG    | baldaquin.buf:open:100 - Opening output file /home/lab1-student/baldaquindata/plasduino/0309_000091/0309_000091_data.txt {'mode': 'at', 'encoding': 'utf-8'}...
2026-03-12 15:45:01.099 | DEBUG    | baldaquin.buf:_write:285 - 1500 bytes written to disk.
2026-03-12 15:45:01.100 | DEBUG    | baldaquin.buf:open:104 - Ouput file /home/lab1-student/baldaquindata/plasduino/0309_000091/0309_000091_data.txt closed.
2026-03-12 15:45:01.100 | DEBUG    | baldaquin.buf:open:100 - Opening output file /home/lab1-student/baldaquindata/plasduino/0309_000092/0309_000092_data.txt {'mode': 'at', 'encoding': 'utf-8'}...
2026-03-12 15:45:01.102 | DEBUG    | baldaquin.buf:_write:285 - 1500 bytes written to disk.
2026-03-12 15:45:01.103 | DEBUG    | baldaquin.buf:open:104 - Ouput file /home/lab1-student/baldaquindata/plasduino/0309_000092/0309_000092_data.txt closed.
2026-03-12 15:45:01.103 | DEBUG    | baldaquin.buf:open:100 - Opening output file /home/lab1-student/baldaquindata/plasduino/0309_000093/0309_000093_data.txt {'mode': 'at', 'encoding': 'utf-8'}...
2026-03-12 15:45:01.103 | DEBUG    | baldaquin.buf:_write:285 - 1500 bytes written to disk.
2026-03-12 15:45:01.104 | DEBUG    | baldaquin.buf:open:104 - Ouput file /home/lab1-student/baldaquindata/plasduino/0309_000093/0309_000093_data.txt closed.
2026-03-12 15:45:01.104 | DEBUG    | baldaquin.buf:open:100 - Opening output file /home/lab1-student/baldaquindata/plasduino/0309_000093/0309_000093_data.dat {'mode': 'ab'}...
2026-03-12 15:45:01.104 | DEBUG    | baldaquin.buf:_pop_and_write_raw:259 - 800 bytes written to disk.
2026-03-12 15:45:01.104 | DEBUG    | baldaquin.buf:open:104 - Ouput file /home/lab1-student/baldaquindata/plasduino/0309_000093/0309_000093_data.dat closed.
2026-03-12 15:45:01.104 | INFO     | baldaquin.buf:flush:318 - 12800 bytes (800 raw bytes) written to disk.
2026-03-12 15:45:01.104 | DEBUG    | baldaquin.profile:wrap:32 - Running time for flush(): 0.053025 s
2026-03-12 15:45:03.582 | INFO     | baldaquin.buf:flush:309 - 100 packets ready to be written out...
2026-03-12 15:45:03.583 | DEBUG    | baldaquin.buf:open:100 - Opening output file /home/lab1-student/baldaquindata/plasduino/0309_000086/0309_000086_data.txt {'mode': 'at', 'encoding': 'utf-8'}...
2026-03-12 15:45:03.584 | DEBUG    | baldaquin.buf:_write:285 - 1500 bytes written to disk.
2026-03-12 15:45:03.585 | DEBUG    | baldaquin.buf:open:104 - Ouput file /home/lab1-student/baldaquindata/plasduino/0309_000086/0309_000086_data.txt closed.
2026-03-12 15:45:03.586 | DEBUG    | baldaquin.buf:open:100 - Opening output file /home/lab1-student/baldaquindata/plasduino/0309_000087/0309_000087_data.txt {'mode': 'at', 'encoding': 'utf-8'}...
2026-03-12 15:45:03.588 | DEBUG    | baldaquin.buf:_write:285 - 1500 bytes written to disk.
2026-03-12 15:45:03.589 | DEBUG    | baldaquin.buf:open:104 - Ouput file /home/lab1-student/baldaquindata/plasduino/0309_000087/0309_000087_data.txt closed.
2026-03-12 15:45:03.590 | DEBUG    | baldaquin.buf:open:100 - Opening output file /home/lab1-student/baldaquindata/plasduino/0309_000088/0309_000088_data.txt {'mode': 'at', 'encoding': 'utf-8'}...
2026-03-12 15:45:03.597 | DEBUG    | baldaquin.buf:_write:285 - 1500 bytes written to disk.
2026-03-12 15:45:03.597 | DEBUG    | baldaquin.buf:open:104 - Ouput file /home/lab1-student/baldaquindata/plasduino/0309_000088/0309_000088_data.txt closed.
2026-03-12 15:45:03.597 | DEBUG    | baldaquin.buf:open:100 - Opening output file /home/lab1-student/baldaquindata/plasduino/0309_000089/0309_000089_data.txt {'mode': 'at', 'encoding': 'utf-8'}...
2026-03-12 15:45:03.598 | DEBUG    | baldaquin.buf:_write:285 - 1500 bytes written to disk.
2026-03-12 15:45:03.598 | DEBUG    | baldaquin.buf:open:104 - Ouput file /home/lab1-student/baldaquindata/plasduino/0309_000089/0309_000089_data.txt closed.
2026-03-12 15:45:03.598 | DEBUG    | baldaquin.buf:open:100 - Opening output file /home/lab1-student/baldaquindata/plasduino/0309_000090/0309_000090_data.txt {'mode': 'at', 'encoding': 'utf-8'}...
2026-03-12 15:45:03.599 | DEBUG    | baldaquin.buf:_write:285 - 1500 bytes written to disk.
2026-03-12 15:45:03.599 | DEBUG    | baldaquin.buf:open:104 - Ouput file /home/lab1-student/baldaquindata/plasduino/0309_000090/0309_000090_data.txt closed.
2026-03-12 15:45:03.599 | DEBUG    | baldaquin.buf:open:100 - Opening output file /home/lab1-student/baldaquindata/plasduino/0309_000091/0309_000091_data.txt {'mode': 'at', 'encoding': 'utf-8'}...
2026-03-12 15:45:03.607 | DEBUG    | baldaquin.buf:_write:285 - 1500 bytes written to disk.
2026-03-12 15:45:03.611 | DEBUG    | baldaquin.buf:open:104 - Ouput file /home/lab1-student/baldaquindata/plasduino/0309_000091/0309_000091_data.txt closed.
2026-03-12 15:45:03.611 | DEBUG    | baldaquin.buf:open:100 - Opening output file /home/lab1-student/baldaquindata/plasduino/0309_000092/0309_000092_data.txt {'mode': 'at', 'encoding': 'utf-8'}...
2026-03-12 15:45:03.613 | DEBUG    | baldaquin.buf:_write:285 - 1500 bytes written to disk.
2026-03-12 15:45:03.613 | DEBUG    | baldaquin.buf:open:104 - Ouput file /home/lab1-student/baldaquindata/plasduino/0309_000092/0309_000092_data.txt closed.
2026-03-12 15:45:03.614 | DEBUG    | baldaquin.buf:open:100 - Opening output file /home/lab1-student/baldaquindata/plasduino/0309_000093/0309_000093_data.txt {'mode': 'at', 'encoding': 'utf-8'}...
2026-03-12 15:45:03.615 | DEBUG    | baldaquin.buf:_write:285 - 1500 bytes written to disk.
2026-03-12 15:45:03.617 | DEBUG    | baldaquin.buf:open:104 - Ouput file /home/lab1-student/baldaquindata/plasduino/0309_000093/0309_000093_data.txt closed.
2026-03-12 15:45:03.617 | DEBUG    | baldaquin.buf:open:100 - Opening output file /home/lab1-student/baldaquindata/plasduino/0309_000093/0309_000093_data.dat {'mode': 'ab'}...
2026-03-12 15:45:03.618 | DEBUG    | baldaquin.buf:_pop_and_write_raw:259 - 800 bytes written to disk.
2026-03-12 15:45:03.618 | DEBUG    | baldaquin.buf:open:104 - Ouput file /home/lab1-student/baldaquindata/plasduino/0309_000093/0309_000093_data.dat closed.
2026-03-12 15:45:03.618 | INFO     | baldaquin.buf:flush:318 - 12800 bytes (800 raw bytes) written to disk.
2026-03-12 15:45:03.618 | DEBUG    | baldaquin.profile:wrap:32 - Running time for flush(): 0.036059 s
2026-03-12 15:45:06.119 | INFO     | baldaquin.buf:flush:309 - 100 packets ready to be written out...
2026-03-12 15:45:06.120 | DEBUG    | baldaquin.buf:open:100 - Opening output file /home/lab1-student/baldaquindata/plasduino/0309_000086/0309_000086_data.txt {'mode': 'at', 'encoding': 'utf-8'}...
2026-03-12 15:45:06.121 | DEBUG    | baldaquin.buf:_write:285 - 1500 bytes written to disk.
2026-03-12 15:45:06.121 | DEBUG    | baldaquin.buf:open:104 - Ouput file /home/lab1-student/baldaquindata/plasduino/0309_000086/0309_000086_data.txt closed.
2026-03-12 15:45:06.121 | DEBUG    | baldaquin.buf:open:100 - Opening output file /home/lab1-student/baldaquindata/plasduino/0309_000087/0309_000087_data.txt {'mode': 'at', 'encoding': 'utf-8'}...
2026-03-12 15:45:06.121 | DEBUG    | baldaquin.buf:_write:285 - 1500 bytes written to disk.
2026-03-12 15:45:06.122 | DEBUG    | baldaquin.buf:open:104 - Ouput file /home/lab1-student/baldaquindata/plasduino/0309_000087/0309_000087_data.txt closed.
2026-03-12 15:45:06.122 | DEBUG    | baldaquin.buf:open:100 - Opening output file /home/lab1-student/baldaquindata/plasduino/0309_000088/0309_000088_data.txt {'mode': 'at', 'encoding': 'utf-8'}...
2026-03-12 15:45:06.122 | DEBUG    | baldaquin.buf:_write:285 - 1500 bytes written to disk.
2026-03-12 15:45:06.122 | DEBUG    | baldaquin.buf:open:104 - Ouput file /home/lab1-student/baldaquindata/plasduino/0309_000088/0309_000088_data.txt closed.
2026-03-12 15:45:06.122 | DEBUG    | baldaquin.buf:open:100 - Opening output file /home/lab1-student/baldaquindata/plasduino/0309_000089/0309_000089_data.txt {'mode': 'at', 'encoding': 'utf-8'}...
2026-03-12 15:45:06.123 | DEBUG    | baldaquin.buf:_write:285 - 1500 bytes written to disk.
2026-03-12 15:45:06.123 | DEBUG    | baldaquin.buf:open:104 - Ouput file /home/lab1-student/baldaquindata/plasduino/0309_000089/0309_000089_data.txt closed.
2026-03-12 15:45:06.144 | DEBUG    | baldaquin.buf:open:100 - Opening output file /home/lab1-student/baldaquindata/plasduino/0309_000090/0309_000090_data.txt {'mode': 'at', 'encoding': 'utf-8'}...
2026-03-12 15:45:06.164 | DEBUG    | baldaquin.buf:_write:285 - 1500 bytes written to disk.
2026-03-12 15:45:06.165 | DEBUG    | baldaquin.buf:open:104 - Ouput file /home/lab1-student/baldaquindata/plasduino/0309_000090/0309_000090_data.txt closed.
2026-03-12 15:45:06.165 | DEBUG    | baldaquin.buf:open:100 - Opening output file /home/lab1-student/baldaquindata/plasduino/0309_000091/0309_000091_data.txt {'mode': 'at', 'encoding': 'utf-8'}...
2026-03-12 15:45:06.182 | DEBUG    | baldaquin.buf:_write:285 - 1500 bytes written to disk.
2026-03-12 15:45:06.189 | DEBUG    | baldaquin.buf:open:104 - Ouput file /home/lab1-student/baldaquindata/plasduino/0309_000091/0309_000091_data.txt closed.
2026-03-12 15:45:06.192 | DEBUG    | baldaquin.buf:open:100 - Opening output file /home/lab1-student/baldaquindata/plasduino/0309_000092/0309_000092_data.txt {'mode': 'at', 'encoding': 'utf-8'}...
2026-03-12 15:45:06.195 | DEBUG    | baldaquin.buf:_write:285 - 1500 bytes written to disk.
2026-03-12 15:45:06.204 | DEBUG    | baldaquin.buf:open:104 - Ouput file /home/lab1-student/baldaquindata/plasduino/0309_000092/0309_000092_data.txt closed.
2026-03-12 15:45:06.204 | DEBUG    | baldaquin.buf:open:100 - Opening output file /home/lab1-student/baldaquindata/plasduino/0309_000093/0309_000093_data.txt {'mode': 'at', 'encoding': 'utf-8'}...
2026-03-12 15:45:06.213 | DEBUG    | baldaquin.buf:_write:285 - 1500 bytes written to disk.
2026-03-12 15:45:06.214 | DEBUG    | baldaquin.buf:open:104 - Ouput file /home/lab1-student/baldaquindata/plasduino/0309_000093/0309_000093_data.txt closed.
2026-03-12 15:45:06.215 | DEBUG    | baldaquin.buf:open:100 - Opening output file /home/lab1-student/baldaquindata/plasduino/0309_000093/0309_000093_data.dat {'mode': 'ab'}...
2026-03-12 15:45:06.215 | DEBUG    | baldaquin.buf:_pop_and_write_raw:259 - 800 bytes written to disk.
2026-03-12 15:45:06.215 | DEBUG    | baldaquin.buf:open:104 - Ouput file /home/lab1-student/baldaquindata/plasduino/0309_000093/0309_000093_data.dat closed.
2026-03-12 15:45:06.216 | INFO     | baldaquin.buf:flush:318 - 12800 bytes (800 raw bytes) written to disk.
2026-03-12 15:45:06.216 | DEBUG    | baldaquin.profile:wrap:32 - Running time for flush(): 0.096236 s
2026-03-12 15:45:08.658 | INFO     | baldaquin.buf:flush:309 - 100 packets ready to be written out...
2026-03-12 15:45:08.659 | DEBUG    | baldaquin.buf:open:100 - Opening output file /home/lab1-student/baldaquindata/plasduino/0309_000086/0309_000086_data.txt {'mode': 'at', 'encoding': 'utf-8'}...
2026-03-12 15:45:08.665 | DEBUG    | baldaquin.buf:_write:285 - 1500 bytes written to disk.
2026-03-12 15:45:08.665 | DEBUG    | baldaquin.buf:open:104 - Ouput file /home/lab1-student/baldaquindata/plasduino/0309_000086/0309_000086_data.txt closed.
2026-03-12 15:45:08.665 | DEBUG    | baldaquin.buf:open:100 - Opening output file /home/lab1-student/baldaquindata/plasduino/0309_000087/0309_000087_data.txt {'mode': 'at', 'encoding': 'utf-8'}...
2026-03-12 15:45:08.666 | DEBUG    | baldaquin.buf:_write:285 - 1500 bytes written to disk.
2026-03-12 15:45:08.672 | DEBUG    | baldaquin.buf:open:104 - Ouput file /home/lab1-student/baldaquindata/plasduino/0309_000087/0309_000087_data.txt closed.
2026-03-12 15:45:08.678 | DEBUG    | baldaquin.buf:open:100 - Opening output file /home/lab1-student/baldaquindata/plasduino/0309_000088/0309_000088_data.txt {'mode': 'at', 'encoding': 'utf-8'}...
2026-03-12 15:45:08.691 | DEBUG    | baldaquin.buf:_write:285 - 1500 bytes written to disk.
2026-03-12 15:45:08.691 | DEBUG    | baldaquin.buf:open:104 - Ouput file /home/lab1-student/baldaquindata/plasduino/0309_000088/0309_000088_data.txt closed.
2026-03-12 15:45:08.691 | DEBUG    | baldaquin.buf:open:100 - Opening output file /home/lab1-student/baldaquindata/plasduino/0309_000089/0309_000089_data.txt {'mode': 'at', 'encoding': 'utf-8'}...
2026-03-12 15:45:08.693 | DEBUG    | baldaquin.buf:_write:285 - 1500 bytes written to disk.
2026-03-12 15:45:08.694 | DEBUG    | baldaquin.buf:open:104 - Ouput file /home/lab1-student/baldaquindata/plasduino/0309_000089/0309_000089_data.txt closed.
2026-03-12 15:45:08.695 | DEBUG    | baldaquin.buf:open:100 - Opening output file /home/lab1-student/baldaquindata/plasduino/0309_000090/0309_000090_data.txt {'mode': 'at', 'encoding': 'utf-8'}...
2026-03-12 15:45:08.697 | DEBUG    | baldaquin.buf:_write:285 - 1500 bytes written to disk.
2026-03-12 15:45:08.698 | DEBUG    | baldaquin.buf:open:104 - Ouput file /home/lab1-student/baldaquindata/plasduino/0309_000090/0309_000090_data.txt closed.
2026-03-12 15:45:08.699 | DEBUG    | baldaquin.buf:open:100 - Opening output file /home/lab1-student/baldaquindata/plasduino/0309_000091/0309_000091_data.txt {'mode': 'at', 'encoding': 'utf-8'}...
2026-03-12 15:45:08.707 | DEBUG    | baldaquin.buf:_write:285 - 1500 bytes written to disk.
2026-03-12 15:45:08.707 | DEBUG    | baldaquin.buf:open:104 - Ouput file /home/lab1-student/baldaquindata/plasduino/0309_000091/0309_000091_data.txt closed.
2026-03-12 15:45:08.707 | DEBUG    | baldaquin.buf:open:100 - Opening output file /home/lab1-student/baldaquindata/plasduino/0309_000092/0309_000092_data.txt {'mode': 'at', 'encoding': 'utf-8'}...
2026-03-12 15:45:08.708 | DEBUG    | baldaquin.buf:_write:285 - 1500 bytes written to disk.
2026-03-12 15:45:08.708 | DEBUG    | baldaquin.buf:open:104 - Ouput file /home/lab1-student/baldaquindata/plasduino/0309_000092/0309_000092_data.txt closed.
2026-03-12 15:45:08.708 | DEBUG    | baldaquin.buf:open:100 - Opening output file /home/lab1-student/baldaquindata/plasduino/0309_000093/0309_000093_data.txt {'mode': 'at', 'encoding': 'utf-8'}...
2026-03-12 15:45:08.709 | DEBUG    | baldaquin.buf:_write:285 - 1500 bytes written to disk.
2026-03-12 15:45:08.709 | DEBUG    | baldaquin.buf:open:104 - Ouput file /home/lab1-student/baldaquindata/plasduino/0309_000093/0309_000093_data.txt closed.
2026-03-12 15:45:08.709 | DEBUG    | baldaquin.buf:open:100 - Opening output file /home/lab1-student/baldaquindata/plasduino/0309_000093/0309_000093_data.dat {'mode': 'ab'}...
2026-03-12 15:45:08.709 | DEBUG    | baldaquin.buf:_pop_and_write_raw:259 - 800 bytes written to disk.
2026-03-12 15:45:08.720 | DEBUG    | baldaquin.buf:open:104 - Ouput file /home/lab1-student/baldaquindata/plasduino/0309_000093/0309_000093_data.dat closed.
2026-03-12 15:45:08.720 | INFO     | baldaquin.buf:flush:318 - 12800 bytes (800 raw bytes) written to disk.
2026-03-12 15:45:08.720 | DEBUG    | baldaquin.profile:wrap:32 - Running time for flush(): 0.062072 s
2026-03-12 15:45:11.195 | INFO     | baldaquin.buf:flush:309 - 100 packets ready to be written out...
2026-03-12 15:45:11.198 | DEBUG    | baldaquin.buf:open:100 - Opening output file /home/lab1-student/baldaquindata/plasduino/0309_000086/0309_000086_data.txt {'mode': 'at', 'encoding': 'utf-8'}...
2026-03-12 15:45:11.203 | DEBUG    | baldaquin.buf:_write:285 - 1500 bytes written to disk.
2026-03-12 15:45:11.206 | DEBUG    | baldaquin.buf:open:104 - Ouput file /home/lab1-student/baldaquindata/plasduino/0309_000086/0309_000086_data.txt closed.
2026-03-12 15:45:11.206 | DEBUG    | baldaquin.buf:open:100 - Opening output file /home/lab1-student/baldaquindata/plasduino/0309_000087/0309_000087_data.txt {'mode': 'at', 'encoding': 'utf-8'}...
2026-03-12 15:45:11.206 | DEBUG    | baldaquin.buf:_write:285 - 1500 bytes written to disk.
2026-03-12 15:45:11.207 | DEBUG    | baldaquin.buf:open:104 - Ouput file /home/lab1-student/baldaquindata/plasduino/0309_000087/0309_000087_data.txt closed.
2026-03-12 15:45:11.207 | DEBUG    | baldaquin.buf:open:100 - Opening output file /home/lab1-student/baldaquindata/plasduino/0309_000088/0309_000088_data.txt {'mode': 'at', 'encoding': 'utf-8'}...
2026-03-12 15:45:11.207 | DEBUG    | baldaquin.buf:_write:285 - 1500 bytes written to disk.
2026-03-12 15:45:11.207 | DEBUG    | baldaquin.buf:open:104 - Ouput file /home/lab1-student/baldaquindata/plasduino/0309_000088/0309_000088_data.txt closed.
2026-03-12 15:45:11.207 | DEBUG    | baldaquin.buf:open:100 - Opening output file /home/lab1-student/baldaquindata/plasduino/0309_000089/0309_000089_data.txt {'mode': 'at', 'encoding': 'utf-8'}...
2026-03-12 15:45:11.208 | DEBUG    | baldaquin.buf:_write:285 - 1500 bytes written to disk.
2026-03-12 15:45:11.208 | DEBUG    | baldaquin.buf:open:104 - Ouput file /home/lab1-student/baldaquindata/plasduino/0309_000089/0309_000089_data.txt closed.
2026-03-12 15:45:11.208 | DEBUG    | baldaquin.buf:open:100 - Opening output file /home/lab1-student/baldaquindata/plasduino/0309_000090/0309_000090_data.txt {'mode': 'at', 'encoding': 'utf-8'}...
2026-03-12 15:45:11.209 | DEBUG    | baldaquin.buf:_write:285 - 1500 bytes written to disk.
2026-03-12 15:45:11.209 | DEBUG    | baldaquin.buf:open:104 - Ouput file /home/lab1-student/baldaquindata/plasduino/0309_000090/0309_000090_data.txt closed.
2026-03-12 15:45:11.209 | DEBUG    | baldaquin.buf:open:100 - Opening output file /home/lab1-student/baldaquindata/plasduino/0309_000091/0309_000091_data.txt {'mode': 'at', 'encoding': 'utf-8'}...
2026-03-12 15:45:11.209 | DEBUG    | baldaquin.buf:_write:285 - 1500 bytes written to disk.
2026-03-12 15:45:11.210 | DEBUG    | baldaquin.buf:open:104 - Ouput file /home/lab1-student/baldaquindata/plasduino/0309_000091/0309_000091_data.txt closed.
2026-03-12 15:45:11.210 | DEBUG    | baldaquin.buf:open:100 - Opening output file /home/lab1-student/baldaquindata/plasduino/0309_000092/0309_000092_data.txt {'mode': 'at', 'encoding': 'utf-8'}...
2026-03-12 15:45:11.210 | DEBUG    | baldaquin.buf:_write:285 - 1500 bytes written to disk.
2026-03-12 15:45:11.210 | DEBUG    | baldaquin.buf:open:104 - Ouput file /home/lab1-student/baldaquindata/plasduino/0309_000092/0309_000092_data.txt closed.
2026-03-12 15:45:11.210 | DEBUG    | baldaquin.buf:open:100 - Opening output file /home/lab1-student/baldaquindata/plasduino/0309_000093/0309_000093_data.txt {'mode': 'at', 'encoding': 'utf-8'}...
2026-03-12 15:45:11.211 | DEBUG    | baldaquin.buf:_write:285 - 1500 bytes written to disk.
2026-03-12 15:45:11.211 | DEBUG    | baldaquin.buf:open:104 - Ouput file /home/lab1-student/baldaquindata/plasduino/0309_000093/0309_000093_data.txt closed.
2026-03-12 15:45:11.211 | DEBUG    | baldaquin.buf:open:100 - Opening output file /home/lab1-student/baldaquindata/plasduino/0309_000093/0309_000093_data.dat {'mode': 'ab'}...
2026-03-12 15:45:11.211 | DEBUG    | baldaquin.buf:_pop_and_write_raw:259 - 800 bytes written to disk.
2026-03-12 15:45:11.211 | DEBUG    | baldaquin.buf:open:104 - Ouput file /home/lab1-student/baldaquindata/plasduino/0309_000093/0309_000093_data.dat closed.
2026-03-12 15:45:11.211 | INFO     | baldaquin.buf:flush:318 - 12800 bytes (800 raw bytes) written to disk.
2026-03-12 15:45:11.211 | DEBUG    | baldaquin.profile:wrap:32 - Running time for flush(): 0.015994 s
2026-03-12 15:45:13.745 | INFO     | baldaquin.buf:flush:309 - 100 packets ready to be written out...
2026-03-12 15:45:13.751 | DEBUG    | baldaquin.buf:open:100 - Opening output file /home/lab1-student/baldaquindata/plasduino/0309_000086/0309_000086_data.txt {'mode': 'at', 'encoding': 'utf-8'}...
2026-03-12 15:45:13.759 | DEBUG    | baldaquin.buf:_write:285 - 1500 bytes written to disk.
2026-03-12 15:45:13.761 | DEBUG    | baldaquin.buf:open:104 - Ouput file /home/lab1-student/baldaquindata/plasduino/0309_000086/0309_000086_data.txt closed.
2026-03-12 15:45:13.762 | DEBUG    | baldaquin.buf:open:100 - Opening output file /home/lab1-student/baldaquindata/plasduino/0309_000087/0309_000087_data.txt {'mode': 'at', 'encoding': 'utf-8'}...
2026-03-12 15:45:13.763 | DEBUG    | baldaquin.buf:_write:285 - 1500 bytes written to disk.
2026-03-12 15:45:13.763 | DEBUG    | baldaquin.buf:open:104 - Ouput file /home/lab1-student/baldaquindata/plasduino/0309_000087/0309_000087_data.txt closed.
2026-03-12 15:45:13.770 | DEBUG    | baldaquin.buf:open:100 - Opening output file /home/lab1-student/baldaquindata/plasduino/0309_000088/0309_000088_data.txt {'mode': 'at', 'encoding': 'utf-8'}...
2026-03-12 15:45:13.783 | DEBUG    | baldaquin.buf:_write:285 - 1500 bytes written to disk.
2026-03-12 15:45:13.783 | DEBUG    | baldaquin.buf:open:104 - Ouput file /home/lab1-student/baldaquindata/plasduino/0309_000088/0309_000088_data.txt closed.
2026-03-12 15:45:13.783 | DEBUG    | baldaquin.buf:open:100 - Opening output file /home/lab1-student/baldaquindata/plasduino/0309_000089/0309_000089_data.txt {'mode': 'at', 'encoding': 'utf-8'}...
2026-03-12 15:45:13.790 | DEBUG    | baldaquin.buf:_write:285 - 1500 bytes written to disk.
2026-03-12 15:45:13.790 | DEBUG    | baldaquin.buf:open:104 - Ouput file /home/lab1-student/baldaquindata/plasduino/0309_000089/0309_000089_data.txt closed.
2026-03-12 15:45:13.791 | DEBUG    | baldaquin.buf:open:100 - Opening output file /home/lab1-student/baldaquindata/plasduino/0309_000090/0309_000090_data.txt {'mode': 'at', 'encoding': 'utf-8'}...
2026-03-12 15:45:13.793 | DEBUG    | baldaquin.buf:_write:285 - 1500 bytes written to disk.
2026-03-12 15:45:13.794 | DEBUG    | baldaquin.buf:open:104 - Ouput file /home/lab1-student/baldaquindata/plasduino/0309_000090/0309_000090_data.txt closed.
2026-03-12 15:45:13.794 | DEBUG    | baldaquin.buf:open:100 - Opening output file /home/lab1-student/baldaquindata/plasduino/0309_000091/0309_000091_data.txt {'mode': 'at', 'encoding': 'utf-8'}...
2026-03-12 15:45:13.796 | DEBUG    | baldaquin.buf:_write:285 - 1500 bytes written to disk.
2026-03-12 15:45:13.796 | DEBUG    | baldaquin.buf:open:104 - Ouput file /home/lab1-student/baldaquindata/plasduino/0309_000091/0309_000091_data.txt closed.
2026-03-12 15:45:13.796 | DEBUG    | baldaquin.buf:open:100 - Opening output file /home/lab1-student/baldaquindata/plasduino/0309_000092/0309_000092_data.txt {'mode': 'at', 'encoding': 'utf-8'}...
2026-03-12 15:45:13.798 | DEBUG    | baldaquin.buf:_write:285 - 1500 bytes written to disk.
2026-03-12 15:45:13.805 | DEBUG    | baldaquin.buf:open:104 - Ouput file /home/lab1-student/baldaquindata/plasduino/0309_000092/0309_000092_data.txt closed.
2026-03-12 15:45:13.805 | DEBUG    | baldaquin.buf:open:100 - Opening output file /home/lab1-student/baldaquindata/plasduino/0309_000093/0309_000093_data.txt {'mode': 'at', 'encoding': 'utf-8'}...
2026-03-12 15:45:13.807 | DEBUG    | baldaquin.buf:_write:285 - 1500 bytes written to disk.
2026-03-12 15:45:13.807 | DEBUG    | baldaquin.buf:open:104 - Ouput file /home/lab1-student/baldaquindata/plasduino/0309_000093/0309_000093_data.txt closed.
2026-03-12 15:45:13.807 | DEBUG    | baldaquin.buf:open:100 - Opening output file /home/lab1-student/baldaquindata/plasduino/0309_000093/0309_000093_data.dat {'mode': 'ab'}...
2026-03-12 15:45:13.807 | DEBUG    | baldaquin.buf:_pop_and_write_raw:259 - 800 bytes written to disk.
2026-03-12 15:45:13.808 | DEBUG    | baldaquin.buf:open:104 - Ouput file /home/lab1-student/baldaquindata/plasduino/0309_000093/0309_000093_data.dat closed.
2026-03-12 15:45:13.808 | INFO     | baldaquin.buf:flush:318 - 12800 bytes (800 raw bytes) written to disk.
2026-03-12 15:45:13.808 | DEBUG    | baldaquin.profile:wrap:32 - Running time for flush(): 0.063007 s
2026-03-12 15:45:16.276 | INFO     | baldaquin.buf:flush:309 - 100 packets ready to be written out...
2026-03-12 15:45:16.276 | DEBUG    | baldaquin.buf:open:100 - Opening output file /home/lab1-student/baldaquindata/plasduino/0309_000086/0309_000086_data.txt {'mode': 'at', 'encoding': 'utf-8'}...
2026-03-12 15:45:16.280 | DEBUG    | baldaquin.buf:_write:285 - 1500 bytes written to disk.
2026-03-12 15:45:16.280 | DEBUG    | baldaquin.buf:open:104 - Ouput file /home/lab1-student/baldaquindata/plasduino/0309_000086/0309_000086_data.txt closed.
2026-03-12 15:45:16.280 | DEBUG    | baldaquin.buf:open:100 - Opening output file /home/lab1-student/baldaquindata/plasduino/0309_000087/0309_000087_data.txt {'mode': 'at', 'encoding': 'utf-8'}...
2026-03-12 15:45:16.281 | DEBUG    | baldaquin.buf:_write:285 - 1500 bytes written to disk.
2026-03-12 15:45:16.281 | DEBUG    | baldaquin.buf:open:104 - Ouput file /home/lab1-student/baldaquindata/plasduino/0309_000087/0309_000087_data.txt closed.
2026-03-12 15:45:16.281 | DEBUG    | baldaquin.buf:open:100 - Opening output file /home/lab1-student/baldaquindata/plasduino/0309_000088/0309_000088_data.txt {'mode': 'at', 'encoding': 'utf-8'}...
2026-03-12 15:45:16.286 | DEBUG    | baldaquin.buf:_write:285 - 1500 bytes written to disk.
2026-03-12 15:45:16.287 | DEBUG    | baldaquin.buf:open:104 - Ouput file /home/lab1-student/baldaquindata/plasduino/0309_000088/0309_000088_data.txt closed.
2026-03-12 15:45:16.287 | DEBUG    | baldaquin.buf:open:100 - Opening output file /home/lab1-student/baldaquindata/plasduino/0309_000089/0309_000089_data.txt {'mode': 'at', 'encoding': 'utf-8'}...
2026-03-12 15:45:16.288 | DEBUG    | baldaquin.buf:_write:285 - 1500 bytes written to disk.
2026-03-12 15:45:16.289 | DEBUG    | baldaquin.buf:open:104 - Ouput file /home/lab1-student/baldaquindata/plasduino/0309_000089/0309_000089_data.txt closed.
2026-03-12 15:45:16.289 | DEBUG    | baldaquin.buf:open:100 - Opening output file /home/lab1-student/baldaquindata/plasduino/0309_000090/0309_000090_data.txt {'mode': 'at', 'encoding': 'utf-8'}...
2026-03-12 15:45:16.295 | DEBUG    | baldaquin.buf:_write:285 - 1500 bytes written to disk.
2026-03-12 15:45:16.295 | DEBUG    | baldaquin.buf:open:104 - Ouput file /home/lab1-student/baldaquindata/plasduino/0309_000090/0309_000090_data.txt closed.
2026-03-12 15:45:16.295 | DEBUG    | baldaquin.buf:open:100 - Opening output file /home/lab1-student/baldaquindata/plasduino/0309_000091/0309_000091_data.txt {'mode': 'at', 'encoding': 'utf-8'}...
2026-03-12 15:45:16.296 | DEBUG    | baldaquin.buf:_write:285 - 1500 bytes written to disk.
2026-03-12 15:45:16.296 | DEBUG    | baldaquin.buf:open:104 - Ouput file /home/lab1-student/baldaquindata/plasduino/0309_000091/0309_000091_data.txt closed.
2026-03-12 15:45:16.296 | DEBUG    | baldaquin.buf:open:100 - Opening output file /home/lab1-student/baldaquindata/plasduino/0309_000092/0309_000092_data.txt {'mode': 'at', 'encoding': 'utf-8'}...
2026-03-12 15:45:16.297 | DEBUG    | baldaquin.buf:_write:285 - 1500 bytes written to disk.
2026-03-12 15:45:16.306 | DEBUG    | baldaquin.buf:open:104 - Ouput file /home/lab1-student/baldaquindata/plasduino/0309_000092/0309_000092_data.txt closed.
2026-03-12 15:45:16.306 | DEBUG    | baldaquin.buf:open:100 - Opening output file /home/lab1-student/baldaquindata/plasduino/0309_000093/0309_000093_data.txt {'mode': 'at', 'encoding': 'utf-8'}...
2026-03-12 15:45:16.306 | DEBUG    | baldaquin.buf:_write:285 - 1500 bytes written to disk.
2026-03-12 15:45:16.306 | DEBUG    | baldaquin.buf:open:104 - Ouput file /home/lab1-student/baldaquindata/plasduino/0309_000093/0309_000093_data.txt closed.
2026-03-12 15:45:16.306 | DEBUG    | baldaquin.buf:open:100 - Opening output file /home/lab1-student/baldaquindata/plasduino/0309_000093/0309_000093_data.dat {'mode': 'ab'}...
2026-03-12 15:45:16.307 | DEBUG    | baldaquin.buf:_pop_and_write_raw:259 - 800 bytes written to disk.
2026-03-12 15:45:16.307 | DEBUG    | baldaquin.buf:open:104 - Ouput file /home/lab1-student/baldaquindata/plasduino/0309_000093/0309_000093_data.dat closed.
2026-03-12 15:45:16.307 | INFO     | baldaquin.buf:flush:318 - 12800 bytes (800 raw bytes) written to disk.
2026-03-12 15:45:16.307 | DEBUG    | baldaquin.profile:wrap:32 - Running time for flush(): 0.031119 s
2026-03-12 15:45:18.801 | INFO     | baldaquin.buf:flush:309 - 100 packets ready to be written out...
2026-03-12 15:45:18.801 | DEBUG    | baldaquin.buf:open:100 - Opening output file /home/lab1-student/baldaquindata/plasduino/0309_000086/0309_000086_data.txt {'mode': 'at', 'encoding': 'utf-8'}...
2026-03-12 15:45:18.802 | DEBUG    | baldaquin.buf:_write:285 - 1500 bytes written to disk.
2026-03-12 15:45:18.805 | DEBUG    | baldaquin.buf:open:104 - Ouput file /home/lab1-student/baldaquindata/plasduino/0309_000086/0309_000086_data.txt closed.
2026-03-12 15:45:18.805 | DEBUG    | baldaquin.buf:open:100 - Opening output file /home/lab1-student/baldaquindata/plasduino/0309_000087/0309_000087_data.txt {'mode': 'at', 'encoding': 'utf-8'}...
2026-03-12 15:45:18.806 | DEBUG    | baldaquin.buf:_write:285 - 1500 bytes written to disk.
2026-03-12 15:45:18.806 | DEBUG    | baldaquin.buf:open:104 - Ouput file /home/lab1-student/baldaquindata/plasduino/0309_000087/0309_000087_data.txt closed.
2026-03-12 15:45:18.806 | DEBUG    | baldaquin.buf:open:100 - Opening output file /home/lab1-student/baldaquindata/plasduino/0309_000088/0309_000088_data.txt {'mode': 'at', 'encoding': 'utf-8'}...
2026-03-12 15:45:18.807 | DEBUG    | baldaquin.buf:_write:285 - 1500 bytes written to disk.
2026-03-12 15:45:18.807 | DEBUG    | baldaquin.buf:open:104 - Ouput file /home/lab1-student/baldaquindata/plasduino/0309_000088/0309_000088_data.txt closed.
2026-03-12 15:45:18.807 | DEBUG    | baldaquin.buf:open:100 - Opening output file /home/lab1-student/baldaquindata/plasduino/0309_000089/0309_000089_data.txt {'mode': 'at', 'encoding': 'utf-8'}...
2026-03-12 15:45:18.807 | DEBUG    | baldaquin.buf:_write:285 - 1500 bytes written to disk.
2026-03-12 15:45:18.808 | DEBUG    | baldaquin.buf:open:104 - Ouput file /home/lab1-student/baldaquindata/plasduino/0309_000089/0309_000089_data.txt closed.
2026-03-12 15:45:18.808 | DEBUG    | baldaquin.buf:open:100 - Opening output file /home/lab1-student/baldaquindata/plasduino/0309_000090/0309_000090_data.txt {'mode': 'at', 'encoding': 'utf-8'}...
2026-03-12 15:45:18.808 | DEBUG    | baldaquin.buf:_write:285 - 1500 bytes written to disk.
2026-03-12 15:45:18.808 | DEBUG    | baldaquin.buf:open:104 - Ouput file /home/lab1-student/baldaquindata/plasduino/0309_000090/0309_000090_data.txt closed.
2026-03-12 15:45:18.808 | DEBUG    | baldaquin.buf:open:100 - Opening output file /home/lab1-student/baldaquindata/plasduino/0309_000091/0309_000091_data.txt {'mode': 'at', 'encoding': 'utf-8'}...
2026-03-12 15:45:18.809 | DEBUG    | baldaquin.buf:_write:285 - 1500 bytes written to disk.
2026-03-12 15:45:18.809 | DEBUG    | baldaquin.buf:open:104 - Ouput file /home/lab1-student/baldaquindata/plasduino/0309_000091/0309_000091_data.txt closed.
2026-03-12 15:45:18.809 | DEBUG    | baldaquin.buf:open:100 - Opening output file /home/lab1-student/baldaquindata/plasduino/0309_000092/0309_000092_data.txt {'mode': 'at', 'encoding': 'utf-8'}...
2026-03-12 15:45:18.809 | DEBUG    | baldaquin.buf:_write:285 - 1500 bytes written to disk.
2026-03-12 15:45:18.810 | DEBUG    | baldaquin.buf:open:104 - Ouput file /home/lab1-student/baldaquindata/plasduino/0309_000092/0309_000092_data.txt closed.
2026-03-12 15:45:18.810 | DEBUG    | baldaquin.buf:open:100 - Opening output file /home/lab1-student/baldaquindata/plasduino/0309_000093/0309_000093_data.txt {'mode': 'at', 'encoding': 'utf-8'}...
2026-03-12 15:45:18.810 | DEBUG    | baldaquin.buf:_write:285 - 1500 bytes written to disk.
2026-03-12 15:45:18.810 | DEBUG    | baldaquin.buf:open:104 - Ouput file /home/lab1-student/baldaquindata/plasduino/0309_000093/0309_000093_data.txt closed.
2026-03-12 15:45:18.810 | DEBUG    | baldaquin.buf:open:100 - Opening output file /home/lab1-student/baldaquindata/plasduino/0309_000093/0309_000093_data.dat {'mode': 'ab'}...
2026-03-12 15:45:18.810 | DEBUG    | baldaquin.buf:_pop_and_write_raw:259 - 800 bytes written to disk.
2026-03-12 15:45:18.811 | DEBUG    | baldaquin.buf:open:104 - Ouput file /home/lab1-student/baldaquindata/plasduino/0309_000093/0309_000093_data.dat closed.
2026-03-12 15:45:18.811 | INFO     | baldaquin.buf:flush:318 - 12800 bytes (800 raw bytes) written to disk.
2026-03-12 15:45:18.811 | DEBUG    | baldaquin.profile:wrap:32 - Running time for flush(): 0.009910 s
2026-03-12 15:45:21.343 | INFO     | baldaquin.buf:flush:309 - 100 packets ready to be written out...
2026-03-12 15:45:21.343 | DEBUG    | baldaquin.buf:open:100 - Opening output file /home/lab1-student/baldaquindata/plasduino/0309_000086/0309_000086_data.txt {'mode': 'at', 'encoding': 'utf-8'}...
2026-03-12 15:45:21.355 | DEBUG    | baldaquin.buf:_write:285 - 1500 bytes written to disk.
2026-03-12 15:45:21.356 | DEBUG    | baldaquin.buf:open:104 - Ouput file /home/lab1-student/baldaquindata/plasduino/0309_000086/0309_000086_data.txt closed.
2026-03-12 15:45:21.358 | DEBUG    | baldaquin.buf:open:100 - Opening output file /home/lab1-student/baldaquindata/plasduino/0309_000087/0309_000087_data.txt {'mode': 'at', 'encoding': 'utf-8'}...
2026-03-12 15:45:21.360 | DEBUG    | baldaquin.buf:_write:285 - 1500 bytes written to disk.
2026-03-12 15:45:21.360 | DEBUG    | baldaquin.buf:open:104 - Ouput file /home/lab1-student/baldaquindata/plasduino/0309_000087/0309_000087_data.txt closed.
2026-03-12 15:45:21.365 | DEBUG    | baldaquin.buf:open:100 - Opening output file /home/lab1-student/baldaquindata/plasduino/0309_000088/0309_000088_data.txt {'mode': 'at', 'encoding': 'utf-8'}...
2026-03-12 15:45:21.378 | DEBUG    | baldaquin.buf:_write:285 - 1500 bytes written to disk.
2026-03-12 15:45:21.386 | DEBUG    | baldaquin.buf:open:104 - Ouput file /home/lab1-student/baldaquindata/plasduino/0309_000088/0309_000088_data.txt closed.
2026-03-12 15:45:21.387 | DEBUG    | baldaquin.buf:open:100 - Opening output file /home/lab1-student/baldaquindata/plasduino/0309_000089/0309_000089_data.txt {'mode': 'at', 'encoding': 'utf-8'}...
2026-03-12 15:45:21.392 | DEBUG    | baldaquin.buf:_write:285 - 1500 bytes written to disk.
2026-03-12 15:45:21.392 | DEBUG    | baldaquin.buf:open:104 - Ouput file /home/lab1-student/baldaquindata/plasduino/0309_000089/0309_000089_data.txt closed.
2026-03-12 15:45:21.392 | DEBUG    | baldaquin.buf:open:100 - Opening output file /home/lab1-student/baldaquindata/plasduino/0309_000090/0309_000090_data.txt {'mode': 'at', 'encoding': 'utf-8'}...
2026-03-12 15:45:21.393 | DEBUG    | baldaquin.buf:_write:285 - 1500 bytes written to disk.
2026-03-12 15:45:21.393 | DEBUG    | baldaquin.buf:open:104 - Ouput file /home/lab1-student/baldaquindata/plasduino/0309_000090/0309_000090_data.txt closed.
2026-03-12 15:45:21.393 | DEBUG    | baldaquin.buf:open:100 - Opening output file /home/lab1-student/baldaquindata/plasduino/0309_000091/0309_000091_data.txt {'mode': 'at', 'encoding': 'utf-8'}...
2026-03-12 15:45:21.394 | DEBUG    | baldaquin.buf:_write:285 - 1500 bytes written to disk.
2026-03-12 15:45:21.394 | DEBUG    | baldaquin.buf:open:104 - Ouput file /home/lab1-student/baldaquindata/plasduino/0309_000091/0309_000091_data.txt closed.
2026-03-12 15:45:21.394 | DEBUG    | baldaquin.buf:open:100 - Opening output file /home/lab1-student/baldaquindata/plasduino/0309_000092/0309_000092_data.txt {'mode': 'at', 'encoding': 'utf-8'}...
2026-03-12 15:45:21.395 | DEBUG    | baldaquin.buf:_write:285 - 1500 bytes written to disk.
2026-03-12 15:45:21.405 | DEBUG    | baldaquin.buf:open:104 - Ouput file /home/lab1-student/baldaquindata/plasduino/0309_000092/0309_000092_data.txt closed.
2026-03-12 15:45:21.405 | DEBUG    | baldaquin.buf:open:100 - Opening output file /home/lab1-student/baldaquindata/plasduino/0309_000093/0309_000093_data.txt {'mode': 'at', 'encoding': 'utf-8'}...
2026-03-12 15:45:21.406 | DEBUG    | baldaquin.buf:_write:285 - 1500 bytes written to disk.
2026-03-12 15:45:21.407 | DEBUG    | baldaquin.buf:open:104 - Ouput file /home/lab1-student/baldaquindata/plasduino/0309_000093/0309_000093_data.txt closed.
2026-03-12 15:45:21.408 | DEBUG    | baldaquin.buf:open:100 - Opening output file /home/lab1-student/baldaquindata/plasduino/0309_000093/0309_000093_data.dat {'mode': 'ab'}...
2026-03-12 15:45:21.408 | DEBUG    | baldaquin.buf:_pop_and_write_raw:259 - 800 bytes written to disk.
2026-03-12 15:45:21.408 | DEBUG    | baldaquin.buf:open:104 - Ouput file /home/lab1-student/baldaquindata/plasduino/0309_000093/0309_000093_data.dat closed.
2026-03-12 15:45:21.411 | INFO     | baldaquin.buf:flush:318 - 12800 bytes (800 raw bytes) written to disk.
2026-03-12 15:45:21.411 | DEBUG    | baldaquin.profile:wrap:32 - Running time for flush(): 0.067938 s
2026-03-12 15:45:23.876 | INFO     | baldaquin.buf:flush:309 - 100 packets ready to be written out...
2026-03-12 15:45:23.884 | DEBUG    | baldaquin.buf:open:100 - Opening output file /home/lab1-student/baldaquindata/plasduino/0309_000086/0309_000086_data.txt {'mode': 'at', 'encoding': 'utf-8'}...
2026-03-12 15:45:23.885 | DEBUG    | baldaquin.buf:_write:285 - 1500 bytes written to disk.
2026-03-12 15:45:23.886 | DEBUG    | baldaquin.buf:open:104 - Ouput file /home/lab1-student/baldaquindata/plasduino/0309_000086/0309_000086_data.txt closed.
2026-03-12 15:45:23.888 | DEBUG    | baldaquin.buf:open:100 - Opening output file /home/lab1-student/baldaquindata/plasduino/0309_000087/0309_000087_data.txt {'mode': 'at', 'encoding': 'utf-8'}...
2026-03-12 15:45:23.890 | DEBUG    | baldaquin.buf:_write:285 - 1500 bytes written to disk.
2026-03-12 15:45:23.891 | DEBUG    | baldaquin.buf:open:104 - Ouput file /home/lab1-student/baldaquindata/plasduino/0309_000087/0309_000087_data.txt closed.
2026-03-12 15:45:23.892 | DEBUG    | baldaquin.buf:open:100 - Opening output file /home/lab1-student/baldaquindata/plasduino/0309_000088/0309_000088_data.txt {'mode': 'at', 'encoding': 'utf-8'}...
2026-03-12 15:45:23.893 | DEBUG    | baldaquin.buf:_write:285 - 1500 bytes written to disk.
2026-03-12 15:45:23.902 | DEBUG    | baldaquin.buf:open:104 - Ouput file /home/lab1-student/baldaquindata/plasduino/0309_000088/0309_000088_data.txt closed.
2026-03-12 15:45:23.902 | DEBUG    | baldaquin.buf:open:100 - Opening output file /home/lab1-student/baldaquindata/plasduino/0309_000089/0309_000089_data.txt {'mode': 'at', 'encoding': 'utf-8'}...
2026-03-12 15:45:23.903 | DEBUG    | baldaquin.buf:_write:285 - 1500 bytes written to disk.
2026-03-12 15:45:23.903 | DEBUG    | baldaquin.buf:open:104 - Ouput file /home/lab1-student/baldaquindata/plasduino/0309_000089/0309_000089_data.txt closed.
2026-03-12 15:45:23.904 | DEBUG    | baldaquin.buf:open:100 - Opening output file /home/lab1-student/baldaquindata/plasduino/0309_000090/0309_000090_data.txt {'mode': 'at', 'encoding': 'utf-8'}...
2026-03-12 15:45:23.904 | DEBUG    | baldaquin.buf:_write:285 - 1500 bytes written to disk.
2026-03-12 15:45:23.904 | DEBUG    | baldaquin.buf:open:104 - Ouput file /home/lab1-student/baldaquindata/plasduino/0309_000090/0309_000090_data.txt closed.
2026-03-12 15:45:23.905 | DEBUG    | baldaquin.buf:open:100 - Opening output file /home/lab1-student/baldaquindata/plasduino/0309_000091/0309_000091_data.txt {'mode': 'at', 'encoding': 'utf-8'}...
2026-03-12 15:45:23.905 | DEBUG    | baldaquin.buf:_write:285 - 1500 bytes written to disk.
2026-03-12 15:45:23.905 | DEBUG    | baldaquin.buf:open:104 - Ouput file /home/lab1-student/baldaquindata/plasduino/0309_000091/0309_000091_data.txt closed.
2026-03-12 15:45:23.906 | DEBUG    | baldaquin.buf:open:100 - Opening output file /home/lab1-student/baldaquindata/plasduino/0309_000092/0309_000092_data.txt {'mode': 'at', 'encoding': 'utf-8'}...
2026-03-12 15:45:23.917 | DEBUG    | baldaquin.buf:_write:285 - 1500 bytes written to disk.
2026-03-12 15:45:23.918 | DEBUG    | baldaquin.buf:open:104 - Ouput file /home/lab1-student/baldaquindata/plasduino/0309_000092/0309_000092_data.txt closed.
2026-03-12 15:45:23.921 | DEBUG    | baldaquin.buf:open:100 - Opening output file /home/lab1-student/baldaquindata/plasduino/0309_000093/0309_000093_data.txt {'mode': 'at', 'encoding': 'utf-8'}...
2026-03-12 15:45:23.922 | DEBUG    | baldaquin.buf:_write:285 - 1500 bytes written to disk.
2026-03-12 15:45:23.945 | DEBUG    | baldaquin.buf:open:104 - Ouput file /home/lab1-student/baldaquindata/plasduino/0309_000093/0309_000093_data.txt closed.
2026-03-12 15:45:23.956 | DEBUG    | baldaquin.buf:open:100 - Opening output file /home/lab1-student/baldaquindata/plasduino/0309_000093/0309_000093_data.dat {'mode': 'ab'}...
2026-03-12 15:45:23.958 | DEBUG    | baldaquin.buf:_pop_and_write_raw:259 - 800 bytes written to disk.
2026-03-12 15:45:23.974 | DEBUG    | baldaquin.buf:open:104 - Ouput file /home/lab1-student/baldaquindata/plasduino/0309_000093/0309_000093_data.dat closed.
2026-03-12 15:45:23.974 | INFO     | baldaquin.buf:flush:318 - 12800 bytes (800 raw bytes) written to disk.
2026-03-12 15:45:23.974 | DEBUG    | baldaquin.profile:wrap:32 - Running time for flush(): 0.098212 s
2026-03-12 15:45:26.411 | INFO     | baldaquin.buf:flush:309 - 100 packets ready to be written out...
2026-03-12 15:45:26.412 | DEBUG    | baldaquin.buf:open:100 - Opening output file /home/lab1-student/baldaquindata/plasduino/0309_000086/0309_000086_data.txt {'mode': 'at', 'encoding': 'utf-8'}...
2026-03-12 15:45:26.412 | DEBUG    | baldaquin.buf:_write:285 - 1500 bytes written to disk.
2026-03-12 15:45:26.413 | DEBUG    | baldaquin.buf:open:104 - Ouput file /home/lab1-student/baldaquindata/plasduino/0309_000086/0309_000086_data.txt closed.
2026-03-12 15:45:26.413 | DEBUG    | baldaquin.buf:open:100 - Opening output file /home/lab1-student/baldaquindata/plasduino/0309_000087/0309_000087_data.txt {'mode': 'at', 'encoding': 'utf-8'}...
2026-03-12 15:45:26.413 | DEBUG    | baldaquin.buf:_write:285 - 1500 bytes written to disk.
2026-03-12 15:45:26.413 | DEBUG    | baldaquin.buf:open:104 - Ouput file /home/lab1-student/baldaquindata/plasduino/0309_000087/0309_000087_data.txt closed.
2026-03-12 15:45:26.414 | DEBUG    | baldaquin.buf:open:100 - Opening output file /home/lab1-student/baldaquindata/plasduino/0309_000088/0309_000088_data.txt {'mode': 'at', 'encoding': 'utf-8'}...
2026-03-12 15:45:26.414 | DEBUG    | baldaquin.buf:_write:285 - 1500 bytes written to disk.
2026-03-12 15:45:26.414 | DEBUG    | baldaquin.buf:open:104 - Ouput file /home/lab1-student/baldaquindata/plasduino/0309_000088/0309_000088_data.txt closed.
2026-03-12 15:45:26.414 | DEBUG    | baldaquin.buf:open:100 - Opening output file /home/lab1-student/baldaquindata/plasduino/0309_000089/0309_000089_data.txt {'mode': 'at', 'encoding': 'utf-8'}...
2026-03-12 15:45:26.415 | DEBUG    | baldaquin.buf:_write:285 - 1500 bytes written to disk.
2026-03-12 15:45:26.415 | DEBUG    | baldaquin.buf:open:104 - Ouput file /home/lab1-student/baldaquindata/plasduino/0309_000089/0309_000089_data.txt closed.
2026-03-12 15:45:26.415 | DEBUG    | baldaquin.buf:open:100 - Opening output file /home/lab1-student/baldaquindata/plasduino/0309_000090/0309_000090_data.txt {'mode': 'at', 'encoding': 'utf-8'}...
2026-03-12 15:45:26.415 | DEBUG    | baldaquin.buf:_write:285 - 1500 bytes written to disk.
2026-03-12 15:45:26.416 | DEBUG    | baldaquin.buf:open:104 - Ouput file /home/lab1-student/baldaquindata/plasduino/0309_000090/0309_000090_data.txt closed.
2026-03-12 15:45:26.416 | DEBUG    | baldaquin.buf:open:100 - Opening output file /home/lab1-student/baldaquindata/plasduino/0309_000091/0309_000091_data.txt {'mode': 'at', 'encoding': 'utf-8'}...
2026-03-12 15:45:26.416 | DEBUG    | baldaquin.buf:_write:285 - 1500 bytes written to disk.
2026-03-12 15:45:26.416 | DEBUG    | baldaquin.buf:open:104 - Ouput file /home/lab1-student/baldaquindata/plasduino/0309_000091/0309_000091_data.txt closed.
2026-03-12 15:45:26.416 | DEBUG    | baldaquin.buf:open:100 - Opening output file /home/lab1-student/baldaquindata/plasduino/0309_000092/0309_000092_data.txt {'mode': 'at', 'encoding': 'utf-8'}...
2026-03-12 15:45:26.417 | DEBUG    | baldaquin.buf:_write:285 - 1500 bytes written to disk.
2026-03-12 15:45:26.417 | DEBUG    | baldaquin.buf:open:104 - Ouput file /home/lab1-student/baldaquindata/plasduino/0309_000092/0309_000092_data.txt closed.
2026-03-12 15:45:26.417 | DEBUG    | baldaquin.buf:open:100 - Opening output file /home/lab1-student/baldaquindata/plasduino/0309_000093/0309_000093_data.txt {'mode': 'at', 'encoding': 'utf-8'}...
2026-03-12 15:45:26.418 | DEBUG    | baldaquin.buf:_write:285 - 1500 bytes written to disk.
2026-03-12 15:45:26.418 | DEBUG    | baldaquin.buf:open:104 - Ouput file /home/lab1-student/baldaquindata/plasduino/0309_000093/0309_000093_data.txt closed.
2026-03-12 15:45:26.418 | DEBUG    | baldaquin.buf:open:100 - Opening output file /home/lab1-student/baldaquindata/plasduino/0309_000093/0309_000093_data.dat {'mode': 'ab'}...
2026-03-12 15:45:26.418 | DEBUG    | baldaquin.buf:_pop_and_write_raw:259 - 800 bytes written to disk.
2026-03-12 15:45:26.418 | DEBUG    | baldaquin.buf:open:104 - Ouput file /home/lab1-student/baldaquindata/plasduino/0309_000093/0309_000093_data.dat closed.
2026-03-12 15:45:26.418 | INFO     | baldaquin.buf:flush:318 - 12800 bytes (800 raw bytes) written to disk.
2026-03-12 15:45:26.418 | DEBUG    | baldaquin.profile:wrap:32 - Running time for flush(): 0.006770 s
2026-03-12 15:45:28.950 | INFO     | baldaquin.buf:flush:309 - 100 packets ready to be written out...
2026-03-12 15:45:28.951 | DEBUG    | baldaquin.buf:open:100 - Opening output file /home/lab1-student/baldaquindata/plasduino/0309_000086/0309_000086_data.txt {'mode': 'at', 'encoding': 'utf-8'}...
2026-03-12 15:45:28.956 | DEBUG    | baldaquin.buf:_write:285 - 1500 bytes written to disk.
2026-03-12 15:45:28.956 | DEBUG    | baldaquin.buf:open:104 - Ouput file /home/lab1-student/baldaquindata/plasduino/0309_000086/0309_000086_data.txt closed.
2026-03-12 15:45:28.956 | DEBUG    | baldaquin.buf:open:100 - Opening output file /home/lab1-student/baldaquindata/plasduino/0309_000087/0309_000087_data.txt {'mode': 'at', 'encoding': 'utf-8'}...
2026-03-12 15:45:28.969 | DEBUG    | baldaquin.buf:_write:285 - 1500 bytes written to disk.
2026-03-12 15:45:28.969 | DEBUG    | baldaquin.buf:open:104 - Ouput file /home/lab1-student/baldaquindata/plasduino/0309_000087/0309_000087_data.txt closed.
2026-03-12 15:45:28.970 | DEBUG    | baldaquin.buf:open:100 - Opening output file /home/lab1-student/baldaquindata/plasduino/0309_000088/0309_000088_data.txt {'mode': 'at', 'encoding': 'utf-8'}...
2026-03-12 15:45:28.987 | DEBUG    | baldaquin.buf:_write:285 - 1500 bytes written to disk.
2026-03-12 15:45:28.989 | DEBUG    | baldaquin.buf:open:104 - Ouput file /home/lab1-student/baldaquindata/plasduino/0309_000088/0309_000088_data.txt closed.
2026-03-12 15:45:28.990 | DEBUG    | baldaquin.buf:open:100 - Opening output file /home/lab1-student/baldaquindata/plasduino/0309_000089/0309_000089_data.txt {'mode': 'at', 'encoding': 'utf-8'}...
2026-03-12 15:45:28.994 | DEBUG    | baldaquin.buf:_write:285 - 1500 bytes written to disk.
2026-03-12 15:45:28.994 | DEBUG    | baldaquin.buf:open:104 - Ouput file /home/lab1-student/baldaquindata/plasduino/0309_000089/0309_000089_data.txt closed.
2026-03-12 15:45:28.994 | DEBUG    | baldaquin.buf:open:100 - Opening output file /home/lab1-student/baldaquindata/plasduino/0309_000090/0309_000090_data.txt {'mode': 'at', 'encoding': 'utf-8'}...
2026-03-12 15:45:28.995 | DEBUG    | baldaquin.buf:_write:285 - 1500 bytes written to disk.
2026-03-12 15:45:28.998 | DEBUG    | baldaquin.buf:open:104 - Ouput file /home/lab1-student/baldaquindata/plasduino/0309_000090/0309_000090_data.txt closed.
2026-03-12 15:45:28.998 | DEBUG    | baldaquin.buf:open:100 - Opening output file /home/lab1-student/baldaquindata/plasduino/0309_000091/0309_000091_data.txt {'mode': 'at', 'encoding': 'utf-8'}...
2026-03-12 15:45:28.999 | DEBUG    | baldaquin.buf:_write:285 - 1500 bytes written to disk.
2026-03-12 15:45:28.999 | DEBUG    | baldaquin.buf:open:104 - Ouput file /home/lab1-student/baldaquindata/plasduino/0309_000091/0309_000091_data.txt closed.
2026-03-12 15:45:28.999 | DEBUG    | baldaquin.buf:open:100 - Opening output file /home/lab1-student/baldaquindata/plasduino/0309_000092/0309_000092_data.txt {'mode': 'at', 'encoding': 'utf-8'}...
2026-03-12 15:45:29.000 | DEBUG    | baldaquin.buf:_write:285 - 1500 bytes written to disk.
2026-03-12 15:45:29.000 | DEBUG    | baldaquin.buf:open:104 - Ouput file /home/lab1-student/baldaquindata/plasduino/0309_000092/0309_000092_data.txt closed.
2026-03-12 15:45:29.000 | DEBUG    | baldaquin.buf:open:100 - Opening output file /home/lab1-student/baldaquindata/plasduino/0309_000093/0309_000093_data.txt {'mode': 'at', 'encoding': 'utf-8'}...
2026-03-12 15:45:29.001 | DEBUG    | baldaquin.buf:_write:285 - 1500 bytes written to disk.
2026-03-12 15:45:29.004 | DEBUG    | baldaquin.buf:open:104 - Ouput file /home/lab1-student/baldaquindata/plasduino/0309_000093/0309_000093_data.txt closed.
2026-03-12 15:45:29.004 | DEBUG    | baldaquin.buf:open:100 - Opening output file /home/lab1-student/baldaquindata/plasduino/0309_000093/0309_000093_data.dat {'mode': 'ab'}...
2026-03-12 15:45:29.017 | DEBUG    | baldaquin.buf:_pop_and_write_raw:259 - 800 bytes written to disk.
2026-03-12 15:45:29.019 | DEBUG    | baldaquin.buf:open:104 - Ouput file /home/lab1-student/baldaquindata/plasduino/0309_000093/0309_000093_data.dat closed.
2026-03-12 15:45:29.019 | INFO     | baldaquin.buf:flush:318 - 12800 bytes (800 raw bytes) written to disk.
2026-03-12 15:45:29.020 | DEBUG    | baldaquin.profile:wrap:32 - Running time for flush(): 0.069953 s
2026-03-12 15:45:31.481 | INFO     | baldaquin.buf:flush:309 - 100 packets ready to be written out...
2026-03-12 15:45:31.482 | DEBUG    | baldaquin.buf:open:100 - Opening output file /home/lab1-student/baldaquindata/plasduino/0309_000086/0309_000086_data.txt {'mode': 'at', 'encoding': 'utf-8'}...
2026-03-12 15:45:31.483 | DEBUG    | baldaquin.buf:_write:285 - 1500 bytes written to disk.
2026-03-12 15:45:31.483 | DEBUG    | baldaquin.buf:open:104 - Ouput file /home/lab1-student/baldaquindata/plasduino/0309_000086/0309_000086_data.txt closed.
2026-03-12 15:45:31.485 | DEBUG    | baldaquin.buf:open:100 - Opening output file /home/lab1-student/baldaquindata/plasduino/0309_000087/0309_000087_data.txt {'mode': 'at', 'encoding': 'utf-8'}...
2026-03-12 15:45:31.485 | DEBUG    | baldaquin.buf:_write:285 - 1500 bytes written to disk.
2026-03-12 15:45:31.493 | DEBUG    | baldaquin.buf:open:104 - Ouput file /home/lab1-student/baldaquindata/plasduino/0309_000087/0309_000087_data.txt closed.
2026-03-12 15:45:31.494 | DEBUG    | baldaquin.buf:open:100 - Opening output file /home/lab1-student/baldaquindata/plasduino/0309_000088/0309_000088_data.txt {'mode': 'at', 'encoding': 'utf-8'}...
2026-03-12 15:45:31.494 | DEBUG    | baldaquin.buf:_write:285 - 1500 bytes written to disk.
2026-03-12 15:45:31.495 | DEBUG    | baldaquin.buf:open:104 - Ouput file /home/lab1-student/baldaquindata/plasduino/0309_000088/0309_000088_data.txt closed.
2026-03-12 15:45:31.495 | DEBUG    | baldaquin.buf:open:100 - Opening output file /home/lab1-student/baldaquindata/plasduino/0309_000089/0309_000089_data.txt {'mode': 'at', 'encoding': 'utf-8'}...
2026-03-12 15:45:31.495 | DEBUG    | baldaquin.buf:_write:285 - 1500 bytes written to disk.
2026-03-12 15:45:31.496 | DEBUG    | baldaquin.buf:open:104 - Ouput file /home/lab1-student/baldaquindata/plasduino/0309_000089/0309_000089_data.txt closed.
2026-03-12 15:45:31.506 | DEBUG    | baldaquin.buf:open:100 - Opening output file /home/lab1-student/baldaquindata/plasduino/0309_000090/0309_000090_data.txt {'mode': 'at', 'encoding': 'utf-8'}...
2026-03-12 15:45:31.507 | DEBUG    | baldaquin.buf:_write:285 - 1500 bytes written to disk.
2026-03-12 15:45:31.511 | DEBUG    | baldaquin.buf:open:104 - Ouput file /home/lab1-student/baldaquindata/plasduino/0309_000090/0309_000090_data.txt closed.
2026-03-12 15:45:31.512 | DEBUG    | baldaquin.buf:open:100 - Opening output file /home/lab1-student/baldaquindata/plasduino/0309_000091/0309_000091_data.txt {'mode': 'at', 'encoding': 'utf-8'}...
2026-03-12 15:45:31.513 | DEBUG    | baldaquin.buf:_write:285 - 1500 bytes written to disk.
2026-03-12 15:45:31.513 | DEBUG    | baldaquin.buf:open:104 - Ouput file /home/lab1-student/baldaquindata/plasduino/0309_000091/0309_000091_data.txt closed.
2026-03-12 15:45:31.513 | DEBUG    | baldaquin.buf:open:100 - Opening output file /home/lab1-student/baldaquindata/plasduino/0309_000092/0309_000092_data.txt {'mode': 'at', 'encoding': 'utf-8'}...
2026-03-12 15:45:31.513 | DEBUG    | baldaquin.buf:_write:285 - 1500 bytes written to disk.
2026-03-12 15:45:31.514 | DEBUG    | baldaquin.buf:open:104 - Ouput file /home/lab1-student/baldaquindata/plasduino/0309_000092/0309_000092_data.txt closed.
2026-03-12 15:45:31.514 | DEBUG    | baldaquin.buf:open:100 - Opening output file /home/lab1-student/baldaquindata/plasduino/0309_000093/0309_000093_data.txt {'mode': 'at', 'encoding': 'utf-8'}...
2026-03-12 15:45:31.514 | DEBUG    | baldaquin.buf:_write:285 - 1500 bytes written to disk.
2026-03-12 15:45:31.515 | DEBUG    | baldaquin.buf:open:104 - Ouput file /home/lab1-student/baldaquindata/plasduino/0309_000093/0309_000093_data.txt closed.
2026-03-12 15:45:31.515 | DEBUG    | baldaquin.buf:open:100 - Opening output file /home/lab1-student/baldaquindata/plasduino/0309_000093/0309_000093_data.dat {'mode': 'ab'}...
2026-03-12 15:45:31.515 | DEBUG    | baldaquin.buf:_pop_and_write_raw:259 - 800 bytes written to disk.
2026-03-12 15:45:31.515 | DEBUG    | baldaquin.buf:open:104 - Ouput file /home/lab1-student/baldaquindata/plasduino/0309_000093/0309_000093_data.dat closed.
2026-03-12 15:45:31.515 | INFO     | baldaquin.buf:flush:318 - 12800 bytes (800 raw bytes) written to disk.
2026-03-12 15:45:31.515 | DEBUG    | baldaquin.profile:wrap:32 - Running time for flush(): 0.034301 s
2026-03-12 15:45:34.016 | INFO     | baldaquin.buf:flush:309 - 100 packets ready to be written out...
2026-03-12 15:45:34.016 | DEBUG    | baldaquin.buf:open:100 - Opening output file /home/lab1-student/baldaquindata/plasduino/0309_000086/0309_000086_data.txt {'mode': 'at', 'encoding': 'utf-8'}...
2026-03-12 15:45:34.017 | DEBUG    | baldaquin.buf:_write:285 - 1500 bytes written to disk.
2026-03-12 15:45:34.017 | DEBUG    | baldaquin.buf:open:104 - Ouput file /home/lab1-student/baldaquindata/plasduino/0309_000086/0309_000086_data.txt closed.
2026-03-12 15:45:34.017 | DEBUG    | baldaquin.buf:open:100 - Opening output file /home/lab1-student/baldaquindata/plasduino/0309_000087/0309_000087_data.txt {'mode': 'at', 'encoding': 'utf-8'}...
2026-03-12 15:45:34.018 | DEBUG    | baldaquin.buf:_write:285 - 1500 bytes written to disk.
2026-03-12 15:45:34.018 | DEBUG    | baldaquin.buf:open:104 - Ouput file /home/lab1-student/baldaquindata/plasduino/0309_000087/0309_000087_data.txt closed.
2026-03-12 15:45:34.018 | DEBUG    | baldaquin.buf:open:100 - Opening output file /home/lab1-student/baldaquindata/plasduino/0309_000088/0309_000088_data.txt {'mode': 'at', 'encoding': 'utf-8'}...
2026-03-12 15:45:34.018 | DEBUG    | baldaquin.buf:_write:285 - 1500 bytes written to disk.
2026-03-12 15:45:34.018 | DEBUG    | baldaquin.buf:open:104 - Ouput file /home/lab1-student/baldaquindata/plasduino/0309_000088/0309_000088_data.txt closed.
2026-03-12 15:45:34.019 | DEBUG    | baldaquin.buf:open:100 - Opening output file /home/lab1-student/baldaquindata/plasduino/0309_000089/0309_000089_data.txt {'mode': 'at', 'encoding': 'utf-8'}...
2026-03-12 15:45:34.019 | DEBUG    | baldaquin.buf:_write:285 - 1500 bytes written to disk.
2026-03-12 15:45:34.019 | DEBUG    | baldaquin.buf:open:104 - Ouput file /home/lab1-student/baldaquindata/plasduino/0309_000089/0309_000089_data.txt closed.
2026-03-12 15:45:34.019 | DEBUG    | baldaquin.buf:open:100 - Opening output file /home/lab1-student/baldaquindata/plasduino/0309_000090/0309_000090_data.txt {'mode': 'at', 'encoding': 'utf-8'}...
2026-03-12 15:45:34.020 | DEBUG    | baldaquin.buf:_write:285 - 1500 bytes written to disk.
2026-03-12 15:45:34.020 | DEBUG    | baldaquin.buf:open:104 - Ouput file /home/lab1-student/baldaquindata/plasduino/0309_000090/0309_000090_data.txt closed.
2026-03-12 15:45:34.020 | DEBUG    | baldaquin.buf:open:100 - Opening output file /home/lab1-student/baldaquindata/plasduino/0309_000091/0309_000091_data.txt {'mode': 'at', 'encoding': 'utf-8'}...
2026-03-12 15:45:34.020 | DEBUG    | baldaquin.buf:_write:285 - 1500 bytes written to disk.
2026-03-12 15:45:34.020 | DEBUG    | baldaquin.buf:open:104 - Ouput file /home/lab1-student/baldaquindata/plasduino/0309_000091/0309_000091_data.txt closed.
2026-03-12 15:45:34.021 | DEBUG    | baldaquin.buf:open:100 - Opening output file /home/lab1-student/baldaquindata/plasduino/0309_000092/0309_000092_data.txt {'mode': 'at', 'encoding': 'utf-8'}...
2026-03-12 15:45:34.021 | DEBUG    | baldaquin.buf:_write:285 - 1500 bytes written to disk.
2026-03-12 15:45:34.021 | DEBUG    | baldaquin.buf:open:104 - Ouput file /home/lab1-student/baldaquindata/plasduino/0309_000092/0309_000092_data.txt closed.
2026-03-12 15:45:34.021 | DEBUG    | baldaquin.buf:open:100 - Opening output file /home/lab1-student/baldaquindata/plasduino/0309_000093/0309_000093_data.txt {'mode': 'at', 'encoding': 'utf-8'}...
2026-03-12 15:45:34.022 | DEBUG    | baldaquin.buf:_write:285 - 1500 bytes written to disk.
2026-03-12 15:45:34.022 | DEBUG    | baldaquin.buf:open:104 - Ouput file /home/lab1-student/baldaquindata/plasduino/0309_000093/0309_000093_data.txt closed.
2026-03-12 15:45:34.022 | DEBUG    | baldaquin.buf:open:100 - Opening output file /home/lab1-student/baldaquindata/plasduino/0309_000093/0309_000093_data.dat {'mode': 'ab'}...
2026-03-12 15:45:34.022 | DEBUG    | baldaquin.buf:_pop_and_write_raw:259 - 800 bytes written to disk.
2026-03-12 15:45:34.022 | DEBUG    | baldaquin.buf:open:104 - Ouput file /home/lab1-student/baldaquindata/plasduino/0309_000093/0309_000093_data.dat closed.
2026-03-12 15:45:34.022 | INFO     | baldaquin.buf:flush:318 - 12800 bytes (800 raw bytes) written to disk.
2026-03-12 15:45:34.022 | DEBUG    | baldaquin.profile:wrap:32 - Running time for flush(): 0.006225 s
2026-03-12 15:45:36.387 | INFO     | baldaquin.app:stop_run:90 - Stopping Pendulum View user application...
2026-03-12 15:45:36.404 | INFO     | baldaquin.buf:flush:309 - 94 packets ready to be written out...
2026-03-12 15:45:36.404 | DEBUG    | baldaquin.buf:open:100 - Opening output file /home/lab1-student/baldaquindata/plasduino/0309_000086/0309_000086_data.txt {'mode': 'at', 'encoding': 'utf-8'}...
2026-03-12 15:45:36.405 | DEBUG    | baldaquin.buf:_write:285 - 1410 bytes written to disk.
2026-03-12 15:45:36.405 | DEBUG    | baldaquin.buf:open:104 - Ouput file /home/lab1-student/baldaquindata/plasduino/0309_000086/0309_000086_data.txt closed.
2026-03-12 15:45:36.405 | DEBUG    | baldaquin.buf:open:100 - Opening output file /home/lab1-student/baldaquindata/plasduino/0309_000087/0309_000087_data.txt {'mode': 'at', 'encoding': 'utf-8'}...
2026-03-12 15:45:36.406 | DEBUG    | baldaquin.buf:_write:285 - 1410 bytes written to disk.
2026-03-12 15:45:36.406 | DEBUG    | baldaquin.buf:open:104 - Ouput file /home/lab1-student/baldaquindata/plasduino/0309_000087/0309_000087_data.txt closed.
2026-03-12 15:45:36.406 | DEBUG    | baldaquin.buf:open:100 - Opening output file /home/lab1-student/baldaquindata/plasduino/0309_000088/0309_000088_data.txt {'mode': 'at', 'encoding': 'utf-8'}...
2026-03-12 15:45:36.406 | DEBUG    | baldaquin.buf:_write:285 - 1410 bytes written to disk.
2026-03-12 15:45:36.407 | DEBUG    | baldaquin.buf:open:104 - Ouput file /home/lab1-student/baldaquindata/plasduino/0309_000088/0309_000088_data.txt closed.
2026-03-12 15:45:36.407 | DEBUG    | baldaquin.buf:open:100 - Opening output file /home/lab1-student/baldaquindata/plasduino/0309_000089/0309_000089_data.txt {'mode': 'at', 'encoding': 'utf-8'}...
2026-03-12 15:45:36.407 | DEBUG    | baldaquin.buf:_write:285 - 1410 bytes written to disk.
2026-03-12 15:45:36.408 | DEBUG    | baldaquin.buf:open:104 - Ouput file /home/lab1-student/baldaquindata/plasduino/0309_000089/0309_000089_data.txt closed.
2026-03-12 15:45:36.408 | DEBUG    | baldaquin.buf:open:100 - Opening output file /home/lab1-student/baldaquindata/plasduino/0309_000090/0309_000090_data.txt {'mode': 'at', 'encoding': 'utf-8'}...
2026-03-12 15:45:36.408 | DEBUG    | baldaquin.buf:_write:285 - 1410 bytes written to disk.
2026-03-12 15:45:36.409 | DEBUG    | baldaquin.buf:open:104 - Ouput file /home/lab1-student/baldaquindata/plasduino/0309_000090/0309_000090_data.txt closed.
2026-03-12 15:45:36.409 | DEBUG    | baldaquin.buf:open:100 - Opening output file /home/lab1-student/baldaquindata/plasduino/0309_000091/0309_000091_data.txt {'mode': 'at', 'encoding': 'utf-8'}...
2026-03-12 15:45:36.409 | DEBUG    | baldaquin.buf:_write:285 - 1410 bytes written to disk.
2026-03-12 15:45:36.409 | DEBUG    | baldaquin.buf:open:104 - Ouput file /home/lab1-student/baldaquindata/plasduino/0309_000091/0309_000091_data.txt closed.
2026-03-12 15:45:36.409 | DEBUG    | baldaquin.buf:open:100 - Opening output file /home/lab1-student/baldaquindata/plasduino/0309_000092/0309_000092_data.txt {'mode': 'at', 'encoding': 'utf-8'}...
2026-03-12 15:45:36.410 | DEBUG    | baldaquin.buf:_write:285 - 1410 bytes written to disk.
2026-03-12 15:45:36.410 | DEBUG    | baldaquin.buf:open:104 - Ouput file /home/lab1-student/baldaquindata/plasduino/0309_000092/0309_000092_data.txt closed.
2026-03-12 15:45:36.410 | DEBUG    | baldaquin.buf:open:100 - Opening output file /home/lab1-student/baldaquindata/plasduino/0309_000093/0309_000093_data.txt {'mode': 'at', 'encoding': 'utf-8'}...
2026-03-12 15:45:36.410 | DEBUG    | baldaquin.buf:_write:285 - 1410 bytes written to disk.
2026-03-12 15:45:36.411 | DEBUG    | baldaquin.buf:open:104 - Ouput file /home/lab1-student/baldaquindata/plasduino/0309_000093/0309_000093_data.txt closed.
2026-03-12 15:45:36.411 | DEBUG    | baldaquin.buf:open:100 - Opening output file /home/lab1-student/baldaquindata/plasduino/0309_000093/0309_000093_data.dat {'mode': 'ab'}...
2026-03-12 15:45:36.411 | DEBUG    | baldaquin.buf:_pop_and_write_raw:259 - 752 bytes written to disk.
2026-03-12 15:45:36.411 | DEBUG    | baldaquin.buf:open:104 - Ouput file /home/lab1-student/baldaquindata/plasduino/0309_000093/0309_000093_data.dat closed.
2026-03-12 15:45:36.411 | INFO     | baldaquin.buf:flush:318 - 12032 bytes (752 raw bytes) written to disk.
2026-03-12 15:45:36.411 | DEBUG    | baldaquin.profile:wrap:32 - Running time for flush(): 0.007081 s
2026-03-12 15:45:36.411 | DEBUG    | baldaquin.plasduino.common:write_opcode:132 - Writing 2 to the serial port...
2026-03-12 15:45:36.412 | INFO     | baldaquin.plasduino.common:wait_pending_packets:321 - Waiting 250 ms for pending packet(s)...
2026-03-12 15:45:36.662 | INFO     | baldaquin.plasduino.common:wait_pending_packets:332 - Reading the last 1 packet(s) from the serial port...
2026-03-12 15:45:36.662 | INFO     | baldaquin.buf:flush:309 - 1 packets ready to be written out...
2026-03-12 15:45:36.662 | DEBUG    | baldaquin.buf:open:100 - Opening output file /home/lab1-student/baldaquindata/plasduino/0309_000086/0309_000086_data.txt {'mode': 'at', 'encoding': 'utf-8'}...
2026-03-12 15:45:36.663 | DEBUG    | baldaquin.buf:_write:285 - 15 bytes written to disk.
2026-03-12 15:45:36.663 | DEBUG    | baldaquin.buf:open:104 - Ouput file /home/lab1-student/baldaquindata/plasduino/0309_000086/0309_000086_data.txt closed.
2026-03-12 15:45:36.663 | DEBUG    | baldaquin.buf:open:100 - Opening output file /home/lab1-student/baldaquindata/plasduino/0309_000087/0309_000087_data.txt {'mode': 'at', 'encoding': 'utf-8'}...
2026-03-12 15:45:36.663 | DEBUG    | baldaquin.buf:_write:285 - 15 bytes written to disk.
2026-03-12 15:45:36.663 | DEBUG    | baldaquin.buf:open:104 - Ouput file /home/lab1-student/baldaquindata/plasduino/0309_000087/0309_000087_data.txt closed.
2026-03-12 15:45:36.663 | DEBUG    | baldaquin.buf:open:100 - Opening output file /home/lab1-student/baldaquindata/plasduino/0309_000088/0309_000088_data.txt {'mode': 'at', 'encoding': 'utf-8'}...
2026-03-12 15:45:36.663 | DEBUG    | baldaquin.buf:_write:285 - 15 bytes written to disk.
2026-03-12 15:45:36.663 | DEBUG    | baldaquin.buf:open:104 - Ouput file /home/lab1-student/baldaquindata/plasduino/0309_000088/0309_000088_data.txt closed.
2026-03-12 15:45:36.663 | DEBUG    | baldaquin.buf:open:100 - Opening output file /home/lab1-student/baldaquindata/plasduino/0309_000089/0309_000089_data.txt {'mode': 'at', 'encoding': 'utf-8'}...
2026-03-12 15:45:36.664 | DEBUG    | baldaquin.buf:_write:285 - 15 bytes written to disk.
2026-03-12 15:45:36.664 | DEBUG    | baldaquin.buf:open:104 - Ouput file /home/lab1-student/baldaquindata/plasduino/0309_000089/0309_000089_data.txt closed.
2026-03-12 15:45:36.664 | DEBUG    | baldaquin.buf:open:100 - Opening output file /home/lab1-student/baldaquindata/plasduino/0309_000090/0309_000090_data.txt {'mode': 'at', 'encoding': 'utf-8'}...
2026-03-12 15:45:36.664 | DEBUG    | baldaquin.buf:_write:285 - 15 bytes written to disk.
2026-03-12 15:45:36.664 | DEBUG    | baldaquin.buf:open:104 - Ouput file /home/lab1-student/baldaquindata/plasduino/0309_000090/0309_000090_data.txt closed.
2026-03-12 15:45:36.664 | DEBUG    | baldaquin.buf:open:100 - Opening output file /home/lab1-student/baldaquindata/plasduino/0309_000091/0309_000091_data.txt {'mode': 'at', 'encoding': 'utf-8'}...
2026-03-12 15:45:36.664 | DEBUG    | baldaquin.buf:_write:285 - 15 bytes written to disk.
2026-03-12 15:45:36.664 | DEBUG    | baldaquin.buf:open:104 - Ouput file /home/lab1-student/baldaquindata/plasduino/0309_000091/0309_000091_data.txt closed.
2026-03-12 15:45:36.664 | DEBUG    | baldaquin.buf:open:100 - Opening output file /home/lab1-student/baldaquindata/plasduino/0309_000092/0309_000092_data.txt {'mode': 'at', 'encoding': 'utf-8'}...
2026-03-12 15:45:36.664 | DEBUG    | baldaquin.buf:_write:285 - 15 bytes written to disk.
2026-03-12 15:45:36.664 | DEBUG    | baldaquin.buf:open:104 - Ouput file /home/lab1-student/baldaquindata/plasduino/0309_000092/0309_000092_data.txt closed.
2026-03-12 15:45:36.665 | DEBUG    | baldaquin.buf:open:100 - Opening output file /home/lab1-student/baldaquindata/plasduino/0309_000093/0309_000093_data.txt {'mode': 'at', 'encoding': 'utf-8'}...
2026-03-12 15:45:36.665 | DEBUG    | baldaquin.buf:_write:285 - 15 bytes written to disk.
2026-03-12 15:45:36.665 | DEBUG    | baldaquin.buf:open:104 - Ouput file /home/lab1-student/baldaquindata/plasduino/0309_000093/0309_000093_data.txt closed.
2026-03-12 15:45:36.665 | DEBUG    | baldaquin.buf:open:100 - Opening output file /home/lab1-student/baldaquindata/plasduino/0309_000093/0309_000093_data.dat {'mode': 'ab'}...
2026-03-12 15:45:36.665 | DEBUG    | baldaquin.buf:_pop_and_write_raw:259 - 8 bytes written to disk.
2026-03-12 15:45:36.665 | DEBUG    | baldaquin.buf:open:104 - Ouput file /home/lab1-student/baldaquindata/plasduino/0309_000093/0309_000093_data.dat closed.
2026-03-12 15:45:36.665 | INFO     | baldaquin.buf:flush:318 - 128 bytes (8 raw bytes) written to disk.
2026-03-12 15:45:36.665 | DEBUG    | baldaquin.profile:wrap:32 - Running time for flush(): 0.002945 s
2026-03-12 15:45:36.665 | INFO     | baldaquin.plasduino.common:read_run_end_marker:90 - Waiting for the run end marker...
2026-03-12 15:45:36.665 | INFO     | baldaquin.plasduino.common:read_run_end_marker:95 - Run end marker correctly read.
2026-03-12 15:45:36.665 | DEBUG    | __main__:post_stop:90 - Clearing strip charts...
2026-03-12 15:45:36.666 | DEBUG    | __main__:post_stop:99 - Re-reading all run data from disk...
2026-03-12 15:45:36.666 | DEBUG    | baldaquin.pkt:open:393 - Opening input packet file /home/lab1-student/baldaquindata/plasduino/0309_000093/0309_000093_data.dat...
2026-03-12 15:45:36.683 | DEBUG    | baldaquin.pkt:open:398 - Input file /home/lab1-student/baldaquindata/plasduino/0309_000093/0309_000093_data.dat closed.
2026-03-12 15:45:36.683 | DEBUG    | baldaquin.plasduino.common:activate_cursors:446 - Activating vertical cursor on strip charts...
2026-03-12 15:45:36.773 | INFO     | baldaquin.runctrl:stop_run:658 - Run Control stopped on 2026-03-12 15:45:36.772989+01:00 (1773326736.772989 s)
2026-03-12 15:45:36.773 | INFO     | baldaquin.runctrl:stop_run:659 - Total elapsed time: 68.730686 s.
