2026-03-12 16:00:17.133 | INFO     | baldaquin.runctrl:start_run:634 - Configuring packet buffering...
2026-03-12 16:00:17.134 | INFO     | baldaquin.buf:configure:144 - Configuring CircularBuffer with flush_size=100, flush_timeout=10.0 s...
2026-03-12 16:00:17.134 | INFO     | baldaquin.config:save:334 - Writing configuration dictionary to /home/lab1-student/baldaquindata/plasduino/0309_000101/0309_000101_config.json...
2026-03-12 16:00:17.134 | INFO     | baldaquin.runctrl:start_run:643 - Run Control started on 2026-03-12 16:00:17.134543+01:00 (1773327617.134543 s)
2026-03-12 16:00:17.134 | DEBUG    | baldaquin.buf:open:100 - Opening output file /home/lab1-student/baldaquindata/plasduino/0309_000101/0309_000101_data.dat {'mode': 'ab'}...
2026-03-12 16:00:17.134 | DEBUG    | baldaquin.buf:open:104 - Ouput file /home/lab1-student/baldaquindata/plasduino/0309_000101/0309_000101_data.dat closed.
2026-03-12 16:00:17.135 | INFO     | baldaquin.buf:set_primary_sink:216 - Connecting buffer to primary Sink -> /home/lab1-student/baldaquindata/plasduino/0309_000101/0309_000101_data.dat (WriteMode.BINARY)...
2026-03-12 16:00:17.135 | DEBUG    | baldaquin.buf:open:100 - Opening output file /home/lab1-student/baldaquindata/plasduino/0309_000101/0309_000101_data.txt {'mode': 'at', 'encoding': 'utf-8'}...
2026-03-12 16:00:17.135 | DEBUG    | baldaquin.buf:__init__:89 - Writing file header...
2026-03-12 16:00:17.135 | DEBUG    | baldaquin.buf:open:104 - Ouput file /home/lab1-student/baldaquindata/plasduino/0309_000101/0309_000101_data.txt closed.
2026-03-12 16:00:17.135 | INFO     | baldaquin.buf:add_custom_sink:228 - Connecting buffer to custom Sink -> /home/lab1-student/baldaquindata/plasduino/0309_000101/0309_000101_data.txt (WriteMode.TEXT, PlasduinoPacketBase.to_text)...
2026-03-12 16:00:17.135 | DEBUG    | baldaquin.plasduino.common:write_opcode:132 - Writing 1 to the serial port...
2026-03-12 16:00:17.136 | INFO     | baldaquin.app:start_run:83 - Starting Pendulum View user application...
2026-03-12 16:00:17.162 | INFO     | baldaquin.buf:flush:309 - 1 packets ready to be written out...
2026-03-12 16:00:17.162 | DEBUG    | baldaquin.buf:open:100 - Opening output file /home/lab1-student/baldaquindata/plasduino/0309_000086/0309_000086_data.txt {'mode': 'at', 'encoding': 'utf-8'}...
2026-03-12 16:00:17.163 | DEBUG    | baldaquin.buf:_write:285 - 14 bytes written to disk.
2026-03-12 16:00:17.163 | DEBUG    | baldaquin.buf:open:104 - Ouput file /home/lab1-student/baldaquindata/plasduino/0309_000086/0309_000086_data.txt closed.
2026-03-12 16:00:17.163 | DEBUG    | baldaquin.buf:open:100 - Opening output file /home/lab1-student/baldaquindata/plasduino/0309_000087/0309_000087_data.txt {'mode': 'at', 'encoding': 'utf-8'}...
2026-03-12 16:00:17.163 | DEBUG    | baldaquin.buf:_write:285 - 14 bytes written to disk.
2026-03-12 16:00:17.163 | DEBUG    | baldaquin.buf:open:104 - Ouput file /home/lab1-student/baldaquindata/plasduino/0309_000087/0309_000087_data.txt closed.
2026-03-12 16:00:17.163 | DEBUG    | baldaquin.buf:open:100 - Opening output file /home/lab1-student/baldaquindata/plasduino/0309_000088/0309_000088_data.txt {'mode': 'at', 'encoding': 'utf-8'}...
2026-03-12 16:00:17.163 | DEBUG    | baldaquin.buf:_write:285 - 14 bytes written to disk.
2026-03-12 16:00:17.163 | DEBUG    | baldaquin.buf:open:104 - Ouput file /home/lab1-student/baldaquindata/plasduino/0309_000088/0309_000088_data.txt closed.
2026-03-12 16:00:17.163 | DEBUG    | baldaquin.buf:open:100 - Opening output file /home/lab1-student/baldaquindata/plasduino/0309_000089/0309_000089_data.txt {'mode': 'at', 'encoding': 'utf-8'}...
2026-03-12 16:00:17.163 | DEBUG    | baldaquin.buf:_write:285 - 14 bytes written to disk.
2026-03-12 16:00:17.163 | DEBUG    | baldaquin.buf:open:104 - Ouput file /home/lab1-student/baldaquindata/plasduino/0309_000089/0309_000089_data.txt closed.
2026-03-12 16:00:17.164 | DEBUG    | baldaquin.buf:open:100 - Opening output file /home/lab1-student/baldaquindata/plasduino/0309_000090/0309_000090_data.txt {'mode': 'at', 'encoding': 'utf-8'}...
2026-03-12 16:00:17.164 | DEBUG    | baldaquin.buf:_write:285 - 14 bytes written to disk.
2026-03-12 16:00:17.164 | DEBUG    | baldaquin.buf:open:104 - Ouput file /home/lab1-student/baldaquindata/plasduino/0309_000090/0309_000090_data.txt closed.
2026-03-12 16:00:17.164 | DEBUG    | baldaquin.buf:open:100 - Opening output file /home/lab1-student/baldaquindata/plasduino/0309_000091/0309_000091_data.txt {'mode': 'at', 'encoding': 'utf-8'}...
2026-03-12 16:00:17.164 | DEBUG    | baldaquin.buf:_write:285 - 14 bytes written to disk.
2026-03-12 16:00:17.164 | DEBUG    | baldaquin.buf:open:104 - Ouput file /home/lab1-student/baldaquindata/plasduino/0309_000091/0309_000091_data.txt closed.
2026-03-12 16:00:17.164 | DEBUG    | baldaquin.buf:open:100 - Opening output file /home/lab1-student/baldaquindata/plasduino/0309_000092/0309_000092_data.txt {'mode': 'at', 'encoding': 'utf-8'}...
2026-03-12 16:00:17.164 | DEBUG    | baldaquin.buf:_write:285 - 14 bytes written to disk.
2026-03-12 16:00:17.164 | DEBUG    | baldaquin.buf:open:104 - Ouput file /home/lab1-student/baldaquindata/plasduino/0309_000092/0309_000092_data.txt closed.
2026-03-12 16:00:17.164 | DEBUG    | baldaquin.buf:open:100 - Opening output file /home/lab1-student/baldaquindata/plasduino/0309_000093/0309_000093_data.txt {'mode': 'at', 'encoding': 'utf-8'}...
2026-03-12 16:00:17.164 | DEBUG    | baldaquin.buf:_write:285 - 14 bytes written to disk.
2026-03-12 16:00:17.165 | DEBUG    | baldaquin.buf:open:104 - Ouput file /home/lab1-student/baldaquindata/plasduino/0309_000093/0309_000093_data.txt closed.
2026-03-12 16:00:17.165 | DEBUG    | baldaquin.buf:open:100 - Opening output file /home/lab1-student/baldaquindata/plasduino/0309_000094/0309_000094_data.txt {'mode': 'at', 'encoding': 'utf-8'}...
2026-03-12 16:00:17.165 | DEBUG    | baldaquin.buf:_write:285 - 14 bytes written to disk.
2026-03-12 16:00:17.165 | DEBUG    | baldaquin.buf:open:104 - Ouput file /home/lab1-student/baldaquindata/plasduino/0309_000094/0309_000094_data.txt closed.
2026-03-12 16:00:17.165 | DEBUG    | baldaquin.buf:open:100 - Opening output file /home/lab1-student/baldaquindata/plasduino/0309_000095/0309_000095_data.txt {'mode': 'at', 'encoding': 'utf-8'}...
2026-03-12 16:00:17.165 | DEBUG    | baldaquin.buf:_write:285 - 14 bytes written to disk.
2026-03-12 16:00:17.165 | DEBUG    | baldaquin.buf:open:104 - Ouput file /home/lab1-student/baldaquindata/plasduino/0309_000095/0309_000095_data.txt closed.
2026-03-12 16:00:17.165 | DEBUG    | baldaquin.buf:open:100 - Opening output file /home/lab1-student/baldaquindata/plasduino/0309_000096/0309_000096_data.txt {'mode': 'at', 'encoding': 'utf-8'}...
2026-03-12 16:00:17.165 | DEBUG    | baldaquin.buf:_write:285 - 14 bytes written to disk.
2026-03-12 16:00:17.165 | DEBUG    | baldaquin.buf:open:104 - Ouput file /home/lab1-student/baldaquindata/plasduino/0309_000096/0309_000096_data.txt closed.
2026-03-12 16:00:17.165 | DEBUG    | baldaquin.buf:open:100 - Opening output file /home/lab1-student/baldaquindata/plasduino/0309_000097/0309_000097_data.txt {'mode': 'at', 'encoding': 'utf-8'}...
2026-03-12 16:00:17.166 | DEBUG    | baldaquin.buf:_write:285 - 14 bytes written to disk.
2026-03-12 16:00:17.166 | DEBUG    | baldaquin.buf:open:104 - Ouput file /home/lab1-student/baldaquindata/plasduino/0309_000097/0309_000097_data.txt closed.
2026-03-12 16:00:17.166 | DEBUG    | baldaquin.buf:open:100 - Opening output file /home/lab1-student/baldaquindata/plasduino/0309_000098/0309_000098_data.txt {'mode': 'at', 'encoding': 'utf-8'}...
2026-03-12 16:00:17.166 | DEBUG    | baldaquin.buf:_write:285 - 14 bytes written to disk.
2026-03-12 16:00:17.166 | DEBUG    | baldaquin.buf:open:104 - Ouput file /home/lab1-student/baldaquindata/plasduino/0309_000098/0309_000098_data.txt closed.
2026-03-12 16:00:17.166 | DEBUG    | baldaquin.buf:open:100 - Opening output file /home/lab1-student/baldaquindata/plasduino/0309_000099/0309_000099_data.txt {'mode': 'at', 'encoding': 'utf-8'}...
2026-03-12 16:00:17.166 | DEBUG    | baldaquin.buf:_write:285 - 14 bytes written to disk.
2026-03-12 16:00:17.166 | DEBUG    | baldaquin.buf:open:104 - Ouput file /home/lab1-student/baldaquindata/plasduino/0309_000099/0309_000099_data.txt closed.
2026-03-12 16:00:17.166 | DEBUG    | baldaquin.buf:open:100 - Opening output file /home/lab1-student/baldaquindata/plasduino/0309_000100/0309_000100_data.txt {'mode': 'at', 'encoding': 'utf-8'}...
2026-03-12 16:00:17.166 | DEBUG    | baldaquin.buf:_write:285 - 14 bytes written to disk.
2026-03-12 16:00:17.166 | DEBUG    | baldaquin.buf:open:104 - Ouput file /home/lab1-student/baldaquindata/plasduino/0309_000100/0309_000100_data.txt closed.
2026-03-12 16:00:17.166 | DEBUG    | baldaquin.buf:open:100 - Opening output file /home/lab1-student/baldaquindata/plasduino/0309_000101/0309_000101_data.txt {'mode': 'at', 'encoding': 'utf-8'}...
2026-03-12 16:00:17.167 | DEBUG    | baldaquin.buf:_write:285 - 14 bytes written to disk.
2026-03-12 16:00:17.167 | DEBUG    | baldaquin.buf:open:104 - Ouput file /home/lab1-student/baldaquindata/plasduino/0309_000101/0309_000101_data.txt closed.
2026-03-12 16:00:17.167 | DEBUG    | baldaquin.buf:open:100 - Opening output file /home/lab1-student/baldaquindata/plasduino/0309_000101/0309_000101_data.dat {'mode': 'ab'}...
2026-03-12 16:00:17.167 | DEBUG    | baldaquin.buf:_pop_and_write_raw:259 - 8 bytes written to disk.
2026-03-12 16:00:17.167 | DEBUG    | baldaquin.buf:open:104 - Ouput file /home/lab1-student/baldaquindata/plasduino/0309_000101/0309_000101_data.dat closed.
2026-03-12 16:00:17.167 | INFO     | baldaquin.buf:flush:318 - 232 bytes (8 raw bytes) written to disk.
2026-03-12 16:00:17.167 | DEBUG    | baldaquin.profile:wrap:32 - Running time for flush(): 0.005029 s
2026-03-12 16:00:19.702 | INFO     | baldaquin.buf:flush:309 - 100 packets ready to be written out...
2026-03-12 16:00:19.704 | DEBUG    | baldaquin.buf:open:100 - Opening output file /home/lab1-student/baldaquindata/plasduino/0309_000086/0309_000086_data.txt {'mode': 'at', 'encoding': 'utf-8'}...
2026-03-12 16:00:19.705 | DEBUG    | baldaquin.buf:_write:285 - 1400 bytes written to disk.
2026-03-12 16:00:19.705 | DEBUG    | baldaquin.buf:open:104 - Ouput file /home/lab1-student/baldaquindata/plasduino/0309_000086/0309_000086_data.txt closed.
2026-03-12 16:00:19.705 | DEBUG    | baldaquin.buf:open:100 - Opening output file /home/lab1-student/baldaquindata/plasduino/0309_000087/0309_000087_data.txt {'mode': 'at', 'encoding': 'utf-8'}...
2026-03-12 16:00:19.706 | DEBUG    | baldaquin.buf:_write:285 - 1400 bytes written to disk.
2026-03-12 16:00:19.706 | DEBUG    | baldaquin.buf:open:104 - Ouput file /home/lab1-student/baldaquindata/plasduino/0309_000087/0309_000087_data.txt closed.
2026-03-12 16:00:19.706 | DEBUG    | baldaquin.buf:open:100 - Opening output file /home/lab1-student/baldaquindata/plasduino/0309_000088/0309_000088_data.txt {'mode': 'at', 'encoding': 'utf-8'}...
2026-03-12 16:00:19.707 | DEBUG    | baldaquin.buf:_write:285 - 1400 bytes written to disk.
2026-03-12 16:00:19.707 | DEBUG    | baldaquin.buf:open:104 - Ouput file /home/lab1-student/baldaquindata/plasduino/0309_000088/0309_000088_data.txt closed.
2026-03-12 16:00:19.707 | DEBUG    | baldaquin.buf:open:100 - Opening output file /home/lab1-student/baldaquindata/plasduino/0309_000089/0309_000089_data.txt {'mode': 'at', 'encoding': 'utf-8'}...
2026-03-12 16:00:19.708 | DEBUG    | baldaquin.buf:_write:285 - 1400 bytes written to disk.
2026-03-12 16:00:19.708 | DEBUG    | baldaquin.buf:open:104 - Ouput file /home/lab1-student/baldaquindata/plasduino/0309_000089/0309_000089_data.txt closed.
2026-03-12 16:00:19.708 | DEBUG    | baldaquin.buf:open:100 - Opening output file /home/lab1-student/baldaquindata/plasduino/0309_000090/0309_000090_data.txt {'mode': 'at', 'encoding': 'utf-8'}...
2026-03-12 16:00:19.708 | DEBUG    | baldaquin.buf:_write:285 - 1400 bytes written to disk.
2026-03-12 16:00:19.709 | DEBUG    | baldaquin.buf:open:104 - Ouput file /home/lab1-student/baldaquindata/plasduino/0309_000090/0309_000090_data.txt closed.
2026-03-12 16:00:19.709 | DEBUG    | baldaquin.buf:open:100 - Opening output file /home/lab1-student/baldaquindata/plasduino/0309_000091/0309_000091_data.txt {'mode': 'at', 'encoding': 'utf-8'}...
2026-03-12 16:00:19.709 | DEBUG    | baldaquin.buf:_write:285 - 1400 bytes written to disk.
2026-03-12 16:00:19.709 | DEBUG    | baldaquin.buf:open:104 - Ouput file /home/lab1-student/baldaquindata/plasduino/0309_000091/0309_000091_data.txt closed.
2026-03-12 16:00:19.709 | DEBUG    | baldaquin.buf:open:100 - Opening output file /home/lab1-student/baldaquindata/plasduino/0309_000092/0309_000092_data.txt {'mode': 'at', 'encoding': 'utf-8'}...
2026-03-12 16:00:19.710 | DEBUG    | baldaquin.buf:_write:285 - 1400 bytes written to disk.
2026-03-12 16:00:19.710 | DEBUG    | baldaquin.buf:open:104 - Ouput file /home/lab1-student/baldaquindata/plasduino/0309_000092/0309_000092_data.txt closed.
2026-03-12 16:00:19.710 | DEBUG    | baldaquin.buf:open:100 - Opening output file /home/lab1-student/baldaquindata/plasduino/0309_000093/0309_000093_data.txt {'mode': 'at', 'encoding': 'utf-8'}...
2026-03-12 16:00:19.711 | DEBUG    | baldaquin.buf:_write:285 - 1400 bytes written to disk.
2026-03-12 16:00:19.711 | DEBUG    | baldaquin.buf:open:104 - Ouput file /home/lab1-student/baldaquindata/plasduino/0309_000093/0309_000093_data.txt closed.
2026-03-12 16:00:19.711 | DEBUG    | baldaquin.buf:open:100 - Opening output file /home/lab1-student/baldaquindata/plasduino/0309_000094/0309_000094_data.txt {'mode': 'at', 'encoding': 'utf-8'}...
2026-03-12 16:00:19.711 | DEBUG    | baldaquin.buf:_write:285 - 1400 bytes written to disk.
2026-03-12 16:00:19.712 | DEBUG    | baldaquin.buf:open:104 - Ouput file /home/lab1-student/baldaquindata/plasduino/0309_000094/0309_000094_data.txt closed.
2026-03-12 16:00:19.712 | DEBUG    | baldaquin.buf:open:100 - Opening output file /home/lab1-student/baldaquindata/plasduino/0309_000095/0309_000095_data.txt {'mode': 'at', 'encoding': 'utf-8'}...
2026-03-12 16:00:19.712 | DEBUG    | baldaquin.buf:_write:285 - 1400 bytes written to disk.
2026-03-12 16:00:19.712 | DEBUG    | baldaquin.buf:open:104 - Ouput file /home/lab1-student/baldaquindata/plasduino/0309_000095/0309_000095_data.txt closed.
2026-03-12 16:00:19.712 | DEBUG    | baldaquin.buf:open:100 - Opening output file /home/lab1-student/baldaquindata/plasduino/0309_000096/0309_000096_data.txt {'mode': 'at', 'encoding': 'utf-8'}...
2026-03-12 16:00:19.713 | DEBUG    | baldaquin.buf:_write:285 - 1400 bytes written to disk.
2026-03-12 16:00:19.713 | DEBUG    | baldaquin.buf:open:104 - Ouput file /home/lab1-student/baldaquindata/plasduino/0309_000096/0309_000096_data.txt closed.
2026-03-12 16:00:19.713 | DEBUG    | baldaquin.buf:open:100 - Opening output file /home/lab1-student/baldaquindata/plasduino/0309_000097/0309_000097_data.txt {'mode': 'at', 'encoding': 'utf-8'}...
2026-03-12 16:00:19.714 | DEBUG    | baldaquin.buf:_write:285 - 1400 bytes written to disk.
2026-03-12 16:00:19.714 | DEBUG    | baldaquin.buf:open:104 - Ouput file /home/lab1-student/baldaquindata/plasduino/0309_000097/0309_000097_data.txt closed.
2026-03-12 16:00:19.714 | DEBUG    | baldaquin.buf:open:100 - Opening output file /home/lab1-student/baldaquindata/plasduino/0309_000098/0309_000098_data.txt {'mode': 'at', 'encoding': 'utf-8'}...
2026-03-12 16:00:19.714 | DEBUG    | baldaquin.buf:_write:285 - 1400 bytes written to disk.
2026-03-12 16:00:19.714 | DEBUG    | baldaquin.buf:open:104 - Ouput file /home/lab1-student/baldaquindata/plasduino/0309_000098/0309_000098_data.txt closed.
2026-03-12 16:00:19.714 | DEBUG    | baldaquin.buf:open:100 - Opening output file /home/lab1-student/baldaquindata/plasduino/0309_000099/0309_000099_data.txt {'mode': 'at', 'encoding': 'utf-8'}...
2026-03-12 16:00:19.715 | DEBUG    | baldaquin.buf:_write:285 - 1400 bytes written to disk.
2026-03-12 16:00:19.715 | DEBUG    | baldaquin.buf:open:104 - Ouput file /home/lab1-student/baldaquindata/plasduino/0309_000099/0309_000099_data.txt closed.
2026-03-12 16:00:19.715 | DEBUG    | baldaquin.buf:open:100 - Opening output file /home/lab1-student/baldaquindata/plasduino/0309_000100/0309_000100_data.txt {'mode': 'at', 'encoding': 'utf-8'}...
2026-03-12 16:00:19.716 | DEBUG    | baldaquin.buf:_write:285 - 1400 bytes written to disk.
2026-03-12 16:00:19.716 | DEBUG    | baldaquin.buf:open:104 - Ouput file /home/lab1-student/baldaquindata/plasduino/0309_000100/0309_000100_data.txt closed.
2026-03-12 16:00:19.716 | DEBUG    | baldaquin.buf:open:100 - Opening output file /home/lab1-student/baldaquindata/plasduino/0309_000101/0309_000101_data.txt {'mode': 'at', 'encoding': 'utf-8'}...
2026-03-12 16:00:19.716 | DEBUG    | baldaquin.buf:_write:285 - 1400 bytes written to disk.
2026-03-12 16:00:19.716 | DEBUG    | baldaquin.buf:open:104 - Ouput file /home/lab1-student/baldaquindata/plasduino/0309_000101/0309_000101_data.txt closed.
2026-03-12 16:00:19.716 | DEBUG    | baldaquin.buf:open:100 - Opening output file /home/lab1-student/baldaquindata/plasduino/0309_000101/0309_000101_data.dat {'mode': 'ab'}...
2026-03-12 16:00:19.717 | DEBUG    | baldaquin.buf:_pop_and_write_raw:259 - 800 bytes written to disk.
2026-03-12 16:00:19.717 | DEBUG    | baldaquin.buf:open:104 - Ouput file /home/lab1-student/baldaquindata/plasduino/0309_000101/0309_000101_data.dat closed.
2026-03-12 16:00:19.717 | INFO     | baldaquin.buf:flush:318 - 23200 bytes (800 raw bytes) written to disk.
2026-03-12 16:00:19.717 | DEBUG    | baldaquin.profile:wrap:32 - Running time for flush(): 0.014721 s
2026-03-12 16:00:22.247 | INFO     | baldaquin.buf:flush:309 - 100 packets ready to be written out...
2026-03-12 16:00:22.255 | DEBUG    | baldaquin.buf:open:100 - Opening output file /home/lab1-student/baldaquindata/plasduino/0309_000086/0309_000086_data.txt {'mode': 'at', 'encoding': 'utf-8'}...
2026-03-12 16:00:22.265 | DEBUG    | baldaquin.buf:_write:285 - 1400 bytes written to disk.
2026-03-12 16:00:22.266 | DEBUG    | baldaquin.buf:open:104 - Ouput file /home/lab1-student/baldaquindata/plasduino/0309_000086/0309_000086_data.txt closed.
2026-03-12 16:00:22.266 | DEBUG    | baldaquin.buf:open:100 - Opening output file /home/lab1-student/baldaquindata/plasduino/0309_000087/0309_000087_data.txt {'mode': 'at', 'encoding': 'utf-8'}...
2026-03-12 16:00:22.267 | DEBUG    | baldaquin.buf:_write:285 - 1400 bytes written to disk.
2026-03-12 16:00:22.267 | DEBUG    | baldaquin.buf:open:104 - Ouput file /home/lab1-student/baldaquindata/plasduino/0309_000087/0309_000087_data.txt closed.
2026-03-12 16:00:22.267 | DEBUG    | baldaquin.buf:open:100 - Opening output file /home/lab1-student/baldaquindata/plasduino/0309_000088/0309_000088_data.txt {'mode': 'at', 'encoding': 'utf-8'}...
2026-03-12 16:00:22.289 | DEBUG    | baldaquin.buf:_write:285 - 1400 bytes written to disk.
2026-03-12 16:00:22.292 | DEBUG    | baldaquin.buf:open:104 - Ouput file /home/lab1-student/baldaquindata/plasduino/0309_000088/0309_000088_data.txt closed.
2026-03-12 16:00:22.292 | DEBUG    | baldaquin.buf:open:100 - Opening output file /home/lab1-student/baldaquindata/plasduino/0309_000089/0309_000089_data.txt {'mode': 'at', 'encoding': 'utf-8'}...
2026-03-12 16:00:22.302 | DEBUG    | baldaquin.buf:_write:285 - 1400 bytes written to disk.
2026-03-12 16:00:22.303 | DEBUG    | baldaquin.buf:open:104 - Ouput file /home/lab1-student/baldaquindata/plasduino/0309_000089/0309_000089_data.txt closed.
2026-03-12 16:00:22.303 | DEBUG    | baldaquin.buf:open:100 - Opening output file /home/lab1-student/baldaquindata/plasduino/0309_000090/0309_000090_data.txt {'mode': 'at', 'encoding': 'utf-8'}...
2026-03-12 16:00:22.304 | DEBUG    | baldaquin.buf:_write:285 - 1400 bytes written to disk.
2026-03-12 16:00:22.304 | DEBUG    | baldaquin.buf:open:104 - Ouput file /home/lab1-student/baldaquindata/plasduino/0309_000090/0309_000090_data.txt closed.
2026-03-12 16:00:22.304 | DEBUG    | baldaquin.buf:open:100 - Opening output file /home/lab1-student/baldaquindata/plasduino/0309_000091/0309_000091_data.txt {'mode': 'at', 'encoding': 'utf-8'}...
2026-03-12 16:00:22.305 | DEBUG    | baldaquin.buf:_write:285 - 1400 bytes written to disk.
2026-03-12 16:00:22.305 | DEBUG    | baldaquin.buf:open:104 - Ouput file /home/lab1-student/baldaquindata/plasduino/0309_000091/0309_000091_data.txt closed.
2026-03-12 16:00:22.305 | DEBUG    | baldaquin.buf:open:100 - Opening output file /home/lab1-student/baldaquindata/plasduino/0309_000092/0309_000092_data.txt {'mode': 'at', 'encoding': 'utf-8'}...
2026-03-12 16:00:22.313 | DEBUG    | baldaquin.buf:_write:285 - 1400 bytes written to disk.
2026-03-12 16:00:22.313 | DEBUG    | baldaquin.buf:open:104 - Ouput file /home/lab1-student/baldaquindata/plasduino/0309_000092/0309_000092_data.txt closed.
2026-03-12 16:00:22.314 | DEBUG    | baldaquin.buf:open:100 - Opening output file /home/lab1-student/baldaquindata/plasduino/0309_000093/0309_000093_data.txt {'mode': 'at', 'encoding': 'utf-8'}...
2026-03-12 16:00:22.316 | DEBUG    | baldaquin.buf:_write:285 - 1400 bytes written to disk.
2026-03-12 16:00:22.316 | DEBUG    | baldaquin.buf:open:104 - Ouput file /home/lab1-student/baldaquindata/plasduino/0309_000093/0309_000093_data.txt closed.
2026-03-12 16:00:22.316 | DEBUG    | baldaquin.buf:open:100 - Opening output file /home/lab1-student/baldaquindata/plasduino/0309_000094/0309_000094_data.txt {'mode': 'at', 'encoding': 'utf-8'}...
2026-03-12 16:00:22.317 | DEBUG    | baldaquin.buf:_write:285 - 1400 bytes written to disk.
2026-03-12 16:00:22.319 | DEBUG    | baldaquin.buf:open:104 - Ouput file /home/lab1-student/baldaquindata/plasduino/0309_000094/0309_000094_data.txt closed.
2026-03-12 16:00:22.319 | DEBUG    | baldaquin.buf:open:100 - Opening output file /home/lab1-student/baldaquindata/plasduino/0309_000095/0309_000095_data.txt {'mode': 'at', 'encoding': 'utf-8'}...
2026-03-12 16:00:22.320 | DEBUG    | baldaquin.buf:_write:285 - 1400 bytes written to disk.
2026-03-12 16:00:22.320 | DEBUG    | baldaquin.buf:open:104 - Ouput file /home/lab1-student/baldaquindata/plasduino/0309_000095/0309_000095_data.txt closed.
2026-03-12 16:00:22.320 | DEBUG    | baldaquin.buf:open:100 - Opening output file /home/lab1-student/baldaquindata/plasduino/0309_000096/0309_000096_data.txt {'mode': 'at', 'encoding': 'utf-8'}...
2026-03-12 16:00:22.323 | DEBUG    | baldaquin.buf:_write:285 - 1400 bytes written to disk.
2026-03-12 16:00:22.332 | DEBUG    | baldaquin.buf:open:104 - Ouput file /home/lab1-student/baldaquindata/plasduino/0309_000096/0309_000096_data.txt closed.
2026-03-12 16:00:22.346 | DEBUG    | baldaquin.buf:open:100 - Opening output file /home/lab1-student/baldaquindata/plasduino/0309_000097/0309_000097_data.txt {'mode': 'at', 'encoding': 'utf-8'}...
2026-03-12 16:00:22.352 | DEBUG    | baldaquin.buf:_write:285 - 1400 bytes written to disk.
2026-03-12 16:00:22.352 | DEBUG    | baldaquin.buf:open:104 - Ouput file /home/lab1-student/baldaquindata/plasduino/0309_000097/0309_000097_data.txt closed.
2026-03-12 16:00:22.352 | DEBUG    | baldaquin.buf:open:100 - Opening output file /home/lab1-student/baldaquindata/plasduino/0309_000098/0309_000098_data.txt {'mode': 'at', 'encoding': 'utf-8'}...
2026-03-12 16:00:22.353 | DEBUG    | baldaquin.buf:_write:285 - 1400 bytes written to disk.
2026-03-12 16:00:22.356 | DEBUG    | baldaquin.buf:open:104 - Ouput file /home/lab1-student/baldaquindata/plasduino/0309_000098/0309_000098_data.txt closed.
2026-03-12 16:00:22.362 | DEBUG    | baldaquin.buf:open:100 - Opening output file /home/lab1-student/baldaquindata/plasduino/0309_000099/0309_000099_data.txt {'mode': 'at', 'encoding': 'utf-8'}...
2026-03-12 16:00:22.373 | DEBUG    | baldaquin.buf:_write:285 - 1400 bytes written to disk.
2026-03-12 16:00:22.373 | DEBUG    | baldaquin.buf:open:104 - Ouput file /home/lab1-student/baldaquindata/plasduino/0309_000099/0309_000099_data.txt closed.
2026-03-12 16:00:22.373 | DEBUG    | baldaquin.buf:open:100 - Opening output file /home/lab1-student/baldaquindata/plasduino/0309_000100/0309_000100_data.txt {'mode': 'at', 'encoding': 'utf-8'}...
2026-03-12 16:00:22.374 | DEBUG    | baldaquin.buf:_write:285 - 1400 bytes written to disk.
2026-03-12 16:00:22.374 | DEBUG    | baldaquin.buf:open:104 - Ouput file /home/lab1-student/baldaquindata/plasduino/0309_000100/0309_000100_data.txt closed.
2026-03-12 16:00:22.374 | DEBUG    | baldaquin.buf:open:100 - Opening output file /home/lab1-student/baldaquindata/plasduino/0309_000101/0309_000101_data.txt {'mode': 'at', 'encoding': 'utf-8'}...
2026-03-12 16:00:22.375 | DEBUG    | baldaquin.buf:_write:285 - 1400 bytes written to disk.
2026-03-12 16:00:22.382 | DEBUG    | baldaquin.buf:open:104 - Ouput file /home/lab1-student/baldaquindata/plasduino/0309_000101/0309_000101_data.txt closed.
2026-03-12 16:00:22.382 | DEBUG    | baldaquin.buf:open:100 - Opening output file /home/lab1-student/baldaquindata/plasduino/0309_000101/0309_000101_data.dat {'mode': 'ab'}...
2026-03-12 16:00:22.392 | DEBUG    | baldaquin.buf:_pop_and_write_raw:259 - 800 bytes written to disk.
2026-03-12 16:00:22.393 | DEBUG    | baldaquin.buf:open:104 - Ouput file /home/lab1-student/baldaquindata/plasduino/0309_000101/0309_000101_data.dat closed.
2026-03-12 16:00:22.393 | INFO     | baldaquin.buf:flush:318 - 23200 bytes (800 raw bytes) written to disk.
2026-03-12 16:00:22.393 | DEBUG    | baldaquin.profile:wrap:32 - Running time for flush(): 0.145756 s
2026-03-12 16:00:24.777 | INFO     | baldaquin.buf:flush:309 - 100 packets ready to be written out...
2026-03-12 16:00:24.782 | DEBUG    | baldaquin.buf:open:100 - Opening output file /home/lab1-student/baldaquindata/plasduino/0309_000086/0309_000086_data.txt {'mode': 'at', 'encoding': 'utf-8'}...
2026-03-12 16:00:24.788 | DEBUG    | baldaquin.buf:_write:285 - 1400 bytes written to disk.
2026-03-12 16:00:24.790 | DEBUG    | baldaquin.buf:open:104 - Ouput file /home/lab1-student/baldaquindata/plasduino/0309_000086/0309_000086_data.txt closed.
2026-03-12 16:00:24.790 | DEBUG    | baldaquin.buf:open:100 - Opening output file /home/lab1-student/baldaquindata/plasduino/0309_000087/0309_000087_data.txt {'mode': 'at', 'encoding': 'utf-8'}...
2026-03-12 16:00:24.792 | DEBUG    | baldaquin.buf:_write:285 - 1400 bytes written to disk.
2026-03-12 16:00:24.793 | DEBUG    | baldaquin.buf:open:104 - Ouput file /home/lab1-student/baldaquindata/plasduino/0309_000087/0309_000087_data.txt closed.
2026-03-12 16:00:24.793 | DEBUG    | baldaquin.buf:open:100 - Opening output file /home/lab1-student/baldaquindata/plasduino/0309_000088/0309_000088_data.txt {'mode': 'at', 'encoding': 'utf-8'}...
2026-03-12 16:00:24.796 | DEBUG    | baldaquin.buf:_write:285 - 1400 bytes written to disk.
2026-03-12 16:00:24.811 | DEBUG    | baldaquin.buf:open:104 - Ouput file /home/lab1-student/baldaquindata/plasduino/0309_000088/0309_000088_data.txt closed.
2026-03-12 16:00:24.811 | DEBUG    | baldaquin.buf:open:100 - Opening output file /home/lab1-student/baldaquindata/plasduino/0309_000089/0309_000089_data.txt {'mode': 'at', 'encoding': 'utf-8'}...
2026-03-12 16:00:24.813 | DEBUG    | baldaquin.buf:_write:285 - 1400 bytes written to disk.
2026-03-12 16:00:24.814 | DEBUG    | baldaquin.buf:open:104 - Ouput file /home/lab1-student/baldaquindata/plasduino/0309_000089/0309_000089_data.txt closed.
2026-03-12 16:00:24.814 | DEBUG    | baldaquin.buf:open:100 - Opening output file /home/lab1-student/baldaquindata/plasduino/0309_000090/0309_000090_data.txt {'mode': 'at', 'encoding': 'utf-8'}...
2026-03-12 16:00:24.815 | DEBUG    | baldaquin.buf:_write:285 - 1400 bytes written to disk.
2026-03-12 16:00:24.815 | DEBUG    | baldaquin.buf:open:104 - Ouput file /home/lab1-student/baldaquindata/plasduino/0309_000090/0309_000090_data.txt closed.
2026-03-12 16:00:24.816 | DEBUG    | baldaquin.buf:open:100 - Opening output file /home/lab1-student/baldaquindata/plasduino/0309_000091/0309_000091_data.txt {'mode': 'at', 'encoding': 'utf-8'}...
2026-03-12 16:00:24.816 | DEBUG    | baldaquin.buf:_write:285 - 1400 bytes written to disk.
2026-03-12 16:00:24.820 | DEBUG    | baldaquin.buf:open:104 - Ouput file /home/lab1-student/baldaquindata/plasduino/0309_000091/0309_000091_data.txt closed.
2026-03-12 16:00:24.823 | DEBUG    | baldaquin.buf:open:100 - Opening output file /home/lab1-student/baldaquindata/plasduino/0309_000092/0309_000092_data.txt {'mode': 'at', 'encoding': 'utf-8'}...
2026-03-12 16:00:24.858 | DEBUG    | baldaquin.buf:_write:285 - 1400 bytes written to disk.
2026-03-12 16:00:24.864 | DEBUG    | baldaquin.buf:open:104 - Ouput file /home/lab1-student/baldaquindata/plasduino/0309_000092/0309_000092_data.txt closed.
2026-03-12 16:00:24.864 | DEBUG    | baldaquin.buf:open:100 - Opening output file /home/lab1-student/baldaquindata/plasduino/0309_000093/0309_000093_data.txt {'mode': 'at', 'encoding': 'utf-8'}...
2026-03-12 16:00:24.874 | DEBUG    | baldaquin.buf:_write:285 - 1400 bytes written to disk.
2026-03-12 16:00:24.880 | DEBUG    | baldaquin.buf:open:104 - Ouput file /home/lab1-student/baldaquindata/plasduino/0309_000093/0309_000093_data.txt closed.
2026-03-12 16:00:24.880 | DEBUG    | baldaquin.buf:open:100 - Opening output file /home/lab1-student/baldaquindata/plasduino/0309_000094/0309_000094_data.txt {'mode': 'at', 'encoding': 'utf-8'}...
2026-03-12 16:00:24.881 | DEBUG    | baldaquin.buf:_write:285 - 1400 bytes written to disk.
2026-03-12 16:00:24.893 | DEBUG    | baldaquin.buf:open:104 - Ouput file /home/lab1-student/baldaquindata/plasduino/0309_000094/0309_000094_data.txt closed.
2026-03-12 16:00:24.899 | DEBUG    | baldaquin.buf:open:100 - Opening output file /home/lab1-student/baldaquindata/plasduino/0309_000095/0309_000095_data.txt {'mode': 'at', 'encoding': 'utf-8'}...
2026-03-12 16:00:24.902 | DEBUG    | baldaquin.buf:_write:285 - 1400 bytes written to disk.
2026-03-12 16:00:24.907 | DEBUG    | baldaquin.buf:open:104 - Ouput file /home/lab1-student/baldaquindata/plasduino/0309_000095/0309_000095_data.txt closed.
2026-03-12 16:00:24.907 | DEBUG    | baldaquin.buf:open:100 - Opening output file /home/lab1-student/baldaquindata/plasduino/0309_000096/0309_000096_data.txt {'mode': 'at', 'encoding': 'utf-8'}...
2026-03-12 16:00:24.912 | DEBUG    | baldaquin.buf:_write:285 - 1400 bytes written to disk.
2026-03-12 16:00:24.917 | DEBUG    | baldaquin.buf:open:104 - Ouput file /home/lab1-student/baldaquindata/plasduino/0309_000096/0309_000096_data.txt closed.
2026-03-12 16:00:24.917 | DEBUG    | baldaquin.buf:open:100 - Opening output file /home/lab1-student/baldaquindata/plasduino/0309_000097/0309_000097_data.txt {'mode': 'at', 'encoding': 'utf-8'}...
2026-03-12 16:00:24.921 | DEBUG    | baldaquin.buf:_write:285 - 1400 bytes written to disk.
2026-03-12 16:00:24.921 | DEBUG    | baldaquin.buf:open:104 - Ouput file /home/lab1-student/baldaquindata/plasduino/0309_000097/0309_000097_data.txt closed.
2026-03-12 16:00:24.922 | DEBUG    | baldaquin.buf:open:100 - Opening output file /home/lab1-student/baldaquindata/plasduino/0309_000098/0309_000098_data.txt {'mode': 'at', 'encoding': 'utf-8'}...
2026-03-12 16:00:24.922 | DEBUG    | baldaquin.buf:_write:285 - 1400 bytes written to disk.
2026-03-12 16:00:24.931 | DEBUG    | baldaquin.buf:open:104 - Ouput file /home/lab1-student/baldaquindata/plasduino/0309_000098/0309_000098_data.txt closed.
2026-03-12 16:00:24.932 | DEBUG    | baldaquin.buf:open:100 - Opening output file /home/lab1-student/baldaquindata/plasduino/0309_000099/0309_000099_data.txt {'mode': 'at', 'encoding': 'utf-8'}...
2026-03-12 16:00:24.933 | DEBUG    | baldaquin.buf:_write:285 - 1400 bytes written to disk.
2026-03-12 16:00:24.933 | DEBUG    | baldaquin.buf:open:104 - Ouput file /home/lab1-student/baldaquindata/plasduino/0309_000099/0309_000099_data.txt closed.
2026-03-12 16:00:24.933 | DEBUG    | baldaquin.buf:open:100 - Opening output file /home/lab1-student/baldaquindata/plasduino/0309_000100/0309_000100_data.txt {'mode': 'at', 'encoding': 'utf-8'}...
2026-03-12 16:00:24.935 | DEBUG    | baldaquin.buf:_write:285 - 1400 bytes written to disk.
2026-03-12 16:00:24.939 | DEBUG    | baldaquin.buf:open:104 - Ouput file /home/lab1-student/baldaquindata/plasduino/0309_000100/0309_000100_data.txt closed.
2026-03-12 16:00:24.939 | DEBUG    | baldaquin.buf:open:100 - Opening output file /home/lab1-student/baldaquindata/plasduino/0309_000101/0309_000101_data.txt {'mode': 'at', 'encoding': 'utf-8'}...
2026-03-12 16:00:24.953 | DEBUG    | baldaquin.buf:_write:285 - 1400 bytes written to disk.
2026-03-12 16:00:24.955 | DEBUG    | baldaquin.buf:open:104 - Ouput file /home/lab1-student/baldaquindata/plasduino/0309_000101/0309_000101_data.txt closed.
2026-03-12 16:00:24.956 | DEBUG    | baldaquin.buf:open:100 - Opening output file /home/lab1-student/baldaquindata/plasduino/0309_000101/0309_000101_data.dat {'mode': 'ab'}...
2026-03-12 16:00:24.956 | DEBUG    | baldaquin.buf:_pop_and_write_raw:259 - 800 bytes written to disk.
2026-03-12 16:00:24.956 | DEBUG    | baldaquin.buf:open:104 - Ouput file /home/lab1-student/baldaquindata/plasduino/0309_000101/0309_000101_data.dat closed.
2026-03-12 16:00:24.956 | INFO     | baldaquin.buf:flush:318 - 23200 bytes (800 raw bytes) written to disk.
2026-03-12 16:00:24.956 | DEBUG    | baldaquin.profile:wrap:32 - Running time for flush(): 0.178979 s
2026-03-12 16:00:27.311 | INFO     | baldaquin.buf:flush:309 - 100 packets ready to be written out...
2026-03-12 16:00:27.312 | DEBUG    | baldaquin.buf:open:100 - Opening output file /home/lab1-student/baldaquindata/plasduino/0309_000086/0309_000086_data.txt {'mode': 'at', 'encoding': 'utf-8'}...
2026-03-12 16:00:27.312 | DEBUG    | baldaquin.buf:_write:285 - 1407 bytes written to disk.
2026-03-12 16:00:27.312 | DEBUG    | baldaquin.buf:open:104 - Ouput file /home/lab1-student/baldaquindata/plasduino/0309_000086/0309_000086_data.txt closed.
2026-03-12 16:00:27.313 | DEBUG    | baldaquin.buf:open:100 - Opening output file /home/lab1-student/baldaquindata/plasduino/0309_000087/0309_000087_data.txt {'mode': 'at', 'encoding': 'utf-8'}...
2026-03-12 16:00:27.313 | DEBUG    | baldaquin.buf:_write:285 - 1407 bytes written to disk.
2026-03-12 16:00:27.313 | DEBUG    | baldaquin.buf:open:104 - Ouput file /home/lab1-student/baldaquindata/plasduino/0309_000087/0309_000087_data.txt closed.
2026-03-12 16:00:27.313 | DEBUG    | baldaquin.buf:open:100 - Opening output file /home/lab1-student/baldaquindata/plasduino/0309_000088/0309_000088_data.txt {'mode': 'at', 'encoding': 'utf-8'}...
2026-03-12 16:00:27.314 | DEBUG    | baldaquin.buf:_write:285 - 1407 bytes written to disk.
2026-03-12 16:00:27.314 | DEBUG    | baldaquin.buf:open:104 - Ouput file /home/lab1-student/baldaquindata/plasduino/0309_000088/0309_000088_data.txt closed.
2026-03-12 16:00:27.314 | DEBUG    | baldaquin.buf:open:100 - Opening output file /home/lab1-student/baldaquindata/plasduino/0309_000089/0309_000089_data.txt {'mode': 'at', 'encoding': 'utf-8'}...
2026-03-12 16:00:27.314 | DEBUG    | baldaquin.buf:_write:285 - 1407 bytes written to disk.
2026-03-12 16:00:27.315 | DEBUG    | baldaquin.buf:open:104 - Ouput file /home/lab1-student/baldaquindata/plasduino/0309_000089/0309_000089_data.txt closed.
2026-03-12 16:00:27.315 | DEBUG    | baldaquin.buf:open:100 - Opening output file /home/lab1-student/baldaquindata/plasduino/0309_000090/0309_000090_data.txt {'mode': 'at', 'encoding': 'utf-8'}...
2026-03-12 16:00:27.315 | DEBUG    | baldaquin.buf:_write:285 - 1407 bytes written to disk.
2026-03-12 16:00:27.315 | DEBUG    | baldaquin.buf:open:104 - Ouput file /home/lab1-student/baldaquindata/plasduino/0309_000090/0309_000090_data.txt closed.
2026-03-12 16:00:27.315 | DEBUG    | baldaquin.buf:open:100 - Opening output file /home/lab1-student/baldaquindata/plasduino/0309_000091/0309_000091_data.txt {'mode': 'at', 'encoding': 'utf-8'}...
2026-03-12 16:00:27.316 | DEBUG    | baldaquin.buf:_write:285 - 1407 bytes written to disk.
2026-03-12 16:00:27.316 | DEBUG    | baldaquin.buf:open:104 - Ouput file /home/lab1-student/baldaquindata/plasduino/0309_000091/0309_000091_data.txt closed.
2026-03-12 16:00:27.316 | DEBUG    | baldaquin.buf:open:100 - Opening output file /home/lab1-student/baldaquindata/plasduino/0309_000092/0309_000092_data.txt {'mode': 'at', 'encoding': 'utf-8'}...
2026-03-12 16:00:27.317 | DEBUG    | baldaquin.buf:_write:285 - 1407 bytes written to disk.
2026-03-12 16:00:27.317 | DEBUG    | baldaquin.buf:open:104 - Ouput file /home/lab1-student/baldaquindata/plasduino/0309_000092/0309_000092_data.txt closed.
2026-03-12 16:00:27.317 | DEBUG    | baldaquin.buf:open:100 - Opening output file /home/lab1-student/baldaquindata/plasduino/0309_000093/0309_000093_data.txt {'mode': 'at', 'encoding': 'utf-8'}...
2026-03-12 16:00:27.317 | DEBUG    | baldaquin.buf:_write:285 - 1407 bytes written to disk.
2026-03-12 16:00:27.317 | DEBUG    | baldaquin.buf:open:104 - Ouput file /home/lab1-student/baldaquindata/plasduino/0309_000093/0309_000093_data.txt closed.
2026-03-12 16:00:27.318 | DEBUG    | baldaquin.buf:open:100 - Opening output file /home/lab1-student/baldaquindata/plasduino/0309_000094/0309_000094_data.txt {'mode': 'at', 'encoding': 'utf-8'}...
2026-03-12 16:00:27.318 | DEBUG    | baldaquin.buf:_write:285 - 1407 bytes written to disk.
2026-03-12 16:00:27.318 | DEBUG    | baldaquin.buf:open:104 - Ouput file /home/lab1-student/baldaquindata/plasduino/0309_000094/0309_000094_data.txt closed.
2026-03-12 16:00:27.318 | DEBUG    | baldaquin.buf:open:100 - Opening output file /home/lab1-student/baldaquindata/plasduino/0309_000095/0309_000095_data.txt {'mode': 'at', 'encoding': 'utf-8'}...
2026-03-12 16:00:27.319 | DEBUG    | baldaquin.buf:_write:285 - 1407 bytes written to disk.
2026-03-12 16:00:27.319 | DEBUG    | baldaquin.buf:open:104 - Ouput file /home/lab1-student/baldaquindata/plasduino/0309_000095/0309_000095_data.txt closed.
2026-03-12 16:00:27.319 | DEBUG    | baldaquin.buf:open:100 - Opening output file /home/lab1-student/baldaquindata/plasduino/0309_000096/0309_000096_data.txt {'mode': 'at', 'encoding': 'utf-8'}...
2026-03-12 16:00:27.320 | DEBUG    | baldaquin.buf:_write:285 - 1407 bytes written to disk.
2026-03-12 16:00:27.320 | DEBUG    | baldaquin.buf:open:104 - Ouput file /home/lab1-student/baldaquindata/plasduino/0309_000096/0309_000096_data.txt closed.
2026-03-12 16:00:27.320 | DEBUG    | baldaquin.buf:open:100 - Opening output file /home/lab1-student/baldaquindata/plasduino/0309_000097/0309_000097_data.txt {'mode': 'at', 'encoding': 'utf-8'}...
2026-03-12 16:00:27.321 | DEBUG    | baldaquin.buf:_write:285 - 1407 bytes written to disk.
2026-03-12 16:00:27.321 | DEBUG    | baldaquin.buf:open:104 - Ouput file /home/lab1-student/baldaquindata/plasduino/0309_000097/0309_000097_data.txt closed.
2026-03-12 16:00:27.321 | DEBUG    | baldaquin.buf:open:100 - Opening output file /home/lab1-student/baldaquindata/plasduino/0309_000098/0309_000098_data.txt {'mode': 'at', 'encoding': 'utf-8'}...
2026-03-12 16:00:27.321 | DEBUG    | baldaquin.buf:_write:285 - 1407 bytes written to disk.
2026-03-12 16:00:27.321 | DEBUG    | baldaquin.buf:open:104 - Ouput file /home/lab1-student/baldaquindata/plasduino/0309_000098/0309_000098_data.txt closed.
2026-03-12 16:00:27.321 | DEBUG    | baldaquin.buf:open:100 - Opening output file /home/lab1-student/baldaquindata/plasduino/0309_000099/0309_000099_data.txt {'mode': 'at', 'encoding': 'utf-8'}...
2026-03-12 16:00:27.322 | DEBUG    | baldaquin.buf:_write:285 - 1407 bytes written to disk.
2026-03-12 16:00:27.322 | DEBUG    | baldaquin.buf:open:104 - Ouput file /home/lab1-student/baldaquindata/plasduino/0309_000099/0309_000099_data.txt closed.
2026-03-12 16:00:27.322 | DEBUG    | baldaquin.buf:open:100 - Opening output file /home/lab1-student/baldaquindata/plasduino/0309_000100/0309_000100_data.txt {'mode': 'at', 'encoding': 'utf-8'}...
2026-03-12 16:00:27.323 | DEBUG    | baldaquin.buf:_write:285 - 1407 bytes written to disk.
2026-03-12 16:00:27.323 | DEBUG    | baldaquin.buf:open:104 - Ouput file /home/lab1-student/baldaquindata/plasduino/0309_000100/0309_000100_data.txt closed.
2026-03-12 16:00:27.323 | DEBUG    | baldaquin.buf:open:100 - Opening output file /home/lab1-student/baldaquindata/plasduino/0309_000101/0309_000101_data.txt {'mode': 'at', 'encoding': 'utf-8'}...
2026-03-12 16:00:27.323 | DEBUG    | baldaquin.buf:_write:285 - 1407 bytes written to disk.
2026-03-12 16:00:27.324 | DEBUG    | baldaquin.buf:open:104 - Ouput file /home/lab1-student/baldaquindata/plasduino/0309_000101/0309_000101_data.txt closed.
2026-03-12 16:00:27.324 | DEBUG    | baldaquin.buf:open:100 - Opening output file /home/lab1-student/baldaquindata/plasduino/0309_000101/0309_000101_data.dat {'mode': 'ab'}...
2026-03-12 16:00:27.324 | DEBUG    | baldaquin.buf:_pop_and_write_raw:259 - 800 bytes written to disk.
2026-03-12 16:00:27.324 | DEBUG    | baldaquin.buf:open:104 - Ouput file /home/lab1-student/baldaquindata/plasduino/0309_000101/0309_000101_data.dat closed.
2026-03-12 16:00:27.324 | INFO     | baldaquin.buf:flush:318 - 23312 bytes (800 raw bytes) written to disk.
2026-03-12 16:00:27.324 | DEBUG    | baldaquin.profile:wrap:32 - Running time for flush(): 0.012667 s
2026-03-12 16:00:29.853 | INFO     | baldaquin.buf:flush:309 - 100 packets ready to be written out...
2026-03-12 16:00:29.853 | DEBUG    | baldaquin.buf:open:100 - Opening output file /home/lab1-student/baldaquindata/plasduino/0309_000086/0309_000086_data.txt {'mode': 'at', 'encoding': 'utf-8'}...
2026-03-12 16:00:29.854 | DEBUG    | baldaquin.buf:_write:285 - 1500 bytes written to disk.
2026-03-12 16:00:29.854 | DEBUG    | baldaquin.buf:open:104 - Ouput file /home/lab1-student/baldaquindata/plasduino/0309_000086/0309_000086_data.txt closed.
2026-03-12 16:00:29.854 | DEBUG    | baldaquin.buf:open:100 - Opening output file /home/lab1-student/baldaquindata/plasduino/0309_000087/0309_000087_data.txt {'mode': 'at', 'encoding': 'utf-8'}...
2026-03-12 16:00:29.855 | DEBUG    | baldaquin.buf:_write:285 - 1500 bytes written to disk.
2026-03-12 16:00:29.855 | DEBUG    | baldaquin.buf:open:104 - Ouput file /home/lab1-student/baldaquindata/plasduino/0309_000087/0309_000087_data.txt closed.
2026-03-12 16:00:29.855 | DEBUG    | baldaquin.buf:open:100 - Opening output file /home/lab1-student/baldaquindata/plasduino/0309_000088/0309_000088_data.txt {'mode': 'at', 'encoding': 'utf-8'}...
2026-03-12 16:00:29.855 | DEBUG    | baldaquin.buf:_write:285 - 1500 bytes written to disk.
2026-03-12 16:00:29.856 | DEBUG    | baldaquin.buf:open:104 - Ouput file /home/lab1-student/baldaquindata/plasduino/0309_000088/0309_000088_data.txt closed.
2026-03-12 16:00:29.856 | DEBUG    | baldaquin.buf:open:100 - Opening output file /home/lab1-student/baldaquindata/plasduino/0309_000089/0309_000089_data.txt {'mode': 'at', 'encoding': 'utf-8'}...
2026-03-12 16:00:29.856 | DEBUG    | baldaquin.buf:_write:285 - 1500 bytes written to disk.
2026-03-12 16:00:29.866 | DEBUG    | baldaquin.buf:open:104 - Ouput file /home/lab1-student/baldaquindata/plasduino/0309_000089/0309_000089_data.txt closed.
2026-03-12 16:00:29.867 | DEBUG    | baldaquin.buf:open:100 - Opening output file /home/lab1-student/baldaquindata/plasduino/0309_000090/0309_000090_data.txt {'mode': 'at', 'encoding': 'utf-8'}...
2026-03-12 16:00:29.869 | DEBUG    | baldaquin.buf:_write:285 - 1500 bytes written to disk.
2026-03-12 16:00:29.874 | DEBUG    | baldaquin.buf:open:104 - Ouput file /home/lab1-student/baldaquindata/plasduino/0309_000090/0309_000090_data.txt closed.
2026-03-12 16:00:29.874 | DEBUG    | baldaquin.buf:open:100 - Opening output file /home/lab1-student/baldaquindata/plasduino/0309_000091/0309_000091_data.txt {'mode': 'at', 'encoding': 'utf-8'}...
2026-03-12 16:00:29.893 | DEBUG    | baldaquin.buf:_write:285 - 1500 bytes written to disk.
2026-03-12 16:00:29.894 | DEBUG    | baldaquin.buf:open:104 - Ouput file /home/lab1-student/baldaquindata/plasduino/0309_000091/0309_000091_data.txt closed.
2026-03-12 16:00:29.894 | DEBUG    | baldaquin.buf:open:100 - Opening output file /home/lab1-student/baldaquindata/plasduino/0309_000092/0309_000092_data.txt {'mode': 'at', 'encoding': 'utf-8'}...
2026-03-12 16:00:29.896 | DEBUG    | baldaquin.buf:_write:285 - 1500 bytes written to disk.
2026-03-12 16:00:29.897 | DEBUG    | baldaquin.buf:open:104 - Ouput file /home/lab1-student/baldaquindata/plasduino/0309_000092/0309_000092_data.txt closed.
2026-03-12 16:00:29.897 | DEBUG    | baldaquin.buf:open:100 - Opening output file /home/lab1-student/baldaquindata/plasduino/0309_000093/0309_000093_data.txt {'mode': 'at', 'encoding': 'utf-8'}...
2026-03-12 16:00:29.898 | DEBUG    | baldaquin.buf:_write:285 - 1500 bytes written to disk.
2026-03-12 16:00:29.899 | DEBUG    | baldaquin.buf:open:104 - Ouput file /home/lab1-student/baldaquindata/plasduino/0309_000093/0309_000093_data.txt closed.
2026-03-12 16:00:29.900 | DEBUG    | baldaquin.buf:open:100 - Opening output file /home/lab1-student/baldaquindata/plasduino/0309_000094/0309_000094_data.txt {'mode': 'at', 'encoding': 'utf-8'}...
2026-03-12 16:00:29.910 | DEBUG    | baldaquin.buf:_write:285 - 1500 bytes written to disk.
2026-03-12 16:00:29.911 | DEBUG    | baldaquin.buf:open:104 - Ouput file /home/lab1-student/baldaquindata/plasduino/0309_000094/0309_000094_data.txt closed.
2026-03-12 16:00:29.911 | DEBUG    | baldaquin.buf:open:100 - Opening output file /home/lab1-student/baldaquindata/plasduino/0309_000095/0309_000095_data.txt {'mode': 'at', 'encoding': 'utf-8'}...
2026-03-12 16:00:29.911 | DEBUG    | baldaquin.buf:_write:285 - 1500 bytes written to disk.
2026-03-12 16:00:29.911 | DEBUG    | baldaquin.buf:open:104 - Ouput file /home/lab1-student/baldaquindata/plasduino/0309_000095/0309_000095_data.txt closed.
2026-03-12 16:00:29.912 | DEBUG    | baldaquin.buf:open:100 - Opening output file /home/lab1-student/baldaquindata/plasduino/0309_000096/0309_000096_data.txt {'mode': 'at', 'encoding': 'utf-8'}...
2026-03-12 16:00:29.912 | DEBUG    | baldaquin.buf:_write:285 - 1500 bytes written to disk.
2026-03-12 16:00:29.912 | DEBUG    | baldaquin.buf:open:104 - Ouput file /home/lab1-student/baldaquindata/plasduino/0309_000096/0309_000096_data.txt closed.
2026-03-12 16:00:29.912 | DEBUG    | baldaquin.buf:open:100 - Opening output file /home/lab1-student/baldaquindata/plasduino/0309_000097/0309_000097_data.txt {'mode': 'at', 'encoding': 'utf-8'}...
2026-03-12 16:00:29.913 | DEBUG    | baldaquin.buf:_write:285 - 1500 bytes written to disk.
2026-03-12 16:00:29.913 | DEBUG    | baldaquin.buf:open:104 - Ouput file /home/lab1-student/baldaquindata/plasduino/0309_000097/0309_000097_data.txt closed.
2026-03-12 16:00:29.913 | DEBUG    | baldaquin.buf:open:100 - Opening output file /home/lab1-student/baldaquindata/plasduino/0309_000098/0309_000098_data.txt {'mode': 'at', 'encoding': 'utf-8'}...
2026-03-12 16:00:29.914 | DEBUG    | baldaquin.buf:_write:285 - 1500 bytes written to disk.
2026-03-12 16:00:29.914 | DEBUG    | baldaquin.buf:open:104 - Ouput file /home/lab1-student/baldaquindata/plasduino/0309_000098/0309_000098_data.txt closed.
2026-03-12 16:00:29.914 | DEBUG    | baldaquin.buf:open:100 - Opening output file /home/lab1-student/baldaquindata/plasduino/0309_000099/0309_000099_data.txt {'mode': 'at', 'encoding': 'utf-8'}...
2026-03-12 16:00:29.915 | DEBUG    | baldaquin.buf:_write:285 - 1500 bytes written to disk.
2026-03-12 16:00:29.915 | DEBUG    | baldaquin.buf:open:104 - Ouput file /home/lab1-student/baldaquindata/plasduino/0309_000099/0309_000099_data.txt closed.
2026-03-12 16:00:29.915 | DEBUG    | baldaquin.buf:open:100 - Opening output file /home/lab1-student/baldaquindata/plasduino/0309_000100/0309_000100_data.txt {'mode': 'at', 'encoding': 'utf-8'}...
2026-03-12 16:00:29.916 | DEBUG    | baldaquin.buf:_write:285 - 1500 bytes written to disk.
2026-03-12 16:00:29.916 | DEBUG    | baldaquin.buf:open:104 - Ouput file /home/lab1-student/baldaquindata/plasduino/0309_000100/0309_000100_data.txt closed.
2026-03-12 16:00:29.916 | DEBUG    | baldaquin.buf:open:100 - Opening output file /home/lab1-student/baldaquindata/plasduino/0309_000101/0309_000101_data.txt {'mode': 'at', 'encoding': 'utf-8'}...
2026-03-12 16:00:29.916 | DEBUG    | baldaquin.buf:_write:285 - 1500 bytes written to disk.
2026-03-12 16:00:29.917 | DEBUG    | baldaquin.buf:open:104 - Ouput file /home/lab1-student/baldaquindata/plasduino/0309_000101/0309_000101_data.txt closed.
2026-03-12 16:00:29.917 | DEBUG    | baldaquin.buf:open:100 - Opening output file /home/lab1-student/baldaquindata/plasduino/0309_000101/0309_000101_data.dat {'mode': 'ab'}...
2026-03-12 16:00:29.917 | DEBUG    | baldaquin.buf:_pop_and_write_raw:259 - 800 bytes written to disk.
2026-03-12 16:00:29.927 | DEBUG    | baldaquin.buf:open:104 - Ouput file /home/lab1-student/baldaquindata/plasduino/0309_000101/0309_000101_data.dat closed.
2026-03-12 16:00:29.929 | INFO     | baldaquin.buf:flush:318 - 24800 bytes (800 raw bytes) written to disk.
2026-03-12 16:00:29.929 | DEBUG    | baldaquin.profile:wrap:32 - Running time for flush(): 0.075836 s
2026-03-12 16:00:32.384 | INFO     | baldaquin.buf:flush:309 - 100 packets ready to be written out...
2026-03-12 16:00:32.385 | DEBUG    | baldaquin.buf:open:100 - Opening output file /home/lab1-student/baldaquindata/plasduino/0309_000086/0309_000086_data.txt {'mode': 'at', 'encoding': 'utf-8'}...
2026-03-12 16:00:32.389 | DEBUG    | baldaquin.buf:_write:285 - 1500 bytes written to disk.
2026-03-12 16:00:32.400 | DEBUG    | baldaquin.buf:open:104 - Ouput file /home/lab1-student/baldaquindata/plasduino/0309_000086/0309_000086_data.txt closed.
2026-03-12 16:00:32.400 | DEBUG    | baldaquin.buf:open:100 - Opening output file /home/lab1-student/baldaquindata/plasduino/0309_000087/0309_000087_data.txt {'mode': 'at', 'encoding': 'utf-8'}...
2026-03-12 16:00:32.401 | DEBUG    | baldaquin.buf:_write:285 - 1500 bytes written to disk.
2026-03-12 16:00:32.401 | DEBUG    | baldaquin.buf:open:104 - Ouput file /home/lab1-student/baldaquindata/plasduino/0309_000087/0309_000087_data.txt closed.
2026-03-12 16:00:32.401 | DEBUG    | baldaquin.buf:open:100 - Opening output file /home/lab1-student/baldaquindata/plasduino/0309_000088/0309_000088_data.txt {'mode': 'at', 'encoding': 'utf-8'}...
2026-03-12 16:00:32.402 | DEBUG    | baldaquin.buf:_write:285 - 1500 bytes written to disk.
2026-03-12 16:00:32.402 | DEBUG    | baldaquin.buf:open:104 - Ouput file /home/lab1-student/baldaquindata/plasduino/0309_000088/0309_000088_data.txt closed.
2026-03-12 16:00:32.402 | DEBUG    | baldaquin.buf:open:100 - Opening output file /home/lab1-student/baldaquindata/plasduino/0309_000089/0309_000089_data.txt {'mode': 'at', 'encoding': 'utf-8'}...
2026-03-12 16:00:32.403 | DEBUG    | baldaquin.buf:_write:285 - 1500 bytes written to disk.
2026-03-12 16:00:32.403 | DEBUG    | baldaquin.buf:open:104 - Ouput file /home/lab1-student/baldaquindata/plasduino/0309_000089/0309_000089_data.txt closed.
2026-03-12 16:00:32.403 | DEBUG    | baldaquin.buf:open:100 - Opening output file /home/lab1-student/baldaquindata/plasduino/0309_000090/0309_000090_data.txt {'mode': 'at', 'encoding': 'utf-8'}...
2026-03-12 16:00:32.413 | DEBUG    | baldaquin.buf:_write:285 - 1500 bytes written to disk.
2026-03-12 16:00:32.414 | DEBUG    | baldaquin.buf:open:104 - Ouput file /home/lab1-student/baldaquindata/plasduino/0309_000090/0309_000090_data.txt closed.
2026-03-12 16:00:32.414 | DEBUG    | baldaquin.buf:open:100 - Opening output file /home/lab1-student/baldaquindata/plasduino/0309_000091/0309_000091_data.txt {'mode': 'at', 'encoding': 'utf-8'}...
2026-03-12 16:00:32.415 | DEBUG    | baldaquin.buf:_write:285 - 1500 bytes written to disk.
2026-03-12 16:00:32.415 | DEBUG    | baldaquin.buf:open:104 - Ouput file /home/lab1-student/baldaquindata/plasduino/0309_000091/0309_000091_data.txt closed.
2026-03-12 16:00:32.416 | DEBUG    | baldaquin.buf:open:100 - Opening output file /home/lab1-student/baldaquindata/plasduino/0309_000092/0309_000092_data.txt {'mode': 'at', 'encoding': 'utf-8'}...
2026-03-12 16:00:32.422 | DEBUG    | baldaquin.buf:_write:285 - 1500 bytes written to disk.
2026-03-12 16:00:32.422 | DEBUG    | baldaquin.buf:open:104 - Ouput file /home/lab1-student/baldaquindata/plasduino/0309_000092/0309_000092_data.txt closed.
2026-03-12 16:00:32.422 | DEBUG    | baldaquin.buf:open:100 - Opening output file /home/lab1-student/baldaquindata/plasduino/0309_000093/0309_000093_data.txt {'mode': 'at', 'encoding': 'utf-8'}...
2026-03-12 16:00:32.423 | DEBUG    | baldaquin.buf:_write:285 - 1500 bytes written to disk.
2026-03-12 16:00:32.423 | DEBUG    | baldaquin.buf:open:104 - Ouput file /home/lab1-student/baldaquindata/plasduino/0309_000093/0309_000093_data.txt closed.
2026-03-12 16:00:32.433 | DEBUG    | baldaquin.buf:open:100 - Opening output file /home/lab1-student/baldaquindata/plasduino/0309_000094/0309_000094_data.txt {'mode': 'at', 'encoding': 'utf-8'}...
2026-03-12 16:00:32.462 | DEBUG    | baldaquin.buf:_write:285 - 1500 bytes written to disk.
2026-03-12 16:00:32.467 | DEBUG    | baldaquin.buf:open:104 - Ouput file /home/lab1-student/baldaquindata/plasduino/0309_000094/0309_000094_data.txt closed.
2026-03-12 16:00:32.471 | DEBUG    | baldaquin.buf:open:100 - Opening output file /home/lab1-student/baldaquindata/plasduino/0309_000095/0309_000095_data.txt {'mode': 'at', 'encoding': 'utf-8'}...
2026-03-12 16:00:32.474 | DEBUG    | baldaquin.buf:_write:285 - 1500 bytes written to disk.
2026-03-12 16:00:32.480 | DEBUG    | baldaquin.buf:open:104 - Ouput file /home/lab1-student/baldaquindata/plasduino/0309_000095/0309_000095_data.txt closed.
2026-03-12 16:00:32.480 | DEBUG    | baldaquin.buf:open:100 - Opening output file /home/lab1-student/baldaquindata/plasduino/0309_000096/0309_000096_data.txt {'mode': 'at', 'encoding': 'utf-8'}...
2026-03-12 16:00:32.501 | DEBUG    | baldaquin.buf:_write:285 - 1500 bytes written to disk.
2026-03-12 16:00:32.504 | DEBUG    | baldaquin.buf:open:104 - Ouput file /home/lab1-student/baldaquindata/plasduino/0309_000096/0309_000096_data.txt closed.
2026-03-12 16:00:32.507 | DEBUG    | baldaquin.buf:open:100 - Opening output file /home/lab1-student/baldaquindata/plasduino/0309_000097/0309_000097_data.txt {'mode': 'at', 'encoding': 'utf-8'}...
2026-03-12 16:00:32.514 | DEBUG    | baldaquin.buf:_write:285 - 1500 bytes written to disk.
2026-03-12 16:00:32.515 | DEBUG    | baldaquin.buf:open:104 - Ouput file /home/lab1-student/baldaquindata/plasduino/0309_000097/0309_000097_data.txt closed.
2026-03-12 16:00:32.515 | DEBUG    | baldaquin.buf:open:100 - Opening output file /home/lab1-student/baldaquindata/plasduino/0309_000098/0309_000098_data.txt {'mode': 'at', 'encoding': 'utf-8'}...
2026-03-12 16:00:32.515 | DEBUG    | baldaquin.buf:_write:285 - 1500 bytes written to disk.
2026-03-12 16:00:32.516 | DEBUG    | baldaquin.buf:open:104 - Ouput file /home/lab1-student/baldaquindata/plasduino/0309_000098/0309_000098_data.txt closed.
2026-03-12 16:00:32.516 | DEBUG    | baldaquin.buf:open:100 - Opening output file /home/lab1-student/baldaquindata/plasduino/0309_000099/0309_000099_data.txt {'mode': 'at', 'encoding': 'utf-8'}...
2026-03-12 16:00:32.516 | DEBUG    | baldaquin.buf:_write:285 - 1500 bytes written to disk.
2026-03-12 16:00:32.517 | DEBUG    | baldaquin.buf:open:104 - Ouput file /home/lab1-student/baldaquindata/plasduino/0309_000099/0309_000099_data.txt closed.
2026-03-12 16:00:32.517 | DEBUG    | baldaquin.buf:open:100 - Opening output file /home/lab1-student/baldaquindata/plasduino/0309_000100/0309_000100_data.txt {'mode': 'at', 'encoding': 'utf-8'}...
2026-03-12 16:00:32.517 | DEBUG    | baldaquin.buf:_write:285 - 1500 bytes written to disk.
2026-03-12 16:00:32.518 | DEBUG    | baldaquin.buf:open:104 - Ouput file /home/lab1-student/baldaquindata/plasduino/0309_000100/0309_000100_data.txt closed.
2026-03-12 16:00:32.518 | DEBUG    | baldaquin.buf:open:100 - Opening output file /home/lab1-student/baldaquindata/plasduino/0309_000101/0309_000101_data.txt {'mode': 'at', 'encoding': 'utf-8'}...
2026-03-12 16:00:32.521 | DEBUG    | baldaquin.buf:_write:285 - 1500 bytes written to disk.
2026-03-12 16:00:32.521 | DEBUG    | baldaquin.buf:open:104 - Ouput file /home/lab1-student/baldaquindata/plasduino/0309_000101/0309_000101_data.txt closed.
2026-03-12 16:00:32.521 | DEBUG    | baldaquin.buf:open:100 - Opening output file /home/lab1-student/baldaquindata/plasduino/0309_000101/0309_000101_data.dat {'mode': 'ab'}...
2026-03-12 16:00:32.521 | DEBUG    | baldaquin.buf:_pop_and_write_raw:259 - 800 bytes written to disk.
2026-03-12 16:00:32.521 | DEBUG    | baldaquin.buf:open:104 - Ouput file /home/lab1-student/baldaquindata/plasduino/0309_000101/0309_000101_data.dat closed.
2026-03-12 16:00:32.522 | INFO     | baldaquin.buf:flush:318 - 24800 bytes (800 raw bytes) written to disk.
2026-03-12 16:00:32.522 | DEBUG    | baldaquin.profile:wrap:32 - Running time for flush(): 0.138067 s
2026-03-12 16:00:34.917 | INFO     | baldaquin.buf:flush:309 - 100 packets ready to be written out...
2026-03-12 16:00:34.918 | DEBUG    | baldaquin.buf:open:100 - Opening output file /home/lab1-student/baldaquindata/plasduino/0309_000086/0309_000086_data.txt {'mode': 'at', 'encoding': 'utf-8'}...
2026-03-12 16:00:34.918 | DEBUG    | baldaquin.buf:_write:285 - 1500 bytes written to disk.
2026-03-12 16:00:34.918 | DEBUG    | baldaquin.buf:open:104 - Ouput file /home/lab1-student/baldaquindata/plasduino/0309_000086/0309_000086_data.txt closed.
2026-03-12 16:00:34.918 | DEBUG    | baldaquin.buf:open:100 - Opening output file /home/lab1-student/baldaquindata/plasduino/0309_000087/0309_000087_data.txt {'mode': 'at', 'encoding': 'utf-8'}...
2026-03-12 16:00:34.919 | DEBUG    | baldaquin.buf:_write:285 - 1500 bytes written to disk.
2026-03-12 16:00:34.919 | DEBUG    | baldaquin.buf:open:104 - Ouput file /home/lab1-student/baldaquindata/plasduino/0309_000087/0309_000087_data.txt closed.
2026-03-12 16:00:34.919 | DEBUG    | baldaquin.buf:open:100 - Opening output file /home/lab1-student/baldaquindata/plasduino/0309_000088/0309_000088_data.txt {'mode': 'at', 'encoding': 'utf-8'}...
2026-03-12 16:00:34.920 | DEBUG    | baldaquin.buf:_write:285 - 1500 bytes written to disk.
2026-03-12 16:00:34.920 | DEBUG    | baldaquin.buf:open:104 - Ouput file /home/lab1-student/baldaquindata/plasduino/0309_000088/0309_000088_data.txt closed.
2026-03-12 16:00:34.920 | DEBUG    | baldaquin.buf:open:100 - Opening output file /home/lab1-student/baldaquindata/plasduino/0309_000089/0309_000089_data.txt {'mode': 'at', 'encoding': 'utf-8'}...
2026-03-12 16:00:34.920 | DEBUG    | baldaquin.buf:_write:285 - 1500 bytes written to disk.
2026-03-12 16:00:34.921 | DEBUG    | baldaquin.buf:open:104 - Ouput file /home/lab1-student/baldaquindata/plasduino/0309_000089/0309_000089_data.txt closed.
2026-03-12 16:00:34.921 | DEBUG    | baldaquin.buf:open:100 - Opening output file /home/lab1-student/baldaquindata/plasduino/0309_000090/0309_000090_data.txt {'mode': 'at', 'encoding': 'utf-8'}...
2026-03-12 16:00:34.921 | DEBUG    | baldaquin.buf:_write:285 - 1500 bytes written to disk.
2026-03-12 16:00:34.921 | DEBUG    | baldaquin.buf:open:104 - Ouput file /home/lab1-student/baldaquindata/plasduino/0309_000090/0309_000090_data.txt closed.
2026-03-12 16:00:34.921 | DEBUG    | baldaquin.buf:open:100 - Opening output file /home/lab1-student/baldaquindata/plasduino/0309_000091/0309_000091_data.txt {'mode': 'at', 'encoding': 'utf-8'}...
2026-03-12 16:00:34.922 | DEBUG    | baldaquin.buf:_write:285 - 1500 bytes written to disk.
2026-03-12 16:00:34.922 | DEBUG    | baldaquin.buf:open:104 - Ouput file /home/lab1-student/baldaquindata/plasduino/0309_000091/0309_000091_data.txt closed.
2026-03-12 16:00:34.922 | DEBUG    | baldaquin.buf:open:100 - Opening output file /home/lab1-student/baldaquindata/plasduino/0309_000092/0309_000092_data.txt {'mode': 'at', 'encoding': 'utf-8'}...
2026-03-12 16:00:34.923 | DEBUG    | baldaquin.buf:_write:285 - 1500 bytes written to disk.
2026-03-12 16:00:34.923 | DEBUG    | baldaquin.buf:open:104 - Ouput file /home/lab1-student/baldaquindata/plasduino/0309_000092/0309_000092_data.txt closed.
2026-03-12 16:00:34.923 | DEBUG    | baldaquin.buf:open:100 - Opening output file /home/lab1-student/baldaquindata/plasduino/0309_000093/0309_000093_data.txt {'mode': 'at', 'encoding': 'utf-8'}...
2026-03-12 16:00:34.923 | DEBUG    | baldaquin.buf:_write:285 - 1500 bytes written to disk.
2026-03-12 16:00:34.951 | DEBUG    | baldaquin.buf:open:104 - Ouput file /home/lab1-student/baldaquindata/plasduino/0309_000093/0309_000093_data.txt closed.
2026-03-12 16:00:34.960 | DEBUG    | baldaquin.buf:open:100 - Opening output file /home/lab1-student/baldaquindata/plasduino/0309_000094/0309_000094_data.txt {'mode': 'at', 'encoding': 'utf-8'}...
2026-03-12 16:00:34.962 | DEBUG    | baldaquin.buf:_write:285 - 1500 bytes written to disk.
2026-03-12 16:00:34.964 | DEBUG    | baldaquin.buf:open:104 - Ouput file /home/lab1-student/baldaquindata/plasduino/0309_000094/0309_000094_data.txt closed.
2026-03-12 16:00:34.966 | DEBUG    | baldaquin.buf:open:100 - Opening output file /home/lab1-student/baldaquindata/plasduino/0309_000095/0309_000095_data.txt {'mode': 'at', 'encoding': 'utf-8'}...
2026-03-12 16:00:34.966 | DEBUG    | baldaquin.buf:_write:285 - 1500 bytes written to disk.
2026-03-12 16:00:34.966 | DEBUG    | baldaquin.buf:open:104 - Ouput file /home/lab1-student/baldaquindata/plasduino/0309_000095/0309_000095_data.txt closed.
2026-03-12 16:00:34.967 | DEBUG    | baldaquin.buf:open:100 - Opening output file /home/lab1-student/baldaquindata/plasduino/0309_000096/0309_000096_data.txt {'mode': 'at', 'encoding': 'utf-8'}...
2026-03-12 16:00:34.967 | DEBUG    | baldaquin.buf:_write:285 - 1500 bytes written to disk.
2026-03-12 16:00:34.967 | DEBUG    | baldaquin.buf:open:104 - Ouput file /home/lab1-student/baldaquindata/plasduino/0309_000096/0309_000096_data.txt closed.
2026-03-12 16:00:34.967 | DEBUG    | baldaquin.buf:open:100 - Opening output file /home/lab1-student/baldaquindata/plasduino/0309_000097/0309_000097_data.txt {'mode': 'at', 'encoding': 'utf-8'}...
2026-03-12 16:00:34.968 | DEBUG    | baldaquin.buf:_write:285 - 1500 bytes written to disk.
2026-03-12 16:00:34.968 | DEBUG    | baldaquin.buf:open:104 - Ouput file /home/lab1-student/baldaquindata/plasduino/0309_000097/0309_000097_data.txt closed.
2026-03-12 16:00:34.968 | DEBUG    | baldaquin.buf:open:100 - Opening output file /home/lab1-student/baldaquindata/plasduino/0309_000098/0309_000098_data.txt {'mode': 'at', 'encoding': 'utf-8'}...
2026-03-12 16:00:34.969 | DEBUG    | baldaquin.buf:_write:285 - 1500 bytes written to disk.
2026-03-12 16:00:34.969 | DEBUG    | baldaquin.buf:open:104 - Ouput file /home/lab1-student/baldaquindata/plasduino/0309_000098/0309_000098_data.txt closed.
2026-03-12 16:00:34.969 | DEBUG    | baldaquin.buf:open:100 - Opening output file /home/lab1-student/baldaquindata/plasduino/0309_000099/0309_000099_data.txt {'mode': 'at', 'encoding': 'utf-8'}...
2026-03-12 16:00:34.969 | DEBUG    | baldaquin.buf:_write:285 - 1500 bytes written to disk.
2026-03-12 16:00:34.971 | DEBUG    | baldaquin.buf:open:104 - Ouput file /home/lab1-student/baldaquindata/plasduino/0309_000099/0309_000099_data.txt closed.
2026-03-12 16:00:34.971 | DEBUG    | baldaquin.buf:open:100 - Opening output file /home/lab1-student/baldaquindata/plasduino/0309_000100/0309_000100_data.txt {'mode': 'at', 'encoding': 'utf-8'}...
2026-03-12 16:00:34.972 | DEBUG    | baldaquin.buf:_write:285 - 1500 bytes written to disk.
2026-03-12 16:00:34.972 | DEBUG    | baldaquin.buf:open:104 - Ouput file /home/lab1-student/baldaquindata/plasduino/0309_000100/0309_000100_data.txt closed.
2026-03-12 16:00:34.974 | DEBUG    | baldaquin.buf:open:100 - Opening output file /home/lab1-student/baldaquindata/plasduino/0309_000101/0309_000101_data.txt {'mode': 'at', 'encoding': 'utf-8'}...
2026-03-12 16:00:34.975 | DEBUG    | baldaquin.buf:_write:285 - 1500 bytes written to disk.
2026-03-12 16:00:34.981 | DEBUG    | baldaquin.buf:open:104 - Ouput file /home/lab1-student/baldaquindata/plasduino/0309_000101/0309_000101_data.txt closed.
2026-03-12 16:00:34.981 | DEBUG    | baldaquin.buf:open:100 - Opening output file /home/lab1-student/baldaquindata/plasduino/0309_000101/0309_000101_data.dat {'mode': 'ab'}...
2026-03-12 16:00:35.004 | DEBUG    | baldaquin.buf:_pop_and_write_raw:259 - 800 bytes written to disk.
2026-03-12 16:00:35.005 | DEBUG    | baldaquin.buf:open:104 - Ouput file /home/lab1-student/baldaquindata/plasduino/0309_000101/0309_000101_data.dat closed.
2026-03-12 16:00:35.005 | INFO     | baldaquin.buf:flush:318 - 24800 bytes (800 raw bytes) written to disk.
2026-03-12 16:00:35.013 | DEBUG    | baldaquin.profile:wrap:32 - Running time for flush(): 0.095214 s
2026-03-12 16:00:37.457 | INFO     | baldaquin.buf:flush:309 - 100 packets ready to be written out...
2026-03-12 16:00:37.458 | DEBUG    | baldaquin.buf:open:100 - Opening output file /home/lab1-student/baldaquindata/plasduino/0309_000086/0309_000086_data.txt {'mode': 'at', 'encoding': 'utf-8'}...
2026-03-12 16:00:37.458 | DEBUG    | baldaquin.buf:_write:285 - 1500 bytes written to disk.
2026-03-12 16:00:37.462 | DEBUG    | baldaquin.buf:open:104 - Ouput file /home/lab1-student/baldaquindata/plasduino/0309_000086/0309_000086_data.txt closed.
2026-03-12 16:00:37.462 | DEBUG    | baldaquin.buf:open:100 - Opening output file /home/lab1-student/baldaquindata/plasduino/0309_000087/0309_000087_data.txt {'mode': 'at', 'encoding': 'utf-8'}...
2026-03-12 16:00:37.466 | DEBUG    | baldaquin.buf:_write:285 - 1500 bytes written to disk.
2026-03-12 16:00:37.476 | DEBUG    | baldaquin.buf:open:104 - Ouput file /home/lab1-student/baldaquindata/plasduino/0309_000087/0309_000087_data.txt closed.
2026-03-12 16:00:37.476 | DEBUG    | baldaquin.buf:open:100 - Opening output file /home/lab1-student/baldaquindata/plasduino/0309_000088/0309_000088_data.txt {'mode': 'at', 'encoding': 'utf-8'}...
2026-03-12 16:00:37.485 | DEBUG    | baldaquin.buf:_write:285 - 1500 bytes written to disk.
2026-03-12 16:00:37.496 | DEBUG    | baldaquin.buf:open:104 - Ouput file /home/lab1-student/baldaquindata/plasduino/0309_000088/0309_000088_data.txt closed.
2026-03-12 16:00:37.496 | DEBUG    | baldaquin.buf:open:100 - Opening output file /home/lab1-student/baldaquindata/plasduino/0309_000089/0309_000089_data.txt {'mode': 'at', 'encoding': 'utf-8'}...
2026-03-12 16:00:37.502 | DEBUG    | baldaquin.buf:_write:285 - 1500 bytes written to disk.
2026-03-12 16:00:37.503 | DEBUG    | baldaquin.buf:open:104 - Ouput file /home/lab1-student/baldaquindata/plasduino/0309_000089/0309_000089_data.txt closed.
2026-03-12 16:00:37.503 | DEBUG    | baldaquin.buf:open:100 - Opening output file /home/lab1-student/baldaquindata/plasduino/0309_000090/0309_000090_data.txt {'mode': 'at', 'encoding': 'utf-8'}...
2026-03-12 16:00:37.503 | DEBUG    | baldaquin.buf:_write:285 - 1500 bytes written to disk.
2026-03-12 16:00:37.504 | DEBUG    | baldaquin.buf:open:104 - Ouput file /home/lab1-student/baldaquindata/plasduino/0309_000090/0309_000090_data.txt closed.
2026-03-12 16:00:37.504 | DEBUG    | baldaquin.buf:open:100 - Opening output file /home/lab1-student/baldaquindata/plasduino/0309_000091/0309_000091_data.txt {'mode': 'at', 'encoding': 'utf-8'}...
2026-03-12 16:00:37.512 | DEBUG    | baldaquin.buf:_write:285 - 1500 bytes written to disk.
2026-03-12 16:00:37.513 | DEBUG    | baldaquin.buf:open:104 - Ouput file /home/lab1-student/baldaquindata/plasduino/0309_000091/0309_000091_data.txt closed.
2026-03-12 16:00:37.513 | DEBUG    | baldaquin.buf:open:100 - Opening output file /home/lab1-student/baldaquindata/plasduino/0309_000092/0309_000092_data.txt {'mode': 'at', 'encoding': 'utf-8'}...
2026-03-12 16:00:37.513 | DEBUG    | baldaquin.buf:_write:285 - 1500 bytes written to disk.
2026-03-12 16:00:37.514 | DEBUG    | baldaquin.buf:open:104 - Ouput file /home/lab1-student/baldaquindata/plasduino/0309_000092/0309_000092_data.txt closed.
2026-03-12 16:00:37.514 | DEBUG    | baldaquin.buf:open:100 - Opening output file /home/lab1-student/baldaquindata/plasduino/0309_000093/0309_000093_data.txt {'mode': 'at', 'encoding': 'utf-8'}...
2026-03-12 16:00:37.514 | DEBUG    | baldaquin.buf:_write:285 - 1500 bytes written to disk.
2026-03-12 16:00:37.525 | DEBUG    | baldaquin.buf:open:104 - Ouput file /home/lab1-student/baldaquindata/plasduino/0309_000093/0309_000093_data.txt closed.
2026-03-12 16:00:37.526 | DEBUG    | baldaquin.buf:open:100 - Opening output file /home/lab1-student/baldaquindata/plasduino/0309_000094/0309_000094_data.txt {'mode': 'at', 'encoding': 'utf-8'}...
2026-03-12 16:00:37.528 | DEBUG    | baldaquin.buf:_write:285 - 1500 bytes written to disk.
2026-03-12 16:00:37.528 | DEBUG    | baldaquin.buf:open:104 - Ouput file /home/lab1-student/baldaquindata/plasduino/0309_000094/0309_000094_data.txt closed.
2026-03-12 16:00:37.528 | DEBUG    | baldaquin.buf:open:100 - Opening output file /home/lab1-student/baldaquindata/plasduino/0309_000095/0309_000095_data.txt {'mode': 'at', 'encoding': 'utf-8'}...
2026-03-12 16:00:37.529 | DEBUG    | baldaquin.buf:_write:285 - 1500 bytes written to disk.
2026-03-12 16:00:37.562 | DEBUG    | baldaquin.buf:open:104 - Ouput file /home/lab1-student/baldaquindata/plasduino/0309_000095/0309_000095_data.txt closed.
2026-03-12 16:00:37.570 | DEBUG    | baldaquin.buf:open:100 - Opening output file /home/lab1-student/baldaquindata/plasduino/0309_000096/0309_000096_data.txt {'mode': 'at', 'encoding': 'utf-8'}...
2026-03-12 16:00:37.576 | DEBUG    | baldaquin.buf:_write:285 - 1500 bytes written to disk.
2026-03-12 16:00:37.580 | DEBUG    | baldaquin.buf:open:104 - Ouput file /home/lab1-student/baldaquindata/plasduino/0309_000096/0309_000096_data.txt closed.
2026-03-12 16:00:37.580 | DEBUG    | baldaquin.buf:open:100 - Opening output file /home/lab1-student/baldaquindata/plasduino/0309_000097/0309_000097_data.txt {'mode': 'at', 'encoding': 'utf-8'}...
2026-03-12 16:00:37.586 | DEBUG    | baldaquin.buf:_write:285 - 1500 bytes written to disk.
2026-03-12 16:00:37.599 | DEBUG    | baldaquin.buf:open:104 - Ouput file /home/lab1-student/baldaquindata/plasduino/0309_000097/0309_000097_data.txt closed.
2026-03-12 16:00:37.602 | DEBUG    | baldaquin.buf:open:100 - Opening output file /home/lab1-student/baldaquindata/plasduino/0309_000098/0309_000098_data.txt {'mode': 'at', 'encoding': 'utf-8'}...
2026-03-12 16:00:37.603 | DEBUG    | baldaquin.buf:_write:285 - 1500 bytes written to disk.
2026-03-12 16:00:37.603 | DEBUG    | baldaquin.buf:open:104 - Ouput file /home/lab1-student/baldaquindata/plasduino/0309_000098/0309_000098_data.txt closed.
2026-03-12 16:00:37.603 | DEBUG    | baldaquin.buf:open:100 - Opening output file /home/lab1-student/baldaquindata/plasduino/0309_000099/0309_000099_data.txt {'mode': 'at', 'encoding': 'utf-8'}...
2026-03-12 16:00:37.604 | DEBUG    | baldaquin.buf:_write:285 - 1500 bytes written to disk.
2026-03-12 16:00:37.604 | DEBUG    | baldaquin.buf:open:104 - Ouput file /home/lab1-student/baldaquindata/plasduino/0309_000099/0309_000099_data.txt closed.
2026-03-12 16:00:37.604 | DEBUG    | baldaquin.buf:open:100 - Opening output file /home/lab1-student/baldaquindata/plasduino/0309_000100/0309_000100_data.txt {'mode': 'at', 'encoding': 'utf-8'}...
2026-03-12 16:00:37.610 | DEBUG    | baldaquin.buf:_write:285 - 1500 bytes written to disk.
2026-03-12 16:00:37.612 | DEBUG    | baldaquin.buf:open:104 - Ouput file /home/lab1-student/baldaquindata/plasduino/0309_000100/0309_000100_data.txt closed.
2026-03-12 16:00:37.612 | DEBUG    | baldaquin.buf:open:100 - Opening output file /home/lab1-student/baldaquindata/plasduino/0309_000101/0309_000101_data.txt {'mode': 'at', 'encoding': 'utf-8'}...
2026-03-12 16:00:37.612 | DEBUG    | baldaquin.buf:_write:285 - 1500 bytes written to disk.
2026-03-12 16:00:37.614 | DEBUG    | baldaquin.buf:open:104 - Ouput file /home/lab1-student/baldaquindata/plasduino/0309_000101/0309_000101_data.txt closed.
2026-03-12 16:00:37.614 | DEBUG    | baldaquin.buf:open:100 - Opening output file /home/lab1-student/baldaquindata/plasduino/0309_000101/0309_000101_data.dat {'mode': 'ab'}...
2026-03-12 16:00:37.618 | DEBUG    | baldaquin.buf:_pop_and_write_raw:259 - 800 bytes written to disk.
2026-03-12 16:00:37.623 | DEBUG    | baldaquin.buf:open:104 - Ouput file /home/lab1-student/baldaquindata/plasduino/0309_000101/0309_000101_data.dat closed.
2026-03-12 16:00:37.623 | INFO     | baldaquin.buf:flush:318 - 24800 bytes (800 raw bytes) written to disk.
2026-03-12 16:00:37.623 | DEBUG    | baldaquin.profile:wrap:32 - Running time for flush(): 0.165662 s
2026-03-12 16:00:39.996 | INFO     | baldaquin.buf:flush:309 - 100 packets ready to be written out...
2026-03-12 16:00:39.996 | DEBUG    | baldaquin.buf:open:100 - Opening output file /home/lab1-student/baldaquindata/plasduino/0309_000086/0309_000086_data.txt {'mode': 'at', 'encoding': 'utf-8'}...
2026-03-12 16:00:40.003 | DEBUG    | baldaquin.buf:_write:285 - 1500 bytes written to disk.
2026-03-12 16:00:40.003 | DEBUG    | baldaquin.buf:open:104 - Ouput file /home/lab1-student/baldaquindata/plasduino/0309_000086/0309_000086_data.txt closed.
2026-03-12 16:00:40.004 | DEBUG    | baldaquin.buf:open:100 - Opening output file /home/lab1-student/baldaquindata/plasduino/0309_000087/0309_000087_data.txt {'mode': 'at', 'encoding': 'utf-8'}...
2026-03-12 16:00:40.004 | DEBUG    | baldaquin.buf:_write:285 - 1500 bytes written to disk.
2026-03-12 16:00:40.005 | DEBUG    | baldaquin.buf:open:104 - Ouput file /home/lab1-student/baldaquindata/plasduino/0309_000087/0309_000087_data.txt closed.
2026-03-12 16:00:40.005 | DEBUG    | baldaquin.buf:open:100 - Opening output file /home/lab1-student/baldaquindata/plasduino/0309_000088/0309_000088_data.txt {'mode': 'at', 'encoding': 'utf-8'}...
2026-03-12 16:00:40.008 | DEBUG    | baldaquin.buf:_write:285 - 1500 bytes written to disk.
2026-03-12 16:00:40.008 | DEBUG    | baldaquin.buf:open:104 - Ouput file /home/lab1-student/baldaquindata/plasduino/0309_000088/0309_000088_data.txt closed.
2026-03-12 16:00:40.008 | DEBUG    | baldaquin.buf:open:100 - Opening output file /home/lab1-student/baldaquindata/plasduino/0309_000089/0309_000089_data.txt {'mode': 'at', 'encoding': 'utf-8'}...
2026-03-12 16:00:40.009 | DEBUG    | baldaquin.buf:_write:285 - 1500 bytes written to disk.
2026-03-12 16:00:40.010 | DEBUG    | baldaquin.buf:open:104 - Ouput file /home/lab1-student/baldaquindata/plasduino/0309_000089/0309_000089_data.txt closed.
2026-03-12 16:00:40.010 | DEBUG    | baldaquin.buf:open:100 - Opening output file /home/lab1-student/baldaquindata/plasduino/0309_000090/0309_000090_data.txt {'mode': 'at', 'encoding': 'utf-8'}...
2026-03-12 16:00:40.010 | DEBUG    | baldaquin.buf:_write:285 - 1500 bytes written to disk.
2026-03-12 16:00:40.010 | DEBUG    | baldaquin.buf:open:104 - Ouput file /home/lab1-student/baldaquindata/plasduino/0309_000090/0309_000090_data.txt closed.
2026-03-12 16:00:40.011 | DEBUG    | baldaquin.buf:open:100 - Opening output file /home/lab1-student/baldaquindata/plasduino/0309_000091/0309_000091_data.txt {'mode': 'at', 'encoding': 'utf-8'}...
2026-03-12 16:00:40.011 | DEBUG    | baldaquin.buf:_write:285 - 1500 bytes written to disk.
2026-03-12 16:00:40.011 | DEBUG    | baldaquin.buf:open:104 - Ouput file /home/lab1-student/baldaquindata/plasduino/0309_000091/0309_000091_data.txt closed.
2026-03-12 16:00:40.011 | DEBUG    | baldaquin.buf:open:100 - Opening output file /home/lab1-student/baldaquindata/plasduino/0309_000092/0309_000092_data.txt {'mode': 'at', 'encoding': 'utf-8'}...
2026-03-12 16:00:40.012 | DEBUG    | baldaquin.buf:_write:285 - 1500 bytes written to disk.
2026-03-12 16:00:40.012 | DEBUG    | baldaquin.buf:open:104 - Ouput file /home/lab1-student/baldaquindata/plasduino/0309_000092/0309_000092_data.txt closed.
2026-03-12 16:00:40.012 | DEBUG    | baldaquin.buf:open:100 - Opening output file /home/lab1-student/baldaquindata/plasduino/0309_000093/0309_000093_data.txt {'mode': 'at', 'encoding': 'utf-8'}...
2026-03-12 16:00:40.013 | DEBUG    | baldaquin.buf:_write:285 - 1500 bytes written to disk.
2026-03-12 16:00:40.013 | DEBUG    | baldaquin.buf:open:104 - Ouput file /home/lab1-student/baldaquindata/plasduino/0309_000093/0309_000093_data.txt closed.
2026-03-12 16:00:40.013 | DEBUG    | baldaquin.buf:open:100 - Opening output file /home/lab1-student/baldaquindata/plasduino/0309_000094/0309_000094_data.txt {'mode': 'at', 'encoding': 'utf-8'}...
2026-03-12 16:00:40.013 | DEBUG    | baldaquin.buf:_write:285 - 1500 bytes written to disk.
2026-03-12 16:00:40.013 | DEBUG    | baldaquin.buf:open:104 - Ouput file /home/lab1-student/baldaquindata/plasduino/0309_000094/0309_000094_data.txt closed.
2026-03-12 16:00:40.013 | DEBUG    | baldaquin.buf:open:100 - Opening output file /home/lab1-student/baldaquindata/plasduino/0309_000095/0309_000095_data.txt {'mode': 'at', 'encoding': 'utf-8'}...
2026-03-12 16:00:40.014 | DEBUG    | baldaquin.buf:_write:285 - 1500 bytes written to disk.
2026-03-12 16:00:40.014 | DEBUG    | baldaquin.buf:open:104 - Ouput file /home/lab1-student/baldaquindata/plasduino/0309_000095/0309_000095_data.txt closed.
2026-03-12 16:00:40.014 | DEBUG    | baldaquin.buf:open:100 - Opening output file /home/lab1-student/baldaquindata/plasduino/0309_000096/0309_000096_data.txt {'mode': 'at', 'encoding': 'utf-8'}...
2026-03-12 16:00:40.015 | DEBUG    | baldaquin.buf:_write:285 - 1500 bytes written to disk.
2026-03-12 16:00:40.015 | DEBUG    | baldaquin.buf:open:104 - Ouput file /home/lab1-student/baldaquindata/plasduino/0309_000096/0309_000096_data.txt closed.
2026-03-12 16:00:40.015 | DEBUG    | baldaquin.buf:open:100 - Opening output file /home/lab1-student/baldaquindata/plasduino/0309_000097/0309_000097_data.txt {'mode': 'at', 'encoding': 'utf-8'}...
2026-03-12 16:00:40.015 | DEBUG    | baldaquin.buf:_write:285 - 1500 bytes written to disk.
2026-03-12 16:00:40.015 | DEBUG    | baldaquin.buf:open:104 - Ouput file /home/lab1-student/baldaquindata/plasduino/0309_000097/0309_000097_data.txt closed.
2026-03-12 16:00:40.015 | DEBUG    | baldaquin.buf:open:100 - Opening output file /home/lab1-student/baldaquindata/plasduino/0309_000098/0309_000098_data.txt {'mode': 'at', 'encoding': 'utf-8'}...
2026-03-12 16:00:40.016 | DEBUG    | baldaquin.buf:_write:285 - 1500 bytes written to disk.
2026-03-12 16:00:40.016 | DEBUG    | baldaquin.buf:open:104 - Ouput file /home/lab1-student/baldaquindata/plasduino/0309_000098/0309_000098_data.txt closed.
2026-03-12 16:00:40.016 | DEBUG    | baldaquin.buf:open:100 - Opening output file /home/lab1-student/baldaquindata/plasduino/0309_000099/0309_000099_data.txt {'mode': 'at', 'encoding': 'utf-8'}...
2026-03-12 16:00:40.017 | DEBUG    | baldaquin.buf:_write:285 - 1500 bytes written to disk.
2026-03-12 16:00:40.017 | DEBUG    | baldaquin.buf:open:104 - Ouput file /home/lab1-student/baldaquindata/plasduino/0309_000099/0309_000099_data.txt closed.
2026-03-12 16:00:40.017 | DEBUG    | baldaquin.buf:open:100 - Opening output file /home/lab1-student/baldaquindata/plasduino/0309_000100/0309_000100_data.txt {'mode': 'at', 'encoding': 'utf-8'}...
2026-03-12 16:00:40.017 | DEBUG    | baldaquin.buf:_write:285 - 1500 bytes written to disk.
2026-03-12 16:00:40.017 | DEBUG    | baldaquin.buf:open:104 - Ouput file /home/lab1-student/baldaquindata/plasduino/0309_000100/0309_000100_data.txt closed.
2026-03-12 16:00:40.017 | DEBUG    | baldaquin.buf:open:100 - Opening output file /home/lab1-student/baldaquindata/plasduino/0309_000101/0309_000101_data.txt {'mode': 'at', 'encoding': 'utf-8'}...
2026-03-12 16:00:40.018 | DEBUG    | baldaquin.buf:_write:285 - 1500 bytes written to disk.
2026-03-12 16:00:40.018 | DEBUG    | baldaquin.buf:open:104 - Ouput file /home/lab1-student/baldaquindata/plasduino/0309_000101/0309_000101_data.txt closed.
2026-03-12 16:00:40.018 | DEBUG    | baldaquin.buf:open:100 - Opening output file /home/lab1-student/baldaquindata/plasduino/0309_000101/0309_000101_data.dat {'mode': 'ab'}...
2026-03-12 16:00:40.018 | DEBUG    | baldaquin.buf:_pop_and_write_raw:259 - 800 bytes written to disk.
2026-03-12 16:00:40.018 | DEBUG    | baldaquin.buf:open:104 - Ouput file /home/lab1-student/baldaquindata/plasduino/0309_000101/0309_000101_data.dat closed.
2026-03-12 16:00:40.018 | INFO     | baldaquin.buf:flush:318 - 24800 bytes (800 raw bytes) written to disk.
2026-03-12 16:00:40.018 | DEBUG    | baldaquin.profile:wrap:32 - Running time for flush(): 0.022742 s
2026-03-12 16:00:42.542 | INFO     | baldaquin.buf:flush:309 - 100 packets ready to be written out...
2026-03-12 16:00:42.542 | DEBUG    | baldaquin.buf:open:100 - Opening output file /home/lab1-student/baldaquindata/plasduino/0309_000086/0309_000086_data.txt {'mode': 'at', 'encoding': 'utf-8'}...
2026-03-12 16:00:42.543 | DEBUG    | baldaquin.buf:_write:285 - 1500 bytes written to disk.
2026-03-12 16:00:42.543 | DEBUG    | baldaquin.buf:open:104 - Ouput file /home/lab1-student/baldaquindata/plasduino/0309_000086/0309_000086_data.txt closed.
2026-03-12 16:00:42.543 | DEBUG    | baldaquin.buf:open:100 - Opening output file /home/lab1-student/baldaquindata/plasduino/0309_000087/0309_000087_data.txt {'mode': 'at', 'encoding': 'utf-8'}...
2026-03-12 16:00:42.544 | DEBUG    | baldaquin.buf:_write:285 - 1500 bytes written to disk.
2026-03-12 16:00:42.544 | DEBUG    | baldaquin.buf:open:104 - Ouput file /home/lab1-student/baldaquindata/plasduino/0309_000087/0309_000087_data.txt closed.
2026-03-12 16:00:42.544 | DEBUG    | baldaquin.buf:open:100 - Opening output file /home/lab1-student/baldaquindata/plasduino/0309_000088/0309_000088_data.txt {'mode': 'at', 'encoding': 'utf-8'}...
2026-03-12 16:00:42.545 | DEBUG    | baldaquin.buf:_write:285 - 1500 bytes written to disk.
2026-03-12 16:00:42.545 | DEBUG    | baldaquin.buf:open:104 - Ouput file /home/lab1-student/baldaquindata/plasduino/0309_000088/0309_000088_data.txt closed.
2026-03-12 16:00:42.545 | DEBUG    | baldaquin.buf:open:100 - Opening output file /home/lab1-student/baldaquindata/plasduino/0309_000089/0309_000089_data.txt {'mode': 'at', 'encoding': 'utf-8'}...
2026-03-12 16:00:42.545 | DEBUG    | baldaquin.buf:_write:285 - 1500 bytes written to disk.
2026-03-12 16:00:42.560 | DEBUG    | baldaquin.buf:open:104 - Ouput file /home/lab1-student/baldaquindata/plasduino/0309_000089/0309_000089_data.txt closed.
2026-03-12 16:00:42.560 | DEBUG    | baldaquin.buf:open:100 - Opening output file /home/lab1-student/baldaquindata/plasduino/0309_000090/0309_000090_data.txt {'mode': 'at', 'encoding': 'utf-8'}...
2026-03-12 16:00:42.563 | DEBUG    | baldaquin.buf:_write:285 - 1500 bytes written to disk.
2026-03-12 16:00:42.563 | DEBUG    | baldaquin.buf:open:104 - Ouput file /home/lab1-student/baldaquindata/plasduino/0309_000090/0309_000090_data.txt closed.
2026-03-12 16:00:42.563 | DEBUG    | baldaquin.buf:open:100 - Opening output file /home/lab1-student/baldaquindata/plasduino/0309_000091/0309_000091_data.txt {'mode': 'at', 'encoding': 'utf-8'}...
2026-03-12 16:00:42.564 | DEBUG    | baldaquin.buf:_write:285 - 1500 bytes written to disk.
2026-03-12 16:00:42.574 | DEBUG    | baldaquin.buf:open:104 - Ouput file /home/lab1-student/baldaquindata/plasduino/0309_000091/0309_000091_data.txt closed.
2026-03-12 16:00:42.574 | DEBUG    | baldaquin.buf:open:100 - Opening output file /home/lab1-student/baldaquindata/plasduino/0309_000092/0309_000092_data.txt {'mode': 'at', 'encoding': 'utf-8'}...
2026-03-12 16:00:42.575 | DEBUG    | baldaquin.buf:_write:285 - 1500 bytes written to disk.
2026-03-12 16:00:42.575 | DEBUG    | baldaquin.buf:open:104 - Ouput file /home/lab1-student/baldaquindata/plasduino/0309_000092/0309_000092_data.txt closed.
2026-03-12 16:00:42.575 | DEBUG    | baldaquin.buf:open:100 - Opening output file /home/lab1-student/baldaquindata/plasduino/0309_000093/0309_000093_data.txt {'mode': 'at', 'encoding': 'utf-8'}...
2026-03-12 16:00:42.582 | DEBUG    | baldaquin.buf:_write:285 - 1500 bytes written to disk.
2026-03-12 16:00:42.583 | DEBUG    | baldaquin.buf:open:104 - Ouput file /home/lab1-student/baldaquindata/plasduino/0309_000093/0309_000093_data.txt closed.
2026-03-12 16:00:42.583 | DEBUG    | baldaquin.buf:open:100 - Opening output file /home/lab1-student/baldaquindata/plasduino/0309_000094/0309_000094_data.txt {'mode': 'at', 'encoding': 'utf-8'}...
2026-03-12 16:00:42.584 | DEBUG    | baldaquin.buf:_write:285 - 1500 bytes written to disk.
2026-03-12 16:00:42.589 | DEBUG    | baldaquin.buf:open:104 - Ouput file /home/lab1-student/baldaquindata/plasduino/0309_000094/0309_000094_data.txt closed.
2026-03-12 16:00:42.600 | DEBUG    | baldaquin.buf:open:100 - Opening output file /home/lab1-student/baldaquindata/plasduino/0309_000095/0309_000095_data.txt {'mode': 'at', 'encoding': 'utf-8'}...
2026-03-12 16:00:42.603 | DEBUG    | baldaquin.buf:_write:285 - 1500 bytes written to disk.
2026-03-12 16:00:42.604 | DEBUG    | baldaquin.buf:open:104 - Ouput file /home/lab1-student/baldaquindata/plasduino/0309_000095/0309_000095_data.txt closed.
2026-03-12 16:00:42.604 | DEBUG    | baldaquin.buf:open:100 - Opening output file /home/lab1-student/baldaquindata/plasduino/0309_000096/0309_000096_data.txt {'mode': 'at', 'encoding': 'utf-8'}...
2026-03-12 16:00:42.607 | DEBUG    | baldaquin.buf:_write:285 - 1500 bytes written to disk.
2026-03-12 16:00:42.612 | DEBUG    | baldaquin.buf:open:104 - Ouput file /home/lab1-student/baldaquindata/plasduino/0309_000096/0309_000096_data.txt closed.
2026-03-12 16:00:42.612 | DEBUG    | baldaquin.buf:open:100 - Opening output file /home/lab1-student/baldaquindata/plasduino/0309_000097/0309_000097_data.txt {'mode': 'at', 'encoding': 'utf-8'}...
2026-03-12 16:00:42.614 | DEBUG    | baldaquin.buf:_write:285 - 1500 bytes written to disk.
2026-03-12 16:00:42.614 | DEBUG    | baldaquin.buf:open:104 - Ouput file /home/lab1-student/baldaquindata/plasduino/0309_000097/0309_000097_data.txt closed.
2026-03-12 16:00:42.614 | DEBUG    | baldaquin.buf:open:100 - Opening output file /home/lab1-student/baldaquindata/plasduino/0309_000098/0309_000098_data.txt {'mode': 'at', 'encoding': 'utf-8'}...
2026-03-12 16:00:42.615 | DEBUG    | baldaquin.buf:_write:285 - 1500 bytes written to disk.
2026-03-12 16:00:42.615 | DEBUG    | baldaquin.buf:open:104 - Ouput file /home/lab1-student/baldaquindata/plasduino/0309_000098/0309_000098_data.txt closed.
2026-03-12 16:00:42.615 | DEBUG    | baldaquin.buf:open:100 - Opening output file /home/lab1-student/baldaquindata/plasduino/0309_000099/0309_000099_data.txt {'mode': 'at', 'encoding': 'utf-8'}...
2026-03-12 16:00:42.616 | DEBUG    | baldaquin.buf:_write:285 - 1500 bytes written to disk.
2026-03-12 16:00:42.620 | DEBUG    | baldaquin.buf:open:104 - Ouput file /home/lab1-student/baldaquindata/plasduino/0309_000099/0309_000099_data.txt closed.
2026-03-12 16:00:42.620 | DEBUG    | baldaquin.buf:open:100 - Opening output file /home/lab1-student/baldaquindata/plasduino/0309_000100/0309_000100_data.txt {'mode': 'at', 'encoding': 'utf-8'}...
2026-03-12 16:00:42.628 | DEBUG    | baldaquin.buf:_write:285 - 1500 bytes written to disk.
2026-03-12 16:00:42.662 | DEBUG    | baldaquin.buf:open:104 - Ouput file /home/lab1-student/baldaquindata/plasduino/0309_000100/0309_000100_data.txt closed.
2026-03-12 16:00:42.672 | DEBUG    | baldaquin.buf:open:100 - Opening output file /home/lab1-student/baldaquindata/plasduino/0309_000101/0309_000101_data.txt {'mode': 'at', 'encoding': 'utf-8'}...
2026-03-12 16:00:42.680 | DEBUG    | baldaquin.buf:_write:285 - 1500 bytes written to disk.
2026-03-12 16:00:42.680 | DEBUG    | baldaquin.buf:open:104 - Ouput file /home/lab1-student/baldaquindata/plasduino/0309_000101/0309_000101_data.txt closed.
2026-03-12 16:00:42.680 | DEBUG    | baldaquin.buf:open:100 - Opening output file /home/lab1-student/baldaquindata/plasduino/0309_000101/0309_000101_data.dat {'mode': 'ab'}...
2026-03-12 16:00:42.691 | DEBUG    | baldaquin.buf:_pop_and_write_raw:259 - 800 bytes written to disk.
2026-03-12 16:00:42.702 | DEBUG    | baldaquin.buf:open:104 - Ouput file /home/lab1-student/baldaquindata/plasduino/0309_000101/0309_000101_data.dat closed.
2026-03-12 16:00:42.705 | INFO     | baldaquin.buf:flush:318 - 24800 bytes (800 raw bytes) written to disk.
2026-03-12 16:00:42.706 | DEBUG    | baldaquin.profile:wrap:32 - Running time for flush(): 0.163927 s
2026-03-12 16:00:45.068 | INFO     | baldaquin.buf:flush:309 - 100 packets ready to be written out...
2026-03-12 16:00:45.073 | DEBUG    | baldaquin.buf:open:100 - Opening output file /home/lab1-student/baldaquindata/plasduino/0309_000086/0309_000086_data.txt {'mode': 'at', 'encoding': 'utf-8'}...
2026-03-12 16:00:45.079 | DEBUG    | baldaquin.buf:_write:285 - 1500 bytes written to disk.
2026-03-12 16:00:45.079 | DEBUG    | baldaquin.buf:open:104 - Ouput file /home/lab1-student/baldaquindata/plasduino/0309_000086/0309_000086_data.txt closed.
2026-03-12 16:00:45.079 | DEBUG    | baldaquin.buf:open:100 - Opening output file /home/lab1-student/baldaquindata/plasduino/0309_000087/0309_000087_data.txt {'mode': 'at', 'encoding': 'utf-8'}...
2026-03-12 16:00:45.082 | DEBUG    | baldaquin.buf:_write:285 - 1500 bytes written to disk.
2026-03-12 16:00:45.082 | DEBUG    | baldaquin.buf:open:104 - Ouput file /home/lab1-student/baldaquindata/plasduino/0309_000087/0309_000087_data.txt closed.
2026-03-12 16:00:45.082 | DEBUG    | baldaquin.buf:open:100 - Opening output file /home/lab1-student/baldaquindata/plasduino/0309_000088/0309_000088_data.txt {'mode': 'at', 'encoding': 'utf-8'}...
2026-03-12 16:00:45.083 | DEBUG    | baldaquin.buf:_write:285 - 1500 bytes written to disk.
2026-03-12 16:00:45.084 | DEBUG    | baldaquin.buf:open:104 - Ouput file /home/lab1-student/baldaquindata/plasduino/0309_000088/0309_000088_data.txt closed.
2026-03-12 16:00:45.084 | DEBUG    | baldaquin.buf:open:100 - Opening output file /home/lab1-student/baldaquindata/plasduino/0309_000089/0309_000089_data.txt {'mode': 'at', 'encoding': 'utf-8'}...
2026-03-12 16:00:45.085 | DEBUG    | baldaquin.buf:_write:285 - 1500 bytes written to disk.
2026-03-12 16:00:45.085 | DEBUG    | baldaquin.buf:open:104 - Ouput file /home/lab1-student/baldaquindata/plasduino/0309_000089/0309_000089_data.txt closed.
2026-03-12 16:00:45.085 | DEBUG    | baldaquin.buf:open:100 - Opening output file /home/lab1-student/baldaquindata/plasduino/0309_000090/0309_000090_data.txt {'mode': 'at', 'encoding': 'utf-8'}...
2026-03-12 16:00:45.094 | DEBUG    | baldaquin.buf:_write:285 - 1500 bytes written to disk.
2026-03-12 16:00:45.095 | DEBUG    | baldaquin.buf:open:104 - Ouput file /home/lab1-student/baldaquindata/plasduino/0309_000090/0309_000090_data.txt closed.
2026-03-12 16:00:45.095 | DEBUG    | baldaquin.buf:open:100 - Opening output file /home/lab1-student/baldaquindata/plasduino/0309_000091/0309_000091_data.txt {'mode': 'at', 'encoding': 'utf-8'}...
2026-03-12 16:00:45.104 | DEBUG    | baldaquin.buf:_write:285 - 1500 bytes written to disk.
2026-03-12 16:00:45.106 | DEBUG    | baldaquin.buf:open:104 - Ouput file /home/lab1-student/baldaquindata/plasduino/0309_000091/0309_000091_data.txt closed.
2026-03-12 16:00:45.107 | DEBUG    | baldaquin.buf:open:100 - Opening output file /home/lab1-student/baldaquindata/plasduino/0309_000092/0309_000092_data.txt {'mode': 'at', 'encoding': 'utf-8'}...
2026-03-12 16:00:45.108 | DEBUG    | baldaquin.buf:_write:285 - 1500 bytes written to disk.
2026-03-12 16:00:45.109 | DEBUG    | baldaquin.buf:open:104 - Ouput file /home/lab1-student/baldaquindata/plasduino/0309_000092/0309_000092_data.txt closed.
2026-03-12 16:00:45.109 | DEBUG    | baldaquin.buf:open:100 - Opening output file /home/lab1-student/baldaquindata/plasduino/0309_000093/0309_000093_data.txt {'mode': 'at', 'encoding': 'utf-8'}...
2026-03-12 16:00:45.109 | DEBUG    | baldaquin.buf:_write:285 - 1500 bytes written to disk.
2026-03-12 16:00:45.110 | DEBUG    | baldaquin.buf:open:104 - Ouput file /home/lab1-student/baldaquindata/plasduino/0309_000093/0309_000093_data.txt closed.
2026-03-12 16:00:45.110 | DEBUG    | baldaquin.buf:open:100 - Opening output file /home/lab1-student/baldaquindata/plasduino/0309_000094/0309_000094_data.txt {'mode': 'at', 'encoding': 'utf-8'}...
2026-03-12 16:00:45.111 | DEBUG    | baldaquin.buf:_write:285 - 1500 bytes written to disk.
2026-03-12 16:00:45.114 | DEBUG    | baldaquin.buf:open:104 - Ouput file /home/lab1-student/baldaquindata/plasduino/0309_000094/0309_000094_data.txt closed.
2026-03-12 16:00:45.114 | DEBUG    | baldaquin.buf:open:100 - Opening output file /home/lab1-student/baldaquindata/plasduino/0309_000095/0309_000095_data.txt {'mode': 'at', 'encoding': 'utf-8'}...
2026-03-12 16:00:45.115 | DEBUG    | baldaquin.buf:_write:285 - 1500 bytes written to disk.
2026-03-12 16:00:45.116 | DEBUG    | baldaquin.buf:open:104 - Ouput file /home/lab1-student/baldaquindata/plasduino/0309_000095/0309_000095_data.txt closed.
2026-03-12 16:00:45.116 | DEBUG    | baldaquin.buf:open:100 - Opening output file /home/lab1-student/baldaquindata/plasduino/0309_000096/0309_000096_data.txt {'mode': 'at', 'encoding': 'utf-8'}...
2026-03-12 16:00:45.117 | DEBUG    | baldaquin.buf:_write:285 - 1500 bytes written to disk.
2026-03-12 16:00:45.117 | DEBUG    | baldaquin.buf:open:104 - Ouput file /home/lab1-student/baldaquindata/plasduino/0309_000096/0309_000096_data.txt closed.
2026-03-12 16:00:45.117 | DEBUG    | baldaquin.buf:open:100 - Opening output file /home/lab1-student/baldaquindata/plasduino/0309_000097/0309_000097_data.txt {'mode': 'at', 'encoding': 'utf-8'}...
2026-03-12 16:00:45.118 | DEBUG    | baldaquin.buf:_write:285 - 1500 bytes written to disk.
2026-03-12 16:00:45.118 | DEBUG    | baldaquin.buf:open:104 - Ouput file /home/lab1-student/baldaquindata/plasduino/0309_000097/0309_000097_data.txt closed.
2026-03-12 16:00:45.118 | DEBUG    | baldaquin.buf:open:100 - Opening output file /home/lab1-student/baldaquindata/plasduino/0309_000098/0309_000098_data.txt {'mode': 'at', 'encoding': 'utf-8'}...
2026-03-12 16:00:45.119 | DEBUG    | baldaquin.buf:_write:285 - 1500 bytes written to disk.
2026-03-12 16:00:45.119 | DEBUG    | baldaquin.buf:open:104 - Ouput file /home/lab1-student/baldaquindata/plasduino/0309_000098/0309_000098_data.txt closed.
2026-03-12 16:00:45.119 | DEBUG    | baldaquin.buf:open:100 - Opening output file /home/lab1-student/baldaquindata/plasduino/0309_000099/0309_000099_data.txt {'mode': 'at', 'encoding': 'utf-8'}...
2026-03-12 16:00:45.120 | DEBUG    | baldaquin.buf:_write:285 - 1500 bytes written to disk.
2026-03-12 16:00:45.120 | DEBUG    | baldaquin.buf:open:104 - Ouput file /home/lab1-student/baldaquindata/plasduino/0309_000099/0309_000099_data.txt closed.
2026-03-12 16:00:45.120 | DEBUG    | baldaquin.buf:open:100 - Opening output file /home/lab1-student/baldaquindata/plasduino/0309_000100/0309_000100_data.txt {'mode': 'at', 'encoding': 'utf-8'}...
2026-03-12 16:00:45.120 | DEBUG    | baldaquin.buf:_write:285 - 1500 bytes written to disk.
2026-03-12 16:00:45.121 | DEBUG    | baldaquin.buf:open:104 - Ouput file /home/lab1-student/baldaquindata/plasduino/0309_000100/0309_000100_data.txt closed.
2026-03-12 16:00:45.121 | DEBUG    | baldaquin.buf:open:100 - Opening output file /home/lab1-student/baldaquindata/plasduino/0309_000101/0309_000101_data.txt {'mode': 'at', 'encoding': 'utf-8'}...
2026-03-12 16:00:45.121 | DEBUG    | baldaquin.buf:_write:285 - 1500 bytes written to disk.
2026-03-12 16:00:45.121 | DEBUG    | baldaquin.buf:open:104 - Ouput file /home/lab1-student/baldaquindata/plasduino/0309_000101/0309_000101_data.txt closed.
2026-03-12 16:00:45.121 | DEBUG    | baldaquin.buf:open:100 - Opening output file /home/lab1-student/baldaquindata/plasduino/0309_000101/0309_000101_data.dat {'mode': 'ab'}...
2026-03-12 16:00:45.122 | DEBUG    | baldaquin.buf:_pop_and_write_raw:259 - 800 bytes written to disk.
2026-03-12 16:00:45.122 | DEBUG    | baldaquin.buf:open:104 - Ouput file /home/lab1-student/baldaquindata/plasduino/0309_000101/0309_000101_data.dat closed.
2026-03-12 16:00:45.122 | INFO     | baldaquin.buf:flush:318 - 24800 bytes (800 raw bytes) written to disk.
2026-03-12 16:00:45.122 | DEBUG    | baldaquin.profile:wrap:32 - Running time for flush(): 0.054107 s
2026-03-12 16:00:47.602 | INFO     | baldaquin.buf:flush:309 - 100 packets ready to be written out...
2026-03-12 16:00:47.605 | DEBUG    | baldaquin.buf:open:100 - Opening output file /home/lab1-student/baldaquindata/plasduino/0309_000086/0309_000086_data.txt {'mode': 'at', 'encoding': 'utf-8'}...
2026-03-12 16:00:47.607 | DEBUG    | baldaquin.buf:_write:285 - 1500 bytes written to disk.
2026-03-12 16:00:47.607 | DEBUG    | baldaquin.buf:open:104 - Ouput file /home/lab1-student/baldaquindata/plasduino/0309_000086/0309_000086_data.txt closed.
2026-03-12 16:00:47.607 | DEBUG    | baldaquin.buf:open:100 - Opening output file /home/lab1-student/baldaquindata/plasduino/0309_000087/0309_000087_data.txt {'mode': 'at', 'encoding': 'utf-8'}...
2026-03-12 16:00:47.608 | DEBUG    | baldaquin.buf:_write:285 - 1500 bytes written to disk.
2026-03-12 16:00:47.609 | DEBUG    | baldaquin.buf:open:104 - Ouput file /home/lab1-student/baldaquindata/plasduino/0309_000087/0309_000087_data.txt closed.
2026-03-12 16:00:47.609 | DEBUG    | baldaquin.buf:open:100 - Opening output file /home/lab1-student/baldaquindata/plasduino/0309_000088/0309_000088_data.txt {'mode': 'at', 'encoding': 'utf-8'}...
2026-03-12 16:00:47.609 | DEBUG    | baldaquin.buf:_write:285 - 1500 bytes written to disk.
2026-03-12 16:00:47.610 | DEBUG    | baldaquin.buf:open:104 - Ouput file /home/lab1-student/baldaquindata/plasduino/0309_000088/0309_000088_data.txt closed.
2026-03-12 16:00:47.610 | DEBUG    | baldaquin.buf:open:100 - Opening output file /home/lab1-student/baldaquindata/plasduino/0309_000089/0309_000089_data.txt {'mode': 'at', 'encoding': 'utf-8'}...
2026-03-12 16:00:47.610 | DEBUG    | baldaquin.buf:_write:285 - 1500 bytes written to disk.
2026-03-12 16:00:47.610 | DEBUG    | baldaquin.buf:open:104 - Ouput file /home/lab1-student/baldaquindata/plasduino/0309_000089/0309_000089_data.txt closed.
2026-03-12 16:00:47.611 | DEBUG    | baldaquin.buf:open:100 - Opening output file /home/lab1-student/baldaquindata/plasduino/0309_000090/0309_000090_data.txt {'mode': 'at', 'encoding': 'utf-8'}...
2026-03-12 16:00:47.611 | DEBUG    | baldaquin.buf:_write:285 - 1500 bytes written to disk.
2026-03-12 16:00:47.611 | DEBUG    | baldaquin.buf:open:104 - Ouput file /home/lab1-student/baldaquindata/plasduino/0309_000090/0309_000090_data.txt closed.
2026-03-12 16:00:47.611 | DEBUG    | baldaquin.buf:open:100 - Opening output file /home/lab1-student/baldaquindata/plasduino/0309_000091/0309_000091_data.txt {'mode': 'at', 'encoding': 'utf-8'}...
2026-03-12 16:00:47.612 | DEBUG    | baldaquin.buf:_write:285 - 1500 bytes written to disk.
2026-03-12 16:00:47.612 | DEBUG    | baldaquin.buf:open:104 - Ouput file /home/lab1-student/baldaquindata/plasduino/0309_000091/0309_000091_data.txt closed.
2026-03-12 16:00:47.612 | DEBUG    | baldaquin.buf:open:100 - Opening output file /home/lab1-student/baldaquindata/plasduino/0309_000092/0309_000092_data.txt {'mode': 'at', 'encoding': 'utf-8'}...
2026-03-12 16:00:47.613 | DEBUG    | baldaquin.buf:_write:285 - 1500 bytes written to disk.
2026-03-12 16:00:47.613 | DEBUG    | baldaquin.buf:open:104 - Ouput file /home/lab1-student/baldaquindata/plasduino/0309_000092/0309_000092_data.txt closed.
2026-03-12 16:00:47.613 | DEBUG    | baldaquin.buf:open:100 - Opening output file /home/lab1-student/baldaquindata/plasduino/0309_000093/0309_000093_data.txt {'mode': 'at', 'encoding': 'utf-8'}...
2026-03-12 16:00:47.613 | DEBUG    | baldaquin.buf:_write:285 - 1500 bytes written to disk.
2026-03-12 16:00:47.614 | DEBUG    | baldaquin.buf:open:104 - Ouput file /home/lab1-student/baldaquindata/plasduino/0309_000093/0309_000093_data.txt closed.
2026-03-12 16:00:47.614 | DEBUG    | baldaquin.buf:open:100 - Opening output file /home/lab1-student/baldaquindata/plasduino/0309_000094/0309_000094_data.txt {'mode': 'at', 'encoding': 'utf-8'}...
2026-03-12 16:00:47.614 | DEBUG    | baldaquin.buf:_write:285 - 1500 bytes written to disk.
2026-03-12 16:00:47.614 | DEBUG    | baldaquin.buf:open:104 - Ouput file /home/lab1-student/baldaquindata/plasduino/0309_000094/0309_000094_data.txt closed.
2026-03-12 16:00:47.614 | DEBUG    | baldaquin.buf:open:100 - Opening output file /home/lab1-student/baldaquindata/plasduino/0309_000095/0309_000095_data.txt {'mode': 'at', 'encoding': 'utf-8'}...
2026-03-12 16:00:47.615 | DEBUG    | baldaquin.buf:_write:285 - 1500 bytes written to disk.
2026-03-12 16:00:47.615 | DEBUG    | baldaquin.buf:open:104 - Ouput file /home/lab1-student/baldaquindata/plasduino/0309_000095/0309_000095_data.txt closed.
2026-03-12 16:00:47.615 | DEBUG    | baldaquin.buf:open:100 - Opening output file /home/lab1-student/baldaquindata/plasduino/0309_000096/0309_000096_data.txt {'mode': 'at', 'encoding': 'utf-8'}...
2026-03-12 16:00:47.616 | DEBUG    | baldaquin.buf:_write:285 - 1500 bytes written to disk.
2026-03-12 16:00:47.616 | DEBUG    | baldaquin.buf:open:104 - Ouput file /home/lab1-student/baldaquindata/plasduino/0309_000096/0309_000096_data.txt closed.
2026-03-12 16:00:47.616 | DEBUG    | baldaquin.buf:open:100 - Opening output file /home/lab1-student/baldaquindata/plasduino/0309_000097/0309_000097_data.txt {'mode': 'at', 'encoding': 'utf-8'}...
2026-03-12 16:00:47.616 | DEBUG    | baldaquin.buf:_write:285 - 1500 bytes written to disk.
2026-03-12 16:00:47.617 | DEBUG    | baldaquin.buf:open:104 - Ouput file /home/lab1-student/baldaquindata/plasduino/0309_000097/0309_000097_data.txt closed.
2026-03-12 16:00:47.617 | DEBUG    | baldaquin.buf:open:100 - Opening output file /home/lab1-student/baldaquindata/plasduino/0309_000098/0309_000098_data.txt {'mode': 'at', 'encoding': 'utf-8'}...
2026-03-12 16:00:47.617 | DEBUG    | baldaquin.buf:_write:285 - 1500 bytes written to disk.
2026-03-12 16:00:47.618 | DEBUG    | baldaquin.buf:open:104 - Ouput file /home/lab1-student/baldaquindata/plasduino/0309_000098/0309_000098_data.txt closed.
2026-03-12 16:00:47.618 | DEBUG    | baldaquin.buf:open:100 - Opening output file /home/lab1-student/baldaquindata/plasduino/0309_000099/0309_000099_data.txt {'mode': 'at', 'encoding': 'utf-8'}...
2026-03-12 16:00:47.618 | DEBUG    | baldaquin.buf:_write:285 - 1500 bytes written to disk.
2026-03-12 16:00:47.618 | DEBUG    | baldaquin.buf:open:104 - Ouput file /home/lab1-student/baldaquindata/plasduino/0309_000099/0309_000099_data.txt closed.
2026-03-12 16:00:47.618 | DEBUG    | baldaquin.buf:open:100 - Opening output file /home/lab1-student/baldaquindata/plasduino/0309_000100/0309_000100_data.txt {'mode': 'at', 'encoding': 'utf-8'}...
2026-03-12 16:00:47.619 | DEBUG    | baldaquin.buf:_write:285 - 1500 bytes written to disk.
2026-03-12 16:00:47.619 | DEBUG    | baldaquin.buf:open:104 - Ouput file /home/lab1-student/baldaquindata/plasduino/0309_000100/0309_000100_data.txt closed.
2026-03-12 16:00:47.619 | DEBUG    | baldaquin.buf:open:100 - Opening output file /home/lab1-student/baldaquindata/plasduino/0309_000101/0309_000101_data.txt {'mode': 'at', 'encoding': 'utf-8'}...
2026-03-12 16:00:47.620 | DEBUG    | baldaquin.buf:_write:285 - 1500 bytes written to disk.
2026-03-12 16:00:47.620 | DEBUG    | baldaquin.buf:open:104 - Ouput file /home/lab1-student/baldaquindata/plasduino/0309_000101/0309_000101_data.txt closed.
2026-03-12 16:00:47.620 | DEBUG    | baldaquin.buf:open:100 - Opening output file /home/lab1-student/baldaquindata/plasduino/0309_000101/0309_000101_data.dat {'mode': 'ab'}...
2026-03-12 16:00:47.620 | DEBUG    | baldaquin.buf:_pop_and_write_raw:259 - 800 bytes written to disk.
2026-03-12 16:00:47.620 | DEBUG    | baldaquin.buf:open:104 - Ouput file /home/lab1-student/baldaquindata/plasduino/0309_000101/0309_000101_data.dat closed.
2026-03-12 16:00:47.620 | INFO     | baldaquin.buf:flush:318 - 24800 bytes (800 raw bytes) written to disk.
2026-03-12 16:00:47.620 | DEBUG    | baldaquin.profile:wrap:32 - Running time for flush(): 0.018369 s
2026-03-12 16:00:50.142 | INFO     | baldaquin.buf:flush:309 - 100 packets ready to be written out...
2026-03-12 16:00:50.148 | DEBUG    | baldaquin.buf:open:100 - Opening output file /home/lab1-student/baldaquindata/plasduino/0309_000086/0309_000086_data.txt {'mode': 'at', 'encoding': 'utf-8'}...
2026-03-12 16:00:50.154 | DEBUG    | baldaquin.buf:_write:285 - 1500 bytes written to disk.
2026-03-12 16:00:50.155 | DEBUG    | baldaquin.buf:open:104 - Ouput file /home/lab1-student/baldaquindata/plasduino/0309_000086/0309_000086_data.txt closed.
2026-03-12 16:00:50.155 | DEBUG    | baldaquin.buf:open:100 - Opening output file /home/lab1-student/baldaquindata/plasduino/0309_000087/0309_000087_data.txt {'mode': 'at', 'encoding': 'utf-8'}...
2026-03-12 16:00:50.158 | DEBUG    | baldaquin.buf:_write:285 - 1500 bytes written to disk.
2026-03-12 16:00:50.174 | DEBUG    | baldaquin.buf:open:104 - Ouput file /home/lab1-student/baldaquindata/plasduino/0309_000087/0309_000087_data.txt closed.
2026-03-12 16:00:50.174 | DEBUG    | baldaquin.buf:open:100 - Opening output file /home/lab1-student/baldaquindata/plasduino/0309_000088/0309_000088_data.txt {'mode': 'at', 'encoding': 'utf-8'}...
2026-03-12 16:00:50.185 | DEBUG    | baldaquin.buf:_write:285 - 1500 bytes written to disk.
2026-03-12 16:00:50.186 | DEBUG    | baldaquin.buf:open:104 - Ouput file /home/lab1-student/baldaquindata/plasduino/0309_000088/0309_000088_data.txt closed.
2026-03-12 16:00:50.186 | DEBUG    | baldaquin.buf:open:100 - Opening output file /home/lab1-student/baldaquindata/plasduino/0309_000089/0309_000089_data.txt {'mode': 'at', 'encoding': 'utf-8'}...
2026-03-12 16:00:50.188 | DEBUG    | baldaquin.buf:_write:285 - 1500 bytes written to disk.
2026-03-12 16:00:50.188 | DEBUG    | baldaquin.buf:open:104 - Ouput file /home/lab1-student/baldaquindata/plasduino/0309_000089/0309_000089_data.txt closed.
2026-03-12 16:00:50.189 | DEBUG    | baldaquin.buf:open:100 - Opening output file /home/lab1-student/baldaquindata/plasduino/0309_000090/0309_000090_data.txt {'mode': 'at', 'encoding': 'utf-8'}...
2026-03-12 16:00:50.190 | DEBUG    | baldaquin.buf:_write:285 - 1500 bytes written to disk.
2026-03-12 16:00:50.190 | DEBUG    | baldaquin.buf:open:104 - Ouput file /home/lab1-student/baldaquindata/plasduino/0309_000090/0309_000090_data.txt closed.
2026-03-12 16:00:50.193 | DEBUG    | baldaquin.buf:open:100 - Opening output file /home/lab1-student/baldaquindata/plasduino/0309_000091/0309_000091_data.txt {'mode': 'at', 'encoding': 'utf-8'}...
2026-03-12 16:00:50.201 | DEBUG    | baldaquin.buf:_write:285 - 1500 bytes written to disk.
2026-03-12 16:00:50.202 | DEBUG    | baldaquin.buf:open:104 - Ouput file /home/lab1-student/baldaquindata/plasduino/0309_000091/0309_000091_data.txt closed.
2026-03-12 16:00:50.203 | DEBUG    | baldaquin.buf:open:100 - Opening output file /home/lab1-student/baldaquindata/plasduino/0309_000092/0309_000092_data.txt {'mode': 'at', 'encoding': 'utf-8'}...
2026-03-12 16:00:50.203 | DEBUG    | baldaquin.buf:_write:285 - 1500 bytes written to disk.
2026-03-12 16:00:50.204 | DEBUG    | baldaquin.buf:open:104 - Ouput file /home/lab1-student/baldaquindata/plasduino/0309_000092/0309_000092_data.txt closed.
2026-03-12 16:00:50.204 | DEBUG    | baldaquin.buf:open:100 - Opening output file /home/lab1-student/baldaquindata/plasduino/0309_000093/0309_000093_data.txt {'mode': 'at', 'encoding': 'utf-8'}...
2026-03-12 16:00:50.204 | DEBUG    | baldaquin.buf:_write:285 - 1500 bytes written to disk.
2026-03-12 16:00:50.205 | DEBUG    | baldaquin.buf:open:104 - Ouput file /home/lab1-student/baldaquindata/plasduino/0309_000093/0309_000093_data.txt closed.
2026-03-12 16:00:50.205 | DEBUG    | baldaquin.buf:open:100 - Opening output file /home/lab1-student/baldaquindata/plasduino/0309_000094/0309_000094_data.txt {'mode': 'at', 'encoding': 'utf-8'}...
2026-03-12 16:00:50.205 | DEBUG    | baldaquin.buf:_write:285 - 1500 bytes written to disk.
2026-03-12 16:00:50.206 | DEBUG    | baldaquin.buf:open:104 - Ouput file /home/lab1-student/baldaquindata/plasduino/0309_000094/0309_000094_data.txt closed.
2026-03-12 16:00:50.206 | DEBUG    | baldaquin.buf:open:100 - Opening output file /home/lab1-student/baldaquindata/plasduino/0309_000095/0309_000095_data.txt {'mode': 'at', 'encoding': 'utf-8'}...
2026-03-12 16:00:50.207 | DEBUG    | baldaquin.buf:_write:285 - 1500 bytes written to disk.
2026-03-12 16:00:50.218 | DEBUG    | baldaquin.buf:open:104 - Ouput file /home/lab1-student/baldaquindata/plasduino/0309_000095/0309_000095_data.txt closed.
2026-03-12 16:00:50.218 | DEBUG    | baldaquin.buf:open:100 - Opening output file /home/lab1-student/baldaquindata/plasduino/0309_000096/0309_000096_data.txt {'mode': 'at', 'encoding': 'utf-8'}...
2026-03-12 16:00:50.219 | DEBUG    | baldaquin.buf:_write:285 - 1500 bytes written to disk.
2026-03-12 16:00:50.221 | DEBUG    | baldaquin.buf:open:104 - Ouput file /home/lab1-student/baldaquindata/plasduino/0309_000096/0309_000096_data.txt closed.
2026-03-12 16:00:50.221 | DEBUG    | baldaquin.buf:open:100 - Opening output file /home/lab1-student/baldaquindata/plasduino/0309_000097/0309_000097_data.txt {'mode': 'at', 'encoding': 'utf-8'}...
2026-03-12 16:00:50.222 | DEBUG    | baldaquin.buf:_write:285 - 1500 bytes written to disk.
2026-03-12 16:00:50.222 | DEBUG    | baldaquin.buf:open:104 - Ouput file /home/lab1-student/baldaquindata/plasduino/0309_000097/0309_000097_data.txt closed.
2026-03-12 16:00:50.222 | DEBUG    | baldaquin.buf:open:100 - Opening output file /home/lab1-student/baldaquindata/plasduino/0309_000098/0309_000098_data.txt {'mode': 'at', 'encoding': 'utf-8'}...
2026-03-12 16:00:50.223 | DEBUG    | baldaquin.buf:_write:285 - 1500 bytes written to disk.
2026-03-12 16:00:50.225 | DEBUG    | baldaquin.buf:open:104 - Ouput file /home/lab1-student/baldaquindata/plasduino/0309_000098/0309_000098_data.txt closed.
2026-03-12 16:00:50.247 | DEBUG    | baldaquin.buf:open:100 - Opening output file /home/lab1-student/baldaquindata/plasduino/0309_000099/0309_000099_data.txt {'mode': 'at', 'encoding': 'utf-8'}...
2026-03-12 16:00:50.259 | DEBUG    | baldaquin.buf:_write:285 - 1500 bytes written to disk.
2026-03-12 16:00:50.260 | DEBUG    | baldaquin.buf:open:104 - Ouput file /home/lab1-student/baldaquindata/plasduino/0309_000099/0309_000099_data.txt closed.
2026-03-12 16:00:50.262 | DEBUG    | baldaquin.buf:open:100 - Opening output file /home/lab1-student/baldaquindata/plasduino/0309_000100/0309_000100_data.txt {'mode': 'at', 'encoding': 'utf-8'}...
2026-03-12 16:00:50.268 | DEBUG    | baldaquin.buf:_write:285 - 1500 bytes written to disk.
2026-03-12 16:00:50.268 | DEBUG    | baldaquin.buf:open:104 - Ouput file /home/lab1-student/baldaquindata/plasduino/0309_000100/0309_000100_data.txt closed.
2026-03-12 16:00:50.268 | DEBUG    | baldaquin.buf:open:100 - Opening output file /home/lab1-student/baldaquindata/plasduino/0309_000101/0309_000101_data.txt {'mode': 'at', 'encoding': 'utf-8'}...
2026-03-12 16:00:50.272 | DEBUG    | baldaquin.buf:_write:285 - 1500 bytes written to disk.
2026-03-12 16:00:50.278 | DEBUG    | baldaquin.buf:open:104 - Ouput file /home/lab1-student/baldaquindata/plasduino/0309_000101/0309_000101_data.txt closed.
2026-03-12 16:00:50.279 | DEBUG    | baldaquin.buf:open:100 - Opening output file /home/lab1-student/baldaquindata/plasduino/0309_000101/0309_000101_data.dat {'mode': 'ab'}...
2026-03-12 16:00:50.292 | DEBUG    | baldaquin.buf:_pop_and_write_raw:259 - 800 bytes written to disk.
2026-03-12 16:00:50.297 | DEBUG    | baldaquin.buf:open:104 - Ouput file /home/lab1-student/baldaquindata/plasduino/0309_000101/0309_000101_data.dat closed.
2026-03-12 16:00:50.298 | INFO     | baldaquin.buf:flush:318 - 24800 bytes (800 raw bytes) written to disk.
2026-03-12 16:00:50.299 | DEBUG    | baldaquin.profile:wrap:32 - Running time for flush(): 0.156453 s
2026-03-12 16:00:52.677 | INFO     | baldaquin.buf:flush:309 - 100 packets ready to be written out...
2026-03-12 16:00:52.677 | DEBUG    | baldaquin.buf:open:100 - Opening output file /home/lab1-student/baldaquindata/plasduino/0309_000086/0309_000086_data.txt {'mode': 'at', 'encoding': 'utf-8'}...
2026-03-12 16:00:52.683 | DEBUG    | baldaquin.buf:_write:285 - 1500 bytes written to disk.
2026-03-12 16:00:52.688 | DEBUG    | baldaquin.buf:open:104 - Ouput file /home/lab1-student/baldaquindata/plasduino/0309_000086/0309_000086_data.txt closed.
2026-03-12 16:00:52.690 | DEBUG    | baldaquin.buf:open:100 - Opening output file /home/lab1-student/baldaquindata/plasduino/0309_000087/0309_000087_data.txt {'mode': 'at', 'encoding': 'utf-8'}...
2026-03-12 16:00:52.695 | DEBUG    | baldaquin.buf:_write:285 - 1500 bytes written to disk.
2026-03-12 16:00:52.695 | DEBUG    | baldaquin.buf:open:104 - Ouput file /home/lab1-student/baldaquindata/plasduino/0309_000087/0309_000087_data.txt closed.
2026-03-12 16:00:52.696 | DEBUG    | baldaquin.buf:open:100 - Opening output file /home/lab1-student/baldaquindata/plasduino/0309_000088/0309_000088_data.txt {'mode': 'at', 'encoding': 'utf-8'}...
2026-03-12 16:00:52.696 | DEBUG    | baldaquin.buf:_write:285 - 1500 bytes written to disk.
2026-03-12 16:00:52.696 | DEBUG    | baldaquin.buf:open:104 - Ouput file /home/lab1-student/baldaquindata/plasduino/0309_000088/0309_000088_data.txt closed.
2026-03-12 16:00:52.697 | DEBUG    | baldaquin.buf:open:100 - Opening output file /home/lab1-student/baldaquindata/plasduino/0309_000089/0309_000089_data.txt {'mode': 'at', 'encoding': 'utf-8'}...
2026-03-12 16:00:52.697 | DEBUG    | baldaquin.buf:_write:285 - 1500 bytes written to disk.
2026-03-12 16:00:52.697 | DEBUG    | baldaquin.buf:open:104 - Ouput file /home/lab1-student/baldaquindata/plasduino/0309_000089/0309_000089_data.txt closed.
2026-03-12 16:00:52.698 | DEBUG    | baldaquin.buf:open:100 - Opening output file /home/lab1-student/baldaquindata/plasduino/0309_000090/0309_000090_data.txt {'mode': 'at', 'encoding': 'utf-8'}...
2026-03-12 16:00:52.698 | DEBUG    | baldaquin.buf:_write:285 - 1500 bytes written to disk.
2026-03-12 16:00:52.709 | DEBUG    | baldaquin.buf:open:104 - Ouput file /home/lab1-student/baldaquindata/plasduino/0309_000090/0309_000090_data.txt closed.
2026-03-12 16:00:52.710 | DEBUG    | baldaquin.buf:open:100 - Opening output file /home/lab1-student/baldaquindata/plasduino/0309_000091/0309_000091_data.txt {'mode': 'at', 'encoding': 'utf-8'}...
2026-03-12 16:00:52.718 | DEBUG    | baldaquin.buf:_write:285 - 1500 bytes written to disk.
2026-03-12 16:00:52.718 | DEBUG    | baldaquin.buf:open:104 - Ouput file /home/lab1-student/baldaquindata/plasduino/0309_000091/0309_000091_data.txt closed.
2026-03-12 16:00:52.718 | DEBUG    | baldaquin.buf:open:100 - Opening output file /home/lab1-student/baldaquindata/plasduino/0309_000092/0309_000092_data.txt {'mode': 'at', 'encoding': 'utf-8'}...
2026-03-12 16:00:52.719 | DEBUG    | baldaquin.buf:_write:285 - 1500 bytes written to disk.
2026-03-12 16:00:52.721 | DEBUG    | baldaquin.buf:open:104 - Ouput file /home/lab1-student/baldaquindata/plasduino/0309_000092/0309_000092_data.txt closed.
2026-03-12 16:00:52.721 | DEBUG    | baldaquin.buf:open:100 - Opening output file /home/lab1-student/baldaquindata/plasduino/0309_000093/0309_000093_data.txt {'mode': 'at', 'encoding': 'utf-8'}...
2026-03-12 16:00:52.722 | DEBUG    | baldaquin.buf:_write:285 - 1500 bytes written to disk.
2026-03-12 16:00:52.722 | DEBUG    | baldaquin.buf:open:104 - Ouput file /home/lab1-student/baldaquindata/plasduino/0309_000093/0309_000093_data.txt closed.
2026-03-12 16:00:52.722 | DEBUG    | baldaquin.buf:open:100 - Opening output file /home/lab1-student/baldaquindata/plasduino/0309_000094/0309_000094_data.txt {'mode': 'at', 'encoding': 'utf-8'}...
2026-03-12 16:00:52.723 | DEBUG    | baldaquin.buf:_write:285 - 1500 bytes written to disk.
2026-03-12 16:00:52.723 | DEBUG    | baldaquin.buf:open:104 - Ouput file /home/lab1-student/baldaquindata/plasduino/0309_000094/0309_000094_data.txt closed.
2026-03-12 16:00:52.723 | DEBUG    | baldaquin.buf:open:100 - Opening output file /home/lab1-student/baldaquindata/plasduino/0309_000095/0309_000095_data.txt {'mode': 'at', 'encoding': 'utf-8'}...
2026-03-12 16:00:52.724 | DEBUG    | baldaquin.buf:_write:285 - 1500 bytes written to disk.
2026-03-12 16:00:52.734 | DEBUG    | baldaquin.buf:open:104 - Ouput file /home/lab1-student/baldaquindata/plasduino/0309_000095/0309_000095_data.txt closed.
2026-03-12 16:00:52.746 | DEBUG    | baldaquin.buf:open:100 - Opening output file /home/lab1-student/baldaquindata/plasduino/0309_000096/0309_000096_data.txt {'mode': 'at', 'encoding': 'utf-8'}...
2026-03-12 16:00:52.764 | DEBUG    | baldaquin.buf:_write:285 - 1500 bytes written to disk.
2026-03-12 16:00:52.765 | DEBUG    | baldaquin.buf:open:104 - Ouput file /home/lab1-student/baldaquindata/plasduino/0309_000096/0309_000096_data.txt closed.
2026-03-12 16:00:52.766 | DEBUG    | baldaquin.buf:open:100 - Opening output file /home/lab1-student/baldaquindata/plasduino/0309_000097/0309_000097_data.txt {'mode': 'at', 'encoding': 'utf-8'}...
2026-03-12 16:00:52.766 | DEBUG    | baldaquin.buf:_write:285 - 1500 bytes written to disk.
2026-03-12 16:00:52.767 | DEBUG    | baldaquin.buf:open:104 - Ouput file /home/lab1-student/baldaquindata/plasduino/0309_000097/0309_000097_data.txt closed.
2026-03-12 16:00:52.767 | DEBUG    | baldaquin.buf:open:100 - Opening output file /home/lab1-student/baldaquindata/plasduino/0309_000098/0309_000098_data.txt {'mode': 'at', 'encoding': 'utf-8'}...
2026-03-12 16:00:52.772 | DEBUG    | baldaquin.buf:_write:285 - 1500 bytes written to disk.
2026-03-12 16:00:52.772 | DEBUG    | baldaquin.buf:open:104 - Ouput file /home/lab1-student/baldaquindata/plasduino/0309_000098/0309_000098_data.txt closed.
2026-03-12 16:00:52.772 | DEBUG    | baldaquin.buf:open:100 - Opening output file /home/lab1-student/baldaquindata/plasduino/0309_000099/0309_000099_data.txt {'mode': 'at', 'encoding': 'utf-8'}...
2026-03-12 16:00:52.773 | DEBUG    | baldaquin.buf:_write:285 - 1500 bytes written to disk.
2026-03-12 16:00:52.773 | DEBUG    | baldaquin.buf:open:104 - Ouput file /home/lab1-student/baldaquindata/plasduino/0309_000099/0309_000099_data.txt closed.
2026-03-12 16:00:52.773 | DEBUG    | baldaquin.buf:open:100 - Opening output file /home/lab1-student/baldaquindata/plasduino/0309_000100/0309_000100_data.txt {'mode': 'at', 'encoding': 'utf-8'}...
2026-03-12 16:00:52.774 | DEBUG    | baldaquin.buf:_write:285 - 1500 bytes written to disk.
2026-03-12 16:00:52.774 | DEBUG    | baldaquin.buf:open:104 - Ouput file /home/lab1-student/baldaquindata/plasduino/0309_000100/0309_000100_data.txt closed.
2026-03-12 16:00:52.774 | DEBUG    | baldaquin.buf:open:100 - Opening output file /home/lab1-student/baldaquindata/plasduino/0309_000101/0309_000101_data.txt {'mode': 'at', 'encoding': 'utf-8'}...
2026-03-12 16:00:52.775 | DEBUG    | baldaquin.buf:_write:285 - 1500 bytes written to disk.
2026-03-12 16:00:52.775 | DEBUG    | baldaquin.buf:open:104 - Ouput file /home/lab1-student/baldaquindata/plasduino/0309_000101/0309_000101_data.txt closed.
2026-03-12 16:00:52.775 | DEBUG    | baldaquin.buf:open:100 - Opening output file /home/lab1-student/baldaquindata/plasduino/0309_000101/0309_000101_data.dat {'mode': 'ab'}...
2026-03-12 16:00:52.789 | DEBUG    | baldaquin.buf:_pop_and_write_raw:259 - 800 bytes written to disk.
2026-03-12 16:00:52.797 | DEBUG    | baldaquin.buf:open:104 - Ouput file /home/lab1-student/baldaquindata/plasduino/0309_000101/0309_000101_data.dat closed.
2026-03-12 16:00:52.797 | INFO     | baldaquin.buf:flush:318 - 24800 bytes (800 raw bytes) written to disk.
2026-03-12 16:00:52.797 | DEBUG    | baldaquin.profile:wrap:32 - Running time for flush(): 0.120639 s
2026-03-12 16:00:55.208 | INFO     | baldaquin.buf:flush:309 - 100 packets ready to be written out...
2026-03-12 16:00:55.208 | DEBUG    | baldaquin.buf:open:100 - Opening output file /home/lab1-student/baldaquindata/plasduino/0309_000086/0309_000086_data.txt {'mode': 'at', 'encoding': 'utf-8'}...
2026-03-12 16:00:55.209 | DEBUG    | baldaquin.buf:_write:285 - 1500 bytes written to disk.
2026-03-12 16:00:55.209 | DEBUG    | baldaquin.buf:open:104 - Ouput file /home/lab1-student/baldaquindata/plasduino/0309_000086/0309_000086_data.txt closed.
2026-03-12 16:00:55.209 | DEBUG    | baldaquin.buf:open:100 - Opening output file /home/lab1-student/baldaquindata/plasduino/0309_000087/0309_000087_data.txt {'mode': 'at', 'encoding': 'utf-8'}...
2026-03-12 16:00:55.210 | DEBUG    | baldaquin.buf:_write:285 - 1500 bytes written to disk.
2026-03-12 16:00:55.210 | DEBUG    | baldaquin.buf:open:104 - Ouput file /home/lab1-student/baldaquindata/plasduino/0309_000087/0309_000087_data.txt closed.
2026-03-12 16:00:55.210 | DEBUG    | baldaquin.buf:open:100 - Opening output file /home/lab1-student/baldaquindata/plasduino/0309_000088/0309_000088_data.txt {'mode': 'at', 'encoding': 'utf-8'}...
2026-03-12 16:00:55.210 | DEBUG    | baldaquin.buf:_write:285 - 1500 bytes written to disk.
2026-03-12 16:00:55.210 | DEBUG    | baldaquin.buf:open:104 - Ouput file /home/lab1-student/baldaquindata/plasduino/0309_000088/0309_000088_data.txt closed.
2026-03-12 16:00:55.211 | DEBUG    | baldaquin.buf:open:100 - Opening output file /home/lab1-student/baldaquindata/plasduino/0309_000089/0309_000089_data.txt {'mode': 'at', 'encoding': 'utf-8'}...
2026-03-12 16:00:55.211 | DEBUG    | baldaquin.buf:_write:285 - 1500 bytes written to disk.
2026-03-12 16:00:55.211 | DEBUG    | baldaquin.buf:open:104 - Ouput file /home/lab1-student/baldaquindata/plasduino/0309_000089/0309_000089_data.txt closed.
2026-03-12 16:00:55.212 | DEBUG    | baldaquin.buf:open:100 - Opening output file /home/lab1-student/baldaquindata/plasduino/0309_000090/0309_000090_data.txt {'mode': 'at', 'encoding': 'utf-8'}...
2026-03-12 16:00:55.212 | DEBUG    | baldaquin.buf:_write:285 - 1500 bytes written to disk.
2026-03-12 16:00:55.212 | DEBUG    | baldaquin.buf:open:104 - Ouput file /home/lab1-student/baldaquindata/plasduino/0309_000090/0309_000090_data.txt closed.
2026-03-12 16:00:55.212 | DEBUG    | baldaquin.buf:open:100 - Opening output file /home/lab1-student/baldaquindata/plasduino/0309_000091/0309_000091_data.txt {'mode': 'at', 'encoding': 'utf-8'}...
2026-03-12 16:00:55.213 | DEBUG    | baldaquin.buf:_write:285 - 1500 bytes written to disk.
2026-03-12 16:00:55.213 | DEBUG    | baldaquin.buf:open:104 - Ouput file /home/lab1-student/baldaquindata/plasduino/0309_000091/0309_000091_data.txt closed.
2026-03-12 16:00:55.213 | DEBUG    | baldaquin.buf:open:100 - Opening output file /home/lab1-student/baldaquindata/plasduino/0309_000092/0309_000092_data.txt {'mode': 'at', 'encoding': 'utf-8'}...
2026-03-12 16:00:55.214 | DEBUG    | baldaquin.buf:_write:285 - 1500 bytes written to disk.
2026-03-12 16:00:55.214 | DEBUG    | baldaquin.buf:open:104 - Ouput file /home/lab1-student/baldaquindata/plasduino/0309_000092/0309_000092_data.txt closed.
2026-03-12 16:00:55.214 | DEBUG    | baldaquin.buf:open:100 - Opening output file /home/lab1-student/baldaquindata/plasduino/0309_000093/0309_000093_data.txt {'mode': 'at', 'encoding': 'utf-8'}...
2026-03-12 16:00:55.214 | DEBUG    | baldaquin.buf:_write:285 - 1500 bytes written to disk.
2026-03-12 16:00:55.214 | DEBUG    | baldaquin.buf:open:104 - Ouput file /home/lab1-student/baldaquindata/plasduino/0309_000093/0309_000093_data.txt closed.
2026-03-12 16:00:55.215 | DEBUG    | baldaquin.buf:open:100 - Opening output file /home/lab1-student/baldaquindata/plasduino/0309_000094/0309_000094_data.txt {'mode': 'at', 'encoding': 'utf-8'}...
2026-03-12 16:00:55.215 | DEBUG    | baldaquin.buf:_write:285 - 1500 bytes written to disk.
2026-03-12 16:00:55.215 | DEBUG    | baldaquin.buf:open:104 - Ouput file /home/lab1-student/baldaquindata/plasduino/0309_000094/0309_000094_data.txt closed.
2026-03-12 16:00:55.215 | DEBUG    | baldaquin.buf:open:100 - Opening output file /home/lab1-student/baldaquindata/plasduino/0309_000095/0309_000095_data.txt {'mode': 'at', 'encoding': 'utf-8'}...
2026-03-12 16:00:55.216 | DEBUG    | baldaquin.buf:_write:285 - 1500 bytes written to disk.
2026-03-12 16:00:55.216 | DEBUG    | baldaquin.buf:open:104 - Ouput file /home/lab1-student/baldaquindata/plasduino/0309_000095/0309_000095_data.txt closed.
2026-03-12 16:00:55.216 | DEBUG    | baldaquin.buf:open:100 - Opening output file /home/lab1-student/baldaquindata/plasduino/0309_000096/0309_000096_data.txt {'mode': 'at', 'encoding': 'utf-8'}...
2026-03-12 16:00:55.216 | DEBUG    | baldaquin.buf:_write:285 - 1500 bytes written to disk.
2026-03-12 16:00:55.217 | DEBUG    | baldaquin.buf:open:104 - Ouput file /home/lab1-student/baldaquindata/plasduino/0309_000096/0309_000096_data.txt closed.
2026-03-12 16:00:55.217 | DEBUG    | baldaquin.buf:open:100 - Opening output file /home/lab1-student/baldaquindata/plasduino/0309_000097/0309_000097_data.txt {'mode': 'at', 'encoding': 'utf-8'}...
2026-03-12 16:00:55.217 | DEBUG    | baldaquin.buf:_write:285 - 1500 bytes written to disk.
2026-03-12 16:00:55.217 | DEBUG    | baldaquin.buf:open:104 - Ouput file /home/lab1-student/baldaquindata/plasduino/0309_000097/0309_000097_data.txt closed.
2026-03-12 16:00:55.217 | DEBUG    | baldaquin.buf:open:100 - Opening output file /home/lab1-student/baldaquindata/plasduino/0309_000098/0309_000098_data.txt {'mode': 'at', 'encoding': 'utf-8'}...
2026-03-12 16:00:55.218 | DEBUG    | baldaquin.buf:_write:285 - 1500 bytes written to disk.
2026-03-12 16:00:55.218 | DEBUG    | baldaquin.buf:open:104 - Ouput file /home/lab1-student/baldaquindata/plasduino/0309_000098/0309_000098_data.txt closed.
2026-03-12 16:00:55.218 | DEBUG    | baldaquin.buf:open:100 - Opening output file /home/lab1-student/baldaquindata/plasduino/0309_000099/0309_000099_data.txt {'mode': 'at', 'encoding': 'utf-8'}...
2026-03-12 16:00:55.218 | DEBUG    | baldaquin.buf:_write:285 - 1500 bytes written to disk.
2026-03-12 16:00:55.219 | DEBUG    | baldaquin.buf:open:104 - Ouput file /home/lab1-student/baldaquindata/plasduino/0309_000099/0309_000099_data.txt closed.
2026-03-12 16:00:55.219 | DEBUG    | baldaquin.buf:open:100 - Opening output file /home/lab1-student/baldaquindata/plasduino/0309_000100/0309_000100_data.txt {'mode': 'at', 'encoding': 'utf-8'}...
2026-03-12 16:00:55.219 | DEBUG    | baldaquin.buf:_write:285 - 1500 bytes written to disk.
2026-03-12 16:00:55.219 | DEBUG    | baldaquin.buf:open:104 - Ouput file /home/lab1-student/baldaquindata/plasduino/0309_000100/0309_000100_data.txt closed.
2026-03-12 16:00:55.219 | DEBUG    | baldaquin.buf:open:100 - Opening output file /home/lab1-student/baldaquindata/plasduino/0309_000101/0309_000101_data.txt {'mode': 'at', 'encoding': 'utf-8'}...
2026-03-12 16:00:55.220 | DEBUG    | baldaquin.buf:_write:285 - 1500 bytes written to disk.
2026-03-12 16:00:55.220 | DEBUG    | baldaquin.buf:open:104 - Ouput file /home/lab1-student/baldaquindata/plasduino/0309_000101/0309_000101_data.txt closed.
2026-03-12 16:00:55.220 | DEBUG    | baldaquin.buf:open:100 - Opening output file /home/lab1-student/baldaquindata/plasduino/0309_000101/0309_000101_data.dat {'mode': 'ab'}...
2026-03-12 16:00:55.220 | DEBUG    | baldaquin.buf:_pop_and_write_raw:259 - 800 bytes written to disk.
2026-03-12 16:00:55.220 | DEBUG    | baldaquin.buf:open:104 - Ouput file /home/lab1-student/baldaquindata/plasduino/0309_000101/0309_000101_data.dat closed.
2026-03-12 16:00:55.220 | INFO     | baldaquin.buf:flush:318 - 24800 bytes (800 raw bytes) written to disk.
2026-03-12 16:00:55.221 | DEBUG    | baldaquin.profile:wrap:32 - Running time for flush(): 0.012607 s
2026-03-12 16:00:57.752 | INFO     | baldaquin.buf:flush:309 - 100 packets ready to be written out...
2026-03-12 16:00:57.754 | DEBUG    | baldaquin.buf:open:100 - Opening output file /home/lab1-student/baldaquindata/plasduino/0309_000086/0309_000086_data.txt {'mode': 'at', 'encoding': 'utf-8'}...
2026-03-12 16:00:57.766 | DEBUG    | baldaquin.buf:_write:285 - 1500 bytes written to disk.
2026-03-12 16:00:57.767 | DEBUG    | baldaquin.buf:open:104 - Ouput file /home/lab1-student/baldaquindata/plasduino/0309_000086/0309_000086_data.txt closed.
2026-03-12 16:00:57.767 | DEBUG    | baldaquin.buf:open:100 - Opening output file /home/lab1-student/baldaquindata/plasduino/0309_000087/0309_000087_data.txt {'mode': 'at', 'encoding': 'utf-8'}...
2026-03-12 16:00:57.785 | DEBUG    | baldaquin.buf:_write:285 - 1500 bytes written to disk.
2026-03-12 16:00:57.790 | DEBUG    | baldaquin.buf:open:104 - Ouput file /home/lab1-student/baldaquindata/plasduino/0309_000087/0309_000087_data.txt closed.
2026-03-12 16:00:57.792 | DEBUG    | baldaquin.buf:open:100 - Opening output file /home/lab1-student/baldaquindata/plasduino/0309_000088/0309_000088_data.txt {'mode': 'at', 'encoding': 'utf-8'}...
2026-03-12 16:00:57.796 | DEBUG    | baldaquin.buf:_write:285 - 1500 bytes written to disk.
2026-03-12 16:00:57.796 | DEBUG    | baldaquin.buf:open:104 - Ouput file /home/lab1-student/baldaquindata/plasduino/0309_000088/0309_000088_data.txt closed.
2026-03-12 16:00:57.797 | DEBUG    | baldaquin.buf:open:100 - Opening output file /home/lab1-student/baldaquindata/plasduino/0309_000089/0309_000089_data.txt {'mode': 'at', 'encoding': 'utf-8'}...
2026-03-12 16:00:57.798 | DEBUG    | baldaquin.buf:_write:285 - 1500 bytes written to disk.
2026-03-12 16:00:57.798 | DEBUG    | baldaquin.buf:open:104 - Ouput file /home/lab1-student/baldaquindata/plasduino/0309_000089/0309_000089_data.txt closed.
2026-03-12 16:00:57.798 | DEBUG    | baldaquin.buf:open:100 - Opening output file /home/lab1-student/baldaquindata/plasduino/0309_000090/0309_000090_data.txt {'mode': 'at', 'encoding': 'utf-8'}...
2026-03-12 16:00:57.800 | DEBUG    | baldaquin.buf:_write:285 - 1500 bytes written to disk.
2026-03-12 16:00:57.801 | DEBUG    | baldaquin.buf:open:104 - Ouput file /home/lab1-student/baldaquindata/plasduino/0309_000090/0309_000090_data.txt closed.
2026-03-12 16:00:57.802 | DEBUG    | baldaquin.buf:open:100 - Opening output file /home/lab1-student/baldaquindata/plasduino/0309_000091/0309_000091_data.txt {'mode': 'at', 'encoding': 'utf-8'}...
2026-03-12 16:00:57.809 | DEBUG    | baldaquin.buf:_write:285 - 1500 bytes written to disk.
2026-03-12 16:00:57.809 | DEBUG    | baldaquin.buf:open:104 - Ouput file /home/lab1-student/baldaquindata/plasduino/0309_000091/0309_000091_data.txt closed.
2026-03-12 16:00:57.810 | DEBUG    | baldaquin.buf:open:100 - Opening output file /home/lab1-student/baldaquindata/plasduino/0309_000092/0309_000092_data.txt {'mode': 'at', 'encoding': 'utf-8'}...
2026-03-12 16:00:57.821 | DEBUG    | baldaquin.buf:_write:285 - 1500 bytes written to disk.
2026-03-12 16:00:57.821 | DEBUG    | baldaquin.buf:open:104 - Ouput file /home/lab1-student/baldaquindata/plasduino/0309_000092/0309_000092_data.txt closed.
2026-03-12 16:00:57.821 | DEBUG    | baldaquin.buf:open:100 - Opening output file /home/lab1-student/baldaquindata/plasduino/0309_000093/0309_000093_data.txt {'mode': 'at', 'encoding': 'utf-8'}...
2026-03-12 16:00:57.823 | DEBUG    | baldaquin.buf:_write:285 - 1500 bytes written to disk.
2026-03-12 16:00:57.824 | DEBUG    | baldaquin.buf:open:104 - Ouput file /home/lab1-student/baldaquindata/plasduino/0309_000093/0309_000093_data.txt closed.
2026-03-12 16:00:57.824 | DEBUG    | baldaquin.buf:open:100 - Opening output file /home/lab1-student/baldaquindata/plasduino/0309_000094/0309_000094_data.txt {'mode': 'at', 'encoding': 'utf-8'}...
2026-03-12 16:00:57.825 | DEBUG    | baldaquin.buf:_write:285 - 1500 bytes written to disk.
2026-03-12 16:00:57.825 | DEBUG    | baldaquin.buf:open:104 - Ouput file /home/lab1-student/baldaquindata/plasduino/0309_000094/0309_000094_data.txt closed.
2026-03-12 16:00:57.827 | DEBUG    | baldaquin.buf:open:100 - Opening output file /home/lab1-student/baldaquindata/plasduino/0309_000095/0309_000095_data.txt {'mode': 'at', 'encoding': 'utf-8'}...
2026-03-12 16:00:57.828 | DEBUG    | baldaquin.buf:_write:285 - 1500 bytes written to disk.
2026-03-12 16:00:57.850 | DEBUG    | baldaquin.buf:open:104 - Ouput file /home/lab1-student/baldaquindata/plasduino/0309_000095/0309_000095_data.txt closed.
2026-03-12 16:00:57.850 | DEBUG    | baldaquin.buf:open:100 - Opening output file /home/lab1-student/baldaquindata/plasduino/0309_000096/0309_000096_data.txt {'mode': 'at', 'encoding': 'utf-8'}...
2026-03-12 16:00:57.864 | DEBUG    | baldaquin.buf:_write:285 - 1500 bytes written to disk.
2026-03-12 16:00:57.868 | DEBUG    | baldaquin.buf:open:104 - Ouput file /home/lab1-student/baldaquindata/plasduino/0309_000096/0309_000096_data.txt closed.
2026-03-12 16:00:57.868 | DEBUG    | baldaquin.buf:open:100 - Opening output file /home/lab1-student/baldaquindata/plasduino/0309_000097/0309_000097_data.txt {'mode': 'at', 'encoding': 'utf-8'}...
2026-03-12 16:00:57.872 | DEBUG    | baldaquin.buf:_write:285 - 1500 bytes written to disk.
2026-03-12 16:00:57.875 | DEBUG    | baldaquin.buf:open:104 - Ouput file /home/lab1-student/baldaquindata/plasduino/0309_000097/0309_000097_data.txt closed.
2026-03-12 16:00:57.876 | DEBUG    | baldaquin.buf:open:100 - Opening output file /home/lab1-student/baldaquindata/plasduino/0309_000098/0309_000098_data.txt {'mode': 'at', 'encoding': 'utf-8'}...
2026-03-12 16:00:57.880 | DEBUG    | baldaquin.buf:_write:285 - 1500 bytes written to disk.
2026-03-12 16:00:57.892 | DEBUG    | baldaquin.buf:open:104 - Ouput file /home/lab1-student/baldaquindata/plasduino/0309_000098/0309_000098_data.txt closed.
2026-03-12 16:00:57.893 | DEBUG    | baldaquin.buf:open:100 - Opening output file /home/lab1-student/baldaquindata/plasduino/0309_000099/0309_000099_data.txt {'mode': 'at', 'encoding': 'utf-8'}...
2026-03-12 16:00:57.902 | DEBUG    | baldaquin.buf:_write:285 - 1500 bytes written to disk.
2026-03-12 16:00:57.903 | DEBUG    | baldaquin.buf:open:104 - Ouput file /home/lab1-student/baldaquindata/plasduino/0309_000099/0309_000099_data.txt closed.
2026-03-12 16:00:57.907 | DEBUG    | baldaquin.buf:open:100 - Opening output file /home/lab1-student/baldaquindata/plasduino/0309_000100/0309_000100_data.txt {'mode': 'at', 'encoding': 'utf-8'}...
2026-03-12 16:00:57.911 | DEBUG    | baldaquin.buf:_write:285 - 1500 bytes written to disk.
2026-03-12 16:00:57.913 | DEBUG    | baldaquin.buf:open:104 - Ouput file /home/lab1-student/baldaquindata/plasduino/0309_000100/0309_000100_data.txt closed.
2026-03-12 16:00:57.913 | DEBUG    | baldaquin.buf:open:100 - Opening output file /home/lab1-student/baldaquindata/plasduino/0309_000101/0309_000101_data.txt {'mode': 'at', 'encoding': 'utf-8'}...
2026-03-12 16:00:57.919 | DEBUG    | baldaquin.buf:_write:285 - 1500 bytes written to disk.
2026-03-12 16:00:57.919 | DEBUG    | baldaquin.buf:open:104 - Ouput file /home/lab1-student/baldaquindata/plasduino/0309_000101/0309_000101_data.txt closed.
2026-03-12 16:00:57.919 | DEBUG    | baldaquin.buf:open:100 - Opening output file /home/lab1-student/baldaquindata/plasduino/0309_000101/0309_000101_data.dat {'mode': 'ab'}...
2026-03-12 16:00:57.919 | DEBUG    | baldaquin.buf:_pop_and_write_raw:259 - 800 bytes written to disk.
2026-03-12 16:00:57.920 | DEBUG    | baldaquin.buf:open:104 - Ouput file /home/lab1-student/baldaquindata/plasduino/0309_000101/0309_000101_data.dat closed.
2026-03-12 16:00:57.920 | INFO     | baldaquin.buf:flush:318 - 24800 bytes (800 raw bytes) written to disk.
2026-03-12 16:00:57.924 | DEBUG    | baldaquin.profile:wrap:32 - Running time for flush(): 0.172344 s
2026-03-12 16:00:57.934 | INFO     | baldaquin.app:stop_run:90 - Stopping Pendulum View user application...
2026-03-12 16:00:57.948 | INFO     | baldaquin.buf:flush:309 - 8 packets ready to be written out...
2026-03-12 16:00:57.949 | DEBUG    | baldaquin.buf:open:100 - Opening output file /home/lab1-student/baldaquindata/plasduino/0309_000086/0309_000086_data.txt {'mode': 'at', 'encoding': 'utf-8'}...
2026-03-12 16:00:57.949 | DEBUG    | baldaquin.buf:_write:285 - 120 bytes written to disk.
2026-03-12 16:00:57.949 | DEBUG    | baldaquin.buf:open:104 - Ouput file /home/lab1-student/baldaquindata/plasduino/0309_000086/0309_000086_data.txt closed.
2026-03-12 16:00:57.949 | DEBUG    | baldaquin.buf:open:100 - Opening output file /home/lab1-student/baldaquindata/plasduino/0309_000087/0309_000087_data.txt {'mode': 'at', 'encoding': 'utf-8'}...
2026-03-12 16:00:57.949 | DEBUG    | baldaquin.buf:_write:285 - 120 bytes written to disk.
2026-03-12 16:00:57.949 | DEBUG    | baldaquin.buf:open:104 - Ouput file /home/lab1-student/baldaquindata/plasduino/0309_000087/0309_000087_data.txt closed.
2026-03-12 16:00:57.949 | DEBUG    | baldaquin.buf:open:100 - Opening output file /home/lab1-student/baldaquindata/plasduino/0309_000088/0309_000088_data.txt {'mode': 'at', 'encoding': 'utf-8'}...
2026-03-12 16:00:57.950 | DEBUG    | baldaquin.buf:_write:285 - 120 bytes written to disk.
2026-03-12 16:00:57.950 | DEBUG    | baldaquin.buf:open:104 - Ouput file /home/lab1-student/baldaquindata/plasduino/0309_000088/0309_000088_data.txt closed.
2026-03-12 16:00:57.950 | DEBUG    | baldaquin.buf:open:100 - Opening output file /home/lab1-student/baldaquindata/plasduino/0309_000089/0309_000089_data.txt {'mode': 'at', 'encoding': 'utf-8'}...
2026-03-12 16:00:57.950 | DEBUG    | baldaquin.buf:_write:285 - 120 bytes written to disk.
2026-03-12 16:00:57.950 | DEBUG    | baldaquin.buf:open:104 - Ouput file /home/lab1-student/baldaquindata/plasduino/0309_000089/0309_000089_data.txt closed.
2026-03-12 16:00:57.950 | DEBUG    | baldaquin.buf:open:100 - Opening output file /home/lab1-student/baldaquindata/plasduino/0309_000090/0309_000090_data.txt {'mode': 'at', 'encoding': 'utf-8'}...
2026-03-12 16:00:57.950 | DEBUG    | baldaquin.buf:_write:285 - 120 bytes written to disk.
2026-03-12 16:00:57.950 | DEBUG    | baldaquin.buf:open:104 - Ouput file /home/lab1-student/baldaquindata/plasduino/0309_000090/0309_000090_data.txt closed.
2026-03-12 16:00:57.950 | DEBUG    | baldaquin.buf:open:100 - Opening output file /home/lab1-student/baldaquindata/plasduino/0309_000091/0309_000091_data.txt {'mode': 'at', 'encoding': 'utf-8'}...
2026-03-12 16:00:57.950 | DEBUG    | baldaquin.buf:_write:285 - 120 bytes written to disk.
2026-03-12 16:00:57.951 | DEBUG    | baldaquin.buf:open:104 - Ouput file /home/lab1-student/baldaquindata/plasduino/0309_000091/0309_000091_data.txt closed.
2026-03-12 16:00:57.951 | DEBUG    | baldaquin.buf:open:100 - Opening output file /home/lab1-student/baldaquindata/plasduino/0309_000092/0309_000092_data.txt {'mode': 'at', 'encoding': 'utf-8'}...
2026-03-12 16:00:57.951 | DEBUG    | baldaquin.buf:_write:285 - 120 bytes written to disk.
2026-03-12 16:00:57.951 | DEBUG    | baldaquin.buf:open:104 - Ouput file /home/lab1-student/baldaquindata/plasduino/0309_000092/0309_000092_data.txt closed.
2026-03-12 16:00:57.951 | DEBUG    | baldaquin.buf:open:100 - Opening output file /home/lab1-student/baldaquindata/plasduino/0309_000093/0309_000093_data.txt {'mode': 'at', 'encoding': 'utf-8'}...
2026-03-12 16:00:57.951 | DEBUG    | baldaquin.buf:_write:285 - 120 bytes written to disk.
2026-03-12 16:00:57.951 | DEBUG    | baldaquin.buf:open:104 - Ouput file /home/lab1-student/baldaquindata/plasduino/0309_000093/0309_000093_data.txt closed.
2026-03-12 16:00:57.951 | DEBUG    | baldaquin.buf:open:100 - Opening output file /home/lab1-student/baldaquindata/plasduino/0309_000094/0309_000094_data.txt {'mode': 'at', 'encoding': 'utf-8'}...
2026-03-12 16:00:57.951 | DEBUG    | baldaquin.buf:_write:285 - 120 bytes written to disk.
2026-03-12 16:00:57.951 | DEBUG    | baldaquin.buf:open:104 - Ouput file /home/lab1-student/baldaquindata/plasduino/0309_000094/0309_000094_data.txt closed.
2026-03-12 16:00:57.952 | DEBUG    | baldaquin.buf:open:100 - Opening output file /home/lab1-student/baldaquindata/plasduino/0309_000095/0309_000095_data.txt {'mode': 'at', 'encoding': 'utf-8'}...
2026-03-12 16:00:57.952 | DEBUG    | baldaquin.buf:_write:285 - 120 bytes written to disk.
2026-03-12 16:00:57.952 | DEBUG    | baldaquin.buf:open:104 - Ouput file /home/lab1-student/baldaquindata/plasduino/0309_000095/0309_000095_data.txt closed.
2026-03-12 16:00:57.952 | DEBUG    | baldaquin.buf:open:100 - Opening output file /home/lab1-student/baldaquindata/plasduino/0309_000096/0309_000096_data.txt {'mode': 'at', 'encoding': 'utf-8'}...
2026-03-12 16:00:57.952 | DEBUG    | baldaquin.buf:_write:285 - 120 bytes written to disk.
2026-03-12 16:00:57.952 | DEBUG    | baldaquin.buf:open:104 - Ouput file /home/lab1-student/baldaquindata/plasduino/0309_000096/0309_000096_data.txt closed.
2026-03-12 16:00:57.952 | DEBUG    | baldaquin.buf:open:100 - Opening output file /home/lab1-student/baldaquindata/plasduino/0309_000097/0309_000097_data.txt {'mode': 'at', 'encoding': 'utf-8'}...
2026-03-12 16:00:57.952 | DEBUG    | baldaquin.buf:_write:285 - 120 bytes written to disk.
2026-03-12 16:00:57.952 | DEBUG    | baldaquin.buf:open:104 - Ouput file /home/lab1-student/baldaquindata/plasduino/0309_000097/0309_000097_data.txt closed.
2026-03-12 16:00:57.952 | DEBUG    | baldaquin.buf:open:100 - Opening output file /home/lab1-student/baldaquindata/plasduino/0309_000098/0309_000098_data.txt {'mode': 'at', 'encoding': 'utf-8'}...
2026-03-12 16:00:57.953 | DEBUG    | baldaquin.buf:_write:285 - 120 bytes written to disk.
2026-03-12 16:00:57.953 | DEBUG    | baldaquin.buf:open:104 - Ouput file /home/lab1-student/baldaquindata/plasduino/0309_000098/0309_000098_data.txt closed.
2026-03-12 16:00:57.953 | DEBUG    | baldaquin.buf:open:100 - Opening output file /home/lab1-student/baldaquindata/plasduino/0309_000099/0309_000099_data.txt {'mode': 'at', 'encoding': 'utf-8'}...
2026-03-12 16:00:57.953 | DEBUG    | baldaquin.buf:_write:285 - 120 bytes written to disk.
2026-03-12 16:00:57.953 | DEBUG    | baldaquin.buf:open:104 - Ouput file /home/lab1-student/baldaquindata/plasduino/0309_000099/0309_000099_data.txt closed.
2026-03-12 16:00:57.953 | DEBUG    | baldaquin.buf:open:100 - Opening output file /home/lab1-student/baldaquindata/plasduino/0309_000100/0309_000100_data.txt {'mode': 'at', 'encoding': 'utf-8'}...
2026-03-12 16:00:57.953 | DEBUG    | baldaquin.buf:_write:285 - 120 bytes written to disk.
2026-03-12 16:00:57.953 | DEBUG    | baldaquin.buf:open:104 - Ouput file /home/lab1-student/baldaquindata/plasduino/0309_000100/0309_000100_data.txt closed.
2026-03-12 16:00:57.953 | DEBUG    | baldaquin.buf:open:100 - Opening output file /home/lab1-student/baldaquindata/plasduino/0309_000101/0309_000101_data.txt {'mode': 'at', 'encoding': 'utf-8'}...
2026-03-12 16:00:57.953 | DEBUG    | baldaquin.buf:_write:285 - 120 bytes written to disk.
2026-03-12 16:00:57.954 | DEBUG    | baldaquin.buf:open:104 - Ouput file /home/lab1-student/baldaquindata/plasduino/0309_000101/0309_000101_data.txt closed.
2026-03-12 16:00:57.954 | DEBUG    | baldaquin.buf:open:100 - Opening output file /home/lab1-student/baldaquindata/plasduino/0309_000101/0309_000101_data.dat {'mode': 'ab'}...
2026-03-12 16:00:57.954 | DEBUG    | baldaquin.buf:_pop_and_write_raw:259 - 64 bytes written to disk.
2026-03-12 16:00:57.954 | DEBUG    | baldaquin.buf:open:104 - Ouput file /home/lab1-student/baldaquindata/plasduino/0309_000101/0309_000101_data.dat closed.
2026-03-12 16:00:57.954 | INFO     | baldaquin.buf:flush:318 - 1984 bytes (64 raw bytes) written to disk.
2026-03-12 16:00:57.954 | DEBUG    | baldaquin.profile:wrap:32 - Running time for flush(): 0.005731 s
2026-03-12 16:00:57.954 | DEBUG    | baldaquin.plasduino.common:write_opcode:132 - Writing 2 to the serial port...
2026-03-12 16:00:57.956 | INFO     | baldaquin.plasduino.common:wait_pending_packets:321 - Waiting 250 ms for pending packet(s)...
2026-03-12 16:00:58.206 | INFO     | baldaquin.plasduino.common:wait_pending_packets:332 - Reading the last 1 packet(s) from the serial port...
2026-03-12 16:00:58.206 | INFO     | baldaquin.buf:flush:309 - 1 packets ready to be written out...
2026-03-12 16:00:58.206 | DEBUG    | baldaquin.buf:open:100 - Opening output file /home/lab1-student/baldaquindata/plasduino/0309_000086/0309_000086_data.txt {'mode': 'at', 'encoding': 'utf-8'}...
2026-03-12 16:00:58.207 | DEBUG    | baldaquin.buf:_write:285 - 15 bytes written to disk.
2026-03-12 16:00:58.207 | DEBUG    | baldaquin.buf:open:104 - Ouput file /home/lab1-student/baldaquindata/plasduino/0309_000086/0309_000086_data.txt closed.
2026-03-12 16:00:58.207 | DEBUG    | baldaquin.buf:open:100 - Opening output file /home/lab1-student/baldaquindata/plasduino/0309_000087/0309_000087_data.txt {'mode': 'at', 'encoding': 'utf-8'}...
2026-03-12 16:00:58.207 | DEBUG    | baldaquin.buf:_write:285 - 15 bytes written to disk.
2026-03-12 16:00:58.207 | DEBUG    | baldaquin.buf:open:104 - Ouput file /home/lab1-student/baldaquindata/plasduino/0309_000087/0309_000087_data.txt closed.
2026-03-12 16:00:58.207 | DEBUG    | baldaquin.buf:open:100 - Opening output file /home/lab1-student/baldaquindata/plasduino/0309_000088/0309_000088_data.txt {'mode': 'at', 'encoding': 'utf-8'}...
2026-03-12 16:00:58.207 | DEBUG    | baldaquin.buf:_write:285 - 15 bytes written to disk.
2026-03-12 16:00:58.207 | DEBUG    | baldaquin.buf:open:104 - Ouput file /home/lab1-student/baldaquindata/plasduino/0309_000088/0309_000088_data.txt closed.
2026-03-12 16:00:58.207 | DEBUG    | baldaquin.buf:open:100 - Opening output file /home/lab1-student/baldaquindata/plasduino/0309_000089/0309_000089_data.txt {'mode': 'at', 'encoding': 'utf-8'}...
2026-03-12 16:00:58.208 | DEBUG    | baldaquin.buf:_write:285 - 15 bytes written to disk.
2026-03-12 16:00:58.208 | DEBUG    | baldaquin.buf:open:104 - Ouput file /home/lab1-student/baldaquindata/plasduino/0309_000089/0309_000089_data.txt closed.
2026-03-12 16:00:58.208 | DEBUG    | baldaquin.buf:open:100 - Opening output file /home/lab1-student/baldaquindata/plasduino/0309_000090/0309_000090_data.txt {'mode': 'at', 'encoding': 'utf-8'}...
2026-03-12 16:00:58.208 | DEBUG    | baldaquin.buf:_write:285 - 15 bytes written to disk.
2026-03-12 16:00:58.208 | DEBUG    | baldaquin.buf:open:104 - Ouput file /home/lab1-student/baldaquindata/plasduino/0309_000090/0309_000090_data.txt closed.
2026-03-12 16:00:58.208 | DEBUG    | baldaquin.buf:open:100 - Opening output file /home/lab1-student/baldaquindata/plasduino/0309_000091/0309_000091_data.txt {'mode': 'at', 'encoding': 'utf-8'}...
2026-03-12 16:00:58.208 | DEBUG    | baldaquin.buf:_write:285 - 15 bytes written to disk.
2026-03-12 16:00:58.208 | DEBUG    | baldaquin.buf:open:104 - Ouput file /home/lab1-student/baldaquindata/plasduino/0309_000091/0309_000091_data.txt closed.
2026-03-12 16:00:58.208 | DEBUG    | baldaquin.buf:open:100 - Opening output file /home/lab1-student/baldaquindata/plasduino/0309_000092/0309_000092_data.txt {'mode': 'at', 'encoding': 'utf-8'}...
2026-03-12 16:00:58.208 | DEBUG    | baldaquin.buf:_write:285 - 15 bytes written to disk.
2026-03-12 16:00:58.208 | DEBUG    | baldaquin.buf:open:104 - Ouput file /home/lab1-student/baldaquindata/plasduino/0309_000092/0309_000092_data.txt closed.
2026-03-12 16:00:58.209 | DEBUG    | baldaquin.buf:open:100 - Opening output file /home/lab1-student/baldaquindata/plasduino/0309_000093/0309_000093_data.txt {'mode': 'at', 'encoding': 'utf-8'}...
2026-03-12 16:00:58.209 | DEBUG    | baldaquin.buf:_write:285 - 15 bytes written to disk.
2026-03-12 16:00:58.209 | DEBUG    | baldaquin.buf:open:104 - Ouput file /home/lab1-student/baldaquindata/plasduino/0309_000093/0309_000093_data.txt closed.
2026-03-12 16:00:58.209 | DEBUG    | baldaquin.buf:open:100 - Opening output file /home/lab1-student/baldaquindata/plasduino/0309_000094/0309_000094_data.txt {'mode': 'at', 'encoding': 'utf-8'}...
2026-03-12 16:00:58.209 | DEBUG    | baldaquin.buf:_write:285 - 15 bytes written to disk.
2026-03-12 16:00:58.209 | DEBUG    | baldaquin.buf:open:104 - Ouput file /home/lab1-student/baldaquindata/plasduino/0309_000094/0309_000094_data.txt closed.
2026-03-12 16:00:58.209 | DEBUG    | baldaquin.buf:open:100 - Opening output file /home/lab1-student/baldaquindata/plasduino/0309_000095/0309_000095_data.txt {'mode': 'at', 'encoding': 'utf-8'}...
2026-03-12 16:00:58.209 | DEBUG    | baldaquin.buf:_write:285 - 15 bytes written to disk.
2026-03-12 16:00:58.209 | DEBUG    | baldaquin.buf:open:104 - Ouput file /home/lab1-student/baldaquindata/plasduino/0309_000095/0309_000095_data.txt closed.
2026-03-12 16:00:58.209 | DEBUG    | baldaquin.buf:open:100 - Opening output file /home/lab1-student/baldaquindata/plasduino/0309_000096/0309_000096_data.txt {'mode': 'at', 'encoding': 'utf-8'}...
2026-03-12 16:00:58.210 | DEBUG    | baldaquin.buf:_write:285 - 15 bytes written to disk.
2026-03-12 16:00:58.210 | DEBUG    | baldaquin.buf:open:104 - Ouput file /home/lab1-student/baldaquindata/plasduino/0309_000096/0309_000096_data.txt closed.
2026-03-12 16:00:58.210 | DEBUG    | baldaquin.buf:open:100 - Opening output file /home/lab1-student/baldaquindata/plasduino/0309_000097/0309_000097_data.txt {'mode': 'at', 'encoding': 'utf-8'}...
2026-03-12 16:00:58.210 | DEBUG    | baldaquin.buf:_write:285 - 15 bytes written to disk.
2026-03-12 16:00:58.210 | DEBUG    | baldaquin.buf:open:104 - Ouput file /home/lab1-student/baldaquindata/plasduino/0309_000097/0309_000097_data.txt closed.
2026-03-12 16:00:58.210 | DEBUG    | baldaquin.buf:open:100 - Opening output file /home/lab1-student/baldaquindata/plasduino/0309_000098/0309_000098_data.txt {'mode': 'at', 'encoding': 'utf-8'}...
2026-03-12 16:00:58.210 | DEBUG    | baldaquin.buf:_write:285 - 15 bytes written to disk.
2026-03-12 16:00:58.210 | DEBUG    | baldaquin.buf:open:104 - Ouput file /home/lab1-student/baldaquindata/plasduino/0309_000098/0309_000098_data.txt closed.
2026-03-12 16:00:58.210 | DEBUG    | baldaquin.buf:open:100 - Opening output file /home/lab1-student/baldaquindata/plasduino/0309_000099/0309_000099_data.txt {'mode': 'at', 'encoding': 'utf-8'}...
2026-03-12 16:00:58.210 | DEBUG    | baldaquin.buf:_write:285 - 15 bytes written to disk.
2026-03-12 16:00:58.210 | DEBUG    | baldaquin.buf:open:104 - Ouput file /home/lab1-student/baldaquindata/plasduino/0309_000099/0309_000099_data.txt closed.
2026-03-12 16:00:58.211 | DEBUG    | baldaquin.buf:open:100 - Opening output file /home/lab1-student/baldaquindata/plasduino/0309_000100/0309_000100_data.txt {'mode': 'at', 'encoding': 'utf-8'}...
2026-03-12 16:00:58.211 | DEBUG    | baldaquin.buf:_write:285 - 15 bytes written to disk.
2026-03-12 16:00:58.211 | DEBUG    | baldaquin.buf:open:104 - Ouput file /home/lab1-student/baldaquindata/plasduino/0309_000100/0309_000100_data.txt closed.
2026-03-12 16:00:58.211 | DEBUG    | baldaquin.buf:open:100 - Opening output file /home/lab1-student/baldaquindata/plasduino/0309_000101/0309_000101_data.txt {'mode': 'at', 'encoding': 'utf-8'}...
2026-03-12 16:00:58.211 | DEBUG    | baldaquin.buf:_write:285 - 15 bytes written to disk.
2026-03-12 16:00:58.211 | DEBUG    | baldaquin.buf:open:104 - Ouput file /home/lab1-student/baldaquindata/plasduino/0309_000101/0309_000101_data.txt closed.
2026-03-12 16:00:58.211 | DEBUG    | baldaquin.buf:open:100 - Opening output file /home/lab1-student/baldaquindata/plasduino/0309_000101/0309_000101_data.dat {'mode': 'ab'}...
2026-03-12 16:00:58.211 | DEBUG    | baldaquin.buf:_pop_and_write_raw:259 - 8 bytes written to disk.
2026-03-12 16:00:58.211 | DEBUG    | baldaquin.buf:open:104 - Ouput file /home/lab1-student/baldaquindata/plasduino/0309_000101/0309_000101_data.dat closed.
2026-03-12 16:00:58.211 | INFO     | baldaquin.buf:flush:318 - 248 bytes (8 raw bytes) written to disk.
2026-03-12 16:00:58.211 | DEBUG    | baldaquin.profile:wrap:32 - Running time for flush(): 0.005050 s
2026-03-12 16:00:58.212 | INFO     | baldaquin.plasduino.common:read_run_end_marker:90 - Waiting for the run end marker...
2026-03-12 16:00:58.212 | INFO     | baldaquin.plasduino.common:read_run_end_marker:95 - Run end marker correctly read.
2026-03-12 16:00:58.212 | DEBUG    | __main__:post_stop:90 - Clearing strip charts...
2026-03-12 16:00:58.212 | DEBUG    | __main__:post_stop:99 - Re-reading all run data from disk...
2026-03-12 16:00:58.212 | DEBUG    | baldaquin.pkt:open:393 - Opening input packet file /home/lab1-student/baldaquindata/plasduino/0309_000101/0309_000101_data.dat...
2026-03-12 16:00:58.223 | DEBUG    | baldaquin.pkt:open:398 - Input file /home/lab1-student/baldaquindata/plasduino/0309_000101/0309_000101_data.dat closed.
2026-03-12 16:00:58.223 | DEBUG    | baldaquin.plasduino.common:activate_cursors:446 - Activating vertical cursor on strip charts...
2026-03-12 16:00:58.309 | INFO     | baldaquin.runctrl:stop_run:658 - Run Control stopped on 2026-03-12 16:00:58.309706+01:00 (1773327658.309706 s)
2026-03-12 16:00:58.310 | INFO     | baldaquin.runctrl:stop_run:659 - Total elapsed time: 41.175438 s.
